ISO-10303-21;
HEADER;
FILE_DESCRIPTION (( 'STEP AP203' ),
    '1' );
FILE_NAME ('395-012-524-201.STEP',
    '2019-10-15T12:51:22',
    ( '' ),
    ( '' ),
    'SwSTEP 2.0',
    'SolidWorks 2016',
    '' );
FILE_SCHEMA (( 'CONFIG_CONTROL_DESIGN' ));
ENDSEC;

DATA;
#1 = PLANE ( 'NONE',  #9076 ) ;
#2 = CARTESIAN_POINT ( 'NONE',  ( 0.3176904633948411400, 0.04370789473691476200, -0.006000000000036215100 ) ) ;
#3 = AXIS2_PLACEMENT_3D ( 'NONE', #5540, #7289, #5189 ) ;
#4 = DIRECTION ( 'NONE',  ( 4.313434190716670600E-014, -9.125743083152196300E-014, -1.000000000000000000 ) ) ;
#5 = DIRECTION ( 'NONE',  ( 1.000000000000000000, -0.0000000000000000000, -0.0000000000000000000 ) ) ;
#6 = CARTESIAN_POINT ( 'NONE',  ( 0.3564999999999999300, 0.5999999999999999800, -0.2820000000000000800 ) ) ;
#7 = CARTESIAN_POINT ( 'NONE',  ( 0.3924999999999996800, 0.05000000000000000300, -0.09750000000000003100 ) ) ;
#8 = VERTEX_POINT ( 'NONE', #8061 ) ;
#9 = EDGE_CURVE ( 'NONE', #7420, #6149, #7807, .T. ) ;
#10 = DIRECTION ( 'NONE',  ( -0.0000000000000000000, -0.0000000000000000000, 1.000000000000000000 ) ) ;
#11 = CALENDAR_DATE ( 2019, 15, 10 ) ;
#12 = ORIENTED_EDGE ( 'NONE', *, *, #9160, .T. ) ;
#13 = CARTESIAN_POINT ( 'NONE',  ( 0.5057269153529095900, 0.3780046191005195800, -0.01000000000000000000 ) ) ;
#14 = CARTESIAN_POINT ( 'NONE',  ( 0.3564999999999999800, 0.4749999999999999800, -0.3130000000000000600 ) ) ;
#15 = AXIS2_PLACEMENT_3D ( 'NONE', #9097, #9123, #9131 ) ;
#16 = CARTESIAN_POINT ( 'NONE',  ( 1.107499999999999900, 0.5999999999999999800, -0.1090000000000000800 ) ) ;
#17 = VERTEX_POINT ( 'NONE', #1546 ) ;
#18 = CARTESIAN_POINT ( 'NONE',  ( 0.3564999999999999300, 0.4749999999999999800, -0.2820000000000000800 ) ) ;
#19 = DIRECTION ( 'NONE',  ( -1.000000000000000000, 0.0000000000000000000, -0.0000000000000000000 ) ) ;
#20 = ORIENTED_EDGE ( 'NONE', *, *, #7041, .T. ) ;
#21 = CARTESIAN_POINT ( 'NONE',  ( 0.5832707099629760300, 0.2366589681657897700, -0.01000000000000000000 ) ) ;
#22 = ORIENTED_EDGE ( 'NONE', *, *, #1305, .T. ) ;
#23 = ADVANCED_FACE ( 'NONE', ( #4038 ), #1487, .T. ) ;
#24 = DIRECTION ( 'NONE',  ( -0.0000000000000000000, -0.0000000000000000000, 1.000000000000000000 ) ) ;
#25 = AXIS2_PLACEMENT_3D ( 'NONE', #6486, #7310, #5066 ) ;
#26 = VECTOR ( 'NONE', #1738, 39.37007874015748100 ) ;
#27 = VERTEX_POINT ( 'NONE', #2282 ) ;
#28 = EDGE_CURVE ( 'NONE', #5476, #8339, #4283, .T. ) ;
#29 = EDGE_CURVE ( 'NONE', #3293, #1981, #131, .T. ) ;
#30 = DIRECTION ( 'NONE',  ( 1.000000000000000000, 0.0000000000000000000, 0.0000000000000000000 ) ) ;
#31 = VERTEX_POINT ( 'NONE', #1583 ) ;
#32 = CARTESIAN_POINT ( 'NONE',  ( 0.5897132034361964900, 0.02800000000015159800, 0.003000000000194448300 ) ) ;
#33 = ORIENTED_EDGE ( 'NONE', *, *, #5244, .F. ) ;
#34 = CARTESIAN_POINT ( 'NONE',  ( 0.7923444853039821600, 0.3416866393464817500, 0.0000000000000000000 ) ) ;
#35 = VECTOR ( 'NONE', #1225, 39.37007874015748100 ) ;
#36 = EDGE_LOOP ( 'NONE', ( #7705, #7542, #7600, #7459 ) ) ;
#37 = CARTESIAN_POINT ( 'NONE',  ( 0.2126803834584703500, 0.09923518725026948800, -0.02500000000075877600 ) ) ;
#38 = DIRECTION ( 'NONE',  ( 0.0000000000000000000, 1.000000000000000000, -0.0000000000000000000 ) ) ;
#39 = VERTEX_POINT ( 'NONE', #6792 ) ;
#40 = CC_DESIGN_DATE_AND_TIME_ASSIGNMENT ( #999, #5119, ( #8570 ) ) ;
#41 = CARTESIAN_POINT ( 'NONE',  ( 0.7624999999999998400, 0.5180000000000000200, -0.1489999999999998500 ) ) ;
#42 = EDGE_LOOP ( 'NONE', ( #7625, #3739, #5144, #4185 ) ) ;
#43 = EDGE_CURVE ( 'NONE', #3968, #2894, #5767, .T. ) ;
#44 = CARTESIAN_POINT ( 'NONE',  ( 0.4374999999999998900, 0.2700000000000001800, -0.1490000000000000800 ) ) ;
#45 = FACE_BOUND ( 'NONE', #3169, .T. ) ;
#46 = ORIENTED_EDGE ( 'NONE', *, *, #6752, .F. ) ;
#47 = CARTESIAN_POINT ( 'NONE',  ( 0.5506336065353513200, 0.4162857328953860600, 0.0000000000000000000 ) ) ;
#48 = ORIENTED_EDGE ( 'NONE', *, *, #4430, .F. ) ;
#49 = CARTESIAN_POINT ( 'NONE',  ( 1.014178631909940200, 0.2965345564089702500, 0.0000000000000000000 ) ) ;
#50 = VERTEX_POINT ( 'NONE', #7482 ) ;
#51 = CARTESIAN_POINT ( 'NONE',  ( 0.8374999999999999100, 0.3450000000000001400, -0.2220000000000000000 ) ) ;
#52 = VECTOR ( 'NONE', #1533, 39.37007874015748100 ) ;
#53 = ORIENTED_EDGE ( 'NONE', *, *, #4239, .T. ) ;
#54 = ORIENTED_EDGE ( 'NONE', *, *, #8767, .T. ) ;
#55 = FACE_OUTER_BOUND ( 'NONE', #3932, .T. ) ;
#56 = EDGE_CURVE ( 'NONE', #4310, #4487, #7597, .T. ) ;
#57 = ORIENTED_EDGE ( 'NONE', *, *, #1701, .F. ) ;
#58 = AXIS2_PLACEMENT_3D ( 'NONE', #1930, #7098, #2718 ) ;
#59 = DIRECTION ( 'NONE',  ( 1.000000000000000000, 0.0000000000000000000, 0.0000000000000000000 ) ) ;
#60 = CIRCLE ( 'NONE', #8143, 0.009815670203803340800 ) ;
#61 = ORIENTED_EDGE ( 'NONE', *, *, #8220, .F. ) ;
#62 = LINE ( 'NONE', #4752, #3990 ) ;
#63 = EDGE_LOOP ( 'NONE', ( #5171, #8448, #3057, #5047 ) ) ;
#64 = CARTESIAN_POINT ( 'NONE',  ( 0.3924999999999996800, 0.0000000000000000000, 0.0000000000000000000 ) ) ;
#65 = CARTESIAN_POINT ( 'NONE',  ( 0.5506336065353354400, 0.2337142671046477700, -0.01000000000000000000 ) ) ;
#66 = CARTESIAN_POINT ( 'NONE',  ( 0.7374999999999998200, 0.2699999999999999100, -0.2220000000000000600 ) ) ;
#67 = DIRECTION ( 'NONE',  ( 4.313434190716670600E-014, -9.125743083152196300E-014, -1.000000000000000000 ) ) ;
#68 = ADVANCED_FACE ( 'NONE', ( #9084 ), #3588, .T. ) ;
#69 = AXIS2_PLACEMENT_3D ( 'NONE', #4171, #3533, #5435 ) ;
#70 = DIRECTION ( 'NONE',  ( 0.0000000000000000000, 0.0000000000000000000, 1.000000000000000000 ) ) ;
#71 = CYLINDRICAL_SURFACE ( 'NONE', #3656, 0.009815670203803203800 ) ;
#72 = VECTOR ( 'NONE', #4895, 39.37007874015748100 ) ;
#73 = EDGE_CURVE ( 'NONE', #2281, #8890, #3813, .T. ) ;
#74 = ADVANCED_FACE ( 'NONE', ( #1983 ), #3230, .F. ) ;
#75 = VECTOR ( 'NONE', #7694, 39.37007874015748100 ) ;
#76 = AXIS2_PLACEMENT_3D ( 'NONE', #6349, #6359, #6291 ) ;
#77 = CARTESIAN_POINT ( 'NONE',  ( 0.5057269153529278000, 0.0000000000000000000, -0.01000000000000000000 ) ) ;
#78 = DIRECTION ( 'NONE',  ( -1.000000000000000000, 0.0000000000000000000, 0.0000000000000000000 ) ) ;
#79 = EDGE_LOOP ( 'NONE', ( #3306, #165, #154, #162 ) ) ;
#80 = CARTESIAN_POINT ( 'NONE',  ( 0.0000000000000000000, 0.3063502266127573500, 0.0000000000000000000 ) ) ;
#81 = VECTOR ( 'NONE', #4551, 39.37007874015748100 ) ;
#82 = ORIENTED_EDGE ( 'NONE', *, *, #8767, .F. ) ;
#83 = CIRCLE ( 'NONE', #5917, 0.009815670203806345400 ) ;
#84 = AXIS2_PLACEMENT_3D ( 'NONE', #9177, #9190, #4105 ) ;
#85 = CARTESIAN_POINT ( 'NONE',  ( 0.1462132034363043700, 0.05750000000005953800, 0.02474999999935151600 ) ) ;
#86 = DIRECTION ( 'NONE',  ( 0.0000000000000000000, 1.000000000000000000, -0.0000000000000000000 ) ) ;
#87 = EDGE_CURVE ( 'NONE', #5097, #7303, #8886, .T. ) ;
#88 = DIRECTION ( 'NONE',  ( -0.0000000000000000000, 0.0000000000000000000, -1.000000000000000000 ) ) ;
#89 = ADVANCED_FACE ( 'NONE', ( #5541 ), #1656, .F. ) ;
#90 = VECTOR ( 'NONE', #4481, 39.37007874015748100 ) ;
#91 = LINE ( 'NONE', #2475, #7566 ) ;
#92 = LINE ( 'NONE', #278, #4485 ) ;
#93 = DIRECTION ( 'NONE',  ( 1.000000000000000000, 0.0000000000000000000, 0.0000000000000000000 ) ) ;
#94 = CARTESIAN_POINT ( 'NONE',  ( 0.4374999999999998900, 0.5600000000000002800, -0.1490000000000000800 ) ) ;
#95 = CARTESIAN_POINT ( 'NONE',  ( 0.4375000000000010000, 0.5999999999999999800, -0.3310000000000007400 ) ) ;
#96 = VERTEX_POINT ( 'NONE', #863 ) ;
#97 = CARTESIAN_POINT ( 'NONE',  ( 0.8374999999999999100, 0.5580000000000000500, -0.09750000000000040600 ) ) ;
#98 = ORIENTED_EDGE ( 'NONE', *, *, #6169, .T. ) ;
#99 = VERTEX_POINT ( 'NONE', #8814 ) ;
#100 = DATE_AND_TIME ( #2211, #4257 ) ;
#101 = ORIENTED_EDGE ( 'NONE', *, *, #8608, .T. ) ;
#102 = AXIS2_PLACEMENT_3D ( 'NONE', #8971, #4903, #275 ) ;
#103 = CARTESIAN_POINT ( 'NONE',  ( 0.5575045756779997100, 0.4162857328953860600, 0.0000000000000000000 ) ) ;
#104 = ORIENTED_EDGE ( 'NONE', *, *, #1943, .F. ) ;
#105 = LINE ( 'NONE', #1445, #4259 ) ;
#106 = VECTOR ( 'NONE', #9202, 39.37007874015748100 ) ;
#107 = DIRECTION ( 'NONE',  ( -1.000000000000000000, 0.0000000000000000000, 0.0000000000000000000 ) ) ;
#108 = EDGE_CURVE ( 'NONE', #4298, #5963, #1242, .T. ) ;
#109 = EDGE_CURVE ( 'NONE', #1096, #8336, #5318, .T. ) ;
#110 = DIRECTION ( 'NONE',  ( -0.0000000000000000000, -0.0000000000000000000, 1.000000000000000000 ) ) ;
#111 = VERTEX_POINT ( 'NONE', #8200 ) ;
#112 = COORDINATED_UNIVERSAL_TIME_OFFSET ( 5, 0, .BEHIND. ) ;
#113 = CARTESIAN_POINT ( 'NONE',  ( 0.8202132034360819500, 0.01600000000011329900, -0.009000000000728678600 ) ) ;
#114 = DATE_AND_TIME ( #2219, #4269 ) ;
#115 = DIRECTION ( 'NONE',  ( 1.000000000000000000, 0.0000000000000000000, -0.0000000000000000000 ) ) ;
#116 = FACE_BOUND ( 'NONE', #1758, .T. ) ;
#117 = CARTESIAN_POINT ( 'NONE',  ( 1.004362961706167100, 0.3539562271012334200, -0.01000000000000000000 ) ) ;
#118 = CARTESIAN_POINT ( 'NONE',  ( 0.5974999999999999200, 0.05000000000000001000, -0.2725000000000000800 ) ) ;
#119 = FACE_OUTER_BOUND ( 'NONE', #4205, .T. ) ;
#120 = DIRECTION ( 'NONE',  ( -0.0000000000000000000, -0.7071067811865451300, 0.7071067811865499000 ) ) ;
#121 = DIRECTION ( 'NONE',  ( 1.000000000000000000, 0.0000000000000000000, 0.0000000000000000000 ) ) ;
#122 = EDGE_CURVE ( 'NONE', #802, #4173, #6955, .T. ) ;
#123 = ORIENTED_EDGE ( 'NONE', *, *, #3369, .F. ) ;
#124 = PLANE ( 'NONE',  #2214 ) ;
#125 = AXIS2_PLACEMENT_3D ( 'NONE', #3941, #4706, #59 ) ;
#126 = DIRECTION ( 'NONE',  ( 4.313434190719257400E-014, -9.123748451147547100E-014, -1.000000000000000000 ) ) ;
#127 = ORIENTED_EDGE ( 'NONE', *, *, #3226, .F. ) ;
#128 = VECTOR ( 'NONE', #3049, 39.37007874015748100 ) ;
#129 = ADVANCED_FACE ( 'NONE', ( #3102 ), #2489, .F. ) ;
#130 = DIRECTION ( 'NONE',  ( 1.000000000000000000, -1.597387298905711700E-030, 8.537024980200836600E-016 ) ) ;
#131 = LINE ( 'NONE', #788, #2231 ) ;
#132 = DIRECTION ( 'NONE',  ( 1.000000000000000000, 1.106190048104503000E-013, -4.313434190744403800E-014 ) ) ;
#133 = ORIENTED_EDGE ( 'NONE', *, *, #8992, .T. ) ;
#134 = VERTEX_POINT ( 'NONE', #2452 ) ;
#135 = ORIENTED_EDGE ( 'NONE', *, *, #7121, .T. ) ;
#136 = DIRECTION ( 'NONE',  ( 1.000000000000000000, -0.0000000000000000000, -0.0000000000000000000 ) ) ;
#137 = ORIENTED_EDGE ( 'NONE', *, *, #4489, .F. ) ;
#138 = PLANE ( 'NONE',  #4312 ) ;
#139 = ADVANCED_FACE ( 'NONE', ( #992 ), #138, .F. ) ;
#140 = APPROVAL_PERSON_ORGANIZATION ( #2247, #4411, #6493 ) ;
#141 = VERTEX_POINT ( 'NONE', #2517 ) ;
#142 = EDGE_LOOP ( 'NONE', ( #1726, #4902, #1086, #2784 ) ) ;
#143 = ADVANCED_FACE ( 'NONE', ( #6726 ), #8878, .F. ) ;
#144 = ORIENTED_EDGE ( 'NONE', *, *, #3228, .F. ) ;
#145 = CARTESIAN_POINT ( 'NONE',  ( 0.1536499778719381800, 0.06956181146276956000, -0.006000000000051513600 ) ) ;
#146 = AXIS2_PLACEMENT_3D ( 'NONE', #4865, #3690, #2886 ) ;
#147 = EDGE_CURVE ( 'NONE', #7440, #3598, #3836, .T. ) ;
#148 = ORIENTED_EDGE ( 'NONE', *, *, #29, .F. ) ;
#149 = CARTESIAN_POINT ( 'NONE',  ( 0.6374999999999998400, 0.3450000000000001400, -0.2220000000000000000 ) ) ;
#150 = LINE ( 'NONE', #9304, #4313 ) ;
#151 = ORIENTED_EDGE ( 'NONE', *, *, #3547, .F. ) ;
#152 = AXIS2_PLACEMENT_3D ( 'NONE', #6528, #6155, #6820 ) ;
#153 = ORIENTED_EDGE ( 'NONE', *, *, #5166, .F. ) ;
#154 = ORIENTED_EDGE ( 'NONE', *, *, #9041, .T. ) ;
#155 = EDGE_LOOP ( 'NONE', ( #1222, #611, #3089, #5855 ) ) ;
#156 = VECTOR ( 'NONE', #6079, 39.37007874015748100 ) ;
#157 = ORIENTED_EDGE ( 'NONE', *, *, #7436, .T. ) ;
#158 = CARTESIAN_POINT ( 'NONE',  ( 0.6374999999999998400, 0.3450000000000002000, -0.09750000000000003100 ) ) ;
#159 = EDGE_CURVE ( 'NONE', #4173, #8973, #7175, .T. ) ;
#160 = EDGE_CURVE ( 'NONE', #5548, #5661, #8499, .T. ) ;
#161 = CARTESIAN_POINT ( 'NONE',  ( 0.3674999999999998300, 0.2699999999999999100, -0.2210000000000000900 ) ) ;
#162 = ORIENTED_EDGE ( 'NONE', *, *, #6864, .F. ) ;
#163 = CARTESIAN_POINT ( 'NONE',  ( 0.8974999999999999600, 0.5180000000000000200, -0.1489999999999998500 ) ) ;
#164 = ORIENTED_EDGE ( 'NONE', *, *, #2760, .F. ) ;
#165 = ORIENTED_EDGE ( 'NONE', *, *, #5938, .T. ) ;
#166 =( NAMED_UNIT ( * ) SI_UNIT ( $, .STERADIAN. ) SOLID_ANGLE_UNIT ( ) );
#167 = ADVANCED_FACE ( 'NONE', ( #737 ), #6978, .F. ) ;
#168 = DIRECTION ( 'NONE',  ( 1.000000000000000000, 0.0000000000000000000, 0.0000000000000000000 ) ) ;
#169 = LINE ( 'NONE', #8620, #2280 ) ;
#170 = ORIENTED_EDGE ( 'NONE', *, *, #5388, .F. ) ;
#171 = CC_DESIGN_PERSON_AND_ORGANIZATION_ASSIGNMENT ( #4016, #6610, ( #7385 ) ) ;
#172 = DIRECTION ( 'NONE',  ( -0.0000000000000000000, -1.000000000000000000, -4.553079989440441700E-016 ) ) ;
#173 = EDGE_CURVE ( 'NONE', #2719, #4201, #8306, .T. ) ;
#174 = DIRECTION ( 'NONE',  ( -0.0000000000000000000, -0.0000000000000000000, 1.000000000000000000 ) ) ;
#175 = DIRECTION ( 'NONE',  ( -0.0000000000000000000, 0.0000000000000000000, 1.000000000000000000 ) ) ;
#176 = LINE ( 'NONE', #5334, #3865 ) ;
#177 = ORIENTED_EDGE ( 'NONE', *, *, #5542, .F. ) ;
#178 =( BOUNDED_CURVE ( )  B_SPLINE_CURVE ( 3, ( #9087, #8128, #8517, #9106 ),
 .UNSPECIFIED., .F., .T. ) 
 B_SPLINE_CURVE_WITH_KNOTS ( ( 4, 4 ),
 ( 4.712388980378424500, 4.749434490204012400 ),
 .UNSPECIFIED. ) 
 CURVE ( )  GEOMETRIC_REPRESENTATION_ITEM ( )  RATIONAL_B_SPLINE_CURVE ( ( 1.000000000000000000, 0.9998856391198991400, 0.9998856391198991400, 1.000000000000000000 ) ) 
 REPRESENTATION_ITEM ( '' )  );
#179 = CARTESIAN_POINT ( 'NONE',  ( 0.8974999999999999600, 0.5999999999999999800, -0.07249999999999998100 ) ) ;
#180 = LINE ( 'NONE', #928, #439 ) ;
#181 = DIRECTION ( 'NONE',  ( 0.7071067811861102600, 1.427481966026078100E-013, 0.7071067811869848900 ) ) ;
#182 = DIRECTION ( 'NONE',  ( -0.0000000000000000000, 0.0000000000000000000, 1.000000000000000000 ) ) ;
#183 = CARTESIAN_POINT ( 'NONE',  ( 0.9374999999999998900, 0.5579999999999999400, -0.2975000000000001000 ) ) ;
#184 = DIRECTION ( 'NONE',  ( 1.000000000000000000, 0.0000000000000000000, 0.0000000000000000000 ) ) ;
#185 = DIRECTION ( 'NONE',  ( 1.000000000000000000, 1.105747997435532900E-013, -4.309164990006120800E-014 ) ) ;
#186 = CARTESIAN_POINT ( 'NONE',  ( 0.6974999999999999000, 0.3450000000000001400, -0.2220000000000000000 ) ) ;
#187 = LINE ( 'NONE', #7601, #7651 ) ;
#188 = CARTESIAN_POINT ( 'NONE',  ( 0.7974999999999998800, 0.3450000000000002000, -0.09750000000000001700 ) ) ;
#189 = EDGE_CURVE ( 'NONE', #2199, #412, #4839, .T. ) ;
#190 = CARTESIAN_POINT ( 'NONE',  ( 0.4375000000000010000, 0.5579999999999996100, -0.07250000000000000900 ) ) ;
#191 = ADVANCED_FACE ( 'NONE', ( #6522 ), #1835, .F. ) ;
#192 = LINE ( 'NONE', #1729, #4106 ) ;
#193 = LINE ( 'NONE', #4018, #1818 ) ;
#194 = AXIS2_PLACEMENT_3D ( 'NONE', #7676, #3415, #8326 ) ;
#195 = DIRECTION ( 'NONE',  ( -0.7071067811865451300, -0.7071067811865499000, 0.0000000000000000000 ) ) ;
#196 = LINE ( 'NONE', #2186, #3886 ) ;
#197 = DIRECTION ( 'NONE',  ( 1.000000000000000000, -0.0000000000000000000, -0.0000000000000000000 ) ) ;
#198 = LINE ( 'NONE', #4081, #7875 ) ;
#199 = CIRCLE ( 'NONE', #3272, 0.07649999999999998500 ) ;
#200 = CARTESIAN_POINT ( 'NONE',  ( 0.6974999999999999000, 0.5999999999999999800, -0.2974999999999999900 ) ) ;
#201 = CARTESIAN_POINT ( 'NONE',  ( 0.0000000000000000000, 0.0000000000000000000, 0.0000000000000000000 ) ) ;
#202 = VERTEX_POINT ( 'NONE', #6260 ) ;
#203 = DIRECTION ( 'NONE',  ( -0.0000000000000000000, 0.0000000000000000000, 1.000000000000000000 ) ) ;
#204 = DIRECTION ( 'NONE',  ( -4.313434190716670600E-014, 9.125743083152196300E-014, 1.000000000000000000 ) ) ;
#205 = PLANE ( 'NONE',  #2398 ) ;
#206 = EDGE_CURVE ( 'NONE', #7925, #2816, #8105, .T. ) ;
#207 = LINE ( 'NONE', #2887, #7882 ) ;
#208 = VECTOR ( 'NONE', #363, 39.37007874015748100 ) ;
#209 = AXIS2_PLACEMENT_3D ( 'NONE', #5655, #5607, #5617 ) ;
#210 = VECTOR ( 'NONE', #8738, 39.37007874015748100 ) ;
#211 = DIRECTION ( 'NONE',  ( 0.4491278195592125500, -0.8934675157486070600, -1.009083829474507700E-013 ) ) ;
#212 = DIRECTION ( 'NONE',  ( -0.0000000000000000000, -0.0000000000000000000, 1.000000000000000000 ) ) ;
#213 = CARTESIAN_POINT ( 'NONE',  ( 0.3674999999999998300, 0.2699999999999999100, -0.2210000000000000900 ) ) ;
#214 = ORIENTED_EDGE ( 'NONE', *, *, #2640, .F. ) ;
#215 = VERTEX_POINT ( 'NONE', #1053 ) ;
#216 = ORIENTED_EDGE ( 'NONE', *, *, #2769, .F. ) ;
#217 = CARTESIAN_POINT ( 'NONE',  ( 0.7496463199174502300, 0.3416866393464885200, -0.01000000000000000000 ) ) ;
#218 = VERTEX_POINT ( 'NONE', #5647 ) ;
#219 = LINE ( 'NONE', #3976, #4132 ) ;
#220 = AXIS2_PLACEMENT_3D ( 'NONE', #1713, #7251, #1295 ) ;
#221 = VECTOR ( 'NONE', #7553, 39.37007874015748100 ) ;
#222 = VECTOR ( 'NONE', #8601, 39.37007874015748100 ) ;
#223 = DIRECTION ( 'NONE',  ( 0.0000000000000000000, 0.0000000000000000000, 1.000000000000000000 ) ) ;
#224 = EDGE_CURVE ( 'NONE', #4938, #5257, #6317, .T. ) ;
#225 = CARTESIAN_POINT ( 'NONE',  ( 0.3361881571574481000, 0.01250000000002643400, -0.006000000000261865300 ) ) ;
#226 = EDGE_LOOP ( 'NONE', ( #993, #1246, #5852, #9168 ) ) ;
#227 = APPROVAL_PERSON_ORGANIZATION ( #2334, #8821, #2904 ) ;
#228 = PERSON_AND_ORGANIZATION ( #2269, #2337 ) ;
#229 = LINE ( 'NONE', #8484, #9365 ) ;
#230 = LINE ( 'NONE', #8831, #7902 ) ;
#231 = DIRECTION ( 'NONE',  ( 0.7071067811865499000, -0.7071067811865451300, 0.0000000000000000000 ) ) ;
#232 = CARTESIAN_POINT ( 'NONE',  ( 0.4974999999999998900, 0.5579999999999999400, -0.1089999999999999000 ) ) ;
#233 = CARTESIAN_POINT ( 'NONE',  ( 0.4974999999999998900, 0.2699999999999999100, -0.2220000000000000900 ) ) ;
#234 = SECURITY_CLASSIFICATION ( '', '', #7166 ) ;
#235 = ORIENTED_EDGE ( 'NONE', *, *, #4309, .F. ) ;
#236 = DIRECTION ( 'NONE',  ( 0.0000000000000000000, 1.000000000000000000, 1.707404996040164500E-016 ) ) ;
#237 = DIRECTION ( 'NONE',  ( -1.000000000000000000, 7.695514003114026500E-012, 5.225410333486496900E-012 ) ) ;
#238 = LINE ( 'NONE', #967, #7908 ) ;
#239 = EDGE_CURVE ( 'NONE', #3545, #5339, #4612, .T. ) ;
#240 = VECTOR ( 'NONE', #7043, 39.37007874015748100 ) ;
#241 = DIRECTION ( 'NONE',  ( 1.000000000000000000, -0.0000000000000000000, -0.0000000000000000000 ) ) ;
#242 = PLANE ( 'NONE',  #550 ) ;
#243 = ADVANCED_FACE ( 'NONE', ( #7910 ), #3465, .F. ) ;
#244 = ORIENTED_EDGE ( 'NONE', *, *, #352, .F. ) ;
#245 = EDGE_LOOP ( 'NONE', ( #1206, #7815, #3105, #2903 ) ) ;
#246 = CARTESIAN_POINT ( 'NONE',  ( 0.0000000000000000000, 0.5999999999999999800, -0.2610000000000000700 ) ) ;
#247 = CIRCLE ( 'NONE', #1524, 0.009815670203840084000 ) ;
#248 = PRODUCT ( '345 Part_No Mounting Lugs', '345 Part_No Mounting Lugs', '', ( #9103 ) ) ;
#249 = VERTEX_POINT ( 'NONE', #1873 ) ;
#250 = CARTESIAN_POINT ( 'NONE',  ( 0.7374999999999998200, 0.3450000000000002000, -0.2725000000000000200 ) ) ;
#251 = EDGE_CURVE ( 'NONE', #6126, #2443, #503, .T. ) ;
#252 = CARTESIAN_POINT ( 'NONE',  ( 0.1344495932427206000, 0.06550000000008407400, 0.005999999999656215200 ) ) ;
#253 = ORIENTED_EDGE ( 'NONE', *, *, #4530, .F. ) ;
#254 = VERTEX_POINT ( 'NONE', #2685 ) ;
#255 = ORIENTED_EDGE ( 'NONE', *, *, #6219, .T. ) ;
#256 = CARTESIAN_POINT ( 'NONE',  ( 0.4374999999999998900, 0.2699999999999999100, -0.2210000000000000900 ) ) ;
#257 = VERTEX_POINT ( 'NONE', #7076 ) ;
#258 = DIRECTION ( 'NONE',  ( -0.0000000000000000000, 0.0000000000000000000, 1.000000000000000000 ) ) ;
#260 = ORIENTED_EDGE ( 'NONE', *, *, #2662, .T. ) ;
#259 = PLANE ( 'NONE',  #5977 ) ;
#261 = ORIENTED_EDGE ( 'NONE', *, *, #2759, .F. ) ;
#262 = ADVANCED_FACE ( 'NONE', ( #4154 ), #1909, .F. ) ;
#263 = DATE_AND_TIME ( #2371, #4407 ) ;
#264 = VERTEX_POINT ( 'NONE', #5674 ) ;
#265 = ORIENTED_EDGE ( 'NONE', *, *, #1418, .T. ) ;
#266 = DIRECTION ( 'NONE',  ( 1.000000000000000000, -0.0000000000000000000, -0.0000000000000000000 ) ) ;
#267 = ORIENTED_EDGE ( 'NONE', *, *, #5050, .F. ) ;
#268 = DIRECTION ( 'NONE',  ( 0.0000000000000000000, 1.000000000000000000, 0.0000000000000000000 ) ) ;
#269 = EDGE_LOOP ( 'NONE', ( #3848, #5579, #6560, #7059 ) ) ;
#270 = CARTESIAN_POINT ( 'NONE',  ( 0.8332132034356378700, 0.03400000000017637500, -0.009000000000629785500 ) ) ;
#271 = EDGE_CURVE ( 'NONE', #6934, #3173, #6102, .T. ) ;
#272 = CARTESIAN_POINT ( 'NONE',  ( 0.9974999999999999400, 0.5600000000000002800, -0.1490000000000000800 ) ) ;
#273 = VECTOR ( 'NONE', #3298, 39.37007874015748100 ) ;
#274 = EDGE_LOOP ( 'NONE', ( #6221, #6867, #267, #1578, #6108, #4737, #3793, #1146, #1775 ) ) ;
#275 = DIRECTION ( 'NONE',  ( 7.695808612430578300E-012, -1.000000000000000000, -9.453018302633165800E-013 ) ) ;
#276 = AXIS2_PLACEMENT_3D ( 'NONE', #8302, #7619, #7570 ) ;
#277 = ADVANCED_FACE ( 'NONE', ( #5874 ), #9181, .T. ) ;
#278 = CARTESIAN_POINT ( 'NONE',  ( 0.5506336064154143700, 0.2405852362473100100, -0.01000000000000000000 ) ) ;
#279 = CARTESIAN_POINT ( 'NONE',  ( 0.9975000000000000500, 0.5579999999999996100, -0.03899999999999907700 ) ) ;
#280 = CARTESIAN_POINT ( 'NONE',  ( 0.5057269153529095900, 0.0000000000000000000, 0.0000000000000000000 ) ) ;
#281 = CARTESIAN_POINT ( 'NONE',  ( 0.4365264404161153800, 0.4133410318342099500, 0.0000000000000000000 ) ) ;
#282 = VERTEX_POINT ( 'NONE', #3521 ) ;
#283 = ORIENTED_EDGE ( 'NONE', *, *, #896, .T. ) ;
#284 = ORIENTED_EDGE ( 'NONE', *, *, #7489, .T. ) ;
#285 = DIRECTION ( 'NONE',  ( 1.000000000000000000, 0.0000000000000000000, 0.0000000000000000000 ) ) ;
#286 = AXIS2_PLACEMENT_3D ( 'NONE', #1986, #902, #313 ) ;
#287 = LINE ( 'NONE', #6425, #6347 ) ;
#288 = ORIENTED_EDGE ( 'NONE', *, *, #5315, .F. ) ;
#289 = ORIENTED_EDGE ( 'NONE', *, *, #6875, .F. ) ;
#290 = CARTESIAN_POINT ( 'NONE',  ( 0.5057269153529278000, 0.2719953808994902100, 0.0000000000000000000 ) ) ;
#291 = CARTESIAN_POINT ( 'NONE',  ( 0.3924999999999996800, 0.05000000000000000300, -0.07250000000000005100 ) ) ;
#292 = EDGE_CURVE ( 'NONE', #922, #1378, #1865, .T. ) ;
#293 = ORIENTED_EDGE ( 'NONE', *, *, #3286, .T. ) ;
#294 = ORIENTED_EDGE ( 'NONE', *, *, #5273, .T. ) ;
#295 = ORIENTED_EDGE ( 'NONE', *, *, #3447, .F. ) ;
#296 = LINE ( 'NONE', #8953, #6139 ) ;
#297 = EDGE_LOOP ( 'NONE', ( #8922, #8712, #7529, #6999 ) ) ;
#298 = PLANE ( 'NONE',  #1650 ) ;
#299 = ADVANCED_FACE ( 'NONE', ( #3924 ), #377, .F. ) ;
#300 = AXIS2_PLACEMENT_3D ( 'NONE', #2356, #7457, #3163 ) ;
#301 = DIRECTION ( 'NONE',  ( 0.0000000000000000000, 1.000000000000000000, -0.0000000000000000000 ) ) ;
#302 = CARTESIAN_POINT ( 'NONE',  ( 0.5940679471871664900, 0.4025437946100565700, -0.01000000000000000000 ) ) ;
#303 = EDGE_CURVE ( 'NONE', #31, #386, #5651, .T. ) ;
#304 = EDGE_CURVE ( 'NONE', #3135, #6981, #7703, .T. ) ;
#305 = CARTESIAN_POINT ( 'NONE',  ( 0.6374999999999998400, 0.5999999999999999800, -0.07249999999999999500 ) ) ;
#306 = VECTOR ( 'NONE', #6136, 39.37007874015748100 ) ;
#307 = ORIENTED_EDGE ( 'NONE', *, *, #4593, .T. ) ;
#308 = LINE ( 'NONE', #4579, #3985 ) ;
#309 = CARTESIAN_POINT ( 'NONE',  ( 0.9374999999999998900, 0.2699999999999999100, -0.1490000000000000800 ) ) ;
#310 = CARTESIAN_POINT ( 'NONE',  ( 0.0000000000000000000, 0.4231567020380064300, -0.01000000000000000000 ) ) ;
#311 = DIRECTION ( 'NONE',  ( 0.0000000000000000000, 1.000000000000000000, 4.553079989440424900E-016 ) ) ;
#312 =( LENGTH_UNIT ( ) NAMED_UNIT ( * ) SI_UNIT ( $, .METRE. ) );
#313 = DIRECTION ( 'NONE',  ( 0.0000000000000000000, 0.0000000000000000000, 1.000000000000000000 ) ) ;
#314 = ORIENTED_EDGE ( 'NONE', *, *, #6120, .F. ) ;
#315 = DIRECTION ( 'NONE',  ( -0.0000000000000000000, 0.0000000000000000000, 1.000000000000000000 ) ) ;
#316 = CARTESIAN_POINT ( 'NONE',  ( 0.2874999999999999800, 0.0000000000000000000, -0.3700000000000001600 ) ) ;
#317 = FACE_OUTER_BOUND ( 'NONE', #63, .T. ) ;
#318 = ORIENTED_EDGE ( 'NONE', *, *, #7378, .T. ) ;
#319 = VECTOR ( 'NONE', #4741, 39.37007874015748100 ) ;
#320 = EDGE_CURVE ( 'NONE', #3513, #6554, #7480, .T. ) ;
#321 = DIRECTION ( 'NONE',  ( -1.000000000000000000, 0.0000000000000000000, 0.0000000000000000000 ) ) ;
#322 = ADVANCED_FACE ( 'NONE', ( #1601 ), #2002, .F. ) ;
#323 = EDGE_CURVE ( 'NONE', #5118, #6334, #3472, .T. ) ;
#324 = DIRECTION ( 'NONE',  ( 4.313434190719257400E-014, -9.123748451147547100E-014, -1.000000000000000000 ) ) ;
#325 = ORIENTED_EDGE ( 'NONE', *, *, #2424, .F. ) ;
#326 = PLANE ( 'NONE',  #4459 ) ;
#327 = VECTOR ( 'NONE', #3258, 39.37007874015748100 ) ;
#328 = CARTESIAN_POINT ( 'NONE',  ( 0.7374999999999998200, 0.2700000000000001800, -0.1480000000000000200 ) ) ;
#329 = DIRECTION ( 'NONE',  ( 1.000000000000000000, 0.0000000000000000000, 0.0000000000000000000 ) ) ;
#330 = VECTOR ( 'NONE', #93, 39.37007874015748100 ) ;
#331 = VERTEX_POINT ( 'NONE', #5797 ) ;
#332 = FACE_OUTER_BOUND ( 'NONE', #7372, .T. ) ;
#333 = VECTOR ( 'NONE', #4783, 39.37007874015748100 ) ;
#334 = AXIS2_PLACEMENT_3D ( 'NONE', #8102, #5367, #8139 ) ;
#335 = EDGE_LOOP ( 'NONE', ( #524, #8892, #8225, #2735 ) ) ;
#336 = FACE_BOUND ( 'NONE', #499, .T. ) ;
#337 = ORIENTED_EDGE ( 'NONE', *, *, #9287, .F. ) ;
#338 = DIRECTION ( 'NONE',  ( 0.0000000000000000000, 4.553079989440425900E-016, -1.000000000000000000 ) ) ;
#339 = DIRECTION ( 'NONE',  ( 0.0000000000000000000, 0.0000000000000000000, 1.000000000000000000 ) ) ;
#340 = VERTEX_POINT ( 'NONE', #8470 ) ;
#341 = VECTOR ( 'NONE', #4102, 39.37007874015748100 ) ;
#342 = ORIENTED_EDGE ( 'NONE', *, *, #8479, .F. ) ;
#343 = LINE ( 'NONE', #388, #7988 ) ;
#344 = APPLICATION_PROTOCOL_DEFINITION ( 'international standard', 'config_control_design', 1994, #4970 ) ;
#345 = ORIENTED_EDGE ( 'NONE', *, *, #7609, .F. ) ;
#346 = CIRCLE ( 'NONE', #1399, 0.01350000000000000700 ) ;
#347 = AXIS2_PLACEMENT_3D ( 'NONE', #6906, #2900, #3062 ) ;
#348 = CARTESIAN_POINT ( 'NONE',  ( 0.3924999999999996800, 0.05000000000000000300, -0.07250000000000005100 ) ) ;
#349 = ORIENTED_EDGE ( 'NONE', *, *, #9032, .T. ) ;
#350 = ADVANCED_FACE ( 'NONE', ( #5418 ), #5209, .F. ) ;
#351 = CALENDAR_DATE ( 2019, 15, 10 ) ;
#352 = EDGE_CURVE ( 'NONE', #4314, #8133, #7068, .T. ) ;
#353 = VERTEX_POINT ( 'NONE', #3622 ) ;
#354 = AXIS2_PLACEMENT_3D ( 'NONE', #4440, #7944, #587 ) ;
#355 = CIRCLE ( 'NONE', #8697, 0.03150000000000006300 ) ;
#356 = CARTESIAN_POINT ( 'NONE',  ( 0.6974999999999999000, 0.2699999999999999100, -0.1490000000000000800 ) ) ;
#357 = LINE ( 'NONE', #4443, #2215 ) ;
#358 = DIRECTION ( 'NONE',  ( 0.0000000000000000000, 1.000000000000000000, 0.0000000000000000000 ) ) ;
#359 = ORIENTED_EDGE ( 'NONE', *, *, #3447, .T. ) ;
#360 = ADVANCED_FACE ( 'NONE', ( #8775 ), #2037, .T. ) ;
#361 = VERTEX_POINT ( 'NONE', #7866 ) ;
#362 = DIRECTION ( 'NONE',  ( 0.0000000000000000000, 1.000000000000000000, 4.553079989440425900E-016 ) ) ;
#363 = DIRECTION ( 'NONE',  ( -1.000000000000000000, 0.0000000000000000000, 0.0000000000000000000 ) ) ;
#364 = AXIS2_PLACEMENT_3D ( 'NONE', #6613, #2309, #6780 ) ;
#365 = LINE ( 'NONE', #6, #8005 ) ;
#366 = DIRECTION ( 'NONE',  ( 1.000000000000000000, 0.0000000000000000000, 0.0000000000000000000 ) ) ;
#367 = DIRECTION ( 'NONE',  ( 0.0000000000000000000, -1.979599995408886100E-016, 1.000000000000000000 ) ) ;
#368 = FACE_OUTER_BOUND ( 'NONE', #7627, .T. ) ;
#369 = EDGE_CURVE ( 'NONE', #9126, #730, #3224, .T. ) ;
#370 = EDGE_CURVE ( 'NONE', #2799, #3726, #1102, .T. ) ;
#371 = DIRECTION ( 'NONE',  ( -0.0000000000000000000, 0.0000000000000000000, 1.000000000000000000 ) ) ;
#372 = CARTESIAN_POINT ( 'NONE',  ( 0.1343626268162046700, 0.06522536426265701500, 0.005999999999651213200 ) ) ;
#373 = VERTEX_POINT ( 'NONE', #2068 ) ;
#374 = CARTESIAN_POINT ( 'NONE',  ( 0.9374999999999998900, 0.5580000000000000500, -0.09750000000000039200 ) ) ;
#375 = VECTOR ( 'NONE', #268, 39.37007874015748100 ) ;
#376 = EDGE_LOOP ( 'NONE', ( #5907, #4036, #295, #3614 ) ) ;
#377 = PLANE ( 'NONE',  #3631 ) ;
#378 = PLANE ( 'NONE',  #8241 ) ;
#379 = CC_DESIGN_DATE_AND_TIME_ASSIGNMENT ( #6509, #7928, ( #8000 ) ) ;
#380 = EDGE_LOOP ( 'NONE', ( #8804, #3962, #631, #6324 ) ) ;
#381 = ORIENTED_EDGE ( 'NONE', *, *, #9200, .F. ) ;
#382 = SECURITY_CLASSIFICATION_LEVEL ( 'unclassified' ) ;
#383 = EDGE_CURVE ( 'NONE', #5639, #2945, #6839, .T. ) ;
#384 = DIRECTION ( 'NONE',  ( 1.000000000000000000, 0.0000000000000000000, 0.0000000000000000000 ) ) ;
#385 = DIRECTION ( 'NONE',  ( -1.000000000000000000, -1.189163988687022500E-013, 0.0000000000000000000 ) ) ;
#386 = VERTEX_POINT ( 'NONE', #3648 ) ;
#387 = DIRECTION ( 'NONE',  ( -0.0000000000000000000, -0.0000000000000000000, 1.000000000000000000 ) ) ;
#388 = CARTESIAN_POINT ( 'NONE',  ( 0.8374999999999999100, 0.3450000000000002000, -0.09750000000000001700 ) ) ;
#389 = CALENDAR_DATE ( 2019, 15, 10 ) ;
#390 = ORIENTED_EDGE ( 'NONE', *, *, #5515, .F. ) ;
#391 = CARTESIAN_POINT ( 'NONE',  ( 0.8332132034355109700, 0.03000000000017636100, -0.009000000000644537600 ) ) ;
#392 = DIRECTION ( 'NONE',  ( 1.000000000000000000, 0.0000000000000000000, 0.0000000000000000000 ) ) ;
#393 = CARTESIAN_POINT ( 'NONE',  ( 0.5974999999999999200, 0.5180000000000000200, -0.1089999999999998900 ) ) ;
#394 = EDGE_CURVE ( 'NONE', #3824, #922, #860, .T. ) ;
#395 = ORIENTED_EDGE ( 'NONE', *, *, #8522, .F. ) ;
#396 = ORIENTED_EDGE ( 'NONE', *, *, #7097, .T. ) ;
#397 = DIRECTION ( 'NONE',  ( 4.313434190716670600E-014, -9.125743083152196300E-014, -1.000000000000000000 ) ) ;
#398 = DIRECTION ( 'NONE',  ( -0.0000000000000000000, 0.0000000000000000000, 1.000000000000000000 ) ) ;
#399 = AXIS2_PLACEMENT_3D ( 'NONE', #8641, #4536, #9283 ) ;
#400 = ADVANCED_FACE ( 'NONE', ( #2967 ), #8549, .F. ) ;
#401 = SHAPE_DEFINITION_REPRESENTATION ( #7352, #7662 ) ;
#402 = VERTEX_POINT ( 'NONE', #5147 ) ;
#403 = DIRECTION ( 'NONE',  ( 1.000000000000000000, -0.0000000000000000000, -0.0000000000000000000 ) ) ;
#404 = CARTESIAN_POINT ( 'NONE',  ( 0.3924999999999996800, 0.05000000000000000300, -0.2200000000000000000 ) ) ;
#405 = CARTESIAN_POINT ( 'NONE',  ( 0.1488389218506067400, 0.06550000000013699000, -0.006000000000671642600 ) ) ;
#406 = PLANE ( 'NONE',  #7409 ) ;
#407 = ADVANCED_FACE ( 'NONE', ( #2716 ), #623, .T. ) ;
#408 = EDGE_LOOP ( 'NONE', ( #527, #135, #2484, #5153 ) ) ;
#409 = FACE_OUTER_BOUND ( 'NONE', #3625, .T. ) ;
#410 = EDGE_LOOP ( 'NONE', ( #6218, #8408, #8083, #7715 ) ) ;
#411 = DIRECTION ( 'NONE',  ( -1.000000000000000000, -1.105907419003793000E-013, 4.313434190744408800E-014 ) ) ;
#412 = VERTEX_POINT ( 'NONE', #2139 ) ;
#413 = DIRECTION ( 'NONE',  ( 0.0000000000000000000, -3.691686477924679400E-015, -1.000000000000000000 ) ) ;
#414 = ORIENTED_EDGE ( 'NONE', *, *, #8082, .T. ) ;
#415 = EDGE_CURVE ( 'NONE', #4857, #3866, #4953, .T. ) ;
#416 = CLOSED_SHELL ( 'NONE', ( #7563, #5682, #6883, #7466, #2736, #1629, #4383, #6178, #8389, #3967, #6330, #3995, #4295, #3930, #4956, #6461, #3301, #976, #143, #8165, #8567, #7271, #4274, #7138, #3502, #8897, #6805, #8308, #68, #139, #7099, #322, #3359, #7701, #614, #6941, #8209, #5177, #5543, #74, #2332, #3659, #7931, #2780, #4693, #3475, #2481, #4480, #4140, #360, #3612, #7003, #7476, #1389, #4191, #1061, #7032, #8227, #6768, #6949, #7487, #23, #9146, #4176, #1826, #6926, #129, #5776, #7218, #89, #4654, #400, #7669, #6175, #1177, #191, #855, #5168, #4041, #6976, #2060, #2625, #5331, #7845, #4696, #6355, #9203, #4809, #8989, #4242, #7580, #3455, #5818, #2717, #3956, #9078, #5589, #6847, #5728, #167, #4163, #517, #8822, #6697, #4905, #2001, #6166, #3565, #6135, #7970, #3382, #8168, #9035, #277, #4428, #8872, #6904, #299, #2656, #1283, #6869, #492, #5637, #4694, #4334, #5122, #6267, #7612, #4089, #8805, #3518, #903, #2119, #925, #4159, #8509, #8050, #5424, #2011, #6630, #6598, #8806, #1762, #1122, #1045, #1704, #7725, #2841, #451, #5508, #6458, #7312, #8910, #6893, #3711, #3186, #1740, #6196, #1866, #7184, #1710, #5217, #6416, #6242, #3254, #4221, #1237, #4860, #6337, #5012, #8214, #5912, #350, #8545, #7335, #3407, #4758, #8961, #8463, #3749, #6798, #9067, #8262, #7763, #9159, #9121, #3424, #5478, #7518, #560, #2525, #8451, #2676, #2461, #6593, #4069, #5769, #1021, #407, #2164, #8248, #792, #3324, #7054, #7889, #6797, #4792, #650, #1813, #1963, #2935, #8849, #957, #5869 ) ) ;
#417 = DATE_TIME_ROLE ( 'creation_date' ) ;
#418 = AXIS2_PLACEMENT_3D ( 'NONE', #6035, #5825, #5836 ) ;
#419 = CARTESIAN_POINT ( 'NONE',  ( -2.860952991549829300E-014, 0.2405852362472445400, -0.01000000000000000000 ) ) ;
#420 = LINE ( 'NONE', #7027, #4321 ) ;
#421 = EDGE_LOOP ( 'NONE', ( #8054, #8203, #1929, #1951 ) ) ;
#422 = CARTESIAN_POINT ( 'NONE',  ( 0.6374999999999998400, 0.2700000000000001800, -0.1480000000000000500 ) ) ;
#423 = AXIS2_PLACEMENT_3D ( 'NONE', #8901, #7028, #8300 ) ;
#424 = DIRECTION ( 'NONE',  ( 1.000000000000000000, 0.0000000000000000000, 0.0000000000000000000 ) ) ;
#425 = ORIENTED_EDGE ( 'NONE', *, *, #1443, .T. ) ;
#426 = ORIENTED_EDGE ( 'NONE', *, *, #570, .T. ) ;
#427 = VECTOR ( 'NONE', #6345, 39.37007874015748100 ) ;
#428 = VERTEX_POINT ( 'NONE', #7279 ) ;
#429 = EDGE_CURVE ( 'NONE', #4854, #1744, #8198, .T. ) ;
#430 = CARTESIAN_POINT ( 'NONE',  ( 0.7974999999999998800, 0.5999999999999999800, -0.2974999999999999900 ) ) ;
#431 = DIRECTION ( 'NONE',  ( 1.000000000000000000, 0.0000000000000000000, 0.0000000000000000000 ) ) ;
#432 = PLANE ( 'NONE',  #5669 ) ;
#433 = EDGE_LOOP ( 'NONE', ( #5920, #5106, #2739, #151, #8325, #2622, #8035, #4862, #6975 ) ) ;
#434 = CARTESIAN_POINT ( 'NONE',  ( 0.09500000000041224100, 0.03800000000001944200, 0.02999999999995897600 ) ) ;
#435 = ORIENTED_EDGE ( 'NONE', *, *, #6293, .F. ) ;
#436 = CARTESIAN_POINT ( 'NONE',  ( 0.5802132034365066200, 0.03750000000017285300, 0.02499999999985672000 ) ) ;
#437 = VECTOR ( 'NONE', #4275, 39.37007874015748100 ) ;
#438 = ORIENTED_EDGE ( 'NONE', *, *, #1714, .T. ) ;
#439 = VECTOR ( 'NONE', #939, 39.37007874015748100 ) ;
#440 = CC_DESIGN_PERSON_AND_ORGANIZATION_ASSIGNMENT ( #2613, #9048, ( #8465 ) ) ;
#441 = VERTEX_POINT ( 'NONE', #6580 ) ;
#442 = ORIENTED_EDGE ( 'NONE', *, *, #1604, .F. ) ;
#443 = VERTEX_POINT ( 'NONE', #589 ) ;
#444 = EDGE_CURVE ( 'NONE', #3748, #6323, #4502, .T. ) ;
#445 = EDGE_CURVE ( 'NONE', #8633, #1772, #6621, .T. ) ;
#446 = DIRECTION ( 'NONE',  ( 1.000000000000000000, 0.0000000000000000000, 0.0000000000000000000 ) ) ;
#447 = DIRECTION ( 'NONE',  ( 1.000000000000000000, -0.0000000000000000000, -0.0000000000000000000 ) ) ;
#448 = CIRCLE ( 'NONE', #8708, 0.03999999999999998000 ) ;
#449 = ORIENTED_EDGE ( 'NONE', *, *, #5792, .F. ) ;
#450 = VECTOR ( 'NONE', #6878, 39.37007874015748100 ) ;
#451 = ADVANCED_FACE ( 'NONE', ( #368 ), #2221, .F. ) ;
#452 = APPLICATION_CONTEXT ( 'configuration controlled 3d designs of mechanical parts and assemblies' ) ;
#453 = DIRECTION ( 'NONE',  ( -1.000000000000000000, -1.106190048104503000E-013, 4.313434190744403800E-014 ) ) ;
#454 = ORIENTED_EDGE ( 'NONE', *, *, #9020, .F. ) ;
#455 = DIRECTION ( 'NONE',  ( 0.0000000000000000000, -3.691686477924679400E-015, -1.000000000000000000 ) ) ;
#456 = CARTESIAN_POINT ( 'NONE',  ( 0.9449781569731658900, 0.0000000000000000000, -0.01000000000000000000 ) ) ;
#457 = ADVANCED_FACE ( 'NONE', ( #4726 ), #5949, .F. ) ;
#458 = VERTEX_POINT ( 'NONE', #5236 ) ;
#459 = VECTOR ( 'NONE', #3051, 39.37007874015748100 ) ;
#460 = EDGE_CURVE ( 'NONE', #7309, #7412, #6205, .T. ) ;
#461 = VECTOR ( 'NONE', #2338, 39.37007874015748100 ) ;
#462 = ORIENTED_EDGE ( 'NONE', *, *, #2695, .T. ) ;
#463 = APPROVAL ( #4573, 'UNKNOWN' ) ;
#464 = CYLINDRICAL_SURFACE ( 'NONE', #2206, 0.009815670203840084000 ) ;
#465 = AXIS2_PLACEMENT_3D ( 'NONE', #1934, #7105, #2726 ) ;
#466 = PLANE ( 'NONE',  #937 ) ;
#467 = DIRECTION ( 'NONE',  ( -4.313434190719082600E-014, 9.137710875180577500E-014, 1.000000000000000000 ) ) ;
#468 = DIRECTION ( 'NONE',  ( 0.4491278195592125500, -0.8934675157486070600, -1.009083829474507700E-013 ) ) ;
#469 = DIRECTION ( 'NONE',  ( 0.0000000000000000000, -1.000000000000000000, 0.0000000000000000000 ) ) ;
#470 = CARTESIAN_POINT ( 'NONE',  ( 0.1462224658728161800, 0.05800000000000362500, 0.02499999999898963300 ) ) ;
#471 = FACE_OUTER_BOUND ( 'NONE', #1898, .T. ) ;
#472 = FACE_OUTER_BOUND ( 'NONE', #2109, .T. ) ;
#473 = LINE ( 'NONE', #8422, #4582 ) ;
#474 = ORIENTED_EDGE ( 'NONE', *, *, #5951, .T. ) ;
#475 = DIRECTION ( 'NONE',  ( 4.313434190716670600E-014, -9.125743083152196300E-014, -1.000000000000000000 ) ) ;
#476 = DIRECTION ( 'NONE',  ( -4.313434190716670600E-014, 9.125743083152196300E-014, 1.000000000000000000 ) ) ;
#477 = EDGE_LOOP ( 'NONE', ( #9227, #3982, #53, #307, #7957, #6148, #6576, #8357, #1043 ) ) ;
#478 = CARTESIAN_POINT ( 'NONE',  ( 0.3046920839947126500, 0.04350263157910210000, -0.02499999999996927200 ) ) ;
#479 = ORIENTED_EDGE ( 'NONE', *, *, #3850, .F. ) ;
#480 = EDGE_CURVE ( 'NONE', #5934, #5661, #4273, .T. ) ;
#481 = CYLINDRICAL_SURFACE ( 'NONE', #7702, 0.006870969142662229500 ) ;
#482 = CARTESIAN_POINT ( 'NONE',  ( 0.8374999999999999100, 0.3450000000000001400, -0.2220000000000000000 ) ) ;
#483 = VECTOR ( 'NONE', #8187, 39.37007874015748100 ) ;
#484 = DIRECTION ( 'NONE',  ( -0.5773502691896269500, -0.5773502691896230700, 0.5773502691896269500 ) ) ;
#485 = VECTOR ( 'NONE', #5937, 39.37007874015748100 ) ;
#486 = ORIENTED_EDGE ( 'NONE', *, *, #3934, .T. ) ;
#487 = CALENDAR_DATE ( 2019, 15, 10 ) ;
#488 = LOCAL_TIME ( 8, 51, 22.00000000000000000, #2580 ) ;
#489 = APPROVAL_STATUS ( 'not_yet_approved' ) ;
#490 = CARTESIAN_POINT ( 'NONE',  ( 0.3674999999999998300, 0.2699999999999999100, -0.1490000000000000800 ) ) ;
#491 = FACE_OUTER_BOUND ( 'NONE', #3152, .T. ) ;
#492 = ADVANCED_FACE ( 'NONE', ( #119 ), #7327, .F. ) ;
#493 = CIRCLE ( 'NONE', #8172, 0.01350000000002400300 ) ;
#494 = VERTEX_POINT ( 'NONE', #5266 ) ;
#495 = CARTESIAN_POINT ( 'NONE',  ( 0.1462162912682228300, 0.05783340005637433600, 0.02491670002735449700 ) ) ;
#496 = DIRECTION ( 'NONE',  ( -0.0000000000000000000, 0.7071067811865451300, -0.7071067811865499000 ) ) ;
#497 = EDGE_CURVE ( 'NONE', #4620, #5583, #4028, .T. ) ;
#498 = ORIENTED_EDGE ( 'NONE', *, *, #7948, .T. ) ;
#499 = EDGE_LOOP ( 'NONE', ( #2977, #2479, #3710, #5216, #6966, #4294, #7603, #8516, #6006, #9100, #395, #3497, #6452, #6339, #2132, #5569, #4110, #3004, #2686, #1398, #3843 ) ) ;
#500 = CARTESIAN_POINT ( 'NONE',  ( 0.5374999999999999800, 0.05000000000000001000, -0.09750000000000003100 ) ) ;
#501 = CIRCLE ( 'NONE', #8179, 0.009815670203840902800 ) ;
#502 = ORIENTED_EDGE ( 'NONE', *, *, #4166, .F. ) ;
#503 = LINE ( 'NONE', #305, #8762 ) ;
#504 = DIRECTION ( 'NONE',  ( 0.0000000000000000000, 1.000000000000000000, -0.0000000000000000000 ) ) ;
#505 = ORIENTED_EDGE ( 'NONE', *, *, #5721, .T. ) ;
#506 = DIRECTION ( 'NONE',  ( -1.000000000000000000, -0.0000000000000000000, -0.0000000000000000000 ) ) ;
#507 = CARTESIAN_POINT ( 'NONE',  ( 0.6974999999999999000, 0.05000000000000000300, -0.3700000000000000000 ) ) ;
#508 = EDGE_LOOP ( 'NONE', ( #1876, #1945, #1991, #2079 ) ) ;
#509 = CARTESIAN_POINT ( 'NONE',  ( 0.3564999999999999300, 0.4749999999999999800, -0.2820000000000000800 ) ) ;
#510 = EDGE_LOOP ( 'NONE', ( #8250, #2402, #4436, #786 ) ) ;
#511 = EDGE_CURVE ( 'NONE', #3195, #5910, #5978, .T. ) ;
#512 = LINE ( 'NONE', #7443, #5882 ) ;
#513 = EDGE_CURVE ( 'NONE', #3586, #2889, #7588, .T. ) ;
#514 = DIRECTION ( 'NONE',  ( 0.0000000000000000000, 1.000000000000000000, 0.0000000000000000000 ) ) ;
#515 = ORIENTED_EDGE ( 'NONE', *, *, #1540, .T. ) ;
#516 = VERTEX_POINT ( 'NONE', #7389 ) ;
#517 = ADVANCED_FACE ( 'NONE', ( #1731 ), #3074, .F. ) ;
#518 = ORIENTED_EDGE ( 'NONE', *, *, #8511, .T. ) ;
#519 = CARTESIAN_POINT ( 'NONE',  ( 1.067500000000000100, 0.5600000000000002800, -0.2210000000000000900 ) ) ;
#520 = ORIENTED_EDGE ( 'NONE', *, *, #2288, .F. ) ;
#521 = CARTESIAN_POINT ( 'NONE',  ( 0.7624999999999998400, 0.5580000000000000500, -0.2610000000000000700 ) ) ;
#522 = CARTESIAN_POINT ( 'NONE',  ( 0.4582132034358221700, 0.06550000000023736800, -0.006000000000676833700 ) ) ;
#523 = CC_DESIGN_SECURITY_CLASSIFICATION ( #9360, ( #9380 ) ) ;
#524 = ORIENTED_EDGE ( 'NONE', *, *, #6475, .F. ) ;
#525 = EDGE_LOOP ( 'NONE', ( #7320, #54, #1722, #1910 ) ) ;
#526 = PERSON_AND_ORGANIZATION ( #6536, #5561 ) ;
#527 = ORIENTED_EDGE ( 'NONE', *, *, #5298, .F. ) ;
#528 = DATE_TIME_ROLE ( 'classification_date' ) ;
#529 = EDGE_CURVE ( 'NONE', #3608, #7861, #9077, .T. ) ;
#530 = DIRECTION ( 'NONE',  ( -3.104372720073026700E-015, 0.0000000000000000000, 1.000000000000000000 ) ) ;
#531 = CARTESIAN_POINT ( 'NONE',  ( 0.6374999999999998400, 0.3450000000000001400, -0.1480000000000000200 ) ) ;
#532 = DIRECTION ( 'NONE',  ( -0.0000000000000000000, 1.000000000000000000, -0.0000000000000000000 ) ) ;
#533 = ORIENTED_EDGE ( 'NONE', *, *, #8415, .F. ) ;
#534 = CARTESIAN_POINT ( 'NONE',  ( 1.067500000000000100, 0.4749999999999999800, -0.3450000000000004200 ) ) ;
#535 = LINE ( 'NONE', #6213, #4414 ) ;
#536 = ORIENTED_EDGE ( 'NONE', *, *, #2910, .T. ) ;
#537 = CARTESIAN_POINT ( 'NONE',  ( 0.6374999999999998400, 0.2699999999999999100, -0.2220000000000000600 ) ) ;
#538 = CARTESIAN_POINT ( 'NONE',  ( 0.1342799711643841400, 0.06494863905580035300, 0.005981054627676445100 ) ) ;
#539 = EDGE_CURVE ( 'NONE', #6590, #2858, #7375, .T. ) ;
#540 = DIRECTION ( 'NONE',  ( 1.000000000000000000, 0.0000000000000000000, 3.104372720073026700E-015 ) ) ;
#541 = AXIS2_PLACEMENT_3D ( 'NONE', #2991, #1412, #1329 ) ;
#542 = VERTEX_POINT ( 'NONE', #8682 ) ;
#543 = ADVANCED_FACE ( 'NONE', ( #1479 ), #7168, .F. ) ;
#544 = VECTOR ( 'NONE', #1924, 39.37007874015748100 ) ;
#545 = ORIENTED_EDGE ( 'NONE', *, *, #1817, .T. ) ;
#546 = CARTESIAN_POINT ( 'NONE',  ( 0.3564999999999999300, 0.5999999999999999800, -0.2820000000000000800 ) ) ;
#547 = EDGE_LOOP ( 'NONE', ( #558, #1070, #729, #2034 ) ) ;
#548 = CARTESIAN_POINT ( 'NONE',  ( 0.1332179208371339100, 0.05800000000015271400, -0.02500000000094563700 ) ) ;
#549 = DIRECTION ( 'NONE',  ( 8.537024980200836600E-016, 0.0000000000000000000, -1.000000000000000000 ) ) ;
#550 = AXIS2_PLACEMENT_3D ( 'NONE', #2721, #1819, #6807 ) ;
#551 = DIRECTION ( 'NONE',  ( -0.0000000000000000000, -0.0000000000000000000, 1.000000000000000000 ) ) ;
#552 = VECTOR ( 'NONE', #455, 39.37007874015748100 ) ;
#553 = EDGE_LOOP ( 'NONE', ( #2082, #3333, #3775, #6852 ) ) ;
#554 = CARTESIAN_POINT ( 'NONE',  ( 0.5057269153529278000, 0.0000000000000000000, 0.0000000000000000000 ) ) ;
#555 = DIRECTION ( 'NONE',  ( 0.0000000000000000000, 1.352399996863497400E-015, -1.000000000000000000 ) ) ;
#556 = EDGE_CURVE ( 'NONE', #9291, #2281, #8876, .T. ) ;
#557 = APPROVAL_ROLE ( '' ) ;
#558 = ORIENTED_EDGE ( 'NONE', *, *, #9176, .T. ) ;
#559 = DIRECTION ( 'NONE',  ( -0.7071067811869851100, 0.7071067811861100300, 9.502933384127032500E-014 ) ) ;
#560 = ADVANCED_FACE ( 'NONE', ( #3579 ), #6072, .F. ) ;
#561 = LINE ( 'NONE', #8749, #6147 ) ;
#562 = VERTEX_POINT ( 'NONE', #4607 ) ;
#563 = FACE_OUTER_BOUND ( 'NONE', #2429, .T. ) ;
#564 = DIRECTION ( 'NONE',  ( 4.313434190716670600E-014, -9.125743083152196300E-014, -1.000000000000000000 ) ) ;
#565 = DIRECTION ( 'NONE',  ( 4.313434190721275600E-014, 9.127737715012985000E-014, -1.000000000000000000 ) ) ;
#566 = AXIS2_PLACEMENT_3D ( 'NONE', #6174, #4404, #4344 ) ;
#567 = PLANE ( 'NONE',  #1809 ) ;
#568 = ORIENTED_EDGE ( 'NONE', *, *, #2628, .T. ) ;
#569 = EDGE_CURVE ( 'NONE', #3623, #6876, #5533, .T. ) ;
#570 = EDGE_CURVE ( 'NONE', #802, #1878, #3349, .T. ) ;
#571 = CARTESIAN_POINT ( 'NONE',  ( 0.7974999999999998800, 0.2700000000000001800, -0.1480000000000000200 ) ) ;
#572 = DIRECTION ( 'NONE',  ( -0.7071067811861100300, -0.7071067811869851100, -3.402816250874107800E-014 ) ) ;
#573 = FACE_OUTER_BOUND ( 'NONE', #5550, .T. ) ;
#574 = ORIENTED_EDGE ( 'NONE', *, *, #8811, .F. ) ;
#575 = LINE ( 'NONE', #4843, #8364 ) ;
#576 = DIRECTION ( 'NONE',  ( -1.000000000000000000, -0.0000000000000000000, -0.0000000000000000000 ) ) ;
#577 = ORIENTED_EDGE ( 'NONE', *, *, #5341, .F. ) ;
#578 = DIRECTION ( 'NONE',  ( 0.0000000000000000000, 1.000000000000000000, -0.0000000000000000000 ) ) ;
#579 = VERTEX_POINT ( 'NONE', #5381 ) ;
#580 = LINE ( 'NONE', #1606, #2427 ) ;
#581 = APPROVAL ( #489, 'UNSPECIFIED' ) ;
#582 = CIRCLE ( 'NONE', #423, 0.009815670203796920600 ) ;
#583 = ORIENTED_EDGE ( 'NONE', *, *, #6972, .T. ) ;
#584 = CARTESIAN_POINT ( 'NONE',  ( 0.5506336065353354400, 0.2337142671046477700, 0.0000000000000000000 ) ) ;
#585 = VECTOR ( 'NONE', #9353, 39.37007874015748100 ) ;
#586 = ORIENTED_EDGE ( 'NONE', *, *, #6406, .T. ) ;
#587 = DIRECTION ( 'NONE',  ( -0.0000000000000000000, 0.0000000000000000000, 1.000000000000000000 ) ) ;
#588 = EDGE_CURVE ( 'NONE', #7950, #1607, #1232, .T. ) ;
#589 = CARTESIAN_POINT ( 'NONE',  ( 1.067500000000000100, 0.2699999999999999100, -0.1490000000000000800 ) ) ;
#590 = DIRECTION ( 'NONE',  ( 1.000000000000000000, 0.0000000000000000000, 0.0000000000000000000 ) ) ;
#591 = LINE ( 'NONE', #77, #8376 ) ;
#592 = ORIENTED_EDGE ( 'NONE', *, *, #1001, .F. ) ;
#593 = APPROVAL_STATUS ( 'not_yet_approved' ) ;
#594 = FACE_BOUND ( 'NONE', #3858, .T. ) ;
#595 = CARTESIAN_POINT ( 'NONE',  ( 0.7374999999999998200, 0.3450000000000002000, -0.2725000000000000200 ) ) ;
#596 = CARTESIAN_POINT ( 'NONE',  ( 0.5871969780444987700, 0.4025437946100565700, -0.01000000000000000000 ) ) ;
#597 = EDGE_CURVE ( 'NONE', #2994, #7293, #6950, .T. ) ;
#598 = LINE ( 'NONE', #272, #8183 ) ;
#599 = DIRECTION ( 'NONE',  ( 0.0000000000000000000, -1.000000000000000000, 0.0000000000000000000 ) ) ;
#600 = LINE ( 'NONE', #9011, #8185 ) ;
#601 = PLANE ( 'NONE',  #878 ) ;
#602 = LINE ( 'NONE', #8375, #7788 ) ;
#603 = ORIENTED_EDGE ( 'NONE', *, *, #9139, .F. ) ;
#604 = CARTESIAN_POINT ( 'NONE',  ( 0.8368350939835493800, 0.02888557213942986900, 0.003885572138532585900 ) ) ;
#605 = ITEM_DEFINED_TRANSFORMATION ( 'NONE', 'NONE', #8201,  #2951 ) ;
#606 = CONTEXT_DEPENDENT_SHAPE_REPRESENTATION ( #3838, #6782 ) ;
#607 = DIRECTION ( 'NONE',  ( -0.0000000000000000000, 0.0000000000000000000, 1.000000000000000000 ) ) ;
#608 = VERTEX_POINT ( 'NONE', #8140 ) ;
#609 = LINE ( 'NONE', #5904, #6401 ) ;
#610 = VECTOR ( 'NONE', #9174, 39.37007874015748100 ) ;
#611 = ORIENTED_EDGE ( 'NONE', *, *, #2311, .T. ) ;
#612 = AXIS2_PLACEMENT_3D ( 'NONE', #4200, #7410, #5496 ) ;
#613 = CARTESIAN_POINT ( 'NONE',  ( 0.1342026757335741400, 0.06467377002282118100, 0.005942839726158226500 ) ) ;
#614 = ADVANCED_FACE ( 'NONE', ( #6719 ), #3179, .F. ) ;
#615 = EDGE_LOOP ( 'NONE', ( #7673, #8273, #2095, #9237, #426, #8923, #7596, #7479, #9083 ) ) ;
#616 = CALENDAR_DATE ( 2019, 15, 10 ) ;
#617 = EDGE_CURVE ( 'NONE', #2111, #7094, #4828, .T. ) ;
#618 = ORGANIZATION ( 'NAUO-ORG8', 'UNSPECIFIED', 'UNSPECIFIED' ) ;
#619 = CARTESIAN_POINT ( 'NONE',  ( 0.7825288151001881200, 0.3181290308573496200, -0.01000000000000000000 ) ) ;
#620 = EDGE_LOOP ( 'NONE', ( #1026, #3147, #5137, #2372, #8820, #2120, #4920, #592, #8944 ) ) ;
#621 = AXIS2_PLACEMENT_3D ( 'NONE', #6750, #2160, #2144 ) ;
#622 = FACE_OUTER_BOUND ( 'NONE', #553, .T. ) ;
#623 = CYLINDRICAL_SURFACE ( 'NONE', #9163, 0.02625691779518036400 ) ;
#624 = ORIENTED_EDGE ( 'NONE', *, *, #1475, .T. ) ;
#625 = SECURITY_CLASSIFICATION_LEVEL ( 'unclassified' ) ;
#626 = PLANE ( 'NONE',  #7233 ) ;
#627 = LINE ( 'NONE', #8125, #1982 ) ;
#628 = EDGE_LOOP ( 'NONE', ( #4748, #5862, #4199, #3763 ) ) ;
#629 = VERTEX_POINT ( 'NONE', #16 ) ;
#630 = EDGE_CURVE ( 'NONE', #4245, #9255, #728, .T. ) ;
#631 = ORIENTED_EDGE ( 'NONE', *, *, #6279, .F. ) ;
#632 = DIRECTION ( 'NONE',  ( 1.000000000000000000, 0.0000000000000000000, 0.0000000000000000000 ) ) ;
#633 = VERTEX_POINT ( 'NONE', #8781 ) ;
#634 = ORIENTED_EDGE ( 'NONE', *, *, #7746, .F. ) ;
#635 = DIRECTION ( 'NONE',  ( 4.313434190716670600E-014, -9.125743083152196300E-014, -1.000000000000000000 ) ) ;
#636 = DIRECTION ( 'NONE',  ( 0.0000000000000000000, 1.352399996863497200E-015, -1.000000000000000000 ) ) ;
#637 = CARTESIAN_POINT ( 'NONE',  ( 0.1332132034360717600, 0.03800000000002202300, 0.01499999999989807900 ) ) ;
#638 = EDGE_LOOP ( 'NONE', ( #8434, #7851, #8753, #3720, #8995, #8161 ) ) ;
#639 = ORIENTED_EDGE ( 'NONE', *, *, #881, .F. ) ;
#640 = CARTESIAN_POINT ( 'NONE',  ( 0.6374999999999998400, 0.5180000000000000200, -0.1489999999999998500 ) ) ;
#641 = AXIS2_PLACEMENT_3D ( 'NONE', #5649, #1059, #6353 ) ;
#642 = ORIENTED_EDGE ( 'NONE', *, *, #5460, .T. ) ;
#643 = DATE_AND_TIME ( #2738, #4745 ) ;
#644 = ORIENTED_EDGE ( 'NONE', *, *, #2423, .T. ) ;
#645 = CARTESIAN_POINT ( 'NONE',  ( 0.6374999999999998400, 0.3450000000000002000, -0.09750000000000003100 ) ) ;
#646 = EDGE_CURVE ( 'NONE', #3938, #7145, #5084, .T. ) ;
#647 = EDGE_CURVE ( 'NONE', #8336, #3054, #983, .T. ) ;
#648 = DIRECTION ( 'NONE',  ( -0.0000000000000000000, 0.0000000000000000000, 1.000000000000000000 ) ) ;
#649 = CARTESIAN_POINT ( 'NONE',  ( 0.1340244797619599100, 0.06404009020649685500, 0.005854739544364553700 ) ) ;
#650 = ADVANCED_FACE ( 'NONE', ( #6514 ), #6845, .F. ) ;
#651 = ORIENTED_EDGE ( 'NONE', *, *, #4804, .F. ) ;
#652 = ORIENTED_EDGE ( 'NONE', *, *, #4858, .T. ) ;
#653 = ORIENTED_EDGE ( 'NONE', *, *, #5750, .T. ) ;
#654 = CARTESIAN_POINT ( 'NONE',  ( 0.1332132034361739300, 0.01399999999993432400, 0.002999999999578689500 ) ) ;
#655 = CARTESIAN_POINT ( 'NONE',  ( 1.067500000000000100, 0.5600000000000002800, -0.2210000000000000900 ) ) ;
#656 = EDGE_CURVE ( 'NONE', #7748, #1299, #2838, .T. ) ;
#657 = ORIENTED_EDGE ( 'NONE', *, *, #1497, .F. ) ;
#658 =( REPRESENTATION_RELATIONSHIP ('NONE','NONE', #1285, #7662 ) REPRESENTATION_RELATIONSHIP_WITH_TRANSFORMATION ( #9073 )SHAPE_REPRESENTATION_RELATIONSHIP( ) );
#659 = AXIS2_PLACEMENT_3D ( 'NONE', #6209, #1689, #6888 ) ;
#660 = VECTOR ( 'NONE', #2947, 39.37007874015748100 ) ;
#661 = ORIENTED_EDGE ( 'NONE', *, *, #6943, .F. ) ;
#662 = CARTESIAN_POINT ( 'NONE',  ( 0.7374999999999998200, 0.2699999999999999100, -0.1490000000000000800 ) ) ;
#663 = ORIENTED_EDGE ( 'NONE', *, *, #7708, .T. ) ;
#664 = ORIENTED_EDGE ( 'NONE', *, *, #2878, .F. ) ;
#665 = CARTESIAN_POINT ( 'NONE',  ( 0.1338724490183319500, 0.06340434879572351400, 0.005659944126756968700 ) ) ;
#666 = LINE ( 'NONE', #1431, #6453 ) ;
#667 = VERTEX_POINT ( 'NONE', #85 ) ;
#668 = DIRECTION ( 'NONE',  ( -0.0000000000000000000, 1.000000000000000000, 1.707404996040165000E-016 ) ) ;
#669 = DIRECTION ( 'NONE',  ( -0.0000000000000000000, 0.0000000000000000000, 1.000000000000000000 ) ) ;
#670 = ORIENTED_EDGE ( 'NONE', *, *, #6987, .F. ) ;
#671 = VECTOR ( 'NONE', #6723, 39.37007874015748100 ) ;
#672 = ORIENTED_EDGE ( 'NONE', *, *, #3064, .T. ) ;
#673 = PERSON ( 'NAUO-PER10', 'UNSPECIFIED', 'UNSPECIFIED', ('UNSPECIFIED'), ('UNSPECIFIED'), ('UNSPECIFIED') ) ;
#674 = AXIS2_PLACEMENT_3D ( 'NONE', #4292, #3590, #3148 ) ;
#675 = DIRECTION ( 'NONE',  ( -1.000000000000000000, -0.0000000000000000000, -0.0000000000000000000 ) ) ;
#676 = CARTESIAN_POINT ( 'NONE',  ( 0.8974999999999999600, 0.2699999999999999100, -0.2210000000000000900 ) ) ;
#677 = LINE ( 'NONE', #7824, #437 ) ;
#678 = VERTEX_POINT ( 'NONE', #5474 ) ;
#679 = EDGE_CURVE ( 'NONE', #5347, #5241, #4381, .T. ) ;
#680 = FACE_OUTER_BOUND ( 'NONE', #6635, .T. ) ;
#681 = VERTEX_POINT ( 'NONE', #1676 ) ;
#682 = FACE_OUTER_BOUND ( 'NONE', #4954, .T. ) ;
#683 = LINE ( 'NONE', #1269, #4794 ) ;
#684 = VERTEX_POINT ( 'NONE', #7559 ) ;
#685 = FACE_OUTER_BOUND ( 'NONE', #6244, .T. ) ;
#686 = AXIS2_PLACEMENT_3D ( 'NONE', #6900, #9013, #5291 ) ;
#687 = CARTESIAN_POINT ( 'NONE',  ( 0.9374999999999998900, 0.3450000000000001400, -0.2220000000000000000 ) ) ;
#688 = CARTESIAN_POINT ( 'NONE',  ( 0.2412000000002665100, 0.04250000000008134800, -0.006000000000076373100 ) ) ;
#689 = CARTESIAN_POINT ( 'NONE',  ( 0.2412000000002761900, 0.04250000000006144000, 0.02499999999992447200 ) ) ;
#690 = EDGE_CURVE ( 'NONE', #843, #1281, #493, .T. ) ;
#691 = EDGE_CURVE ( 'NONE', #1961, #2877, #230, .T. ) ;
#692 = DIRECTION ( 'NONE',  ( 1.000000000000000000, 0.0000000000000000000, 0.0000000000000000000 ) ) ;
#693 = VECTOR ( 'NONE', #403, 39.37007874015748100 ) ;
#694 = CARTESIAN_POINT ( 'NONE',  ( 0.7089112885716689600, 0.2366589681657897700, -0.01000000000000000000 ) ) ;
#695 = VECTOR ( 'NONE', #5262, 39.37007874015748100 ) ;
#696 = DIRECTION ( 'NONE',  ( 1.000000000000000000, -0.0000000000000000000, -0.0000000000000000000 ) ) ;
#697 = VECTOR ( 'NONE', #2205, 39.37007874015748100 ) ;
#698 = ORIENTED_EDGE ( 'NONE', *, *, #8006, .F. ) ;
#699 = VERTEX_POINT ( 'NONE', #920 ) ;
#700 = SECURITY_CLASSIFICATION ( '', '', #2974 ) ;
#701 = LINE ( 'NONE', #4187, #8276 ) ;
#702 = FACE_OUTER_BOUND ( 'NONE', #421, .T. ) ;
#703 = CARTESIAN_POINT ( 'NONE',  ( 0.6974999999999999000, 0.3450000000000001400, -0.1480000000000000200 ) ) ;
#704 = CARTESIAN_POINT ( 'NONE',  ( 0.4374999999999998900, 0.5579999999999996100, -0.07250000000000000900 ) ) ;
#705 = LINE ( 'NONE', #2562, #6494 ) ;
#706 = EDGE_CURVE ( 'NONE', #5991, #5889, #4146, .T. ) ;
#707 = ORIENTED_EDGE ( 'NONE', *, *, #7829, .F. ) ;
#708 = CARTESIAN_POINT ( 'NONE',  ( 0.4372132034358396400, 0.04722792206151359800, -0.05764965543454170200 ) ) ;
#709 = DIRECTION ( 'NONE',  ( -1.000000000000000000, 0.0000000000000000000, 0.0000000000000000000 ) ) ;
#710 = CARTESIAN_POINT ( 'NONE',  ( 0.8202132034357337800, 0.03400000000017611900, 0.008999999999472029300 ) ) ;
#711 = VERTEX_POINT ( 'NONE', #3321 ) ;
#712 = PERSON_AND_ORGANIZATION_ROLE ( 'classification_officer' ) ;
#713 = CARTESIAN_POINT ( 'NONE',  ( 0.0000000000000000000, 0.2268432979619844400, -0.01000000000000000000 ) ) ;
#714 = LINE ( 'NONE', #3208, #2327 ) ;
#715 = VECTOR ( 'NONE', #1667, 39.37007874015748100 ) ;
#716 = LINE ( 'NONE', #8028, #2574 ) ;
#717 = ORIENTED_EDGE ( 'NONE', *, *, #8798, .T. ) ;
#718 = PLANE ( 'NONE',  #6227 ) ;
#719 = EDGE_CURVE ( 'NONE', #361, #141, #6310, .T. ) ;
#720 = ORIENTED_EDGE ( 'NONE', *, *, #4351, .T. ) ;
#721 = LOCAL_TIME ( 8, 51, 22.00000000000000000, #2833 ) ;
#722 = CARTESIAN_POINT ( 'NONE',  ( 0.0000000000000000000, 0.2405852362473140900, 0.0000000000000000000 ) ) ;
#723 = AXIS2_PLACEMENT_3D ( 'NONE', #4847, #211, #5591 ) ;
#724 = DIRECTION ( 'NONE',  ( 0.0000000000000000000, -1.000000000000000000, -1.352399996863497400E-015 ) ) ;
#725 = COORDINATED_UNIVERSAL_TIME_OFFSET ( 5, 0, .BEHIND. ) ;
#726 = VECTOR ( 'NONE', #1119, 39.37007874015748100 ) ;
#727 = DIRECTION ( 'NONE',  ( 1.000000000000000000, -0.0000000000000000000, -0.0000000000000000000 ) ) ;
#728 = LINE ( 'NONE', #813, #8296 ) ;
#729 = ORIENTED_EDGE ( 'NONE', *, *, #1943, .T. ) ;
#730 = VERTEX_POINT ( 'NONE', #4791 ) ;
#731 = CARTESIAN_POINT ( 'NONE',  ( 0.3674999999999998300, 0.5600000000000002800, -0.1490000000000000800 ) ) ;
#732 = CARTESIAN_POINT ( 'NONE',  ( 0.5974999999999999200, 0.3450000000000001400, -0.1480000000000000200 ) ) ;
#733 = ORIENTED_EDGE ( 'NONE', *, *, #2287, .F. ) ;
#734 = FACE_OUTER_BOUND ( 'NONE', #3091, .T. ) ;
#735 = CARTESIAN_POINT ( 'NONE',  ( 0.1597132034361263800, 0.05750000000012447200, -0.02500000000089755400 ) ) ;
#736 = AXIS2_PLACEMENT_3D ( 'NONE', #3283, #8643, #8627 ) ;
#737 = FACE_OUTER_BOUND ( 'NONE', #5790, .T. ) ;
#738 = CARTESIAN_POINT ( 'NONE',  ( 0.5871969780444987700, 0.0000000000000000000, -0.01000000000000000000 ) ) ;
#739 = VERTEX_POINT ( 'NONE', #8247 ) ;
#740 = EDGE_CURVE ( 'NONE', #3489, #7825, #6090, .T. ) ;
#741 = DIRECTION ( 'NONE',  ( 1.000000000000000000, 0.0000000000000000000, 0.0000000000000000000 ) ) ;
#742 = ORIENTED_EDGE ( 'NONE', *, *, #7992, .F. ) ;
#743 = PERSON ( 'NAUO-PER13', 'UNSPECIFIED', 'UNSPECIFIED', ('UNSPECIFIED'), ('UNSPECIFIED'), ('UNSPECIFIED') ) ;
#744 = DIRECTION ( 'NONE',  ( -4.313434190716670600E-014, 9.125743083152196300E-014, 1.000000000000000000 ) ) ;
#745 = DIRECTION ( 'NONE',  ( -0.0000000000000000000, -0.0000000000000000000, 1.000000000000000000 ) ) ;
#746 = VECTOR ( 'NONE', #5013, 39.37007874015748100 ) ;
#747 = EDGE_LOOP ( 'NONE', ( #518, #4142, #4188, #1927 ) ) ;
#748 = VERTEX_POINT ( 'NONE', #1901 ) ;
#749 = CARTESIAN_POINT ( 'NONE',  ( 0.8924643213828183900, 0.3831578459575294400, -0.01000000000000000000 ) ) ;
#750 = AXIS2_PLACEMENT_3D ( 'NONE', #9132, #5899, #6092 ) ;
#751 = ORIENTED_EDGE ( 'NONE', *, *, #1555, .F. ) ;
#752 = EDGE_CURVE ( 'NONE', #4245, #2990, #9367, .T. ) ;
#753 = CARTESIAN_POINT ( 'NONE',  ( 0.5506336064153888300, 0.3181290308573566100, -0.01000000000000000000 ) ) ;
#754 = ORIENTED_EDGE ( 'NONE', *, *, #1620, .F. ) ;
#755 = DIRECTION ( 'NONE',  ( -1.000000000000000000, 0.0000000000000000000, -0.0000000000000000000 ) ) ;
#756 = CARTESIAN_POINT ( 'NONE',  ( 1.004362961706134300, 0.2268432979619829900, -0.01000000000000000000 ) ) ;
#757 = DIRECTION ( 'NONE',  ( -1.000000000000000000, -0.0000000000000000000, -9.518634124265725100E-017 ) ) ;
#758 = LOCAL_TIME ( 8, 51, 22.00000000000000000, #2866 ) ;
#759 = ORIENTED_EDGE ( 'NONE', *, *, #1275, .F. ) ;
#760 = CARTESIAN_POINT ( 'NONE',  ( 0.5802132034365066200, 0.03750000000017285300, 0.02499999999985672000 ) ) ;
#761 = CARTESIAN_POINT ( 'NONE',  ( 0.3462132034356338900, 0.1190000000003430500, -0.006000000000369227300 ) ) ;
#762 = CARTESIAN_POINT ( 'NONE',  ( 0.1337526823327110600, 0.06281990075573658200, 0.005368153130461249100 ) ) ;
#763 = CARTESIAN_POINT ( 'NONE',  ( 0.6624999999999999800, 0.5180000000000000200, -0.2210000000000000600 ) ) ;
#764 = CC_DESIGN_PERSON_AND_ORGANIZATION_ASSIGNMENT ( #8419, #2794, ( #234 ) ) ;
#765 = VERTEX_POINT ( 'NONE', #7069 ) ;
#766 = CARTESIAN_POINT ( 'NONE',  ( 0.8615449602408067300, 0.2366589681657806600, -0.01000000000000000000 ) ) ;
#767 = LINE ( 'NONE', #8205, #2876 ) ;
#768 = ORIENTED_EDGE ( 'NONE', *, *, #3017, .T. ) ;
#769 = EDGE_CURVE ( 'NONE', #340, #3677, #9173, .T. ) ;
#770 = DIRECTION ( 'NONE',  ( 1.000000000000000000, 0.0000000000000000000, 0.0000000000000000000 ) ) ;
#771 = PRODUCT ( '345-292-001_345-293-124', '345-292-001_345-293-124', '', ( #2764 ) ) ;
#772 = ORIENTED_EDGE ( 'NONE', *, *, #2500, .T. ) ;
#773 = CARTESIAN_POINT ( 'NONE',  ( 0.6974999999999999000, 0.2699999999999999100, -0.2220000000000000600 ) ) ;
#774 = ORIENTED_EDGE ( 'NONE', *, *, #2975, .T. ) ;
#775 = CARTESIAN_POINT ( 'NONE',  ( 0.0000000000000000000, 0.0000000000000000000, -0.3700000000000001600 ) ) ;
#776 = CARTESIAN_POINT ( 'NONE',  ( 0.7974999999999998800, 0.3450000000000002000, -0.09750000000000001700 ) ) ;
#777 = VECTOR ( 'NONE', #5719, 39.37007874015748100 ) ;
#778 = ORIENTED_EDGE ( 'NONE', *, *, #4625, .T. ) ;
#779 = CARTESIAN_POINT ( 'NONE',  ( 0.9449781569731790000, 0.2965345564089684700, 0.0000000000000000000 ) ) ;
#780 = ORIENTED_EDGE ( 'NONE', *, *, #4961, .T. ) ;
#781 = EDGE_CURVE ( 'NONE', #1265, #1363, #5866, .T. ) ;
#782 = AXIS2_PLACEMENT_3D ( 'NONE', #7305, #9233, #1380 ) ;
#783 = VERTEX_POINT ( 'NONE', #5702 ) ;
#784 = ORIENTED_EDGE ( 'NONE', *, *, #6644, .F. ) ;
#785 = LINE ( 'NONE', #5120, #2401 ) ;
#786 = ORIENTED_EDGE ( 'NONE', *, *, #8169, .T. ) ;
#787 = CARTESIAN_POINT ( 'NONE',  ( 0.9449781569731658900, 0.0000000000000000000, -0.01000000000000000000 ) ) ;
#788 = CARTESIAN_POINT ( 'NONE',  ( 0.5374999999999999800, 0.2699999999999999100, -0.2220000000000000900 ) ) ;
#789 = DIRECTION ( 'NONE',  ( -0.0000000000000000000, 0.0000000000000000000, 1.000000000000000000 ) ) ;
#790 = VERTEX_POINT ( 'NONE', #6396 ) ;
#791 = DIRECTION ( 'NONE',  ( -0.0000000000000000000, -0.0000000000000000000, -1.000000000000000000 ) ) ;
#792 = ADVANCED_FACE ( 'NONE', ( #1854 ), #298, .F. ) ;
#793 = DIRECTION ( 'NONE',  ( -0.0000000000000000000, 0.0000000000000000000, 1.000000000000000000 ) ) ;
#794 = AXIS2_PLACEMENT_3D ( 'NONE', #4688, #3361, #4014 ) ;
#795 = DIRECTION ( 'NONE',  ( -1.000000000000000000, -0.0000000000000000000, -0.0000000000000000000 ) ) ;
#796 = LINE ( 'NONE', #7250, #8356 ) ;
#797 = ORIENTED_EDGE ( 'NONE', *, *, #3413, .T. ) ;
#798 = VECTOR ( 'NONE', #1326, 39.37007874015748100 ) ;
#799 = CARTESIAN_POINT ( 'NONE',  ( 0.7374999999999998200, 0.3450000000000001400, -0.1479999999999999900 ) ) ;
#800 = EDGE_CURVE ( 'NONE', #8547, #7240, #8095, .T. ) ;
#801 = ORIENTED_EDGE ( 'NONE', *, *, #7133, .F. ) ;
#802 = VERTEX_POINT ( 'NONE', #6430 ) ;
#803 = CARTESIAN_POINT ( 'NONE',  ( 0.5802132034364446700, 0.01250000000018542700, 0.02499999999951851800 ) ) ;
#804 = CARTESIAN_POINT ( 'NONE',  ( 0.1336327212103092800, 0.06223450388599043000, 0.005075888422283870800 ) ) ;
#805 = CARTESIAN_POINT ( 'NONE',  ( 0.7329596805709869300, 0.2337142671046477700, 0.0000000000000000000 ) ) ;
#806 = VECTOR ( 'NONE', #4882, 39.37007874015748100 ) ;
#807 = EDGE_LOOP ( 'NONE', ( #3569, #2351, #1979, #2134 ) ) ;
#808 = CARTESIAN_POINT ( 'NONE',  ( 0.1332147759495906900, 0.05783335064175283700, -0.02491667532173258100 ) ) ;
#809 = VECTOR ( 'NONE', #5429, 39.37007874015748100 ) ;
#810 = CARTESIAN_POINT ( 'NONE',  ( 0.7825288151001857900, 0.3416866393464817500, 0.0000000000000000000 ) ) ;
#811 = CARTESIAN_POINT ( 'NONE',  ( 0.6374999999999998400, 0.2699999999999999100, -0.2220000000000000600 ) ) ;
#812 = AXIS2_PLACEMENT_3D ( 'NONE', #2892, #1024, #1410 ) ;
#813 = CARTESIAN_POINT ( 'NONE',  ( 1.014178631909972200, 0.4133410318341946300, -0.01000000000000000000 ) ) ;
#814 = CARTESIAN_POINT ( 'NONE',  ( 0.7374999999999998200, 0.2700000000000001800, -0.1480000000000000200 ) ) ;
#815 = EDGE_CURVE ( 'NONE', #3789, #4195, #7269, .T. ) ;
#816 = LINE ( 'NONE', #3851, #8369 ) ;
#817 = LINE ( 'NONE', #7056, #2670 ) ;
#818 = ORIENTED_EDGE ( 'NONE', *, *, #513, .T. ) ;
#819 = CARTESIAN_POINT ( 'NONE',  ( 1.067500000000000100, 0.4749999999999999800, -0.2809999999999996900 ) ) ;
#820 = FACE_OUTER_BOUND ( 'NONE', #1400, .T. ) ;
#821 = DIRECTION ( 'NONE',  ( -0.0000000000000000000, -0.0000000000000000000, 1.000000000000000000 ) ) ;
#822 = DIRECTION ( 'NONE',  ( -0.0000000000000000000, -0.0000000000000000000, 1.000000000000000000 ) ) ;
#823 = VECTOR ( 'NONE', #578, 39.37007874015748100 ) ;
#824 = AXIS2_PLACEMENT_3D ( 'NONE', #9278, #3052, #8041 ) ;
#825 = CARTESIAN_POINT ( 'NONE',  ( 0.8021601555077879600, 0.2366589681657876300, -0.01000000000000000000 ) ) ;
#826 = DIRECTION ( 'NONE',  ( -0.0000000000000000000, 0.0000000000000000000, 1.000000000000000000 ) ) ;
#827 = VECTOR ( 'NONE', #136, 39.37007874015748100 ) ;
#828 = VERTEX_POINT ( 'NONE', #1157 ) ;
#829 = CARTESIAN_POINT ( 'NONE',  ( 0.5802132034362564900, 0.03750000000006306600, -0.01250000000013270400 ) ) ;
#830 = CARTESIAN_POINT ( 'NONE',  ( 1.014178631909972200, 0.4133410318341946300, 0.0000000000000000000 ) ) ;
#831 = EDGE_CURVE ( 'NONE', #699, #5538, #1589, .T. ) ;
#832 = EDGE_CURVE ( 'NONE', #1772, #412, #3461, .T. ) ;
#833 = CARTESIAN_POINT ( 'NONE',  ( 0.5374999999999999800, 0.5579999999999999400, -0.1089999999999999000 ) ) ;
#834 = ORIENTED_EDGE ( 'NONE', *, *, #2617, .F. ) ;
#835 = DIRECTION ( 'NONE',  ( -0.0000000000000000000, 0.0000000000000000000, 1.000000000000000000 ) ) ;
#836 = FACE_OUTER_BOUND ( 'NONE', #9101, .T. ) ;
#837 = VECTOR ( 'NONE', #8379, 39.37007874015748100 ) ;
#838 = VERTEX_POINT ( 'NONE', #5758 ) ;
#839 = VECTOR ( 'NONE', #8779, 39.37007874015748100 ) ;
#840 = CARTESIAN_POINT ( 'NONE',  ( 0.6374999999999998400, 0.3450000000000002000, -0.09750000000000003100 ) ) ;
#841 = CARTESIAN_POINT ( 'NONE',  ( -0.0000000000000000000, 0.2268432979619829900, 0.0000000000000000000 ) ) ;
#842 = CARTESIAN_POINT ( 'NONE',  ( 0.3361881571567566500, 0.04400000000006527200, -0.02499999999983295400 ) ) ;
#843 = VERTEX_POINT ( 'NONE', #405 ) ;
#844 = APPROVAL_DATE_TIME ( #2950, #5524 ) ;
#845 = ORIENTED_EDGE ( 'NONE', *, *, #8893, .F. ) ;
#846 = EDGE_CURVE ( 'NONE', #4508, #8815, #8765, .T. ) ;
#847 = DATE_AND_TIME ( #2952, #4939 ) ;
#848 = VERTEX_POINT ( 'NONE', #5030 ) ;
#849 = CARTESIAN_POINT ( 'NONE',  ( 0.4974999999999998900, 0.2700000000000001800, -0.1480000000000000800 ) ) ;
#850 = LINE ( 'NONE', #3218, #8393 ) ;
#851 = EDGE_CURVE ( 'NONE', #963, #942, #3216, .T. ) ;
#852 = CIRCLE ( 'NONE', #5726, 0.009815670203796511200 ) ;
#853 = CARTESIAN_POINT ( 'NONE',  ( 1.004362961706167100, 0.3637718973050384500, 0.0000000000000000000 ) ) ;
#854 = VERTEX_POINT ( 'NONE', #1196 ) ;
#855 = ADVANCED_FACE ( 'NONE', ( #3695 ), #5059, .F. ) ;
#856 = DIRECTION ( 'NONE',  ( 1.000000000000000000, 0.0000000000000000000, 0.0000000000000000000 ) ) ;
#857 = EDGE_LOOP ( 'NONE', ( #2031, #2084, #2310, #2745 ) ) ;
#858 = COORDINATED_UNIVERSAL_TIME_OFFSET ( 5, 0, .BEHIND. ) ;
#859 = LINE ( 'NONE', #6826, #6413 ) ;
#860 = LINE ( 'NONE', #521, #8403 ) ;
#861 = PLANE ( 'NONE',  #6093 ) ;
#862 = DIRECTION ( 'NONE',  ( -0.0000000000000000000, 1.000000000000000000, -0.0000000000000000000 ) ) ;
#863 = CARTESIAN_POINT ( 'NONE',  ( 0.5371370600050839900, 0.3181290308573566100, 0.0000000000000000000 ) ) ;
#864 = AXIS2_PLACEMENT_3D ( 'NONE', #8554, #9197, #9221 ) ;
#865 = ORIENTED_EDGE ( 'NONE', *, *, #7658, .T. ) ;
#866 = VERTEX_POINT ( 'NONE', #9093 ) ;
#867 = PLANE ( 'NONE',  #3587 ) ;
#868 = CARTESIAN_POINT ( 'NONE',  ( 0.4974999999999998900, 0.5180000000000000200, -0.2210000000000000600 ) ) ;
#869 = VECTOR ( 'NONE', #9345, 39.37007874015748100 ) ;
#870 = EDGE_LOOP ( 'NONE', ( #127, #1089, #5126, #3939 ) ) ;
#871 = DIRECTION ( 'NONE',  ( -0.0000000000000000000, -1.352399996863497200E-015, -1.000000000000000000 ) ) ;
#872 = ADVANCED_FACE ( 'NONE', ( #7063 ), #7182, .T. ) ;
#873 = ORIENTED_EDGE ( 'NONE', *, *, #2228, .F. ) ;
#874 = CARTESIAN_POINT ( 'NONE',  ( 0.0000000000000000000, 0.4231567020380508400, -0.01000000000000000000 ) ) ;
#875 = ORIENTED_EDGE ( 'NONE', *, *, #7207, .T. ) ;
#876 = DIRECTION ( 'NONE',  ( 0.0000000000000000000, -1.000000000000000000, 0.0000000000000000000 ) ) ;
#877 = DIRECTION ( 'NONE',  ( -1.000000000000000000, 0.0000000000000000000, 0.0000000000000000000 ) ) ;
#878 = AXIS2_PLACEMENT_3D ( 'NONE', #6809, #1480, #236 ) ;
#879 = EDGE_LOOP ( 'NONE', ( #9028, #8218, #6990, #5901 ) ) ;
#880 = VERTEX_POINT ( 'NONE', #9120 ) ;
#881 = EDGE_CURVE ( 'NONE', #7065, #1138, #6829, .T. ) ;
#882 = CARTESIAN_POINT ( 'NONE',  ( 0.3564999999999999800, 0.5999999999999999800, -0.3130000000000000600 ) ) ;
#883 = PERSON_AND_ORGANIZATION ( #6536, #5561 ) ;
#884 = ORIENTED_EDGE ( 'NONE', *, *, #800, .F. ) ;
#885 = PLANE ( 'NONE',  #6783 ) ;
#886 = CARTESIAN_POINT ( 'NONE',  ( 0.9449781569731790000, 0.2668421540424528200, -0.01000000000000000000 ) ) ;
#887 = ORIENTED_EDGE ( 'NONE', *, *, #1261, .T. ) ;
#888 = CARTESIAN_POINT ( 'NONE',  ( 0.0000000000000000000, 0.2405852362473140900, -0.01000000000000000000 ) ) ;
#889 = CARTESIAN_POINT ( 'NONE',  ( 0.5506336065353513200, 0.4162857328953860600, 0.0000000000000000000 ) ) ;
#890 = AXIS2_PLACEMENT_3D ( 'NONE', #4597, #8107, #5823 ) ;
#891 = ORIENTED_EDGE ( 'NONE', *, *, #8768, .T. ) ;
#892 = CARTESIAN_POINT ( 'NONE',  ( 0.1332132034359284900, 0.05766667902997075400, -0.02483333951584150800 ) ) ;
#893 = ORIENTED_EDGE ( 'NONE', *, *, #3003, .T. ) ;
#894 = CARTESIAN_POINT ( 'NONE',  ( 0.5871969780444987700, 0.0000000000000000000, 0.0000000000000000000 ) ) ;
#895 = EDGE_CURVE ( 'NONE', #6786, #4854, #4942, .T. ) ;
#896 = EDGE_CURVE ( 'NONE', #7810, #6404, #8581, .T. ) ;
#897 = ORIENTED_EDGE ( 'NONE', *, *, #7447, .T. ) ;
#898 = ORIENTED_EDGE ( 'NONE', *, *, #3549, .T. ) ;
#899 = FACE_OUTER_BOUND ( 'NONE', #615, .T. ) ;
#900 = ORIENTED_EDGE ( 'NONE', *, *, #7758, .T. ) ;
#901 = CARTESIAN_POINT ( 'NONE',  ( 0.5734550397591692300, 0.4133410318342099500, -0.01000000000000000000 ) ) ;
#902 = DIRECTION ( 'NONE',  ( -1.000000000000000000, -0.0000000000000000000, -0.0000000000000000000 ) ) ;
#903 = ADVANCED_FACE ( 'NONE', ( #8394 ), #6515, .T. ) ;
#904 = DIRECTION ( 'NONE',  ( 0.0000000000000000000, 0.0000000000000000000, -1.000000000000000000 ) ) ;
#905 = CARTESIAN_POINT ( 'NONE',  ( 0.9547938271769774700, 0.3539562271012334200, -0.01000000000000000000 ) ) ;
#906 = ORIENTED_EDGE ( 'NONE', *, *, #7111, .F. ) ;
#907 = CC_DESIGN_PERSON_AND_ORGANIZATION_ASSIGNMENT ( #2334, #3692, ( #8000 ) ) ;
#908 = DIRECTION ( 'NONE',  ( -1.000000000000000000, 0.0000000000000000000, 0.0000000000000000000 ) ) ;
#909 = EDGE_LOOP ( 'NONE', ( #8907, #4868, #6759, #5363 ) ) ;
#910 = ORIENTED_EDGE ( 'NONE', *, *, #9339, .T. ) ;
#911 = CARTESIAN_POINT ( 'NONE',  ( 0.6990956183678279600, 0.4133410318342097800, -0.01000000000000000000 ) ) ;
#912 = EDGE_CURVE ( 'NONE', #3920, #8524, #852, .T. ) ;
#913 = CARTESIAN_POINT ( 'NONE',  ( 0.5374999999999999800, 0.5579999999999999400, -0.2610000000000001200 ) ) ;
#914 = DIRECTION ( 'NONE',  ( 4.313434190716670600E-014, -9.125743083152196300E-014, -1.000000000000000000 ) ) ;
#915 = VECTOR ( 'NONE', #7050, 39.37007874015748100 ) ;
#916 = ORIENTED_EDGE ( 'NONE', *, *, #6644, .T. ) ;
#917 = CARTESIAN_POINT ( 'NONE',  ( 0.5057269153529095900, 0.0000000000000000000, -0.01000000000000000000 ) ) ;
#918 = CARTESIAN_POINT ( 'NONE',  ( 1.004362961706167100, 0.3539562271012334200, 0.0000000000000000000 ) ) ;
#919 = ORIENTED_EDGE ( 'NONE', *, *, #5225, .T. ) ;
#920 = CARTESIAN_POINT ( 'NONE',  ( 0.7923444853039821600, 0.3416866393464817500, -0.01000000000000000000 ) ) ;
#921 = VECTOR ( 'NONE', #6696, 39.37007874015748100 ) ;
#922 = VERTEX_POINT ( 'NONE', #5817 ) ;
#923 = EDGE_CURVE ( 'NONE', #3822, #7449, #2706, .T. ) ;
#924 = DIRECTION ( 'NONE',  ( 1.000000000000000000, 0.0000000000000000000, 0.0000000000000000000 ) ) ;
#925 = ADVANCED_FACE ( 'NONE', ( #5201 ), #2101, .F. ) ;
#926 = AXIS2_PLACEMENT_3D ( 'NONE', #6628, #1435, #6654 ) ;
#927 = CARTESIAN_POINT ( 'NONE',  ( 0.2874999999999999800, 0.0000000000000000000, 0.0000000000000000000 ) ) ;
#928 = CARTESIAN_POINT ( 'NONE',  ( 0.1462132034360672200, 0.05750000000008619000, -0.02500000000072230600 ) ) ;
#929 = DIRECTION ( 'NONE',  ( 0.0000000000000000000, -1.000000000000000000, 1.352399996863497400E-015 ) ) ;
#930 = CIRCLE ( 'NONE', #1616, 0.009815670203806754800 ) ;
#931 = VECTOR ( 'NONE', #1557, 39.37007874015748100 ) ;
#932 = DIRECTION ( 'NONE',  ( 0.0000000000000000000, 1.000000000000000000, 0.0000000000000000000 ) ) ;
#933 = ORIENTED_EDGE ( 'NONE', *, *, #1893, .F. ) ;
#934 = DIRECTION ( 'NONE',  ( 1.000000000000000000, 0.0000000000000000000, 0.0000000000000000000 ) ) ;
#935 = CARTESIAN_POINT ( 'NONE',  ( 0.3564999999999999800, 0.5999999999999999800, -0.3440000000000000800 ) ) ;
#936 = PLANE ( 'NONE',  #6320 ) ;
#937 = AXIS2_PLACEMENT_3D ( 'NONE', #1837, #8869, #8860 ) ;
#938 = ORIENTED_EDGE ( 'NONE', *, *, #1182, .F. ) ;
#939 = DIRECTION ( 'NONE',  ( 4.313434190716670600E-014, -9.125743083152196300E-014, -1.000000000000000000 ) ) ;
#940 = VECTOR ( 'NONE', #8614, 39.37007874015748100 ) ;
#941 = VECTOR ( 'NONE', #3778, 39.37007874015748100 ) ;
#942 = VERTEX_POINT ( 'NONE', #7270 ) ;
#943 = CARTESIAN_POINT ( 'NONE',  ( 0.5057269153529095900, 0.3632811137948581700, -0.01000000000000000000 ) ) ;
#944 = EDGE_CURVE ( 'NONE', #4552, #6749, #8191, .T. ) ;
#945 = VECTOR ( 'NONE', #3330, 39.37007874015748100 ) ;
#946 = AXIS2_PLACEMENT_3D ( 'NONE', #6055, #3124, #3133 ) ;
#947 = DIRECTION ( 'NONE',  ( 0.0000000000000000000, -1.000000000000000000, -5.691349986800549600E-017 ) ) ;
#948 = DIRECTION ( 'NONE',  ( -4.300628653246436600E-014, 9.125743083154458100E-014, 1.000000000000000000 ) ) ;
#949 = CARTESIAN_POINT ( 'NONE',  ( 0.8787223830974585400, 0.4133410318342099500, 0.0000000000000000000 ) ) ;
#950 = LINE ( 'NONE', #1404, #3055 ) ;
#951 = DIRECTION ( 'NONE',  ( 1.000000000000000000, 0.0000000000000000000, 0.0000000000000000000 ) ) ;
#952 = CARTESIAN_POINT ( 'NONE',  ( 0.7974999999999998800, 0.5580000000000000500, -0.07249999999999995300 ) ) ;
#953 = FACE_OUTER_BOUND ( 'NONE', #5905, .T. ) ;
#954 = VERTEX_POINT ( 'NONE', #546 ) ;
#955 = LINE ( 'NONE', #2324, #8468 ) ;
#956 = AXIS2_PLACEMENT_3D ( 'NONE', #65, #4728, #8476 ) ;
#957 = ADVANCED_FACE ( 'NONE', ( #4712 ), #7999, .F. ) ;
#958 = EDGE_CURVE ( 'NONE', #2680, #8441, #2459, .T. ) ;
#959 = LINE ( 'NONE', #5055, #8471 ) ;
#960 = VECTOR ( 'NONE', #1306, 39.37007874015748100 ) ;
#961 = LINE ( 'NONE', #2786, #2812 ) ;
#962 = CARTESIAN_POINT ( 'NONE',  ( 0.7374999999999998200, 0.05000000000000001000, -0.2725000000000000800 ) ) ;
#963 = VERTEX_POINT ( 'NONE', #5202 ) ;
#964 = DIRECTION ( 'NONE',  ( -1.000000000000000000, 0.0000000000000000000, -0.0000000000000000000 ) ) ;
#965 = DIRECTION ( 'NONE',  ( 0.0000000000000000000, -5.691349986800549600E-017, 1.000000000000000000 ) ) ;
#966 = CC_DESIGN_PERSON_AND_ORGANIZATION_ASSIGNMENT ( #526, #5006, ( #8465 ) ) ;
#967 = CARTESIAN_POINT ( 'NONE',  ( 0.5974999999999999200, 0.3450000000000001400, -0.2220000000000000600 ) ) ;
#968 = VECTOR ( 'NONE', #7512, 39.37007874015748100 ) ;
#969 = LINE ( 'NONE', #2399, #8283 ) ;
#970 = DIRECTION ( 'NONE',  ( 1.000000000000000000, 0.0000000000000000000, -0.0000000000000000000 ) ) ;
#971 = CARTESIAN_POINT ( 'NONE',  ( 0.0000000000000000000, 0.0000000000000000000, 0.0000000000000000000 ) ) ;
#972 = FACE_OUTER_BOUND ( 'NONE', #6420, .T. ) ;
#973 = EDGE_CURVE ( 'NONE', #7145, #9255, #357, .T. ) ;
#974 = CARTESIAN_POINT ( 'NONE',  ( 0.8374999999999999100, 0.3450000000000002000, -0.09750000000000001700 ) ) ;
#975 = ORIENTED_EDGE ( 'NONE', *, *, #9271, .F. ) ;
#976 = ADVANCED_FACE ( 'NONE', ( #6191 ), #3736, .F. ) ;
#977 = CONTEXT_DEPENDENT_SHAPE_REPRESENTATION ( #8530, #1477 ) ;
#978 = ORIENTED_EDGE ( 'NONE', *, *, #3270, .F. ) ;
#979 = APPROVAL_PERSON_ORGANIZATION ( #3084, #1037, #6666 ) ;
#980 = PLANE ( 'NONE',  #4331 ) ;
#981 = LINE ( 'NONE', #391, #2836 ) ;
#982 = CARTESIAN_POINT ( 'NONE',  ( 0.1478113162178109300, 0.08117688916757583000, -0.02500000000095082800 ) ) ;
#983 = LINE ( 'NONE', #5443, #4606 ) ;
#984 = DIRECTION ( 'NONE',  ( -4.313434190743394000E-014, -9.125743083153150500E-014, -1.000000000000000000 ) ) ;
#985 = DIRECTION ( 'NONE',  ( -4.313434190719257400E-014, 9.123748451147547100E-014, 1.000000000000000000 ) ) ;
#986 = EDGE_CURVE ( 'NONE', #9116, #1575, #4260, .T. ) ;
#987 = CARTESIAN_POINT ( 'NONE',  ( 0.7974999999999998800, 0.05000000000000001000, -0.2725000000000000800 ) ) ;
#988 = VERTEX_POINT ( 'NONE', #5940 ) ;
#989 = CC_DESIGN_APPROVAL ( #463, ( #8896 ) ) ;
#990 = AXIS2_PLACEMENT_3D ( 'NONE', #7753, #8396, #4232 ) ;
#991 = FACE_OUTER_BOUND ( 'NONE', #3660, .T. ) ;
#992 = FACE_OUTER_BOUND ( 'NONE', #2358, .T. ) ;
#993 = ORIENTED_EDGE ( 'NONE', *, *, #896, .F. ) ;
#994 = EDGE_LOOP ( 'NONE', ( #515, #6746, #7314, #8535 ) ) ;
#995 = LINE ( 'NONE', #2259, #2600 ) ;
#996 = AXIS2_PLACEMENT_3D ( 'NONE', #2104, #1180, #6804 ) ;
#997 = EDGE_LOOP ( 'NONE', ( #5636, #6625, #6583, #6526 ) ) ;
#998 = DIRECTION ( 'NONE',  ( -0.0000000000000000000, 1.871128762783746100E-015, 1.000000000000000000 ) ) ;
#999 = DATE_AND_TIME ( #3117, #5105 ) ;
#1000 = VERTEX_POINT ( 'NONE', #1405 ) ;
#1001 = EDGE_CURVE ( 'NONE', #1981, #4598, #6614, .T. ) ;
#1002 = VERTEX_POINT ( 'NONE', #2196 ) ;
#1003 = CARTESIAN_POINT ( 'NONE',  ( 0.1335415958335236200, 0.06168528669946029400, 0.004678261386751861000 ) ) ;
#1004 = DIRECTION ( 'NONE',  ( 1.000000000000000000, 0.0000000000000000000, 0.0000000000000000000 ) ) ;
#1005 = PLANE ( 'NONE',  #5990 ) ;
#1006 = DIRECTION ( 'NONE',  ( -0.0000000000000000000, 1.871128762783746100E-015, 1.000000000000000000 ) ) ;
#1007 = ORIENTED_EDGE ( 'NONE', *, *, #2837, .F. ) ;
#1008 = CARTESIAN_POINT ( 'NONE',  ( 0.9974999999999999400, 0.5600000000000002800, -0.2210000000000000900 ) ) ;
#1009 = CALENDAR_DATE ( 2019, 15, 10 ) ;
#1010 = ORIENTED_EDGE ( 'NONE', *, *, #2441, .T. ) ;
#1011 = AXIS2_PLACEMENT_3D ( 'NONE', #1787, #4, #1894 ) ;
#1012 = CARTESIAN_POINT ( 'NONE',  ( 0.1334757805636067100, 0.06122124186404710000, 0.004206213119500977100 ) ) ;
#1013 = DIRECTION ( 'NONE',  ( -1.000000000000000000, 0.0000000000000000000, 0.0000000000000000000 ) ) ;
#1014 = EDGE_CURVE ( 'NONE', #6188, #6471, #4021, .T. ) ;
#1015 = ORIENTED_EDGE ( 'NONE', *, *, #323, .F. ) ;
#1016 = DIRECTION ( 'NONE',  ( -0.0000000000000000000, -1.352399996863497200E-015, -1.000000000000000000 ) ) ;
#1017 = CARTESIAN_POINT ( 'NONE',  ( 0.5057269153529278000, 0.2719953808994902100, -0.01000000000000000000 ) ) ;
#1018 = VECTOR ( 'NONE', #8178, 39.37007874015748100 ) ;
#1019 = ORIENTED_EDGE ( 'NONE', *, *, #8169, .F. ) ;
#1020 = CARTESIAN_POINT ( 'NONE',  ( 0.9374999999999998900, 0.2699999999999999100, -0.2210000000000000900 ) ) ;
#1021 = ADVANCED_FACE ( 'NONE', ( #7796 ), #8619, .F. ) ;
#1022 = AXIS2_PLACEMENT_3D ( 'NONE', #1950, #392, #5749 ) ;
#1023 = ORIENTED_EDGE ( 'NONE', *, *, #6229, .F. ) ;
#1024 = DIRECTION ( 'NONE',  ( -4.313434190716670600E-014, 9.125743083152196300E-014, 1.000000000000000000 ) ) ;
#1025 = VECTOR ( 'NONE', #1856, 39.37007874015748100 ) ;
#1026 = ORIENTED_EDGE ( 'NONE', *, *, #9236, .F. ) ;
#1027 = CARTESIAN_POINT ( 'NONE',  ( 0.5371370600051095200, 0.2405852362473084000, -0.01000000000000000000 ) ) ;
#1028 = EDGE_CURVE ( 'NONE', #748, #202, #9269, .T. ) ;
#1029 = EDGE_CURVE ( 'NONE', #7724, #282, #7575, .T. ) ;
#1030 = DIRECTION ( 'NONE',  ( 0.0000000000000000000, -1.000000000000000000, -5.691349986800549600E-017 ) ) ;
#1031 = VERTEX_POINT ( 'NONE', #5288 ) ;
#1032 = ORIENTED_EDGE ( 'NONE', *, *, #7322, .F. ) ;
#1033 = CARTESIAN_POINT ( 'NONE',  ( 0.7675000000020715300, 0.6712132034341641300, -0.3100000000010519900 ) ) ;
#1034 = PLANE ( 'NONE',  #276 ) ;
#1035 = VECTOR ( 'NONE', #4714, 39.37007874015748100 ) ;
#1036 = EDGE_LOOP ( 'NONE', ( #8138, #8318, #2834, #1356, #7934, #2831, #2636, #2771, #8323, #8246, #2217, #2594 ) ) ;
#1037 = APPROVAL ( #1450, 'UNKNOWN' ) ;
#1038 = CARTESIAN_POINT ( 'NONE',  ( 0.4974999999999998900, 0.2700000000000001800, -0.1480000000000000800 ) ) ;
#1039 = PLANE ( 'NONE',  #6898 ) ;
#1040 = EDGE_CURVE ( 'NONE', #2251, #39, #9070, .T. ) ;
#1041 = DIRECTION ( 'NONE',  ( 1.000000000000000000, 0.0000000000000000000, 0.0000000000000000000 ) ) ;
#1042 = FACE_BOUND ( 'NONE', #6848, .T. ) ;
#1043 = ORIENTED_EDGE ( 'NONE', *, *, #9250, .F. ) ;
#1044 = PLANE ( 'NONE',  #8553 ) ;
#1045 = ADVANCED_FACE ( 'NONE', ( #5969 ), #1467, .F. ) ;
#1046 = CARTESIAN_POINT ( 'NONE',  ( 0.4374999999999998900, 0.5999999999999999800, -0.07250000000000000900 ) ) ;
#1047 = EDGE_CURVE ( 'NONE', #39, #5685, #5523, .T. ) ;
#1048 = VECTOR ( 'NONE', #4335, 39.37007874015748100 ) ;
#1049 = ORIENTED_EDGE ( 'NONE', *, *, #8991, .T. ) ;
#1050 = VECTOR ( 'NONE', #5501, 39.37007874015748100 ) ;
#1051 = AXIS2_PLACEMENT_3D ( 'NONE', #6551, #5135, #8593 ) ;
#1052 = DIRECTION ( 'NONE',  ( 1.000000000000000000, 0.0000000000000000000, 0.0000000000000000000 ) ) ;
#1053 = CARTESIAN_POINT ( 'NONE',  ( 0.5871969780444987700, 0.4025437946100565700, 0.0000000000000000000 ) ) ;
#1054 = LINE ( 'NONE', #1962, #3182 ) ;
#1055 = DIRECTION ( 'NONE',  ( -0.0000000000000000000, 1.000000000000000000, -0.0000000000000000000 ) ) ;
#1056 = FACE_OUTER_BOUND ( 'NONE', #7713, .T. ) ;
#1057 = VECTOR ( 'NONE', #4586, 39.37007874015748100 ) ;
#1058 = DIRECTION ( 'NONE',  ( -0.0000000000000000000, -0.7071067811865451300, -0.7071067811865499000 ) ) ;
#1059 = DIRECTION ( 'NONE',  ( 1.000000000000000200, 7.695819387939327300E-012, -5.225478417167782200E-012 ) ) ;
#1060 = VERTEX_POINT ( 'NONE', #8672 ) ;
#1061 = ADVANCED_FACE ( 'NONE', ( #7158 ), #5317, .F. ) ;
#1062 = DIRECTION ( 'NONE',  ( -0.0000000000000000000, -0.0000000000000000000, 1.000000000000000000 ) ) ;
#1063 = EDGE_CURVE ( 'NONE', #4751, #1785, #5304, .T. ) ;
#1064 = FACE_OUTER_BOUND ( 'NONE', #2611, .T. ) ;
#1065 = CARTESIAN_POINT ( 'NONE',  ( 0.1536499778721389700, 0.06956181146273769700, -0.02500000000006324900 ) ) ;
#1066 = VERTEX_POINT ( 'NONE', #7408 ) ;
#1067 = VERTEX_POINT ( 'NONE', #3856 ) ;
#1068 = VECTOR ( 'NONE', #8065, 39.37007874015748100 ) ;
#1069 = CARTESIAN_POINT ( 'NONE',  ( 0.4374999999999998900, 0.3450000000000002000, -0.09750000000000005900 ) ) ;
#1070 = ORIENTED_EDGE ( 'NONE', *, *, #2759, .T. ) ;
#1071 = ORIENTED_EDGE ( 'NONE', *, *, #1040, .T. ) ;
#1072 = PLANE ( 'NONE',  #8091 ) ;
#1073 = DIRECTION ( 'NONE',  ( 0.0000000000000000000, 1.871128762783746500E-015, 1.000000000000000000 ) ) ;
#1074 = DIRECTION ( 'NONE',  ( -0.0000000000000000000, -0.0000000000000000000, 1.000000000000000000 ) ) ;
#1075 = CARTESIAN_POINT ( 'NONE',  ( 0.3046920839947578900, 0.04350263157899115400, 0.006000000000061621000 ) ) ;
#1076 = FACE_OUTER_BOUND ( 'NONE', #1153, .T. ) ;
#1077 = LINE ( 'NONE', #8294, #8572 ) ;
#1078 = LINE ( 'NONE', #1623, #839 ) ;
#1079 = EDGE_CURVE ( 'NONE', #6886, #8142, #8868, .T. ) ;
#1080 = CARTESIAN_POINT ( 'NONE',  ( 0.8332132034360738600, 0.02000000000016100000, -0.009000000000239405000 ) ) ;
#1081 = EDGE_CURVE ( 'NONE', #7171, #8069, #3335, .T. ) ;
#1082 = DIRECTION ( 'NONE',  ( 0.0000000000000000000, -1.000000000000000000, -1.979599995408885400E-016 ) ) ;
#1083 = ORIENTED_EDGE ( 'NONE', *, *, #1782, .F. ) ;
#1084 = CARTESIAN_POINT ( 'NONE',  ( 0.9547938271769774700, 0.3637718973050450000, -0.01000000000000000000 ) ) ;
#1085 = DATE_AND_TIME ( #3210, #5198 ) ;
#1086 = ORIENTED_EDGE ( 'NONE', *, *, #3852, .F. ) ;
#1087 = CALENDAR_DATE ( 2019, 15, 10 ) ;
#1088 = ORIENTED_EDGE ( 'NONE', *, *, #1958, .T. ) ;
#1089 = ORIENTED_EDGE ( 'NONE', *, *, #2527, .T. ) ;
#1090 = CIRCLE ( 'NONE', #6027, 0.009815670203796237100 ) ;
#1091 = VECTOR ( 'NONE', #4323, 39.37007874015748100 ) ;
#1092 = ORIENTED_EDGE ( 'NONE', *, *, #2872, .T. ) ;
#1093 = CARTESIAN_POINT ( 'NONE',  ( 0.6990956183678620500, 0.2268432979619829900, 0.0000000000000000000 ) ) ;
#1094 = CC_DESIGN_APPROVAL ( #581, ( #8570 ) ) ;
#1095 = ORIENTED_EDGE ( 'NONE', *, *, #8575, .T. ) ;
#1096 = VERTEX_POINT ( 'NONE', #4594 ) ;
#1097 = CARTESIAN_POINT ( 'NONE',  ( 0.3674999999999998300, 0.2699999999999999100, -0.1490000000000000800 ) ) ;
#1098 = CARTESIAN_POINT ( 'NONE',  ( 0.1334096169260279900, 0.06075474078687615600, 0.003731666247423120400 ) ) ;
#1099 =( NAMED_UNIT ( * ) PLANE_ANGLE_UNIT ( ) SI_UNIT ( $, .RADIAN. ) );
#1100 = CYLINDRICAL_SURFACE ( 'NONE', #2724, 0.07649999999999998500 ) ;
#1101 = EDGE_CURVE ( 'NONE', #1066, #7755, #8670, .T. ) ;
#1102 = LINE ( 'NONE', #6523, #1360 ) ;
#1103 = DIRECTION ( 'NONE',  ( -0.0000000000000000000, -0.0000000000000000000, 1.000000000000000000 ) ) ;
#1104 = DIRECTION ( 'NONE',  ( 0.0000000000000000000, 1.000000000000000000, -0.0000000000000000000 ) ) ;
#1105 = CARTESIAN_POINT ( 'NONE',  ( 0.7359043816321273500, 0.4133410318342099500, -0.01000000000000000000 ) ) ;
#1106 = ORIENTED_EDGE ( 'NONE', *, *, #6781, .F. ) ;
#1107 = ORIENTED_EDGE ( 'NONE', *, *, #6585, .F. ) ;
#1108 = VECTOR ( 'NONE', #78, 39.37007874015748100 ) ;
#1109 = ORIENTED_EDGE ( 'NONE', *, *, #2957, .T. ) ;
#1110 = DIRECTION ( 'NONE',  ( -0.7071067811869851100, -1.427481966045362400E-013, -0.7071067811861100300 ) ) ;
#1111 = DIRECTION ( 'NONE',  ( -0.0000000000000000000, 0.0000000000000000000, 1.000000000000000000 ) ) ;
#1112 = EDGE_CURVE ( 'NONE', #3478, #8846, #1720, .T. ) ;
#1113 = PLANE ( 'NONE',  #5801 ) ;
#1114 = EDGE_LOOP ( 'NONE', ( #8337, #3507, #1411, #7505 ) ) ;
#1115 = DIRECTION ( 'NONE',  ( 0.0000000000000000000, 1.707404996040164500E-016, -1.000000000000000000 ) ) ;
#1116 = CARTESIAN_POINT ( 'NONE',  ( 0.7374999999999998200, 0.3450000000000002000, -0.09750000000000001700 ) ) ;
#1117 = AXIS2_PLACEMENT_3D ( 'NONE', #2779, #7830, #3580 ) ;
#1118 = VERTEX_POINT ( 'NONE', #6101 ) ;
#1119 = DIRECTION ( 'NONE',  ( 1.000000000000000000, 0.0000000000000000000, 0.0000000000000000000 ) ) ;
#1120 = DIRECTION ( 'NONE',  ( -0.0000000000000000000, 1.000000000000000000, -0.0000000000000000000 ) ) ;
#1121 = ORIENTED_EDGE ( 'NONE', *, *, #7187, .T. ) ;
#1122 = ADVANCED_FACE ( 'NONE', ( #3078 ), #2366, .F. ) ;
#1123 = LOCAL_TIME ( 8, 51, 22.00000000000000000, #3249 ) ;
#1124 = EDGE_LOOP ( 'NONE', ( #5660, #8210, #5517, #7075 ) ) ;
#1125 = DIRECTION ( 'NONE',  ( 0.0000000000000000000, 0.0000000000000000000, 1.000000000000000000 ) ) ;
#1126 = CARTESIAN_POINT ( 'NONE',  ( 1.014178631909940200, 0.0000000000000000000, 0.0000000000000000000 ) ) ;
#1127 = DIRECTION ( 'NONE',  ( 0.0000000000000000000, 1.000000000000000000, 1.707404996040164500E-016 ) ) ;
#1128 = VERTEX_POINT ( 'NONE', #4629 ) ;
#1129 = CARTESIAN_POINT ( 'NONE',  ( 0.6990956183678961300, 0.4231567020380508400, -0.01000000000000000000 ) ) ;
#1130 = AXIS2_PLACEMENT_3D ( 'NONE', #4291, #3724, #4824 ) ;
#1131 = DIRECTION ( 'NONE',  ( -1.000000000000000000, -0.0000000000000000000, -0.0000000000000000000 ) ) ;
#1132 = CARTESIAN_POINT ( 'NONE',  ( 0.9374999999999998900, 0.3450000000000002000, -0.09750000000000000300 ) ) ;
#1133 = CARTESIAN_POINT ( 'NONE',  ( 0.5575045756779735100, 0.3250000000000201600, -0.01000000000000000000 ) ) ;
#1134 = ORIENTED_EDGE ( 'NONE', *, *, #4208, .F. ) ;
#1135 = EDGE_CURVE ( 'NONE', #3726, #1179, #6939, .T. ) ;
#1136 = ORIENTED_EDGE ( 'NONE', *, *, #3561, .T. ) ;
#1137 = DIRECTION ( 'NONE',  ( 1.000000000000000000, -0.0000000000000000000, -0.0000000000000000000 ) ) ;
#1138 = VERTEX_POINT ( 'NONE', #2 ) ;
#1139 = PERSON_AND_ORGANIZATION_ROLE ( 'design_owner' ) ;
#1140 = AXIS2_PLACEMENT_3D ( 'NONE', #6375, #6383, #6428 ) ;
#1141 = CARTESIAN_POINT ( 'NONE',  ( 0.7374999999999998200, 0.2700000000000001800, -0.1480000000000000200 ) ) ;
#1142 = DIRECTION ( 'NONE',  ( 0.0000000000000000000, 1.000000000000000000, 1.707404996040164500E-016 ) ) ;
#1143 = DIRECTION ( 'NONE',  ( 1.000000000000000000, -0.0000000000000000000, -0.0000000000000000000 ) ) ;
#1144 = ORIENTED_EDGE ( 'NONE', *, *, #8056, .T. ) ;
#1145 = CIRCLE ( 'NONE', #4161, 0.03200000000000033400 ) ;
#1146 = ORIENTED_EDGE ( 'NONE', *, *, #7096, .F. ) ;
#1147 = CARTESIAN_POINT ( 'NONE',  ( 0.8374999999999999100, 0.2699999999999999100, -0.2220000000000000600 ) ) ;
#1148 = CARTESIAN_POINT ( 'NONE',  ( 0.8974999999999999600, 0.5580000000000000500, -0.2610000000000000700 ) ) ;
#1149 = EDGE_CURVE ( 'NONE', #3196, #1416, #8483, .T. ) ;
#1150 = DIRECTION ( 'NONE',  ( -0.0000000000000000000, 1.000000000000000000, -0.0000000000000000000 ) ) ;
#1151 = PLANE ( 'NONE',  #7710 ) ;
#1152 = DIRECTION ( 'NONE',  ( 1.000000000000000000, 0.0000000000000000000, 0.0000000000000000000 ) ) ;
#1153 = EDGE_LOOP ( 'NONE', ( #3323, #2808, #2375, #1294, #3367, #4290, #2200, #1832, #3317 ) ) ;
#1154 = LINE ( 'NONE', #6128, #5010 ) ;
#1155 = ORIENTED_EDGE ( 'NONE', *, *, #5259, .F. ) ;
#1156 = CARTESIAN_POINT ( 'NONE',  ( 0.4974999999999998900, 0.3450000000000001400, -0.2220000000000000600 ) ) ;
#1157 = CARTESIAN_POINT ( 'NONE',  ( 0.2068417218040708700, 0.1108502649549790000, 0.02499999999927510900 ) ) ;
#1158 = ORIENTED_EDGE ( 'NONE', *, *, #2365, .T. ) ;
#1159 = DIRECTION ( 'NONE',  ( -1.000000000000000000, -1.189163988687022500E-013, 0.0000000000000000000 ) ) ;
#1160 = AXIS2_PLACEMENT_3D ( 'NONE', #1879, #7046, #2654 ) ;
#1161 = CARTESIAN_POINT ( 'NONE',  ( 0.8974999999999999600, 0.2699999999999999100, -0.1490000000000000800 ) ) ;
#1162 = EDGE_LOOP ( 'NONE', ( #1679, #639, #2788, #568 ) ) ;
#1163 = DIRECTION ( 'NONE',  ( 1.000000000000000000, 0.0000000000000000000, 0.0000000000000000000 ) ) ;
#1164 = EDGE_CURVE ( 'NONE', #8030, #3608, #4822, .T. ) ;
#1165 = EDGE_CURVE ( 'NONE', #3350, #1002, #969, .T. ) ;
#1166 = DIRECTION ( 'NONE',  ( 1.000000000000000000, -0.0000000000000000000, -0.0000000000000000000 ) ) ;
#1167 = VECTOR ( 'NONE', #7442, 39.37007874015748900 ) ;
#1168 = VERTEX_POINT ( 'NONE', #7498 ) ;
#1169 = DIRECTION ( 'NONE',  ( -1.000000000000000000, 0.0000000000000000000, -0.0000000000000000000 ) ) ;
#1170 = PLANE ( 'NONE',  #8135 ) ;
#1171 = DIRECTION ( 'NONE',  ( -0.0000000000000000000, 1.000000000000000000, 1.707404996040165000E-016 ) ) ;
#1172 = DATE_TIME_ROLE ( 'classification_date' ) ;
#1173 = DIRECTION ( 'NONE',  ( -1.000000000000000000, 0.0000000000000000000, -0.0000000000000000000 ) ) ;
#1174 = CARTESIAN_POINT ( 'NONE',  ( 0.7260887114283308700, 0.4133410318342099500, -0.01000000000000000000 ) ) ;
#1175 = DIRECTION ( 'NONE',  ( 1.000000000000000000, 0.0000000000000000000, -0.0000000000000000000 ) ) ;
#1176 = DIRECTION ( 'NONE',  ( 0.0000000000000000000, 1.000000000000000000, -0.0000000000000000000 ) ) ;
#1177 = ADVANCED_FACE ( 'NONE', ( #2823 ), #5434, .T. ) ;
#1178 = VECTOR ( 'NONE', #3615, 39.37007874015748100 ) ;
#1179 = VERTEX_POINT ( 'NONE', #44 ) ;
#1180 = DIRECTION ( 'NONE',  ( -0.0000000000000000000, 0.0000000000000000000, 1.000000000000000000 ) ) ;
#1181 = LINE ( 'NONE', #763, #8639 ) ;
#1182 = EDGE_CURVE ( 'NONE', #7950, #8602, #4591, .T. ) ;
#1183 = AXIS2_PLACEMENT_3D ( 'NONE', #6858, #7540, #3263 ) ;
#1184 = ORIENTED_EDGE ( 'NONE', *, *, #923, .F. ) ;
#1185 = DIRECTION ( 'NONE',  ( -0.0000000000000000000, -0.0000000000000000000, 1.000000000000000000 ) ) ;
#1186 = CARTESIAN_POINT ( 'NONE',  ( 0.9974999999999999400, 0.3450000000000002000, -0.2725000000000000200 ) ) ;
#1187 = LINE ( 'NONE', #1896, #3303 ) ;
#1188 = DIRECTION ( 'NONE',  ( 0.0000000000000000000, 0.0000000000000000000, 1.000000000000000000 ) ) ;
#1189 = DIRECTION ( 'NONE',  ( -0.0000000000000000000, 0.0000000000000000000, -1.000000000000000000 ) ) ;
#1190 = VECTOR ( 'NONE', #7292, 39.37007874015748100 ) ;
#1191 = VERTEX_POINT ( 'NONE', #8796 ) ;
#1192 = DIRECTION ( 'NONE',  ( -1.000000000000000000, 0.0000000000000000000, 0.0000000000000000000 ) ) ;
#1193 = FACE_OUTER_BOUND ( 'NONE', #1649, .T. ) ;
#1194 = ORIENTED_EDGE ( 'NONE', *, *, #832, .T. ) ;
#1195 = CARTESIAN_POINT ( 'NONE',  ( 1.042500000000000200, 0.05000000000000000300, -0.2975000000000001000 ) ) ;
#1196 = CARTESIAN_POINT ( 'NONE',  ( 0.5371370600051254000, 0.4094147637527355600, 0.0000000000000000000 ) ) ;
#1197 = CARTESIAN_POINT ( 'NONE',  ( 0.1333665831352894600, 0.06036146007111254500, 0.003168883858414339100 ) ) ;
#1198 = FACE_OUTER_BOUND ( 'NONE', #3364, .T. ) ;
#1199 = CARTESIAN_POINT ( 'NONE',  ( -2.860952991549829300E-014, 0.2405852362472445400, 0.0000000000000000000 ) ) ;
#1200 = LINE ( 'NONE', #9289, #8844 ) ;
#1201 = VERTEX_POINT ( 'NONE', #3987 ) ;
#1202 = LINE ( 'NONE', #6915, #5048 ) ;
#1203 = CARTESIAN_POINT ( 'NONE',  ( 0.4374999999999998900, 0.3450000000000002000, -0.2725000000000000200 ) ) ;
#1204 = ORIENTED_EDGE ( 'NONE', *, *, #4724, .F. ) ;
#1205 = DIRECTION ( 'NONE',  ( -0.0000000000000000000, 0.0000000000000000000, 1.000000000000000000 ) ) ;
#1206 = ORIENTED_EDGE ( 'NONE', *, *, #9079, .F. ) ;
#1207 = VECTOR ( 'NONE', #5112, 39.37007874015748100 ) ;
#1208 = LINE ( 'NONE', #749, #6927 ) ;
#1209 = CARTESIAN_POINT ( 'NONE',  ( 0.1333386886349072800, 0.06007584335807308900, 0.002564863489702160500 ) ) ;
#1210 = APPROVAL_ROLE ( '' ) ;
#1211 = EDGE_LOOP ( 'NONE', ( #6961, #6832, #6816, #6722 ) ) ;
#1212 = LINE ( 'NONE', #8437, #3071 ) ;
#1213 = AXIS2_PLACEMENT_3D ( 'NONE', #2386, #1529, #1489 ) ;
#1214 = VERTEX_POINT ( 'NONE', #3244 ) ;
#1215 = PERSON_AND_ORGANIZATION ( #6717, #3332 ) ;
#1216 = EDGE_CURVE ( 'NONE', #7449, #2443, #6502, .T. ) ;
#1217 = ORIENTED_EDGE ( 'NONE', *, *, #6707, .T. ) ;
#1218 = VERTEX_POINT ( 'NONE', #5464 ) ;
#1219 = DIRECTION ( 'NONE',  ( 0.0000000000000000000, -1.000000000000000000, -1.979599995408885400E-016 ) ) ;
#1220 = LINE ( 'NONE', #5566, #3795 ) ;
#1221 = VECTOR ( 'NONE', #1597, 39.37007874015748100 ) ;
#1222 = ORIENTED_EDGE ( 'NONE', *, *, #2815, .T. ) ;
#1223 = VECTOR ( 'NONE', #7017, 39.37007874015748100 ) ;
#1224 = ORIENTED_EDGE ( 'NONE', *, *, #7770, .T. ) ;
#1225 = DIRECTION ( 'NONE',  ( -0.0000000000000000000, -0.0000000000000000000, 1.000000000000000000 ) ) ;
#1226 = CARTESIAN_POINT ( 'NONE',  ( 0.6374999999999998400, 0.5580000000000000500, -0.1089999999999998900 ) ) ;
#1227 = ORIENTED_EDGE ( 'NONE', *, *, #2769, .T. ) ;
#1228 = DATE_AND_TIME ( #3343, #5307 ) ;
#1229 = CALENDAR_DATE ( 2019, 15, 10 ) ;
#1230 = CIRCLE ( 'NONE', #7577, 0.006870969142648501700 ) ;
#1231 = DIRECTION ( 'NONE',  ( -0.4491278195592125500, 0.8934675157486070600, 1.009083829474507700E-013 ) ) ;
#1232 = LINE ( 'NONE', #6106, #3087 ) ;
#1233 = EDGE_CURVE ( 'NONE', #711, #1563, #8085, .T. ) ;
#1234 = DIRECTION ( 'NONE',  ( 0.0000000000000000000, 0.0000000000000000000, -1.000000000000000000 ) ) ;
#1235 = EDGE_CURVE ( 'NONE', #1067, #5996, #4372, .T. ) ;
#1236 = DIRECTION ( 'NONE',  ( 0.0000000000000000000, -1.000000000000000000, -1.979599995408886100E-016 ) ) ;
#1237 = ADVANCED_FACE ( 'NONE', ( #6080 ), #2087, .T. ) ;
#1238 = PRODUCT ( '395-012-524-201', '395-012-524-201', '', ( #5710 ) ) ;
#1239 = ORIENTED_EDGE ( 'NONE', *, *, #2411, .F. ) ;
#1240 = CARTESIAN_POINT ( 'NONE',  ( 0.1597132034361050700, 0.05750000000010241400, -8.976852507180768500E-013 ) ) ;
#1241 = VECTOR ( 'NONE', #5487, 39.37007874015748100 ) ;
#1242 = CIRCLE ( 'NONE', #659, 0.01350000000000000700 ) ;
#1243 = CC_DESIGN_SECURITY_CLASSIFICATION ( #700, ( #9377 ) ) ;
#1244 = CARTESIAN_POINT ( 'NONE',  ( 0.4375000000000010000, 0.5580000000000000500, -0.3310000000000007400 ) ) ;
#1245 = VERTEX_POINT ( 'NONE', #5495 ) ;
#1246 = ORIENTED_EDGE ( 'NONE', *, *, #1305, .F. ) ;
#1247 = APPROVAL_STATUS ( 'not_yet_approved' ) ;
#1248 = EDGE_CURVE ( 'NONE', #8477, #1933, #4133, .T. ) ;
#1249 = CARTESIAN_POINT ( 'NONE',  ( 0.4374999999999998900, 0.5580000000000000500, -0.2974999999999999900 ) ) ;
#1250 = CARTESIAN_POINT ( 'NONE',  ( 0.1536499778721389700, 0.06956181146273769700, -0.02500000000006324900 ) ) ;
#1251 = EDGE_LOOP ( 'NONE', ( #505, #5521, #342, #1906 ) ) ;
#1252 = DIRECTION ( 'NONE',  ( -0.0000000000000000000, 1.000000000000000000, 1.707404996040165000E-016 ) ) ;
#1253 = DIRECTION ( 'NONE',  ( -1.000000000000000000, 0.0000000000000000000, 0.0000000000000000000 ) ) ;
#1254 = PERSON_AND_ORGANIZATION ( #6536, #5561 ) ;
#1255 = ORIENTED_EDGE ( 'NONE', *, *, #4788, .T. ) ;
#1256 = VERTEX_POINT ( 'NONE', #117 ) ;
#1257 = DIRECTION ( 'NONE',  ( 1.000000000000000000, 1.107505943377398600E-013, -4.326195091317963400E-014 ) ) ;
#1258 = DIRECTION ( 'NONE',  ( -0.8934675157486070600, -0.4491278195592125500, -2.447117620129859400E-015 ) ) ;
#1259 = CARTESIAN_POINT ( 'NONE',  ( 0.1333107623659844900, 0.05978990136133880600, 0.001960155213145957400 ) ) ;
#1260 = DIRECTION ( 'NONE',  ( -4.313434190743394000E-014, -9.125743083153150500E-014, -1.000000000000000000 ) ) ;
#1261 = EDGE_CURVE ( 'NONE', #1265, #1191, #9356, .T. ) ;
#1262 = CARTESIAN_POINT ( 'NONE',  ( 0.1332967510531570300, 0.05960381553615586700, 0.001297379725080718100 ) ) ;
#1263 = EDGE_LOOP ( 'NONE', ( #3242, #634, #577, #2731 ) ) ;
#1264 = DATE_AND_TIME ( #3384, #5338 ) ;
#1265 = VERTEX_POINT ( 'NONE', #913 ) ;
#1266 = UNCERTAINTY_MEASURE_WITH_UNIT (LENGTH_MEASURE( 1.000000000000000100E-005 ), #8882, 'distance_accuracy_value', 'NONE');
#1267 = CARTESIAN_POINT ( 'NONE',  ( 0.8924643213828183900, 0.2668421540424528200, -0.01000000000000000000 ) ) ;
#1268 = ORIENTED_EDGE ( 'NONE', *, *, #8056, .F. ) ;
#1269 = CARTESIAN_POINT ( 'NONE',  ( 0.9449781569731658900, 0.0000000000000000000, 0.0000000000000000000 ) ) ;
#1270 = CYLINDRICAL_SURFACE ( 'NONE', #4473, 0.006000000000010667800 ) ;
#1271 = ORIENTED_EDGE ( 'NONE', *, *, #7854, .T. ) ;
#1272 = DIRECTION ( 'NONE',  ( -0.0000000000000000000, 0.0000000000000000000, 1.000000000000000000 ) ) ;
#1273 = DIRECTION ( 'NONE',  ( 0.0000000000000000000, -0.7071067811865499000, -0.7071067811865451300 ) ) ;
#1274 = DIRECTION ( 'NONE',  ( -0.0000000000000000000, 0.0000000000000000000, -1.000000000000000000 ) ) ;
#1275 = EDGE_CURVE ( 'NONE', #1785, #5339, #7893, .T. ) ;
#1276 = EDGE_LOOP ( 'NONE', ( #8667, #6132, #906, #8534 ) ) ;
#1277 = VERTEX_POINT ( 'NONE', #5532 ) ;
#1278 =( REPRESENTATION_RELATIONSHIP ('NONE','NONE', #1285, #6268 ) REPRESENTATION_RELATIONSHIP_WITH_TRANSFORMATION ( #4498 )SHAPE_REPRESENTATION_RELATIONSHIP( ) );
#1279 = CARTESIAN_POINT ( 'NONE',  ( 0.9449781569731658900, 0.3637718973050450000, -0.01000000000000000000 ) ) ;
#1280 = FACE_OUTER_BOUND ( 'NONE', #5060, .T. ) ;
#1281 = VERTEX_POINT ( 'NONE', #145 ) ;
#1282 = DIRECTION ( 'NONE',  ( 0.0000000000000000000, 0.0000000000000000000, 1.000000000000000000 ) ) ;
#1283 = ADVANCED_FACE ( 'NONE', ( #3905 ), #2530, .F. ) ;
#1284 = CARTESIAN_POINT ( 'NONE',  ( 0.4374999999999998900, 0.3450000000000001400, -0.1480000000000000200 ) ) ;
#1285 = SHAPE_REPRESENTATION ( '395-012-524-201', ( #3792, #5936, #6399, #6859, #7319, #7778, #8201, #8612, #9039, #102, #641, #1160, #1693, #2224 ), #2753 ) ;
#1286 = DIRECTION ( 'NONE',  ( -0.0000000000000000000, 1.000000000000000000, -0.0000000000000000000 ) ) ;
#1287 = EDGE_LOOP ( 'NONE', ( #5413, #4924, #4844, #4842 ) ) ;
#1288 = CARTESIAN_POINT ( 'NONE',  ( 0.8374999999999999100, 0.05000000000000001000, -0.09750000000000001700 ) ) ;
#1289 = CARTESIAN_POINT ( 'NONE',  ( 0.1332913274397207700, 0.05953333933006688100, 0.0006316331587955233200 ) ) ;
#1290 = LINE ( 'NONE', #3729, #3410 ) ;
#1291 = VERTEX_POINT ( 'NONE', #8858 ) ;
#1292 = EDGE_CURVE ( 'NONE', #6778, #6394, #2573, .T. ) ;
#1293 = DIRECTION ( 'NONE',  ( 0.8934675157486069400, 0.4491278195592125500, 2.447117619705768500E-015 ) ) ;
#1294 = ORIENTED_EDGE ( 'NONE', *, *, #6390, .T. ) ;
#1295 = DIRECTION ( 'NONE',  ( 0.0000000000000000000, 0.0000000000000000000, 1.000000000000000000 ) ) ;
#1296 = CARTESIAN_POINT ( 'NONE',  ( 1.147500000000000200, 0.0000000000000000000, 0.0000000000000000000 ) ) ;
#1297 = CARTESIAN_POINT ( 'NONE',  ( 0.1332859197152093700, 0.05946306958986192400, -3.216304777294654500E-005 ) ) ;
#1298 = LINE ( 'NONE', #6258, #8726 ) ;
#1299 = VERTEX_POINT ( 'NONE', #6275 ) ;
#1300 = LINE ( 'NONE', #419, #8728 ) ;
#1301 = CARTESIAN_POINT ( 'NONE',  ( 1.014178631909940200, 0.2965345564089702500, -0.01000000000000000000 ) ) ;
#1302 = CC_DESIGN_DATE_AND_TIME_ASSIGNMENT ( #643, #7839, ( #234 ) ) ;
#1303 = EDGE_LOOP ( 'NONE', ( #9108, #33, #6012, #9017 ) ) ;
#1304 = DIRECTION ( 'NONE',  ( 0.0000000000000000000, 1.000000000000000000, 1.707404996040164500E-016 ) ) ;
#1305 = EDGE_CURVE ( 'NONE', #1563, #7810, #2328, .T. ) ;
#1306 = DIRECTION ( 'NONE',  ( 1.000000000000000000, 0.0000000000000000000, 0.0000000000000000000 ) ) ;
#1307 = DIRECTION ( 'NONE',  ( -0.0000000000000000000, -0.0000000000000000000, 1.000000000000000000 ) ) ;
#1308 = LINE ( 'NONE', #6789, #7015 ) ;
#1309 = ORIENTED_EDGE ( 'NONE', *, *, #8812, .T. ) ;
#1310 = VECTOR ( 'NONE', #2190, 39.37007874015748100 ) ;
#1311 = ORIENTED_EDGE ( 'NONE', *, *, #320, .F. ) ;
#1312 = DIRECTION ( 'NONE',  ( -0.0000000000000000000, 0.0000000000000000000, 1.000000000000000000 ) ) ;
#1313 = ORIENTED_EDGE ( 'NONE', *, *, #109, .T. ) ;
#1314 = CIRCLE ( 'NONE', #6276, 0.03200000000000033400 ) ;
#1315 = EDGE_CURVE ( 'NONE', #5347, #1670, #7462, .T. ) ;
#1316 = VECTOR ( 'NONE', #301, 39.37007874015748100 ) ;
#1317 = EDGE_LOOP ( 'NONE', ( #2345, #1823, #2380, #1935 ) ) ;
#1318 = VECTOR ( 'NONE', #4621, 39.37007874015748100 ) ;
#1319 = AXIS2_PLACEMENT_3D ( 'NONE', #4486, #6638, #2208 ) ;
#1320 = CARTESIAN_POINT ( 'NONE',  ( 0.8974999999999999600, 0.3450000000000002000, -0.2725000000000000200 ) ) ;
#1321 = CARTESIAN_POINT ( 'NONE',  ( 0.1332887780439502300, 0.05950574689789194700, -0.0007171944584810422900 ) ) ;
#1322 = CARTESIAN_POINT ( 'NONE',  ( 1.004362961706152900, 0.2965345564089702500, 0.0000000000000000000 ) ) ;
#1323 = VERTEX_POINT ( 'NONE', #3388 ) ;
#1324 = CARTESIAN_POINT ( 'NONE',  ( 0.0000000000000000000, 0.2268432979619829900, -0.01000000000000000000 ) ) ;
#1325 = CARTESIAN_POINT ( 'NONE',  ( 0.1333012014178681400, 0.05965781125316387000, -0.001367051808492357300 ) ) ;
#1326 = DIRECTION ( 'NONE',  ( 1.000000000000000000, -0.0000000000000000000, -0.0000000000000000000 ) ) ;
#1327 = LINE ( 'NONE', #554, #823 ) ;
#1328 = LINE ( 'NONE', #5229, #7247 ) ;
#1329 = DIRECTION ( 'NONE',  ( 1.000000000000000000, 0.0000000000000000000, 0.0000000000000000000 ) ) ;
#1330 = LINE ( 'NONE', #732, #8751 ) ;
#1331 = DIRECTION ( 'NONE',  ( -0.0000000000000000000, 0.0000000000000000000, 1.000000000000000000 ) ) ;
#1332 = VERTEX_POINT ( 'NONE', #4109 ) ;
#1333 = CARTESIAN_POINT ( 'NONE',  ( 0.1333135560617505800, 0.05980903434030679400, -0.002013313942017954600 ) ) ;
#1334 = ADVANCED_FACE ( 'NONE', ( #5854 ), #8913, .T. ) ;
#1335 = ORIENTED_EDGE ( 'NONE', *, *, #5815, .F. ) ;
#1336 = CARTESIAN_POINT ( 'NONE',  ( 0.5575045756779977200, 0.2337142671046477700, 0.0000000000000000000 ) ) ;
#1337 = EDGE_CURVE ( 'NONE', #3411, #6225, #8969, .T. ) ;
#1338 = LINE ( 'NONE', #200, #8382 ) ;
#1339 = LINE ( 'NONE', #4878, #8757 ) ;
#1340 = CARTESIAN_POINT ( 'NONE',  ( 0.7398306497136468700, 0.3826670624473477700, -0.01000000000000000000 ) ) ;
#1341 = DIRECTION ( 'NONE',  ( 1.106190048102486900E-013, 1.000000000000000000, 9.125743083008812900E-014 ) ) ;
#1342 = LINE ( 'NONE', #8636, #4931 ) ;
#1343 = DIRECTION ( 'NONE',  ( 1.000000000000000000, 0.0000000000000000000, 0.0000000000000000000 ) ) ;
#1344 = PLANE ( 'NONE',  #1750 ) ;
#1345 = EDGE_LOOP ( 'NONE', ( #4268, #2456, #4560, #5673 ) ) ;
#1346 = ITEM_DEFINED_TRANSFORMATION ( 'NONE', 'NONE', #2224,  #2951 ) ;
#1347 = CARTESIAN_POINT ( 'NONE',  ( 0.1333359709829823300, 0.06007260175652487400, -0.002642438162315015600 ) ) ;
#1348 = PERSON_AND_ORGANIZATION_ROLE ( 'classification_officer' ) ;
#1349 = LINE ( 'NONE', #7989, #3215 ) ;
#1350 = AXIS2_PLACEMENT_3D ( 'NONE', #8621, #8954, #8487 ) ;
#1351 = VECTOR ( 'NONE', #8442, 39.37007874015748100 ) ;
#1352 = DIRECTION ( 'NONE',  ( 1.000000000000000000, 0.0000000000000000000, 0.0000000000000000000 ) ) ;
#1353 = CARTESIAN_POINT ( 'NONE',  ( 1.004362961706134300, 0.2366589681657897700, -0.01000000000000000000 ) ) ;
#1354 = DIRECTION ( 'NONE',  ( 0.0000000000000000000, 0.0000000000000000000, -1.000000000000000000 ) ) ;
#1355 = EDGE_CURVE ( 'NONE', #1933, #7100, #3682, .T. ) ;
#1356 = ORIENTED_EDGE ( 'NONE', *, *, #8206, .F. ) ;
#1357 = DIRECTION ( 'NONE',  ( 0.0000000000000000000, 0.0000000000000000000, -1.000000000000000000 ) ) ;
#1358 = ORIENTED_EDGE ( 'NONE', *, *, #5766, .F. ) ;
#1359 = VECTOR ( 'NONE', #727, 39.37007874015748100 ) ;
#1360 = VECTOR ( 'NONE', #4389, 39.37007874015748100 ) ;
#1361 = EDGE_LOOP ( 'NONE', ( #6606, #5320, #845, #8018 ) ) ;
#1362 = DIRECTION ( 'NONE',  ( 1.000000000000000000, 0.0000000000000000000, -0.0000000000000000000 ) ) ;
#1363 = VERTEX_POINT ( 'NONE', #8948 ) ;
#1364 = DIRECTION ( 'NONE',  ( 4.313434190716670600E-014, -9.125743083152196300E-014, -1.000000000000000000 ) ) ;
#1365 = AXIS2_PLACEMENT_3D ( 'NONE', #4583, #9325, #5340 ) ;
#1366 = ORIENTED_EDGE ( 'NONE', *, *, #6121, .F. ) ;
#1367 = CARTESIAN_POINT ( 'NONE',  ( 1.147500000000000200, 0.5999999999999999800, 0.0000000000000000000 ) ) ;
#1368 = EDGE_CURVE ( 'NONE', #8547, #3001, #1339, .T. ) ;
#1369 = FACE_OUTER_BOUND ( 'NONE', #3023, .T. ) ;
#1370 = EDGE_CURVE ( 'NONE', #3264, #6084, #1577, .T. ) ;
#1371 = CARTESIAN_POINT ( 'NONE',  ( 0.4374999999999998900, 0.4782500000000009500, -0.2307499999999999000 ) ) ;
#1372 = EDGE_LOOP ( 'NONE', ( #1614, #8109, #4080, #3250 ) ) ;
#1373 = CARTESIAN_POINT ( 'NONE',  ( 0.1333752732760259400, 0.06042633471900319500, -0.003202798872534228200 ) ) ;
#1374 = DIRECTION ( 'NONE',  ( 0.0000000000000000000, 1.000000000000000000, 0.0000000000000000000 ) ) ;
#1375 = ORIENTED_EDGE ( 'NONE', *, *, #4403, .T. ) ;
#1376 = PLANE ( 'NONE',  #2599 ) ;
#1377 = CARTESIAN_POINT ( 'NONE',  ( 0.9374999999999998900, 0.3450000000000002000, -0.2725000000000000200 ) ) ;
#1378 = VERTEX_POINT ( 'NONE', #1852 ) ;
#1379 = DIRECTION ( 'NONE',  ( -0.0000000000000000000, 0.0000000000000000000, 1.000000000000000000 ) ) ;
#1380 = DIRECTION ( 'NONE',  ( 1.000000000000000000, 0.0000000000000000000, 0.0000000000000000000 ) ) ;
#1381 = CARTESIAN_POINT ( 'NONE',  ( 0.9547938271769670400, 0.2965345564089693600, -0.01000000000000000000 ) ) ;
#1382 = VERTEX_POINT ( 'NONE', #2629 ) ;
#1383 = EDGE_CURVE ( 'NONE', #1067, #3483, #1077, .T. ) ;
#1384 = CARTESIAN_POINT ( 'NONE',  ( 0.1334148334565505300, 0.06078238874968311400, -0.003766836467759582300 ) ) ;
#1385 = CALENDAR_DATE ( 2019, 15, 10 ) ;
#1386 = VERTEX_POINT ( 'NONE', #7711 ) ;
#1387 = DATE_TIME_ROLE ( 'classification_date' ) ;
#1388 = EDGE_CURVE ( 'NONE', #6250, #50, #7045, .T. ) ;
#1389 = ADVANCED_FACE ( 'NONE', ( #3203 ), #8982, .T. ) ;
#1390 = CARTESIAN_POINT ( 'NONE',  ( -0.0000000000000000000, 0.4094147637527355600, 0.0000000000000000000 ) ) ;
#1391 = ORIENTED_EDGE ( 'NONE', *, *, #2760, .T. ) ;
#1392 = ORIENTED_EDGE ( 'NONE', *, *, #740, .T. ) ;
#1393 = DIRECTION ( 'NONE',  ( 1.000000000000000000, 1.108302649210530400E-013, -4.313434190793084700E-014 ) ) ;
#1394 = CARTESIAN_POINT ( 'NONE',  ( 0.1334731652159567000, 0.06123978199768031300, -0.004276669965631315700 ) ) ;
#1395 = CARTESIAN_POINT ( 'NONE',  ( 0.3361881571574317200, 0.01249999999995218000, 0.005999999999738443700 ) ) ;
#1396 = DIRECTION ( 'NONE',  ( 0.0000000000000000000, -0.0000000000000000000, -1.000000000000000000 ) ) ;
#1397 = CARTESIAN_POINT ( 'NONE',  ( 0.5374999999999999800, 0.3450000000000002000, -0.09750000000000003100 ) ) ;
#1398 = ORIENTED_EDGE ( 'NONE', *, *, #7377, .F. ) ;
#1399 = AXIS2_PLACEMENT_3D ( 'NONE', #7707, #7782, #7740 ) ;
#1400 = EDGE_LOOP ( 'NONE', ( #3209, #3219, #2982, #3176 ) ) ;
#1401 = EDGE_LOOP ( 'NONE', ( #7072, #6952, #6971, #8101 ) ) ;
#1402 = VECTOR ( 'NONE', #7879, 39.37007874015748100 ) ;
#1403 = ORIENTED_EDGE ( 'NONE', *, *, #108, .T. ) ;
#1404 = CARTESIAN_POINT ( 'NONE',  ( 0.4374999999999998900, 0.3450000000000002000, -0.2725000000000000200 ) ) ;
#1405 = CARTESIAN_POINT ( 'NONE',  ( 0.9374999999999998900, 0.5579999999999999400, -0.2610000000000000700 ) ) ;
#1406 = CARTESIAN_POINT ( 'NONE',  ( 0.8021601555077879600, 0.2366589681657876300, 0.0000000000000000000 ) ) ;
#1407 = CARTESIAN_POINT ( 'NONE',  ( 0.1335575124912743700, 0.06175791394949432800, -0.004690073772012010200 ) ) ;
#1408 = ORIENTED_EDGE ( 'NONE', *, *, #4267, .T. ) ;
#1409 = EDGE_LOOP ( 'NONE', ( #4772, #4241, #454, #5505 ) ) ;
#1410 = DIRECTION ( 'NONE',  ( 1.000000000000000000, 1.105747997435532900E-013, -4.313434190744412600E-014 ) ) ;
#1411 = ORIENTED_EDGE ( 'NONE', *, *, #3137, .F. ) ;
#1412 = DIRECTION ( 'NONE',  ( -0.0000000000000000000, -0.0000000000000000000, 1.000000000000000000 ) ) ;
#1413 = AXIS2_PLACEMENT_3D ( 'NONE', #688, #324, #2408 ) ;
#1414 = CARTESIAN_POINT ( 'NONE',  ( 0.6624999999999999800, 0.5579999999999999400, -0.1089999999999998900 ) ) ;
#1415 = VECTOR ( 'NONE', #5995, 39.37007874015748100 ) ;
#1416 = VERTEX_POINT ( 'NONE', #4181 ) ;
#1417 = CARTESIAN_POINT ( 'NONE',  ( 0.5575045756779735100, 0.3250000000000201600, 0.0000000000000000000 ) ) ;
#1418 = EDGE_CURVE ( 'NONE', #5421, #5422, #6821, .T. ) ;
#1419 = CARTESIAN_POINT ( 'NONE',  ( 0.5837132034361040000, 0.01600000000000120800, 0.008999999999495250300 ) ) ;
#1420 = APPROVAL_ROLE ( '' ) ;
#1421 = ORIENTED_EDGE ( 'NONE', *, *, #2540, .T. ) ;
#1422 = DIRECTION ( 'NONE',  ( 0.0000000000000000000, -1.000000000000000000, 0.0000000000000000000 ) ) ;
#1423 = CYLINDRICAL_SURFACE ( 'NONE', #8807, 0.006870969142657995000 ) ;
#1424 = ORIENTED_EDGE ( 'NONE', *, *, #6637, .T. ) ;
#1425 = AXIS2_PLACEMENT_3D ( 'NONE', #5616, #5271, #6873 ) ;
#1426 = DIRECTION ( 'NONE',  ( 0.0000000000000000000, -1.000000000000000000, 0.0000000000000000000 ) ) ;
#1427 = PLANE ( 'NONE',  #8763 ) ;
#1428 = EDGE_CURVE ( 'NONE', #5358, #7285, #5192, .T. ) ;
#1429 = EDGE_CURVE ( 'NONE', #257, #6973, #8384, .T. ) ;
#1430 = CARTESIAN_POINT ( 'NONE',  ( 0.1336443312326485200, 0.06229122772581736200, -0.005115590755389143300 ) ) ;
#1431 = CARTESIAN_POINT ( 'NONE',  ( 0.0000000000000000000, 0.2268432979619844400, 0.0000000000000000000 ) ) ;
#1432 = FACE_OUTER_BOUND ( 'NONE', #3717, .T. ) ;
#1433 = VERTEX_POINT ( 'NONE', #3154 ) ;
#1434 = LINE ( 'NONE', #2839, #931 ) ;
#1435 = DIRECTION ( 'NONE',  ( 1.000000000000000000, 0.0000000000000000000, 0.0000000000000000000 ) ) ;
#1436 = CARTESIAN_POINT ( 'NONE',  ( 0.1337619042647999200, 0.06290415726338929900, -0.005450923268435099500 ) ) ;
#1437 = DIMENSIONAL_EXPONENTS ( 1.000000000000000000, 0.0000000000000000000, 0.0000000000000000000, 0.0000000000000000000, 0.0000000000000000000, 0.0000000000000000000, 0.0000000000000000000 ) ;
#1438 = CIRCLE ( 'NONE', #6557, 0.03999999999999998000 ) ;
#1439 = SECURITY_CLASSIFICATION ( '', '', #9186 ) ;
#1440 = FACE_OUTER_BOUND ( 'NONE', #5336, .T. ) ;
#1441 = VECTOR ( 'NONE', #2658, 39.37007874015748100 ) ;
#1442 = DIRECTION ( 'NONE',  ( -1.000000000000000000, 0.0000000000000000000, -0.0000000000000000000 ) ) ;
#1443 = EDGE_CURVE ( 'NONE', #1332, #8538, #600, .T. ) ;
#1444 = DIRECTION ( 'NONE',  ( 4.313434190716670600E-014, -9.125743083152196300E-014, -1.000000000000000000 ) ) ;
#1445 = CARTESIAN_POINT ( 'NONE',  ( 0.5974999999999999200, 0.5999999999999999800, -0.2974999999999999900 ) ) ;
#1446 = VECTOR ( 'NONE', #1307, 39.37007874015748100 ) ;
#1447 = CARTESIAN_POINT ( 'NONE',  ( 0.1339104363772807800, 0.06353880883220997000, -0.005670425839644438800 ) ) ;
#1448 = LINE ( 'NONE', #5371, #5283 ) ;
#1449 = ORIENTED_EDGE ( 'NONE', *, *, #9211, .F. ) ;
#1450 = APPROVAL_STATUS ( 'not_yet_approved' ) ;
#1451 = FACE_OUTER_BOUND ( 'NONE', #1641, .T. ) ;
#1452 = DIRECTION ( 'NONE',  ( -0.0000000000000000000, 1.000000000000000000, -0.0000000000000000000 ) ) ;
#1453 = EDGE_CURVE ( 'NONE', #6225, #441, #2690, .T. ) ;
#1454 = CARTESIAN_POINT ( 'NONE',  ( 0.3674999999999998300, 0.2699999999999999100, -0.2210000000000000900 ) ) ;
#1455 = LINE ( 'NONE', #753, #8854 ) ;
#1456 = AXIS2_PLACEMENT_3D ( 'NONE', #735, #6063, #1530 ) ;
#1457 = CARTESIAN_POINT ( 'NONE',  ( 0.6374999999999998400, 0.3450000000000002000, -0.2725000000000000200 ) ) ;
#1458 = VECTOR ( 'NONE', #1788, 39.37007874015748100 ) ;
#1459 = DIRECTION ( 'NONE',  ( 0.0000000000000000000, 1.352399996863497200E-015, -1.000000000000000000 ) ) ;
#1460 = LINE ( 'NONE', #2057, #8857 ) ;
#1461 = CARTESIAN_POINT ( 'NONE',  ( 0.0000000000000000000, 0.5999999999999999800, 0.0000000000000000000 ) ) ;
#1462 = EDGE_LOOP ( 'NONE', ( #5306, #5296, #5276, #5268 ) ) ;
#1463 = LOCAL_TIME ( 8, 51, 22.00000000000000000, #3566 ) ;
#1464 = DIRECTION ( 'NONE',  ( 0.0000000000000000000, -1.000000000000000000, 0.0000000000000000000 ) ) ;
#1465 = PLANE ( 'NONE',  #9222 ) ;
#1466 = VECTOR ( 'NONE', #6489, 39.37007874015748100 ) ;
#1467 = CYLINDRICAL_SURFACE ( 'NONE', #2512, 0.006870969142662229500 ) ;
#1468 = CARTESIAN_POINT ( 'NONE',  ( 0.3462132034364645000, 0.01249999999998504600, 0.005999999999729974800 ) ) ;
#1469 = CARTESIAN_POINT ( 'NONE',  ( 0.5506336065353354400, 0.2337142671046477700, -0.01000000000000000000 ) ) ;
#1470 = AXIS2_PLACEMENT_3D ( 'NONE', #825, #826, #424 ) ;
#1471 = CARTESIAN_POINT ( 'NONE',  ( 0.5371370600050839900, 0.3318709691426837100, 0.0000000000000000000 ) ) ;
#1472 = DIRECTION ( 'NONE',  ( -1.000000000000000000, 0.0000000000000000000, -0.0000000000000000000 ) ) ;
#1473 = ORIENTED_EDGE ( 'NONE', *, *, #3752, .T. ) ;
#1474 = CALENDAR_DATE ( 2019, 15, 10 ) ;
#1475 = EDGE_CURVE ( 'NONE', #3598, #1277, #6600, .T. ) ;
#1476 = LOCAL_TIME ( 8, 51, 22.00000000000000000, #3576 ) ;
#1477 = PRODUCT_DEFINITION_SHAPE ( 'NONE', 'NONE',  #9372 ) ;
#1478 = VECTOR ( 'NONE', #6184, 39.37007874015748100 ) ;
#1479 = FACE_OUTER_BOUND ( 'NONE', #8715, .T. ) ;
#1480 = DIRECTION ( 'NONE',  ( 0.0000000000000000000, 1.707404996040164500E-016, -1.000000000000000000 ) ) ;
#1481 = ORIENTED_EDGE ( 'NONE', *, *, #6098, .T. ) ;
#1482 = SECURITY_CLASSIFICATION_LEVEL ( 'unclassified' ) ;
#1483 = VERTEX_POINT ( 'NONE', #8129 ) ;
#1484 = LINE ( 'NONE', #1600, #3585 ) ;
#1485 = VECTOR ( 'NONE', #8788, 39.37007874015748100 ) ;
#1486 = EDGE_CURVE ( 'NONE', #3632, #1594, #343, .T. ) ;
#1487 = PLANE ( 'NONE',  #7795 ) ;
#1488 = ORIENTED_EDGE ( 'NONE', *, *, #3694, .F. ) ;
#1489 = DIRECTION ( 'NONE',  ( 1.000000000000000000, 0.0000000000000000000, 0.0000000000000000000 ) ) ;
#1490 = VERTEX_POINT ( 'NONE', #4359 ) ;
#1491 = ORIENTED_EDGE ( 'NONE', *, *, #719, .T. ) ;
#1492 = CARTESIAN_POINT ( 'NONE',  ( 0.4365264404161153800, 0.4133410318342099500, -0.01000000000000000000 ) ) ;
#1493 = SECURITY_CLASSIFICATION ( '', '', #382 ) ;
#1494 = LOCAL_TIME ( 8, 51, 22.00000000000000000, #3600 ) ;
#1495 = ORIENTED_EDGE ( 'NONE', *, *, #5835, .F. ) ;
#1496 = CARTESIAN_POINT ( 'NONE',  ( 0.8615449602408067300, 0.4133410318342007900, -0.01000000000000000000 ) ) ;
#1497 = EDGE_CURVE ( 'NONE', #443, #2777, #2445, .T. ) ;
#1498 = DIRECTION ( 'NONE',  ( 0.0000000000000000000, -1.352399996863497400E-015, -1.000000000000000000 ) ) ;
#1499 = VERTEX_POINT ( 'NONE', #4680 ) ;
#1500 = DIRECTION ( 'NONE',  ( 4.313434190716670600E-014, -9.125743083152196300E-014, -1.000000000000000000 ) ) ;
#1501 = ORIENTED_EDGE ( 'NONE', *, *, #5094, .F. ) ;
#1502 = ORIENTED_EDGE ( 'NONE', *, *, #444, .T. ) ;
#1503 = DIRECTION ( 'NONE',  ( 0.0000000000000000000, -1.000000000000000000, 0.0000000000000000000 ) ) ;
#1504 = PERSON_AND_ORGANIZATION ( #6536, #5561 ) ;
#1505 = ORIENTED_EDGE ( 'NONE', *, *, #7758, .F. ) ;
#1506 = DIRECTION ( 'NONE',  ( 0.9557790087218807100, -0.2940858488377487400, -6.806441755994377800E-014 ) ) ;
#1507 = DIRECTION ( 'NONE',  ( -4.313434190716670600E-014, 9.125743083152196300E-014, 1.000000000000000000 ) ) ;
#1508 = EDGE_CURVE ( 'NONE', #9119, #699, #4483, .T. ) ;
#1509 = ORIENTED_EDGE ( 'NONE', *, *, #5939, .F. ) ;
#1510 = CC_DESIGN_DATE_AND_TIME_ASSIGNMENT ( #8578, #5330, ( #8896 ) ) ;
#1511 = FACE_OUTER_BOUND ( 'NONE', #7404, .T. ) ;
#1512 = VERTEX_POINT ( 'NONE', #8656 ) ;
#1514 = DIRECTION ( 'NONE',  ( 0.0000000000000000000, -0.0000000000000000000, -1.000000000000000000 ) ) ;
#1513 = CARTESIAN_POINT ( 'NONE',  ( 0.9547938271769774700, 0.3637718973050450000, -0.01000000000000000000 ) ) ;
#1515 = EDGE_LOOP ( 'NONE', ( #9342, #1155, #4782, #5807 ) ) ;
#1516 = DIRECTION ( 'NONE',  ( 0.0000000000000000000, -1.000000000000000000, 0.0000000000000000000 ) ) ;
#1517 = CARTESIAN_POINT ( 'NONE',  ( 0.2068417218041459800, 0.1108502649550097700, -0.02500000000070905900 ) ) ;
#1518 = CARTESIAN_POINT ( 'NONE',  ( 0.6990956183678961300, 0.4231567020380508400, 0.0000000000000000000 ) ) ;
#1519 = VERTEX_POINT ( 'NONE', #595 ) ;
#1520 = FACE_OUTER_BOUND ( 'NONE', #3266, .T. ) ;
#1521 = ORIENTED_EDGE ( 'NONE', *, *, #1817, .F. ) ;
#1522 = CARTESIAN_POINT ( 'NONE',  ( 0.1488389218505743700, 0.06550000000013132800, 0.005999999999337408600 ) ) ;
#1523 = CARTESIAN_POINT ( 'NONE',  ( 0.1340587650854258300, 0.06417259129011128300, -0.005889627817440267100 ) ) ;
#1524 = AXIS2_PLACEMENT_3D ( 'NONE', #7405, #3225, #8070 ) ;
#1525 = DIRECTION ( 'NONE',  ( 1.000000000000000000, 0.0000000000000000000, 0.0000000000000000000 ) ) ;
#1526 = DIRECTION ( 'NONE',  ( 0.0000000000000000000, 0.0000000000000000000, -1.000000000000000000 ) ) ;
#1527 = EDGE_CURVE ( 'NONE', #7240, #8529, #4253, .T. ) ;
#1528 = EDGE_LOOP ( 'NONE', ( #4874, #3594, #3799, #7974 ) ) ;
#1529 = DIRECTION ( 'NONE',  ( -0.0000000000000000000, -0.0000000000000000000, 1.000000000000000000 ) ) ;
#1530 = DIRECTION ( 'NONE',  ( -1.000000000000000000, -1.104980969135427500E-013, 4.316835273007209500E-014 ) ) ;
#1531 = CIRCLE ( 'NONE', #4025, 0.03099999999999998900 ) ;
#1532 = ORIENTED_EDGE ( 'NONE', *, *, #5993, .T. ) ;
#1533 = DIRECTION ( 'NONE',  ( -1.000000000000000000, -0.0000000000000000000, -0.0000000000000000000 ) ) ;
#1534 = PERSON ( 'NAUO-PER12', 'UNSPECIFIED', 'UNSPECIFIED', ('UNSPECIFIED'), ('UNSPECIFIED'), ('UNSPECIFIED') ) ;
#1535 = AXIS2_PLACEMENT_3D ( 'NONE', #7262, #7048, #8723 ) ;
#1536 = DIRECTION ( 'NONE',  ( -1.000000000000000000, 0.0000000000000000000, -0.0000000000000000000 ) ) ;
#1537 = CARTESIAN_POINT ( 'NONE',  ( 0.5940679471871620500, 0.2405852362473140900, -0.01000000000000000000 ) ) ;
#1538 = LINE ( 'NONE', #7684, #5152 ) ;
#1539 = EDGE_LOOP ( 'NONE', ( #1473, #2285, #5103, #6230, #2505, #5453, #3355, #3551 ) ) ;
#1540 = EDGE_CURVE ( 'NONE', #1634, #1863, #2204, .T. ) ;
#1541 = VECTOR ( 'NONE', #38, 39.37007874015748100 ) ;
#1542 = ORIENTED_EDGE ( 'NONE', *, *, #8245, .F. ) ;
#1543 = CARTESIAN_POINT ( 'NONE',  ( 0.9975000000000000500, 0.5999999999999999800, -0.3310000000000002400 ) ) ;
#1544 = LINE ( 'NONE', #731, #8941 ) ;
#1545 = DIRECTION ( 'NONE',  ( 0.0000000000000000000, 0.0000000000000000000, -1.000000000000000000 ) ) ;
#1546 = CARTESIAN_POINT ( 'NONE',  ( 0.5734550397591692300, 0.2366589681657897700, 0.0000000000000000000 ) ) ;
#1547 = LINE ( 'NONE', #6223, #8943 ) ;
#1548 = CARTESIAN_POINT ( 'NONE',  ( 0.9449781569731790000, 0.0000000000000000000, 0.0000000000000000000 ) ) ;
#1549 = ORIENTED_EDGE ( 'NONE', *, *, #2437, .F. ) ;
#1550 = LINE ( 'NONE', #1990, #8946 ) ;
#1551 = AXIS2_PLACEMENT_3D ( 'NONE', #5093, #467, #5811 ) ;
#1552 = CARTESIAN_POINT ( 'NONE',  ( 0.3674999999999998300, 0.2699999999999999100, -0.1490000000000000800 ) ) ;
#1553 = CARTESIAN_POINT ( 'NONE',  ( 0.1342422492891807400, 0.06484521789774067000, -0.006000000000335271900 ) ) ;
#1554 = EDGE_CURVE ( 'NONE', #6316, #562, #5960, .T. ) ;
#1555 = EDGE_CURVE ( 'NONE', #2396, #2889, #91, .T. ) ;
#1556 = CARTESIAN_POINT ( 'NONE',  ( 0.1344495932427529600, 0.06550000000011525800, -0.006000000000344093800 ) ) ;
#1557 = DIRECTION ( 'NONE',  ( 0.0000000000000000000, 0.0000000000000000000, -1.000000000000000000 ) ) ;
#1558 = CIRCLE ( 'NONE', #8505, 0.03100000000000002400 ) ;
#1559 = CARTESIAN_POINT ( 'NONE',  ( 0.7374999999999998200, 0.5579999999999996100, -0.09749999999999962900 ) ) ;
#1560 = VECTOR ( 'NONE', #4184, 39.37007874015748100 ) ;
#1561 = DIRECTION ( 'NONE',  ( -1.000000000000000000, -0.0000000000000000000, -0.0000000000000000000 ) ) ;
#1562 = VECTOR ( 'NONE', #8521, 39.37007874015748100 ) ;
#1563 = VERTEX_POINT ( 'NONE', #2105 ) ;
#1564 = ORIENTED_EDGE ( 'NONE', *, *, #4351, .F. ) ;
#1565 = DIRECTION ( 'NONE',  ( 1.000000000000000000, 0.0000000000000000000, 0.0000000000000000000 ) ) ;
#1566 = CARTESIAN_POINT ( 'NONE',  ( 0.3924999999999996800, 0.05000000000000000300, -0.1499999999999999900 ) ) ;
#1567 = VECTOR ( 'NONE', #2263, 39.37007874015748100 ) ;
#1568 = LINE ( 'NONE', #4409, #9346 ) ;
#1569 = PLANE ( 'NONE',  #3479 ) ;
#1570 = CYLINDRICAL_SURFACE ( 'NONE', #8745, 0.01350000000000000700 ) ;
#1571 = EDGE_CURVE ( 'NONE', #4496, #1245, #9261, .T. ) ;
#1572 = DIRECTION ( 'NONE',  ( -1.000000000000000000, -0.0000000000000000000, -8.537024980200836600E-016 ) ) ;
#1573 = DIRECTION ( 'NONE',  ( -4.313434190716670600E-014, 9.125743083152196300E-014, 1.000000000000000000 ) ) ;
#1574 = ORIENTED_EDGE ( 'NONE', *, *, #4418, .T. ) ;
#1575 = VERTEX_POINT ( 'NONE', #776 ) ;
#1576 = LINE ( 'NONE', #8237, #3903 ) ;
#1577 = LINE ( 'NONE', #246, #3452 ) ;
#1578 = ORIENTED_EDGE ( 'NONE', *, *, #5876, .F. ) ;
#1579 = LINE ( 'NONE', #8911, #7259 ) ;
#1580 = EDGE_CURVE ( 'NONE', #5590, #4746, #5738, .T. ) ;
#1581 = ORIENTED_EDGE ( 'NONE', *, *, #8650, .T. ) ;
#1582 = CARTESIAN_POINT ( 'NONE',  ( 0.5057269153529095900, 0.0000000000000000000, -0.01000000000000000000 ) ) ;
#1583 = CARTESIAN_POINT ( 'NONE',  ( 0.7496463199174502300, 0.3318709691426852100, -0.01000000000000000000 ) ) ;
#1584 = ORGANIZATION ( 'NAUO-ORG4', 'UNSPECIFIED', 'UNSPECIFIED' ) ;
#1585 = DIRECTION ( 'NONE',  ( -4.313434190716670600E-014, 9.125743083152196300E-014, 1.000000000000000000 ) ) ;
#1586 = DIRECTION ( 'NONE',  ( 0.0000000000000000000, -1.000000000000000000, -1.979599995408886100E-016 ) ) ;
#1587 = APPROVAL_DATE_TIME ( #3691, #7173 ) ;
#1588 = VECTOR ( 'NONE', #8008, 39.37007874015748100 ) ;
#1589 = LINE ( 'NONE', #2751, #1351 ) ;
#1590 = DIRECTION ( 'NONE',  ( 0.0000000000000000000, 0.0000000000000000000, 1.000000000000000000 ) ) ;
#1591 = DIRECTION ( 'NONE',  ( 0.0000000000000000000, -1.000000000000000000, 0.0000000000000000000 ) ) ;
#1592 = DIRECTION ( 'NONE',  ( 0.0000000000000000000, 1.000000000000000000, 0.0000000000000000000 ) ) ;
#1593 = DIRECTION ( 'NONE',  ( 0.0000000000000000000, 1.000000000000000000, -0.0000000000000000000 ) ) ;
#1594 = VERTEX_POINT ( 'NONE', #4417 ) ;
#1595 = CARTESIAN_POINT ( 'NONE',  ( 0.7624999999999998400, 0.5579999999999999400, -0.1089999999999998900 ) ) ;
#1596 = FACE_OUTER_BOUND ( 'NONE', #1251, .T. ) ;
#1597 = DIRECTION ( 'NONE',  ( -4.313434190716670600E-014, 9.125743083152196300E-014, 1.000000000000000000 ) ) ;
#1598 = ORIENTED_EDGE ( 'NONE', *, *, #4478, .T. ) ;
#1599 = AXIS2_PLACEMENT_3D ( 'NONE', #9022, #970, #7664 ) ;
#1600 = CARTESIAN_POINT ( 'NONE',  ( 0.8374999999999999100, 0.2700000000000001800, -0.1480000000000000200 ) ) ;
#1601 = FACE_OUTER_BOUND ( 'NONE', #3386, .T. ) ;
#1602 = CARTESIAN_POINT ( 'NONE',  ( 0.3361881571570967100, 0.02550000000000123700, -0.02500000000011651900 ) ) ;
#1603 = EDGE_LOOP ( 'NONE', ( #3445, #3366, #3342, #3316 ) ) ;
#1604 = EDGE_CURVE ( 'NONE', #2660, #7925, #9063, .T. ) ;
#1605 = CARTESIAN_POINT ( 'NONE',  ( -1.634053534412023700E-015, 0.2268432979619815800, -0.01000000000000000000 ) ) ;
#1606 = CARTESIAN_POINT ( 'NONE',  ( 0.8332132034358986600, 0.01600000000014185600, -0.009000000000577608500 ) ) ;
#1607 = VERTEX_POINT ( 'NONE', #95 ) ;
#1608 = DIRECTION ( 'NONE',  ( 1.000000000000000000, -0.0000000000000000000, -0.0000000000000000000 ) ) ;
#1609 = DIRECTION ( 'NONE',  ( 0.0000000000000000000, -1.000000000000000000, -1.979599995408885400E-016 ) ) ;
#1610 = AXIS2_PLACEMENT_3D ( 'NONE', #8977, #338, #362 ) ;
#1611 = VECTOR ( 'NONE', #9279, 39.37007874015748100 ) ;
#1612 = DIRECTION ( 'NONE',  ( 1.000000000000000000, 0.0000000000000000000, -0.0000000000000000000 ) ) ;
#1613 = EDGE_LOOP ( 'NONE', ( #4762, #1637, #2509, #2818, #3669, #2070, #7636, #6550, #4845 ) ) ;
#1614 = ORIENTED_EDGE ( 'NONE', *, *, #6062, .T. ) ;
#1615 = CARTESIAN_POINT ( 'NONE',  ( 0.3564999999999999800, 0.5999999999999999800, -0.3440000000000000800 ) ) ;
#1616 = AXIS2_PLACEMENT_3D ( 'NONE', #2962, #2851, #7846 ) ;
#1617 = ORIENTED_EDGE ( 'NONE', *, *, #8650, .F. ) ;
#1618 = ORIENTED_EDGE ( 'NONE', *, *, #5235, .F. ) ;
#1619 = DIRECTION ( 'NONE',  ( 0.0000000000000000000, 0.0000000000000000000, 1.000000000000000000 ) ) ;
#1620 = EDGE_CURVE ( 'NONE', #9126, #9065, #4009, .T. ) ;
#1621 = EDGE_CURVE ( 'NONE', #2355, #2799, #5510, .T. ) ;
#1622 = VERTEX_POINT ( 'NONE', #2679 ) ;
#1623 = CARTESIAN_POINT ( 'NONE',  ( 0.8202132034361313600, 0.01600000000015627500, 0.008999999999328061100 ) ) ;
#1624 = DIRECTION ( 'NONE',  ( 0.0000000000000000000, -1.979599995408886100E-016, 1.000000000000000000 ) ) ;
#1625 = DIRECTION ( 'NONE',  ( 0.0000000000000000000, -3.691686477924679400E-015, -1.000000000000000000 ) ) ;
#1626 = DATE_AND_TIME ( #3719, #5670 ) ;
#1627 = VERTEX_POINT ( 'NONE', #3391 ) ;
#1628 = EDGE_LOOP ( 'NONE', ( #2846, #2550, #717, #3217 ) ) ;
#1629 = ADVANCED_FACE ( 'NONE', ( #5290 ), #3702, .F. ) ;
#1630 = CARTESIAN_POINT ( 'NONE',  ( 0.5837132034361040000, 0.01600000000000120800, 0.008999999999495250300 ) ) ;
#1631 = ORIENTED_EDGE ( 'NONE', *, *, #6817, .F. ) ;
#1632 = CC_DESIGN_SECURITY_CLASSIFICATION ( #8570, ( #6350 ) ) ;
#1633 = ORIENTED_EDGE ( 'NONE', *, *, #303, .T. ) ;
#1634 = VERTEX_POINT ( 'NONE', #3757 ) ;
#1635 = DIRECTION ( 'NONE',  ( 1.000000000000000000, -0.0000000000000000000, -0.0000000000000000000 ) ) ;
#1636 = VERTEX_POINT ( 'NONE', #2609 ) ;
#1637 = ORIENTED_EDGE ( 'NONE', *, *, #8960, .F. ) ;
#1638 = DIRECTION ( 'NONE',  ( -0.9557790087217704600, -0.2940858488381065700, 1.438937954223923900E-014 ) ) ;
#1639 = EDGE_CURVE ( 'NONE', #202, #4150, #7149, .T. ) ;
#1640 = DIRECTION ( 'NONE',  ( -0.0000000000000000000, 0.0000000000000000000, -1.000000000000000000 ) ) ;
#1641 = EDGE_LOOP ( 'NONE', ( #5204, #5625, #5611, #5595 ) ) ;
#1642 = CARTESIAN_POINT ( 'NONE',  ( 0.4374999999999998900, 0.3450000000000002000, -0.09750000000000005900 ) ) ;
#1643 = DIRECTION ( 'NONE',  ( 1.000000000000000000, 0.0000000000000000000, 0.0000000000000000000 ) ) ;
#1644 = FACE_OUTER_BOUND ( 'NONE', #525, .T. ) ;
#1645 = ORIENTED_EDGE ( 'NONE', *, *, #8290, .T. ) ;
#1646 = CARTESIAN_POINT ( 'NONE',  ( 1.014178631909972200, 0.3637718973050384500, -0.01000000000000000000 ) ) ;
#1647 = ORIENTED_EDGE ( 'NONE', *, *, #5029, .T. ) ;
#1648 = EDGE_CURVE ( 'NONE', #5350, #1291, #3557, .T. ) ;
#1649 = EDGE_LOOP ( 'NONE', ( #1948, #2098, #2388, #2864 ) ) ;
#1650 = AXIS2_PLACEMENT_3D ( 'NONE', #3517, #8417, #4255 ) ;
#1651 = ORIENTED_EDGE ( 'NONE', *, *, #2064, .F. ) ;
#1652 = LINE ( 'NONE', #4618, #7523 ) ;
#1653 = ORIENTED_EDGE ( 'NONE', *, *, #800, .T. ) ;
#1654 = DIRECTION ( 'NONE',  ( -0.0000000000000000000, -1.352399996863497200E-015, -1.000000000000000000 ) ) ;
#1655 = CARTESIAN_POINT ( 'NONE',  ( 0.3462132034356151800, 0.1190000000003127600, -3.687994791446755500E-013 ) ) ;
#1656 = PLANE ( 'NONE',  #1183 ) ;
#1657 = CARTESIAN_POINT ( 'NONE',  ( 0.7398306497136468700, 0.3083133606535453700, -0.01000000000000000000 ) ) ;
#1658 = ORIENTED_EDGE ( 'NONE', *, *, #895, .T. ) ;
#1659 = DIRECTION ( 'NONE',  ( -0.0000000000000000000, 0.0000000000000000000, 1.000000000000000000 ) ) ;
#1660 = DIRECTION ( 'NONE',  ( 0.0000000000000000000, 1.352399996863497200E-015, -1.000000000000000000 ) ) ;
#1661 = DIRECTION ( 'NONE',  ( 0.0000000000000000000, 0.0000000000000000000, -1.000000000000000000 ) ) ;
#1662 = LINE ( 'NONE', #6391, #7117 ) ;
#1663 = ORIENTED_EDGE ( 'NONE', *, *, #2616, .F. ) ;
#1664 = DIRECTION ( 'NONE',  ( -0.0000000000000000000, 1.000000000000000000, -0.0000000000000000000 ) ) ;
#1665 = EDGE_CURVE ( 'NONE', #765, #2637, #1208, .T. ) ;
#1666 = AXIS2_PLACEMENT_3D ( 'NONE', #6970, #6977, #5680 ) ;
#1667 = DIRECTION ( 'NONE',  ( -1.000000000000000000, -3.530861605407645300E-014, 0.0000000000000000000 ) ) ;
#1668 = CARTESIAN_POINT ( 'NONE',  ( 0.4374999999999998900, 0.5999999999999999800, -0.07250000000000000900 ) ) ;
#1669 = CYLINDRICAL_SURFACE ( 'NONE', #25, 0.009815670203806345400 ) ;
#1670 = VERTEX_POINT ( 'NONE', #4826 ) ;
#1671 = LINE ( 'NONE', #3527, #7543 ) ;
#1672 = CARTESIAN_POINT ( 'NONE',  ( 0.3924999999999996800, 0.05000000000000000300, -0.09750000000000005900 ) ) ;
#1673 = CARTESIAN_POINT ( 'NONE',  ( 0.7374999999999998200, 0.3450000000000002000, -0.2725000000000000200 ) ) ;
#1674 = ORIENTED_EDGE ( 'NONE', *, *, #4639, .F. ) ;
#1675 = AXIS2_PLACEMENT_3D ( 'NONE', #5974, #1789, #5988 ) ;
#1676 = CARTESIAN_POINT ( 'NONE',  ( 0.8615449602408067300, 0.4133410318342007900, 0.0000000000000000000 ) ) ;
#1677 = ADVANCED_FACE ( 'NONE', ( #5056 ), #936, .T. ) ;
#1678 = DIRECTION ( 'NONE',  ( -1.000000000000000000, -3.530861605407645300E-014, 0.0000000000000000000 ) ) ;
#1679 = ORIENTED_EDGE ( 'NONE', *, *, #4904, .F. ) ;
#1680 = EDGE_CURVE ( 'NONE', #2762, #4195, #3068, .T. ) ;
#1681 = FACE_OUTER_BOUND ( 'NONE', #3808, .T. ) ;
#1682 = CARTESIAN_POINT ( 'NONE',  ( 0.3784999999999999500, 0.5999999999999999800, -0.3130000000000000600 ) ) ;
#1683 = PLANE ( 'NONE',  #6616 ) ;
#1684 = LINE ( 'NONE', #6670, #9045 ) ;
#1685 = ORIENTED_EDGE ( 'NONE', *, *, #7737, .F. ) ;
#1686 = FACE_OUTER_BOUND ( 'NONE', #9136, .T. ) ;
#1687 = ORIENTED_EDGE ( 'NONE', *, *, #9351, .F. ) ;
#1688 = DIRECTION ( 'NONE',  ( 1.000000000000000000, 1.109813247426091100E-013, -4.313434190775515200E-014 ) ) ;
#1689 = DIRECTION ( 'NONE',  ( 4.313434190716670600E-014, -9.125743083152196300E-014, -1.000000000000000000 ) ) ;
#1690 = ORIENTED_EDGE ( 'NONE', *, *, #4946, .F. ) ;
#1691 = DIRECTION ( 'NONE',  ( 4.313434190716670600E-014, -9.125743083152196300E-014, -1.000000000000000000 ) ) ;
#1692 = VECTOR ( 'NONE', #3125, 39.37007874015748100 ) ;
#1693 = AXIS2_PLACEMENT_3D ( 'NONE', #7736, #3469, #8372 ) ;
#1694 = CARTESIAN_POINT ( 'NONE',  ( 0.3674999999999998300, 0.2699999999999999100, -0.1490000000000000800 ) ) ;
#1695 = ORIENTED_EDGE ( 'NONE', *, *, #2036, .T. ) ;
#1696 = ORIENTED_EDGE ( 'NONE', *, *, #8003, .F. ) ;
#1697 = DIRECTION ( 'NONE',  ( 1.000000000000000000, -0.0000000000000000000, -0.0000000000000000000 ) ) ;
#1698 = VECTOR ( 'NONE', #7752, 39.37007874015748100 ) ;
#1699 = CARTESIAN_POINT ( 'NONE',  ( 0.9974999999999999400, 0.2700000000000001800, -0.1480000000000000200 ) ) ;
#1700 = EDGE_CURVE ( 'NONE', #4685, #5001, #8661, .T. ) ;
#1701 = EDGE_CURVE ( 'NONE', #6895, #783, #8472, .T. ) ;
#1702 = CARTESIAN_POINT ( 'NONE',  ( 0.9374999999999998900, 0.2700000000000001800, -0.1480000000000000200 ) ) ;
#1703 = ORIENTED_EDGE ( 'NONE', *, *, #6790, .T. ) ;
#1704 = ADVANCED_FACE ( 'NONE', ( #4812 ), #626, .F. ) ;
#1705 = CARTESIAN_POINT ( 'NONE',  ( 0.6974999999999999000, 0.3450000000000002000, -0.09750000000000003100 ) ) ;
#1706 = CIRCLE ( 'NONE', #4203, 0.03150000000000006300 ) ;
#1707 = VECTOR ( 'NONE', #2827, 39.37007874015748100 ) ;
#1708 = LINE ( 'NONE', #1980, #5512 ) ;
#1709 = CARTESIAN_POINT ( 'NONE',  ( 0.5057269153529278000, 0.2867188862052003600, 0.0000000000000000000 ) ) ;
#1710 = ADVANCED_FACE ( 'NONE', ( #702 ), #2564, .T. ) ;
#1711 = ORIENTED_EDGE ( 'NONE', *, *, #6752, .T. ) ;
#1712 = COORDINATED_UNIVERSAL_TIME_OFFSET ( 5, 0, .BEHIND. ) ;
#1713 = CARTESIAN_POINT ( 'NONE',  ( 0.3784999999999999500, 0.4749999999999999800, -0.3130000000000000600 ) ) ;
#1714 = EDGE_CURVE ( 'NONE', #4162, #7212, #4581, .T. ) ;
#1715 = PLANE ( 'NONE',  #3544 ) ;
#1716 = CARTESIAN_POINT ( 'NONE',  ( 0.6397108136348436100, 0.3780046191005523900, 0.0000000000000000000 ) ) ;
#1717 = VECTOR ( 'NONE', #590, 39.37007874015748100 ) ;
#1718 = CC_DESIGN_APPROVAL ( #1037, ( #9360 ) ) ;
#1719 = AXIS2_PLACEMENT_3D ( 'NONE', #3291, #8232, #4032 ) ;
#1720 = LINE ( 'NONE', #6711, #5068 ) ;
#1721 = DIRECTION ( 'NONE',  ( -0.0000000000000000000, -0.0000000000000000000, 1.000000000000000000 ) ) ;
#1722 = ORIENTED_EDGE ( 'NONE', *, *, #1700, .F. ) ;
#1723 = DIRECTION ( 'NONE',  ( -0.7071067811861100300, -1.369070025512289200E-014, 0.7071067811869851100 ) ) ;
#1724 = DIRECTION ( 'NONE',  ( -4.313434190716670600E-014, 9.125743083152196300E-014, 1.000000000000000000 ) ) ;
#1725 = ITEM_DEFINED_TRANSFORMATION ( 'NONE', 'NONE', #6399,  #2951 ) ;
#1726 = ORIENTED_EDGE ( 'NONE', *, *, #2800, .T. ) ;
#1727 = PLANE ( 'NONE',  #3365 ) ;
#1728 = CONTEXT_DEPENDENT_SHAPE_REPRESENTATION ( #3007, #7506 ) ;
#1729 = CARTESIAN_POINT ( 'NONE',  ( 0.3924999999999996800, 0.05000000000000000300, -0.09750000000000003100 ) ) ;
#1730 = LINE ( 'NONE', #1921, #1478 ) ;
#1731 = FACE_OUTER_BOUND ( 'NONE', #1941, .T. ) ;
#1732 = CARTESIAN_POINT ( 'NONE',  ( 0.5624999999999998900, 0.5180000000000000200, -0.1489999999999998800 ) ) ;
#1733 = DIRECTION ( 'NONE',  ( -1.000000000000000000, -0.0000000000000000000, -0.0000000000000000000 ) ) ;
#1734 = CARTESIAN_POINT ( 'NONE',  ( 0.1332132034361219200, 0.05766667902981018100, 0.02483333951407116700 ) ) ;
#1735 = ORIENTED_EDGE ( 'NONE', *, *, #8700, .T. ) ;
#1736 = EDGE_LOOP ( 'NONE', ( #1753, #2496, #6944, #7790 ) ) ;
#1737 = CARTESIAN_POINT ( 'NONE',  ( 0.5371370600051254000, 0.4094147637527355600, -0.01000000000000000000 ) ) ;
#1738 = DIRECTION ( 'NONE',  ( 0.0000000000000000000, -1.000000000000000000, 0.0000000000000000000 ) ) ;
#1739 = FACE_OUTER_BOUND ( 'NONE', #3110, .T. ) ;
#1740 = ADVANCED_FACE ( 'NONE', ( #472 ), #4363, .F. ) ;
#1741 = VECTOR ( 'NONE', #822, 39.37007874015748100 ) ;
#1742 = ORIENTED_EDGE ( 'NONE', *, *, #3150, .T. ) ;
#1743 = CARTESIAN_POINT ( 'NONE',  ( 0.7398306497136468700, 0.0000000000000000000, 0.0000000000000000000 ) ) ;
#1744 = VERTEX_POINT ( 'NONE', #225 ) ;
#1745 = PLANE ( 'NONE',  #6387 ) ;
#1746 = DIRECTION ( 'NONE',  ( 0.0000000000000000000, -1.871128762783746500E-015, -1.000000000000000000 ) ) ;
#1747 = ORIENTED_EDGE ( 'NONE', *, *, #1907, .T. ) ;
#1748 = VERTEX_POINT ( 'NONE', #4941 ) ;
#1749 = DIRECTION ( 'NONE',  ( -0.0000000000000000000, 0.0000000000000000000, 1.000000000000000000 ) ) ;
#1750 = AXIS2_PLACEMENT_3D ( 'NONE', #1454, #1234, #1169 ) ;
#1751 = CARTESIAN_POINT ( 'NONE',  ( 0.3564999999999999800, 0.4749999999999999800, -0.3130000000000000600 ) ) ;
#1752 = EDGE_LOOP ( 'NONE', ( #5051, #5162, #4813, #536 ) ) ;
#1753 = ORIENTED_EDGE ( 'NONE', *, *, #9006, .F. ) ;
#1754 = EDGE_CURVE ( 'NONE', #7309, #3902, #8277, .T. ) ;
#1756 = PLANE ( 'NONE',  #9300 ) ;
#1755 = DIRECTION ( 'NONE',  ( 0.0000000000000000000, 0.0000000000000000000, 1.000000000000000000 ) ) ;
#1757 = CALENDAR_DATE ( 2019, 15, 10 ) ;
#1758 = EDGE_LOOP ( 'NONE', ( #4278, #4082, #7561, #4067, #4871, #6775, #2241, #2415 ) ) ;
#1759 = CARTESIAN_POINT ( 'NONE',  ( 0.6990956183678961300, 0.4231567020380508400, -0.01000000000000000000 ) ) ;
#1760 = CARTESIAN_POINT ( 'NONE',  ( 0.1462132034360505700, 0.03400000000003285100, -0.01300000000083441400 ) ) ;
#1761 = ORIENTED_EDGE ( 'NONE', *, *, #6169, .F. ) ;
#1762 = ADVANCED_FACE ( 'NONE', ( #6289 ), #7884, .T. ) ;
#1763 = AXIS2_PLACEMENT_3D ( 'NONE', #5898, #5789, #5957 ) ;
#1764 = ORIENTED_EDGE ( 'NONE', *, *, #6421, .T. ) ;
#1765 = ORIENTED_EDGE ( 'NONE', *, *, #1428, .T. ) ;
#1766 = DIRECTION ( 'NONE',  ( -1.000000000000000000, -4.153954829891640800E-015, 0.0000000000000000000 ) ) ;
#1767 = DIRECTION ( 'NONE',  ( 0.9169493006157769500, -0.2821382463439956500, 0.2821382463441852200 ) ) ;
#1768 = EDGE_CURVE ( 'NONE', #96, #6188, #2317, .T. ) ;
#1769 = EDGE_CURVE ( 'NONE', #8454, #3264, #8076, .T. ) ;
#1770 = CARTESIAN_POINT ( 'NONE',  ( 0.1332147759497837000, 0.05783335064163418200, 0.02491667531998314000 ) ) ;
#1771 = DIRECTION ( 'NONE',  ( 0.9557790087218807100, 1.325648417727327200E-013, 0.2940858488377487400 ) ) ;
#1772 = VERTEX_POINT ( 'NONE', #7242 ) ;
#1773 = ORIENTED_EDGE ( 'NONE', *, *, #2744, .F. ) ;
#1774 = FACE_OUTER_BOUND ( 'NONE', #9016, .T. ) ;
#1775 = ORIENTED_EDGE ( 'NONE', *, *, #1443, .F. ) ;
#1776 = DIRECTION ( 'NONE',  ( 1.000000000000000000, 0.0000000000000000000, 0.0000000000000000000 ) ) ;
#1777 = CARTESIAN_POINT ( 'NONE',  ( 0.4974999999999998900, 0.3450000000000002000, -0.09750000000000005900 ) ) ;
#1778 = APPROVAL ( #7982, 'UNKNOWN' ) ;
#1779 = DIRECTION ( 'NONE',  ( 1.000000000000000000, -0.0000000000000000000, -0.0000000000000000000 ) ) ;
#1780 = CARTESIAN_POINT ( 'NONE',  ( 0.5057269153529278000, 0.2719953808994902100, -0.01000000000000000000 ) ) ;
#1781 = EDGE_LOOP ( 'NONE', ( #6115, #4785, #5547, #3401 ) ) ;
#1782 = EDGE_CURVE ( 'NONE', #4915, #7285, #6068, .T. ) ;
#1783 = DIRECTION ( 'NONE',  ( 1.000000000000000000, -0.0000000000000000000, -0.0000000000000000000 ) ) ;
#1784 = LINE ( 'NONE', #8917, #3402 ) ;
#1785 = VERTEX_POINT ( 'NONE', #4531 ) ;
#1786 = CARTESIAN_POINT ( 'NONE',  ( 0.5506336065353513200, 0.4094147637527355600, -0.01000000000000000000 ) ) ;
#1787 = CARTESIAN_POINT ( 'NONE',  ( 0.1597132034361050700, 0.05750000000010241400, -8.976852507180768500E-013 ) ) ;
#1788 = DIRECTION ( 'NONE',  ( -1.000000000000000000, -0.0000000000000000000, -0.0000000000000000000 ) ) ;
#1789 = DIRECTION ( 'NONE',  ( -1.000000000000000000, -0.0000000000000000000, -0.0000000000000000000 ) ) ;
#1790 = CARTESIAN_POINT ( 'NONE',  ( 0.5974999999999999200, 0.2700000000000001800, -0.1490000000000000800 ) ) ;
#1791 = VERTEX_POINT ( 'NONE', #7129 ) ;
#1792 = VERTEX_POINT ( 'NONE', #9144 ) ;
#1793 = CARTESIAN_POINT ( 'NONE',  ( 0.2126803834584703500, 0.09923518725026948800, -0.02500000000075877600 ) ) ;
#1794 = CARTESIAN_POINT ( 'NONE',  ( 0.3046920839946431500, 0.04350263157901138700, 0.02500000000001106900 ) ) ;
#1795 = FACE_OUTER_BOUND ( 'NONE', #5896, .T. ) ;
#1796 = ORIENTED_EDGE ( 'NONE', *, *, #5600, .F. ) ;
#1797 = DIRECTION ( 'NONE',  ( -0.2940858488381066200, 0.9557790087217705700, 9.990713633165153700E-014 ) ) ;
#1798 = EDGE_CURVE ( 'NONE', #7450, #5313, #5849, .T. ) ;
#1799 = CARTESIAN_POINT ( 'NONE',  ( -1.123269580619662000E-014, 0.3181290308573219100, 0.0000000000000000000 ) ) ;
#1800 = AXIS2_PLACEMENT_3D ( 'NONE', #8930, #8086, #8840 ) ;
#1801 = DIRECTION ( 'NONE',  ( 1.182309098773882400E-013, 0.8944271909998698900, -0.4472135955000500800 ) ) ;
#1802 = CARTESIAN_POINT ( 'NONE',  ( 0.9374999999999998900, 0.2700000000000001800, -0.1480000000000000200 ) ) ;
#1803 = LINE ( 'NONE', #7014, #7430 ) ;
#1804 = ORIENTED_EDGE ( 'NONE', *, *, #5327, .F. ) ;
#1805 = CIRCLE ( 'NONE', #8980, 0.006870969142667761500 ) ;
#1806 = CARTESIAN_POINT ( 'NONE',  ( 0.9974999999999999400, 0.3450000000000001400, -0.2220000000000000000 ) ) ;
#1807 = CARTESIAN_POINT ( 'NONE',  ( 0.5374999999999999800, 0.3450000000000001400, -0.2220000000000000600 ) ) ;
#1808 = DIRECTION ( 'NONE',  ( -1.000000000000000000, 6.447059470106161100E-012, 6.748345381155039200E-013 ) ) ;
#1809 = AXIS2_PLACEMENT_3D ( 'NONE', #434, #9044, #635 ) ;
#1810 = DIRECTION ( 'NONE',  ( 1.000000000000000000, -0.0000000000000000000, -0.0000000000000000000 ) ) ;
#1811 = LINE ( 'NONE', #7863, #7438 ) ;
#1812 = ORIENTED_EDGE ( 'NONE', *, *, #8780, .T. ) ;
#1813 = ADVANCED_FACE ( 'NONE', ( #1831 ), #7454, .F. ) ;
#1814 = LINE ( 'NONE', #5459, #3875 ) ;
#1815 = ORIENTED_EDGE ( 'NONE', *, *, #7675, .T. ) ;
#1816 = CARTESIAN_POINT ( 'NONE',  ( 1.042500000000000200, 0.05000000000000000300, 0.0000000000000000000 ) ) ;
#1817 = EDGE_CURVE ( 'NONE', #5893, #4598, #9155, .T. ) ;
#1818 = VECTOR ( 'NONE', #2506, 39.37007874015748100 ) ;
#1819 = DIRECTION ( 'NONE',  ( -0.0000000000000000000, 0.0000000000000000000, -1.000000000000000000 ) ) ;
#1820 = AXIS2_PLACEMENT_3D ( 'NONE', #5070, #5537, #5580 ) ;
#1821 = DIRECTION ( 'NONE',  ( 4.313434190716670600E-014, -9.125743083152196300E-014, -1.000000000000000000 ) ) ;
#1822 = DIRECTION ( 'NONE',  ( 0.0000000000000000000, 1.000000000000000000, 4.553079989440424900E-016 ) ) ;
#1823 = ORIENTED_EDGE ( 'NONE', *, *, #8884, .T. ) ;
#1824 = FACE_OUTER_BOUND ( 'NONE', #3975, .T. ) ;
#1825 = LINE ( 'NONE', #280, #1316 ) ;
#1826 = ADVANCED_FACE ( 'NONE', ( #2072 ), #3577, .F. ) ;
#1827 = VECTOR ( 'NONE', #5572, 39.37007874015748100 ) ;
#1828 = EDGE_CURVE ( 'NONE', #3241, #8514, #1568, .T. ) ;
#1829 = EDGE_LOOP ( 'NONE', ( #6525, #9026, #3015, #7912, #46, #6663, #2154, #1653, #5011, #2639, #6217 ) ) ;
#1830 = FACE_OUTER_BOUND ( 'NONE', #7258, .T. ) ;
#1831 = FACE_OUTER_BOUND ( 'NONE', #1895, .T. ) ;
#1832 = ORIENTED_EDGE ( 'NONE', *, *, #6309, .T. ) ;
#1833 = VECTOR ( 'NONE', #8787, 39.37007874015748100 ) ;
#1834 = ORIENTED_EDGE ( 'NONE', *, *, #570, .F. ) ;
#1835 = PLANE ( 'NONE',  #8482 ) ;
#1836 = APPROVAL ( #3595, 'UNSPECIFIED' ) ;
#1837 = CARTESIAN_POINT ( 'NONE',  ( 0.6374999999999998400, 0.3450000000000001400, -0.2220000000000000000 ) ) ;
#1838 = VECTOR ( 'NONE', #223, 39.37007874015748100 ) ;
#1839 = VECTOR ( 'NONE', #1783, 39.37007874015748100 ) ;
#1840 = DIRECTION ( 'NONE',  ( -7.695514003109069900E-012, -1.000000000000000000, 9.451375437536511700E-013 ) ) ;
#1841 = VECTOR ( 'NONE', #8889, 39.37007874015748100 ) ;
#1842 = EDGE_CURVE ( 'NONE', #988, #8683, #5620, .T. ) ;
#1843 = DIRECTION ( 'NONE',  ( -4.313434190716670600E-014, 9.125743083152196300E-014, 1.000000000000000000 ) ) ;
#1844 = EDGE_LOOP ( 'NONE', ( #2326, #772, #5770, #1449 ) ) ;
#1845 = DIRECTION ( 'NONE',  ( 1.000000000000000000, 0.0000000000000000000, 0.0000000000000000000 ) ) ;
#1846 = COORDINATED_UNIVERSAL_TIME_OFFSET ( 5, 0, .BEHIND. ) ;
#1847 = DIRECTION ( 'NONE',  ( -0.0000000000000000000, 0.0000000000000000000, 1.000000000000000000 ) ) ;
#1848 = MANIFOLD_SOLID_BREP ( 'Chamfer1', #2987 ) ;
#1849 = DATE_AND_TIME ( #3912, #5863 ) ;
#1850 = ORIENTED_EDGE ( 'NONE', *, *, #5356, .T. ) ;
#1851 = LINE ( 'NONE', #3047, #9172 ) ;
#1852 = CARTESIAN_POINT ( 'NONE',  ( 0.6974999999999999000, 0.5180000000000000200, -0.2210000000000000000 ) ) ;
#1853 = CARTESIAN_POINT ( 'NONE',  ( 0.1462132034359298300, 0.03799999999995872700, 0.02499999999929013500 ) ) ;
#1854 = FACE_OUTER_BOUND ( 'NONE', #6051, .T. ) ;
#1855 = CARTESIAN_POINT ( 'NONE',  ( 0.4463421106199380000, 0.4231567020380325200, -0.01000000000000000000 ) ) ;
#1856 = DIRECTION ( 'NONE',  ( 1.000000000000000000, 0.0000000000000000000, 0.0000000000000000000 ) ) ;
#1857 = EDGE_CURVE ( 'NONE', #4508, #8106, #8964, .T. ) ;
#1858 = CARTESIAN_POINT ( 'NONE',  ( 0.2126803834583982100, 0.09923518725022034700, 0.02499999999935570100 ) ) ;
#1859 = VERTEX_POINT ( 'NONE', #4475 ) ;
#1860 = CARTESIAN_POINT ( 'NONE',  ( 0.4582132034359982500, 0.03750000000017853600, -0.05764965543521797400 ) ) ;
#1861 = DIRECTION ( 'NONE',  ( -0.0000000000000000000, 1.000000000000000000, -0.0000000000000000000 ) ) ;
#1862 = EDGE_LOOP ( 'NONE', ( #8194, #8388, #8310, #975 ) ) ;
#1863 = VERTEX_POINT ( 'NONE', #1367 ) ;
#1864 = LINE ( 'NONE', #4123, #6100 ) ;
#1865 = CIRCLE ( 'NONE', #2047, 0.03999999999999998000 ) ;
#1866 = ADVANCED_FACE ( 'NONE', ( #3672 ), #7035, .F. ) ;
#1867 = ORIENTED_EDGE ( 'NONE', *, *, #3850, .T. ) ;
#1868 = ORIENTED_EDGE ( 'NONE', *, *, #5846, .F. ) ;
#1869 = FACE_OUTER_BOUND ( 'NONE', #297, .T. ) ;
#1870 = DIRECTION ( 'NONE',  ( -0.0000000000000000000, 0.0000000000000000000, 1.000000000000000000 ) ) ;
#1871 = AXIS2_PLACEMENT_3D ( 'NONE', #8949, #7936, #3480 ) ;
#1872 = ORIENTED_EDGE ( 'NONE', *, *, #6721, .F. ) ;
#1873 = CARTESIAN_POINT ( 'NONE',  ( 1.042500000000000200, 0.0000000000000000000, 0.0000000000000000000 ) ) ;
#1874 = ORIENTED_EDGE ( 'NONE', *, *, #8870, .T. ) ;
#1875 = CARTESIAN_POINT ( 'NONE',  ( 0.7923444853039821600, 0.0000000000000000000, 0.0000000000000000000 ) ) ;
#1876 = ORIENTED_EDGE ( 'NONE', *, *, #5711, .T. ) ;
#1877 = EDGE_CURVE ( 'NONE', #2994, #9116, #1328, .T. ) ;
#1878 = VERTEX_POINT ( 'NONE', #2226 ) ;
#1879 = CARTESIAN_POINT ( 'NONE',  ( 0.8674999999979282600, 0.6712132034341641300, -0.05999999999894796400 ) ) ;
#1881 = EDGE_LOOP ( 'NONE', ( #1255, #7607, #8790, #545 ) ) ;
#1880 = AXIS2_PLACEMENT_3D ( 'NONE', #8180, #397, #411 ) ;
#1882 = ORIENTED_EDGE ( 'NONE', *, *, #3797, .T. ) ;
#1883 = ORIENTED_EDGE ( 'NONE', *, *, #7121, .F. ) ;
#1884 = DIRECTION ( 'NONE',  ( -0.0000000000000000000, -1.000000000000000000, -4.553079989440441700E-016 ) ) ;
#1885 = PERSON_AND_ORGANIZATION ( #6536, #5561 ) ;
#1886 = ORIENTED_EDGE ( 'NONE', *, *, #706, .F. ) ;
#1887 = DIRECTION ( 'NONE',  ( -0.0000000000000000000, 0.0000000000000000000, -1.000000000000000000 ) ) ;
#1888 = CARTESIAN_POINT ( 'NONE',  ( 0.8924643213828183900, 0.2668421540424528200, 0.0000000000000000000 ) ) ;
#1889 = CARTESIAN_POINT ( 'NONE',  ( 0.9374999999999998900, 0.3450000000000002000, -0.09750000000000000300 ) ) ;
#1890 = CARTESIAN_POINT ( 'NONE',  ( 0.5974999999999999200, 0.2700000000000001800, -0.1480000000000000500 ) ) ;
#1891 = CARTESIAN_POINT ( 'NONE',  ( 0.1462132034361295100, 0.03800000000008420300, -0.01500000000070889100 ) ) ;
#1892 = CARTESIAN_POINT ( 'NONE',  ( 0.3674999999999998300, 0.2699999999999999100, -0.1490000000000000800 ) ) ;
#1893 = EDGE_CURVE ( 'NONE', #3632, #8176, #8748, .T. ) ;
#1894 = DIRECTION ( 'NONE',  ( -1.000000000000000000, -1.104980969135427500E-013, 4.313434190744247300E-014 ) ) ;
#1895 = EDGE_LOOP ( 'NONE', ( #8344, #6237, #651, #1144 ) ) ;
#1896 = CARTESIAN_POINT ( 'NONE',  ( 0.3361881571572882800, 0.01249999999994301000, -0.02500000000030747800 ) ) ;
#1897 = DIRECTION ( 'NONE',  ( -1.000000000000000000, 0.0000000000000000000, 0.0000000000000000000 ) ) ;
#1898 = EDGE_LOOP ( 'NONE', ( #1735, #5253, #4078, #5986 ) ) ;
#1899 = ORIENTED_EDGE ( 'NONE', *, *, #8686, .T. ) ;
#1900 = ADVANCED_FACE ( 'NONE', ( #3442 ), #6009, .T. ) ;
#1901 = CARTESIAN_POINT ( 'NONE',  ( 0.1536499778720232000, 0.06956181146279312400, 0.005999999999949888300 ) ) ;
#1902 = AXIS2_PLACEMENT_3D ( 'NONE', #3818, #4553, #8635 ) ;
#1903 = EDGE_LOOP ( 'NONE', ( #759, #6447, #774, #5039 ) ) ;
#1904 = DIRECTION ( 'NONE',  ( 1.000000000000000000, 1.106190048104503000E-013, -4.313434190744403800E-014 ) ) ;
#1905 = LINE ( 'NONE', #5782, #35 ) ;
#1906 = ORIENTED_EDGE ( 'NONE', *, *, #6865, .T. ) ;
#1907 = EDGE_CURVE ( 'NONE', #7724, #5555, #8671, .T. ) ;
#1908 = EDGE_CURVE ( 'NONE', #7639, #848, #6940, .T. ) ;
#1909 = PLANE ( 'NONE',  #990 ) ;
#1910 = ORIENTED_EDGE ( 'NONE', *, *, #2158, .T. ) ;
#1911 = ORIENTED_EDGE ( 'NONE', *, *, #9042, .F. ) ;
#1912 = CARTESIAN_POINT ( 'NONE',  ( 0.9374999999999998900, 0.5180000000000000200, -0.2210000000000000000 ) ) ;
#1913 = FACE_OUTER_BOUND ( 'NONE', #7831, .T. ) ;
#1914 = ORIENTED_EDGE ( 'NONE', *, *, #1248, .T. ) ;
#1915 = ADVANCED_FACE ( 'NONE', ( #972 ), #8111, .F. ) ;
#1916 = CARTESIAN_POINT ( 'NONE',  ( 1.004362961706134300, 0.2268432979619829900, 0.0000000000000000000 ) ) ;
#1917 = ORIENTED_EDGE ( 'NONE', *, *, #2815, .F. ) ;
#1918 = EDGE_CURVE ( 'NONE', #8514, #7440, #8485, .T. ) ;
#1919 = EDGE_CURVE ( 'NONE', #4620, #1946, #6710, .T. ) ;
#1920 = ORIENTED_EDGE ( 'NONE', *, *, #769, .T. ) ;
#1921 = CARTESIAN_POINT ( 'NONE',  ( 0.5374999999999999800, 0.2700000000000001800, -0.1480000000000000500 ) ) ;
#1922 = VECTOR ( 'NONE', #4160, 39.37007874015748100 ) ;
#1923 = VERTEX_POINT ( 'NONE', #8077 ) ;
#1924 = DIRECTION ( 'NONE',  ( -0.0000000000000000000, -0.0000000000000000000, 1.000000000000000000 ) ) ;
#1925 = LINE ( 'NONE', #619, #7533 ) ;
#1926 = DIRECTION ( 'NONE',  ( 1.000000000000000000, 7.203446383881649800E-015, 0.0000000000000000000 ) ) ;
#1927 = ORIENTED_EDGE ( 'NONE', *, *, #7228, .T. ) ;
#1928 = CARTESIAN_POINT ( 'NONE',  ( 0.7359043816321273500, 0.4133410318342099500, 0.0000000000000000000 ) ) ;
#1929 = ORIENTED_EDGE ( 'NONE', *, *, #4030, .T. ) ;
#1930 = CARTESIAN_POINT ( 'NONE',  ( 0.5374999999999999800, 0.5180000000000000200, -0.2610000000000001200 ) ) ;
#1931 = LINE ( 'NONE', #2078, #7965 ) ;
#1932 = LINE ( 'NONE', #3885, #5484 ) ;
#1933 = VERTEX_POINT ( 'NONE', #9314 ) ;
#1934 = CARTESIAN_POINT ( 'NONE',  ( 0.5506336065353513200, 0.4162857328953860600, -0.01000000000000000000 ) ) ;
#1935 = ORIENTED_EDGE ( 'NONE', *, *, #1165, .F. ) ;
#1936 = LINE ( 'NONE', #819, #3765 ) ;
#1937 = CARTESIAN_POINT ( 'NONE',  ( 0.9449781569731790000, 0.2668421540424528200, 0.0000000000000000000 ) ) ;
#1938 = LINE ( 'NONE', #5049, #1190 ) ;
#1939 = VECTOR ( 'NONE', #7092, 39.37007874015748100 ) ;
#1940 = APPLICATION_PROTOCOL_DEFINITION ( 'international standard', 'config_control_design', 1994, #6411 ) ;
#1941 = EDGE_LOOP ( 'NONE', ( #3882, #4596, #3307, #3779, #3050, #3198, #1687, #2547, #1311, #6298, #1194 ) ) ;
#1942 = ORIENTED_EDGE ( 'NONE', *, *, #383, .T. ) ;
#1943 = EDGE_CURVE ( 'NONE', #9185, #3405, #5305, .T. ) ;
#1944 = LINE ( 'NONE', #4341, #5729 ) ;
#1945 = ORIENTED_EDGE ( 'NONE', *, *, #4285, .F. ) ;
#1946 = VERTEX_POINT ( 'NONE', #6659 ) ;
#1947 = LINE ( 'NONE', #41, #9257 ) ;
#1948 = ORIENTED_EDGE ( 'NONE', *, *, #1754, .T. ) ;
#1949 = CARTESIAN_POINT ( 'NONE',  ( 0.8974999999999999600, 0.05000000000000000300, -0.1499999999999999900 ) ) ;
#1950 = CARTESIAN_POINT ( 'NONE',  ( 0.7923444853039846000, 0.0000000000000000000, -0.01000000000000000000 ) ) ;
#1951 = ORIENTED_EDGE ( 'NONE', *, *, #5684, .T. ) ;
#1952 = DIRECTION ( 'NONE',  ( 4.313434190743394000E-014, 9.125743083153150500E-014, 1.000000000000000000 ) ) ;
#1953 = ORIENTED_EDGE ( 'NONE', *, *, #588, .T. ) ;
#1954 = VECTOR ( 'NONE', #4277, 39.37007874015748100 ) ;
#1955 = VECTOR ( 'NONE', #4669, 39.37007874015748100 ) ;
#1956 = ORIENTED_EDGE ( 'NONE', *, *, #1486, .F. ) ;
#1957 = CIRCLE ( 'NONE', #2067, 0.009815670203803340800 ) ;
#1958 = EDGE_CURVE ( 'NONE', #8031, #1594, #4823, .T. ) ;
#1959 = EDGE_CURVE ( 'NONE', #1256, #3938, #716, .T. ) ;
#1960 = DIRECTION ( 'NONE',  ( 0.0000000000000000000, 0.0000000000000000000, 1.000000000000000000 ) ) ;
#1961 = VERTEX_POINT ( 'NONE', #2926 ) ;
#1962 = CARTESIAN_POINT ( 'NONE',  ( 0.7974999999999998800, 0.3450000000000002000, -0.2725000000000000200 ) ) ;
#1963 = ADVANCED_FACE ( 'NONE', ( #8284 ), #432, .F. ) ;
#1964 = APPROVAL_PERSON_ORGANIZATION ( #4016, #8261, #5923 ) ;
#1965 = LINE ( 'NONE', #404, #4020 ) ;
#1966 = VECTOR ( 'NONE', #2992, 39.37007874015748100 ) ;
#1967 = PRODUCT_DEFINITION_SHAPE ( 'NONE', 'NONE',  #9378 ) ;
#1968 = VERTEX_POINT ( 'NONE', #6543 ) ;
#1969 = DIRECTION ( 'NONE',  ( 0.0000000000000000000, -0.7071067811865499000, -0.7071067811865451300 ) ) ;
#1970 = CC_DESIGN_SECURITY_CLASSIFICATION ( #1439, ( #9374 ) ) ;
#1971 = ORIENTED_EDGE ( 'NONE', *, *, #6120, .T. ) ;
#1972 = APPROVAL_DATE_TIME ( #4024, #3236 ) ;
#1973 = ORIENTED_EDGE ( 'NONE', *, *, #8933, .F. ) ;
#1974 = DATE_AND_TIME ( #4026, #5975 ) ;
#1975 = APPROVAL_ROLE ( '' ) ;
#1976 = VECTOR ( 'NONE', #1585, 39.37007874015748100 ) ;
#1977 = EDGE_CURVE ( 'NONE', #3841, #6372, #8087, .T. ) ;
#1978 = VECTOR ( 'NONE', #675, 39.37007874015748100 ) ;
#1979 = ORIENTED_EDGE ( 'NONE', *, *, #1081, .T. ) ;
#1980 = CARTESIAN_POINT ( 'NONE',  ( 0.3361881571572882800, 0.01249999999994301000, -0.02500000000030747800 ) ) ;
#1981 = VERTEX_POINT ( 'NONE', #7298 ) ;
#1982 = VECTOR ( 'NONE', #6942, 39.37007874015748100 ) ;
#1983 = FACE_OUTER_BOUND ( 'NONE', #5648, .T. ) ;
#1984 = DIRECTION ( 'NONE',  ( -1.000000000000000000, 0.0000000000000000000, 0.0000000000000000000 ) ) ;
#1985 = DIRECTION ( 'NONE',  ( 0.0000000000000000000, -4.553079989440441700E-016, 1.000000000000000000 ) ) ;
#1986 = CARTESIAN_POINT ( 'NONE',  ( 0.9624999999999999100, 0.5180000000000000200, -0.1089999999999998600 ) ) ;
#1987 = EDGE_CURVE ( 'NONE', #2945, #5590, #2329, .T. ) ;
#1988 = DIRECTION ( 'NONE',  ( -0.0000000000000000000, 0.0000000000000000000, -1.000000000000000000 ) ) ;
#1989 = ORIENTED_EDGE ( 'NONE', *, *, #8905, .F. ) ;
#1990 = CARTESIAN_POINT ( 'NONE',  ( 0.4974999999999998900, 0.5999999999999999800, -0.2974999999999999900 ) ) ;
#1991 = ORIENTED_EDGE ( 'NONE', *, *, #7737, .T. ) ;
#1992 = PLANE ( 'NONE',  #6596 ) ;
#1993 = CARTESIAN_POINT ( 'NONE',  ( 0.8374999999999999100, 0.2699999999999999100, -0.2220000000000000600 ) ) ;
#1994 = ORIENTED_EDGE ( 'NONE', *, *, #8729, .F. ) ;
#1995 = PLANE ( 'NONE',  #8914 ) ;
#1996 = DATE_AND_TIME ( #4052, #5998 ) ;
#1997 = ORIENTED_EDGE ( 'NONE', *, *, #9104, .F. ) ;
#1998 = DIRECTION ( 'NONE',  ( 0.0000000000000000000, -1.871128762783744900E-015, 1.000000000000000000 ) ) ;
#1999 = DIRECTION ( 'NONE',  ( -0.0000000000000000000, -0.0000000000000000000, 1.000000000000000000 ) ) ;
#2000 = AXIS2_PLACEMENT_3D ( 'NONE', #213, #8297, #7820 ) ;
#2001 = ADVANCED_FACE ( 'NONE', ( #7894 ), #1992, .F. ) ;
#2002 = PLANE ( 'NONE',  #5127 ) ;
#2003 = CARTESIAN_POINT ( 'NONE',  ( -0.0000000000000000000, 0.3181290308573566100, 0.0000000000000000000 ) ) ;
#2004 = ORIENTED_EDGE ( 'NONE', *, *, #1769, .T. ) ;
#2005 = EDGE_CURVE ( 'NONE', #4849, #629, #6300, .T. ) ;
#2006 = ORIENTED_EDGE ( 'NONE', *, *, #5900, .T. ) ;
#2007 = ORIENTED_EDGE ( 'NONE', *, *, #1112, .F. ) ;
#2008 = PERSON_AND_ORGANIZATION_ROLE ( 'design_supplier' ) ;
#2009 = AXIS2_PLACEMENT_3D ( 'NONE', #3357, #3378, #3394 ) ;
#2010 = ORIENTED_EDGE ( 'NONE', *, *, #1919, .T. ) ;
#2011 = ADVANCED_FACE ( 'NONE', ( #4136 ), #7686, .F. ) ;
#2012 = ORIENTED_EDGE ( 'NONE', *, *, #8367, .F. ) ;
#2013 = AXIS2_PLACEMENT_3D ( 'NONE', #4472, #8863, #6578 ) ;
#2014 = CYLINDRICAL_SURFACE ( 'NONE', #1902, 0.02625691779516779700 ) ;
#2015 = ORIENTED_EDGE ( 'NONE', *, *, #4703, .F. ) ;
#2016 = CARTESIAN_POINT ( 'NONE',  ( 0.9974999999999999400, 0.05000000000000001000, -0.2725000000000000800 ) ) ;
#2017 = DIRECTION ( 'NONE',  ( 0.0000000000000000000, -1.000000000000000000, -1.979599995408885400E-016 ) ) ;
#2018 = DIRECTION ( 'NONE',  ( -1.000000000000000000, -1.108302649210530400E-013, 4.313434190793084700E-014 ) ) ;
#2019 = EDGE_CURVE ( 'NONE', #3712, #8144, #2089, .T. ) ;
#2020 = ORIENTED_EDGE ( 'NONE', *, *, #5560, .F. ) ;
#2021 = DIRECTION ( 'NONE',  ( -0.0000000000000000000, -0.0000000000000000000, 1.000000000000000000 ) ) ;
#2022 = ORIENTED_EDGE ( 'NONE', *, *, #1798, .F. ) ;
#2023 = CARTESIAN_POINT ( 'NONE',  ( 0.2068417218041459800, 0.1108502649550097700, -0.02500000000070905900 ) ) ;
#2024 = ORIENTED_EDGE ( 'NONE', *, *, #8321, .F. ) ;
#2025 = DIRECTION ( 'NONE',  ( 4.313434190716670600E-014, -9.125743083152196300E-014, -1.000000000000000000 ) ) ;
#2026 = FACE_OUTER_BOUND ( 'NONE', #6736, .T. ) ;
#2027 = ORIENTED_EDGE ( 'NONE', *, *, #8307, .T. ) ;
#2028 = MANIFOLD_SOLID_BREP ( 'EDAC', #416 ) ;
#2029 = PERSON ( 'NAUO-PER1', 'UNSPECIFIED', 'UNSPECIFIED', ('UNSPECIFIED'), ('UNSPECIFIED'), ('UNSPECIFIED') ) ;
#2030 = CC_DESIGN_PERSON_AND_ORGANIZATION_ASSIGNMENT ( #8123, #5739, ( #1493 ) ) ;
#2031 = ORIENTED_EDGE ( 'NONE', *, *, #1555, .T. ) ;
#2032 = DIRECTION ( 'NONE',  ( -0.0000000000000000000, -0.0000000000000000000, 1.000000000000000000 ) ) ;
#2033 = ORIENTED_EDGE ( 'NONE', *, *, #630, .F. ) ;
#2034 = ORIENTED_EDGE ( 'NONE', *, *, #2124, .F. ) ;
#2035 = DIRECTION ( 'NONE',  ( -0.0000000000000000000, -0.0000000000000000000, 1.000000000000000000 ) ) ;
#2036 = EDGE_CURVE ( 'NONE', #790, #1499, #6082, .T. ) ;
#2037 = PLANE ( 'NONE',  #6998 ) ;
#2038 = VECTOR ( 'NONE', #4660, 39.37007874015748100 ) ;
#2039 = ORIENTED_EDGE ( 'NONE', *, *, #1621, .F. ) ;
#2040 = PERSON_AND_ORGANIZATION_ROLE ( 'creator' ) ;
#2041 = DIRECTION ( 'NONE',  ( 0.0000000000000000000, -3.691686477924679400E-015, -1.000000000000000000 ) ) ;
#2042 = LINE ( 'NONE', #3122, #7859 ) ;
#2043 = ORIENTED_EDGE ( 'NONE', *, *, #1135, .F. ) ;
#2044 = LINE ( 'NONE', #1141, #7433 ) ;
#2045 = EDGE_CURVE ( 'NONE', #942, #1792, #4373, .T. ) ;
#2046 = CC_DESIGN_PERSON_AND_ORGANIZATION_ASSIGNMENT ( #4709, #712, ( #8896 ) ) ;
#2047 = AXIS2_PLACEMENT_3D ( 'NONE', #5735, #1166, #6435 ) ;
#2048 = ORIENTED_EDGE ( 'NONE', *, *, #7537, .F. ) ;
#2049 = CARTESIAN_POINT ( 'NONE',  ( 0.1478113162178109300, 0.08117688916757583000, -0.02500000000095082800 ) ) ;
#2050 = CARTESIAN_POINT ( 'NONE',  ( 0.6374999999999998400, 0.5180000000000000200, -0.2610000000000001200 ) ) ;
#2051 = LINE ( 'NONE', #8828, #5827 ) ;
#2052 = CARTESIAN_POINT ( 'NONE',  ( 0.8624999999999999300, 0.5579999999999999400, -0.1089999999999998600 ) ) ;
#2053 = DIRECTION ( 'NONE',  ( -0.0000000000000000000, -0.0000000000000000000, 1.000000000000000000 ) ) ;
#2054 = VECTOR ( 'NONE', #3870, 39.37007874015748100 ) ;
#2055 = ORIENTED_EDGE ( 'NONE', *, *, #2487, .T. ) ;
#2056 = FACE_OUTER_BOUND ( 'NONE', #2620, .T. ) ;
#2057 = CARTESIAN_POINT ( 'NONE',  ( 0.6374999999999998400, 0.2700000000000001800, -0.1480000000000000500 ) ) ;
#2058 = CARTESIAN_POINT ( 'NONE',  ( 0.5832707099630101100, 0.4133410318342099500, 0.0000000000000000000 ) ) ;
#2059 = AXIS2_PLACEMENT_3D ( 'NONE', #9330, #4533, #7189 ) ;
#2060 = ADVANCED_FACE ( 'NONE', ( #9357 ), #8921, .F. ) ;
#2061 = CYLINDRICAL_SURFACE ( 'NONE', #6718, 0.009815670203811672700 ) ;
#2062 = CIRCLE ( 'NONE', #4279, 0.006870969142662229500 ) ;
#2063 = VERTEX_POINT ( 'NONE', #149 ) ;
#2064 = EDGE_CURVE ( 'NONE', #1363, #9291, #7464, .T. ) ;
#2065 = LINE ( 'NONE', #5586, #5841 ) ;
#2066 = PLANE ( 'NONE',  #354 ) ;
#2067 = AXIS2_PLACEMENT_3D ( 'NONE', #217, #203, #168 ) ;
#2068 = CARTESIAN_POINT ( 'NONE',  ( 0.7398306497136468700, 0.2337142671046477700, -0.01000000000000000000 ) ) ;
#2069 = ORIENTED_EDGE ( 'NONE', *, *, #5364, .T. ) ;
#2070 = ORIENTED_EDGE ( 'NONE', *, *, #6707, .F. ) ;
#2071 = VECTOR ( 'NONE', #413, 39.37007874015748100 ) ;
#2072 = FACE_OUTER_BOUND ( 'NONE', #2761, .T. ) ;
#2073 = DIRECTION ( 'NONE',  ( -0.0000000000000000000, -0.0000000000000000000, 1.000000000000000000 ) ) ;
#2074 = APPROVAL_STATUS ( 'not_yet_approved' ) ;
#2075 = VECTOR ( 'NONE', #1733, 39.37007874015748100 ) ;
#2076 = AXIS2_PLACEMENT_3D ( 'NONE', #6986, #5599, #8048 ) ;
#2077 = DIRECTION ( 'NONE',  ( -1.000000000000000000, 0.0000000000000000000, 0.0000000000000000000 ) ) ;
#2078 = CARTESIAN_POINT ( 'NONE',  ( 0.4374999999999998900, 0.5580000000000000500, -0.2974999999999999900 ) ) ;
#2079 = ORIENTED_EDGE ( 'NONE', *, *, #5701, .F. ) ;
#2080 = DIRECTION ( 'NONE',  ( 0.0000000000000000000, 0.0000000000000000000, -1.000000000000000000 ) ) ;
#2081 = EDGE_CURVE ( 'NONE', #3143, #5195, #3906, .T. ) ;
#2082 = ORIENTED_EDGE ( 'NONE', *, *, #9053, .F. ) ;
#2083 = ORIENTED_EDGE ( 'NONE', *, *, #846, .F. ) ;
#2084 = ORIENTED_EDGE ( 'NONE', *, *, #513, .F. ) ;
#2085 = LINE ( 'NONE', #4991, #9355 ) ;
#2086 = CARTESIAN_POINT ( 'NONE',  ( 0.3564999999999999800, 0.4749999999999999800, -0.3440000000000000800 ) ) ;
#2087 = CYLINDRICAL_SURFACE ( 'NONE', #7856, 0.03141014465217188000 ) ;
#2088 = CARTESIAN_POINT ( 'NONE',  ( 0.8974999999999999600, 0.2700000000000001800, -0.1490000000000000800 ) ) ;
#2089 = CIRCLE ( 'NONE', #7071, 0.009815670203805868300 ) ;
#2090 = DIRECTION ( 'NONE',  ( 1.000000000000000000, 0.0000000000000000000, 0.0000000000000000000 ) ) ;
#2091 = ORIENTED_EDGE ( 'NONE', *, *, #9006, .T. ) ;
#2092 = ORIENTED_EDGE ( 'NONE', *, *, #444, .F. ) ;
#2093 = AXIS2_PLACEMENT_3D ( 'NONE', #7821, #8456, #4316 ) ;
#2094 = PLANE ( 'NONE',  #996 ) ;
#2095 = ORIENTED_EDGE ( 'NONE', *, *, #159, .F. ) ;
#2096 = VECTOR ( 'NONE', #8774, 39.37007874015748100 ) ;
#2097 = VECTOR ( 'NONE', #2507, 39.37007874015748100 ) ;
#2098 = ORIENTED_EDGE ( 'NONE', *, *, #2216, .T. ) ;
#2099 = EDGE_CURVE ( 'NONE', #7797, #3514, #1579, .T. ) ;
#2100 = EDGE_CURVE ( 'NONE', #2346, #1386, #8972, .T. ) ;
#2101 = PLANE ( 'NONE',  #7565 ) ;
#2102 = EDGE_LOOP ( 'NONE', ( #7142, #6185, #6060, #5972 ) ) ;
#2103 = ORIENTED_EDGE ( 'NONE', *, *, #6419, .T. ) ;
#2104 = CARTESIAN_POINT ( 'NONE',  ( 0.3674999999999998300, 0.2699999999999999100, -0.1490000000000000800 ) ) ;
#2105 = CARTESIAN_POINT ( 'NONE',  ( 0.7496463199174502300, 0.3181290308573484500, -0.01000000000000000000 ) ) ;
#2106 = LINE ( 'NONE', #1133, #3921 ) ;
#2107 = VECTOR ( 'NONE', #4302, 39.37007874015748100 ) ;
#2108 = DIRECTION ( 'NONE',  ( 0.0000000000000000000, 1.000000000000000000, 0.0000000000000000000 ) ) ;
#2109 = EDGE_LOOP ( 'NONE', ( #3075, #3081, #3038, #3044 ) ) ;
#2110 = ORIENTED_EDGE ( 'NONE', *, *, #5750, .F. ) ;
#2111 = VERTEX_POINT ( 'NONE', #943 ) ;
#2112 = CARTESIAN_POINT ( 'NONE',  ( 0.5974999999999999200, 0.5579999999999999400, -0.2975000000000001000 ) ) ;
#2113 = SECURITY_CLASSIFICATION_LEVEL ( 'unclassified' ) ;
#2114 = EDGE_CURVE ( 'NONE', #2533, #5358, #8758, .T. ) ;
#2115 = CARTESIAN_POINT ( 'NONE',  ( 0.4974999999999998900, 0.5180000000000000200, -0.1089999999999999000 ) ) ;
#2116 = ORIENTED_EDGE ( 'NONE', *, *, #2141, .T. ) ;
#2117 = FACE_OUTER_BOUND ( 'NONE', #7162, .T. ) ;
#2118 = EDGE_LOOP ( 'NONE', ( #3257, #1581, #6352, #4339 ) ) ;
#2119 = ADVANCED_FACE ( 'NONE', ( #5634 ), #1465, .F. ) ;
#2120 = ORIENTED_EDGE ( 'NONE', *, *, #2081, .F. ) ;
#2121 = PLANE ( 'NONE',  #736 ) ;
#2122 = ORIENTED_EDGE ( 'NONE', *, *, #7388, .T. ) ;
#2123 = DIRECTION ( 'NONE',  ( 1.000000000000000000, 0.0000000000000000000, 0.0000000000000000000 ) ) ;
#2124 = EDGE_CURVE ( 'NONE', #4816, #3405, #5401, .T. ) ;
#2125 = DIRECTION ( 'NONE',  ( 0.0000000000000000000, 0.0000000000000000000, 1.000000000000000000 ) ) ;
#2126 = ORIENTED_EDGE ( 'NONE', *, *, #460, .T. ) ;
#2127 = DIRECTION ( 'NONE',  ( 1.000000000000000000, -0.0000000000000000000, -0.0000000000000000000 ) ) ;
#2128 = LOCAL_TIME ( 8, 51, 22.00000000000000000, #4178 ) ;
#2129 = ORIENTED_EDGE ( 'NONE', *, *, #3604, .T. ) ;
#2130 = EDGE_LOOP ( 'NONE', ( #1994, #5844, #7610, #137 ) ) ;
#2131 = CARTESIAN_POINT ( 'NONE',  ( 0.7974999999999998800, 0.2699999999999999100, -0.2220000000000000600 ) ) ;
#2132 = ORIENTED_EDGE ( 'NONE', *, *, #1101, .F. ) ;
#2133 = DIRECTION ( 'NONE',  ( 0.0000000000000000000, 1.000000000000000000, 0.0000000000000000000 ) ) ;
#2134 = ORIENTED_EDGE ( 'NONE', *, *, #3834, .F. ) ;
#2135 = DIRECTION ( 'NONE',  ( 0.0000000000000000000, -1.000000000000000000, -4.553079989440441700E-016 ) ) ;
#2136 = CARTESIAN_POINT ( 'NONE',  ( 0.1332179208371339100, 0.05800000000015271400, -0.02500000000094563700 ) ) ;
#2137 = VECTOR ( 'NONE', #7608, 39.37007874015748100 ) ;
#2138 = ORIENTED_EDGE ( 'NONE', *, *, #9020, .T. ) ;
#2139 = CARTESIAN_POINT ( 'NONE',  ( 0.9974999999999999400, 0.05000000000000014800, -0.07249999999999999500 ) ) ;
#2140 = ORIENTED_EDGE ( 'NONE', *, *, #9114, .T. ) ;
#2141 = EDGE_CURVE ( 'NONE', #6138, #215, #3204, .T. ) ;
#2142 = VERTEX_POINT ( 'NONE', #8623 ) ;
#2143 =( REPRESENTATION_RELATIONSHIP ('NONE','NONE', #1285, #7662 ) REPRESENTATION_RELATIONSHIP_WITH_TRANSFORMATION ( #3457 )SHAPE_REPRESENTATION_RELATIONSHIP( ) );
#2144 = DIRECTION ( 'NONE',  ( 4.313434190716670600E-014, -9.125743083152196300E-014, -1.000000000000000000 ) ) ;
#2145 = LINE ( 'NONE', #6448, #5909 ) ;
#2146 = ORIENTED_EDGE ( 'NONE', *, *, #7552, .T. ) ;
#2147 = ORIENTED_EDGE ( 'NONE', *, *, #2201, .F. ) ;
#2148 = AXIS2_PLACEMENT_3D ( 'NONE', #3106, #4286, #1125 ) ;
#2149 = DIRECTION ( 'NONE',  ( 1.000000000000000000, 0.0000000000000000000, 0.0000000000000000000 ) ) ;
#2150 = ORIENTED_EDGE ( 'NONE', *, *, #5657, .T. ) ;
#2151 = CARTESIAN_POINT ( 'NONE',  ( 0.5974999999999999200, 0.5580000000000000500, -0.07249999999999996700 ) ) ;
#2152 = CARTESIAN_POINT ( 'NONE',  ( 0.2412000000003259900, 0.04250000000009039600, -6.228613425554519900E-014 ) ) ;
#2153 = FACE_OUTER_BOUND ( 'NONE', #6538, .T. ) ;
#2154 = ORIENTED_EDGE ( 'NONE', *, *, #1368, .F. ) ;
#2155 = CARTESIAN_POINT ( 'NONE',  ( 0.3784999999999999500, 0.5999999999999999800, -0.3440000000000000800 ) ) ;
#2156 = EDGE_CURVE ( 'NONE', #516, #6374, #1342, .T. ) ;
#2157 = DIRECTION ( 'NONE',  ( 1.000000000000000000, 0.0000000000000000000, 0.0000000000000000000 ) ) ;
#2158 = EDGE_CURVE ( 'NONE', #4685, #4539, #1078, .T. ) ;
#2159 = DIRECTION ( 'NONE',  ( 0.0000000000000000000, -3.691686477924679400E-015, -1.000000000000000000 ) ) ;
#2160 = DIRECTION ( 'NONE',  ( 1.000000000000000000, 1.106190048104581800E-013, 4.313434190715660800E-014 ) ) ;
#2161 = VERTEX_POINT ( 'NONE', #8794 ) ;
#2162 = ORIENTED_EDGE ( 'NONE', *, *, #2617, .T. ) ;
#2163 = CARTESIAN_POINT ( 'NONE',  ( 0.5974999999999999200, 0.2699999999999999100, -0.2220000000000000900 ) ) ;
#2164 = ADVANCED_FACE ( 'NONE', ( #8385 ), #9187, .F. ) ;
#2165 = FACE_OUTER_BOUND ( 'NONE', #1036, .T. ) ;
#2166 = VERTEX_POINT ( 'NONE', #8770 ) ;
#2167 = CYLINDRICAL_SURFACE ( 'NONE', #6611, 0.03141014465221592800 ) ;
#2168 = PRODUCT_RELATED_PRODUCT_CATEGORY ( 'detail', '', ( #248 ) ) ;
#2169 = ORIENTED_EDGE ( 'NONE', *, *, #6573, .T. ) ;
#2170 = EDGE_CURVE ( 'NONE', #2894, #1066, #6823, .T. ) ;
#2171 = DIRECTION ( 'NONE',  ( 1.000000000000000000, 0.0000000000000000000, 0.0000000000000000000 ) ) ;
#2172 = DIRECTION ( 'NONE',  ( 0.0000000000000000000, -0.0000000000000000000, 1.000000000000000000 ) ) ;
#2173 = CARTESIAN_POINT ( 'NONE',  ( 0.5374999999999999800, 0.05000000000000001000, -0.2725000000000000800 ) ) ;
#2174 = FACE_OUTER_BOUND ( 'NONE', #6025, .T. ) ;
#2175 = FACE_OUTER_BOUND ( 'NONE', #1603, .T. ) ;
#2176 = ORIENTED_EDGE ( 'NONE', *, *, #7657, .T. ) ;
#2177 = CARTESIAN_POINT ( 'NONE',  ( 1.067500000000000100, 0.4749999999999999800, -0.3130000000000000600 ) ) ;
#2178 = ORIENTED_EDGE ( 'NONE', *, *, #7489, .F. ) ;
#2179 = VECTOR ( 'NONE', #5194, 39.37007874015748100 ) ;
#2180 = EDGE_CURVE ( 'NONE', #1201, #4310, #6602, .T. ) ;
#2181 = LINE ( 'NONE', #4972, #72 ) ;
#2182 = ORIENTED_EDGE ( 'NONE', *, *, #6732, .T. ) ;
#2183 = LINE ( 'NONE', #3262, #4238 ) ;
#2184 = DIRECTION ( 'NONE',  ( 0.0000000000000000000, 1.000000000000000000, 4.553079989440424900E-016 ) ) ;
#2185 = DIRECTION ( 'NONE',  ( 1.000000000000000000, -0.0000000000000000000, -0.0000000000000000000 ) ) ;
#2186 = CARTESIAN_POINT ( 'NONE',  ( 0.3924999999999996800, 0.05000000000000000300, -0.3700000000000000000 ) ) ;
#2187 = DIRECTION ( 'NONE',  ( 1.000000000000000000, 1.108302649210530400E-013, -4.313434190793084700E-014 ) ) ;
#2188 = ORIENTED_EDGE ( 'NONE', *, *, #5684, .F. ) ;
#2189 = ORIENTED_EDGE ( 'NONE', *, *, #2303, .F. ) ;
#2190 = DIRECTION ( 'NONE',  ( 0.0000000000000000000, 1.000000000000000000, -0.0000000000000000000 ) ) ;
#2191 = LINE ( 'NONE', #5138, #81 ) ;
#2192 = ORIENTED_EDGE ( 'NONE', *, *, #8743, .T. ) ;
#2193 = CARTESIAN_POINT ( 'NONE',  ( 0.5734550397591692300, 0.2366589681657897700, -0.01000000000000000000 ) ) ;
#2194 = VECTOR ( 'NONE', #7494, 39.37007874015748100 ) ;
#2195 = ORIENTED_EDGE ( 'NONE', *, *, #4088, .T. ) ;
#2196 = CARTESIAN_POINT ( 'NONE',  ( 0.8974999999999999600, 0.5579999999999999400, -0.1089999999999998600 ) ) ;
#2197 = AXIS2_PLACEMENT_3D ( 'NONE', #7341, #7000, #6980 ) ;
#2198 = CARTESIAN_POINT ( 'NONE',  ( 0.8517292900370104800, 0.2268432979619844400, -0.01000000000000000000 ) ) ;
#2199 = VERTEX_POINT ( 'NONE', #8742 ) ;
#2200 = ORIENTED_EDGE ( 'NONE', *, *, #8253, .T. ) ;
#2201 = EDGE_CURVE ( 'NONE', #7047, #8815, #8186, .T. ) ;
#2202 = DIRECTION ( 'NONE',  ( -0.0000000000000000000, 0.0000000000000000000, 1.000000000000000000 ) ) ;
#2203 = LINE ( 'NONE', #490, #341 ) ;
#2204 = LINE ( 'NONE', #2416, #6180 ) ;
#2205 = DIRECTION ( 'NONE',  ( 0.0000000000000000000, -1.871128762783746500E-015, -1.000000000000000000 ) ) ;
#2206 = AXIS2_PLACEMENT_3D ( 'NONE', #6234, #5694, #7347 ) ;
#2207 = VECTOR ( 'NONE', #8236, 39.37007874015748100 ) ;
#2208 = DIRECTION ( 'NONE',  ( -4.313434190716670600E-014, 9.125743083152196300E-014, 1.000000000000000000 ) ) ;
#2209 = DIRECTION ( 'NONE',  ( 0.0000000000000000000, 0.0000000000000000000, 1.000000000000000000 ) ) ;
#2210 = VERTEX_POINT ( 'NONE', #8724 ) ;
#2211 = CALENDAR_DATE ( 2019, 15, 10 ) ;
#2212 = PERSON_AND_ORGANIZATION_ROLE ( 'classification_officer' ) ;
#2213 = FACE_OUTER_BOUND ( 'NONE', #1287, .T. ) ;
#2214 = AXIS2_PLACEMENT_3D ( 'NONE', #1097, #4987, #5188 ) ;
#2215 = VECTOR ( 'NONE', #2958, 39.37007874015748100 ) ;
#2216 = EDGE_CURVE ( 'NONE', #3902, #2703, #2944, .T. ) ;
#2217 = ORIENTED_EDGE ( 'NONE', *, *, #5343, .F. ) ;
#2218 = DATE_AND_TIME ( #4266, #6198 ) ;
#2219 = CALENDAR_DATE ( 2019, 15, 10 ) ;
#2220 = VECTOR ( 'NONE', #197, 39.37007874015748100 ) ;
#2221 = CYLINDRICAL_SURFACE ( 'NONE', #782, 0.009815670203822599700 ) ;
#2222 = CARTESIAN_POINT ( 'NONE',  ( 0.7398306497136468700, 0.0000000000000000000, -0.01000000000000000000 ) ) ;
#2223 = DIRECTION ( 'NONE',  ( 0.0000000000000000000, -1.000000000000000000, -1.979599995408885400E-016 ) ) ;
#2224 = AXIS2_PLACEMENT_3D ( 'NONE', #4202, #9005, #4930 ) ;
#2225 = ORIENTED_EDGE ( 'NONE', *, *, #8343, .F. ) ;
#2226 = CARTESIAN_POINT ( 'NONE',  ( 0.8974999999999999600, 0.05000000000000001000, -0.2725000000000000800 ) ) ;
#2227 = VERTEX_POINT ( 'NONE', #8264 ) ;
#2228 = EDGE_CURVE ( 'NONE', #3467, #678, #4701, .T. ) ;
#2229 = CIRCLE ( 'NONE', #8340, 0.006000000000000086000 ) ;
#2230 = EDGE_CURVE ( 'NONE', #6615, #3120, #346, .T. ) ;
#2231 = VECTOR ( 'NONE', #3910, 39.37007874015748100 ) ;
#2232 = CARTESIAN_POINT ( 'NONE',  ( 0.4374999999999998900, 0.2700000000000001800, -0.1480000000000000800 ) ) ;
#2233 = CARTESIAN_POINT ( 'NONE',  ( 0.9374999999999998900, 0.3450000000000002000, -0.09750000000000000300 ) ) ;
#2234 = ORIENTED_EDGE ( 'NONE', *, *, #28, .F. ) ;
#2235 = ORIENTED_EDGE ( 'NONE', *, *, #6547, .F. ) ;
#2236 = DIRECTION ( 'NONE',  ( -0.0000000000000000000, 0.0000000000000000000, 1.000000000000000000 ) ) ;
#2237 = ORIENTED_EDGE ( 'NONE', *, *, #4662, .F. ) ;
#2238 = ORIENTED_EDGE ( 'NONE', *, *, #323, .T. ) ;
#2239 = CARTESIAN_POINT ( 'NONE',  ( 0.09500000000036389100, 0.02499999999999730900, -0.02500000000001626300 ) ) ;
#2240 = DIRECTION ( 'NONE',  ( 0.7071067811865451300, -0.7071067811865499000, 0.0000000000000000000 ) ) ;
#2241 = ORIENTED_EDGE ( 'NONE', *, *, #2956, .F. ) ;
#2242 = EDGE_LOOP ( 'NONE', ( #4376, #4510, #4532, #8699 ) ) ;
#2243 = CARTESIAN_POINT ( 'NONE',  ( 0.6083006689826779800, 0.4094147637527243400, -0.01000000000000000000 ) ) ;
#2244 = VERTEX_POINT ( 'NONE', #8312 ) ;
#2245 = EDGE_CURVE ( 'NONE', #4850, #880, #4254, .T. ) ;
#2246 = CARTESIAN_POINT ( 'NONE',  ( 0.6397108136348436100, 0.0000000000000000000, -0.01000000000000000000 ) ) ;
#2247 = PERSON_AND_ORGANIZATION ( #6536, #5561 ) ;
#2248 = VERTEX_POINT ( 'NONE', #7835 ) ;
#2249 = DATE_TIME_ROLE ( 'classification_date' ) ;
#2250 = CC_DESIGN_DATE_AND_TIME_ASSIGNMENT ( #7165, #2249, ( #9360 ) ) ;
#2251 = VERTEX_POINT ( 'NONE', #8213 ) ;
#2252 = CARTESIAN_POINT ( 'NONE',  ( 0.6374999999999998400, 0.05000000000000001000, -0.2725000000000000800 ) ) ;
#2253 = ORIENTED_EDGE ( 'NONE', *, *, #9301, .F. ) ;
#2254 = DIRECTION ( 'NONE',  ( 0.0000000000000000000, -0.0000000000000000000, 1.000000000000000000 ) ) ;
#2255 = DIRECTION ( 'NONE',  ( 4.313434190719082600E-014, -9.137710875180577500E-014, -1.000000000000000000 ) ) ;
#2256 = DIRECTION ( 'NONE',  ( 0.0000000000000000000, -1.000000000000000000, -1.352399996863497400E-015 ) ) ;
#2257 = ORIENTED_EDGE ( 'NONE', *, *, #588, .F. ) ;
#2258 = ORIENTED_EDGE ( 'NONE', *, *, #8366, .F. ) ;
#2259 = CARTESIAN_POINT ( 'NONE',  ( 0.6624999999999999800, 0.5580000000000000500, -0.2610000000000001200 ) ) ;
#2260 = CIRCLE ( 'NONE', #1365, 0.03999999999999998000 ) ;
#2261 = EDGE_LOOP ( 'NONE', ( #2698, #3760, #2863, #7301, #2237, #6564, #5787, #1495, #3679, #6460, #425, #3005, #2754, #3024, #919, #148, #2363, #3747, #2939, #2557, #8634, #2981, #9193, #3529, #8696, #8733, #8257, #8759, #8769, #8287, #8785, #8835, #8309, #8398, #8845, #8871, #8319, #8406, #8881, #8975, #8215, #8986, #8994, #8467, #8569, #9010, #9054, #8488, #8576, #9135, #9158, #8585 ) ) ;
#2262 = CARTESIAN_POINT ( 'NONE',  ( 0.4374999999999998900, 0.3450000000000001400, -0.1480000000000000200 ) ) ;
#2263 = DIRECTION ( 'NONE',  ( -0.0000000000000000000, 1.000000000000000000, 1.707404996040165000E-016 ) ) ;
#2264 = CARTESIAN_POINT ( 'NONE',  ( 0.0000000000000000000, 0.0000000000000000000, -0.3700000000000001600 ) ) ;
#2265 = CARTESIAN_POINT ( 'NONE',  ( 0.8517292900370104800, 0.2366589681657806600, -0.01000000000000000000 ) ) ;
#2266 = ORIENTED_EDGE ( 'NONE', *, *, #3964, .T. ) ;
#2267 = ORIENTED_EDGE ( 'NONE', *, *, #5777, .T. ) ;
#2268 = PLANE ( 'NONE',  #621 ) ;
#2269 = PERSON ( 'NAUO-PER11', 'UNSPECIFIED', 'UNSPECIFIED', ('UNSPECIFIED'), ('UNSPECIFIED'), ('UNSPECIFIED') ) ;
#2270 = FACE_OUTER_BOUND ( 'NONE', #3296, .T. ) ;
#2271 = ORIENTED_EDGE ( 'NONE', *, *, #6972, .F. ) ;
#2272 = CARTESIAN_POINT ( 'NONE',  ( 0.7260887114283308700, 0.0000000000000000000, 0.0000000000000000000 ) ) ;
#2273 = CARTESIAN_POINT ( 'NONE',  ( 0.4374999999999998900, 0.5999999999999999800, -0.2974999999999999900 ) ) ;
#2274 = EDGE_CURVE ( 'NONE', #7906, #5748, #92, .T. ) ;
#2275 = ORIENTED_EDGE ( 'NONE', *, *, #2500, .F. ) ;
#2276 = APPROVAL_ROLE ( '' ) ;
#2277 = DIRECTION ( 'NONE',  ( 0.0000000000000000000, -1.000000000000000000, 0.0000000000000000000 ) ) ;
#2278 = ORIENTED_EDGE ( 'NONE', *, *, #973, .T. ) ;
#2279 = ORIENTED_EDGE ( 'NONE', *, *, #292, .T. ) ;
#2280 = VECTOR ( 'NONE', #8644, 39.37007874015748100 ) ;
#2281 = VERTEX_POINT ( 'NONE', #8231 ) ;
#2282 = CARTESIAN_POINT ( 'NONE',  ( 0.7974999999999998800, 0.05000000000000000300, -0.09750000000000001700 ) ) ;
#2283 = AXIS2_PLACEMENT_3D ( 'NONE', #4957, #4564, #2963 ) ;
#2284 = DIRECTION ( 'NONE',  ( 0.0000000000000000000, 0.0000000000000000000, -1.000000000000000000 ) ) ;
#2285 = ORIENTED_EDGE ( 'NONE', *, *, #8680, .T. ) ;
#2286 = CARTESIAN_POINT ( 'NONE',  ( 1.067500000000000100, 0.2699999999999999100, -0.2210000000000000900 ) ) ;
#2287 = EDGE_CURVE ( 'NONE', #6650, #2921, #5961, .T. ) ;
#2288 = EDGE_CURVE ( 'NONE', #2877, #6250, #602, .T. ) ;
#2289 = DIRECTION ( 'NONE',  ( 0.0000000000000000000, 1.352399996863497400E-015, -1.000000000000000000 ) ) ;
#2290 = FACE_OUTER_BOUND ( 'NONE', #7495, .T. ) ;
#2291 = ORIENTED_EDGE ( 'NONE', *, *, #1261, .F. ) ;
#2292 = FACE_OUTER_BOUND ( 'NONE', #408, .T. ) ;
#2293 = DIRECTION ( 'NONE',  ( 0.0000000000000000000, 1.000000000000000000, 0.0000000000000000000 ) ) ;
#2294 = DIRECTION ( 'NONE',  ( 0.0000000000000000000, -4.553079989440441700E-016, 1.000000000000000000 ) ) ;
#2295 = ORIENTED_EDGE ( 'NONE', *, *, #7111, .T. ) ;
#2296 = FACE_OUTER_BOUND ( 'NONE', #909, .T. ) ;
#2297 = DIRECTION ( 'NONE',  ( -0.0000000000000000000, 1.000000000000000000, -0.0000000000000000000 ) ) ;
#2298 = CC_DESIGN_APPROVAL ( #1778, ( #700 ) ) ;
#2299 = LINE ( 'NONE', #7567, #2543 ) ;
#2300 = VERTEX_POINT ( 'NONE', #2661 ) ;
#2301 = VECTOR ( 'NONE', #7528, 39.37007874015748100 ) ;
#2302 = CARTESIAN_POINT ( 'NONE',  ( 0.8374999999999999100, 0.3450000000000001400, -0.1479999999999999900 ) ) ;
#2303 = EDGE_CURVE ( 'NONE', #7047, #31, #1957, .T. ) ;
#2304 = CARTESIAN_POINT ( 'NONE',  ( 0.5506336065353099100, 0.3250000000000201600, -0.01000000000000000000 ) ) ;
#2305 = PLANE ( 'NONE',  #69 ) ;
#2306 = VECTOR ( 'NONE', #504, 39.37007874015748100 ) ;
#2307 = FACE_BOUND ( 'NONE', #6958, .T. ) ;
#2308 = CIRCLE ( 'NONE', #2733, 0.03141014465217017300 ) ;
#2309 = DIRECTION ( 'NONE',  ( -0.0000000000000000000, 0.0000000000000000000, 1.000000000000000000 ) ) ;
#2310 = ORIENTED_EDGE ( 'NONE', *, *, #5403, .F. ) ;
#2311 = EDGE_CURVE ( 'NONE', #7115, #141, #9262, .T. ) ;
#2312 = CARTESIAN_POINT ( 'NONE',  ( 0.8332132034353502100, 0.03000000000017846400, -0.005000000000662556100 ) ) ;
#2313 = ORIENTED_EDGE ( 'NONE', *, *, #7840, .T. ) ;
#2314 = FACE_OUTER_BOUND ( 'NONE', #4578, .T. ) ;
#2315 = AXIS2_PLACEMENT_3D ( 'NONE', #1069, #6360, #1887 ) ;
#2316 = CARTESIAN_POINT ( 'NONE',  ( 0.8885380533012653400, 0.2366589681657897700, -0.01000000000000000000 ) ) ;
#2317 = LINE ( 'NONE', #2003, #960 ) ;
#2318 = DIRECTION ( 'NONE',  ( 0.0000000000000000000, 0.0000000000000000000, -1.000000000000000000 ) ) ;
#2319 = DIRECTION ( 'NONE',  ( 0.0000000000000000000, -3.691686477924679400E-015, -1.000000000000000000 ) ) ;
#2320 = LINE ( 'NONE', #8750, #6071 ) ;
#2321 = ORIENTED_EDGE ( 'NONE', *, *, #912, .T. ) ;
#2322 = CARTESIAN_POINT ( 'NONE',  ( 0.7374999999999998200, 0.3450000000000002000, -0.2725000000000000200 ) ) ;
#2323 = VERTEX_POINT ( 'NONE', #3235 ) ;
#2324 = CARTESIAN_POINT ( 'NONE',  ( 0.9974999999999999400, 0.3450000000000002000, -0.2725000000000000200 ) ) ;
#2325 = ORIENTED_EDGE ( 'NONE', *, *, #394, .F. ) ;
#2326 = ORIENTED_EDGE ( 'NONE', *, *, #1497, .T. ) ;
#2327 = VECTOR ( 'NONE', #3103, 39.37007874015748100 ) ;
#2328 = LINE ( 'NONE', #8891, #5633 ) ;
#2329 = LINE ( 'NONE', #7976, #222 ) ;
#2330 = DIRECTION ( 'NONE',  ( 0.8934675157486069400, 0.4491278195592125500, 2.393366936744274600E-015 ) ) ;
#2331 = ORIENTED_EDGE ( 'NONE', *, *, #5004, .F. ) ;
#2332 = ADVANCED_FACE ( 'NONE', ( #7568 ), #2615, .T. ) ;
#2333 = EDGE_LOOP ( 'NONE', ( #4458, #4740, #1674, #293 ) ) ;
#2334 = PERSON_AND_ORGANIZATION ( #4315, #4377 ) ;
#2335 = EDGE_CURVE ( 'NONE', #3487, #8030, #9064, .T. ) ;
#2336 = DIRECTION ( 'NONE',  ( 0.0000000000000000000, -1.000000000000000000, -1.352399996863497400E-015 ) ) ;
#2337 = ORGANIZATION ( 'NAUO-ORG11', 'UNSPECIFIED', 'UNSPECIFIED' ) ;
#2338 = DIRECTION ( 'NONE',  ( -0.0000000000000000000, 1.000000000000000000, -0.0000000000000000000 ) ) ;
#2339 = CARTESIAN_POINT ( 'NONE',  ( 0.4974999999999998900, 0.2700000000000001800, -0.1480000000000000800 ) ) ;
#2340 = AXIS2_PLACEMENT_3D ( 'NONE', #2115, #2127, #2426 ) ;
#2341 = VECTOR ( 'NONE', #1625, 39.37007874015748100 ) ;
#2342 = PERSON ( 'NAUO-PER5', 'UNSPECIFIED', 'UNSPECIFIED', ('UNSPECIFIED'), ('UNSPECIFIED'), ('UNSPECIFIED') ) ;
#2343 = VECTOR ( 'NONE', #6879, 39.37007874015748100 ) ;
#2344 = CARTESIAN_POINT ( 'NONE',  ( 0.5837132034357946900, 0.03400000000001546900, 0.008999999999674050000 ) ) ;
#2345 = ORIENTED_EDGE ( 'NONE', *, *, #8098, .T. ) ;
#2346 = VERTEX_POINT ( 'NONE', #5379 ) ;
#2347 = AXIS2_PLACEMENT_3D ( 'NONE', #2737, #3288, #4469 ) ;
#2348 = ORIENTED_EDGE ( 'NONE', *, *, #1571, .T. ) ;
#2349 = FACE_OUTER_BOUND ( 'NONE', #8609, .T. ) ;
#2350 = VECTOR ( 'NONE', #2649, 39.37007874015748100 ) ;
#2351 = ORIENTED_EDGE ( 'NONE', *, *, #4249, .T. ) ;
#2352 = EDGE_CURVE ( 'NONE', #1744, #1748, #1708, .T. ) ;
#2353 = CARTESIAN_POINT ( 'NONE',  ( 0.4375000000000010000, 0.5999999999999999800, -0.03900000000000072900 ) ) ;
#2354 = ORIENTED_EDGE ( 'NONE', *, *, #5327, .T. ) ;
#2355 = VERTEX_POINT ( 'NONE', #2999 ) ;
#2356 = CARTESIAN_POINT ( 'NONE',  ( 0.9187212391779987500, 0.2668421540424528200, 0.0000000000000000000 ) ) ;
#2357 = FACE_OUTER_BOUND ( 'NONE', #3825, .T. ) ;
#2358 = EDGE_LOOP ( 'NONE', ( #8786, #8439, #2519, #3256, #1711, #5982, #3192, #9189, #6321, #3582, #3380, #6222, #9296, #6431, #7822, #1883, #1121, #5668, #4303, #3817, #4405, #2126, #3114, #754 ) ) ;
#2359 = CARTESIAN_POINT ( 'NONE',  ( 0.7496463199174502300, 0.3416866393464885200, -0.01000000000000000000 ) ) ;
#2360 = CC_DESIGN_APPROVAL ( #1836, ( #234 ) ) ;
#2361 = ORIENTED_EDGE ( 'NONE', *, *, #9200, .T. ) ;
#2362 = PLANE ( 'NONE',  #4628 ) ;
#2363 = ORIENTED_EDGE ( 'NONE', *, *, #3495, .F. ) ;
#2364 = VERTEX_POINT ( 'NONE', #1780 ) ;
#2365 = EDGE_CURVE ( 'NONE', #3735, #2403, #1460, .T. ) ;
#2366 = PLANE ( 'NONE',  #5545 ) ;
#2367 = CARTESIAN_POINT ( 'NONE',  ( 0.3564999999999999800, 0.4749999999999999800, -0.3440000000000000800 ) ) ;
#2368 = ORIENTED_EDGE ( 'NONE', *, *, #6690, .F. ) ;
#2369 = EDGE_LOOP ( 'NONE', ( #2502, #3919, #3130, #2313 ) ) ;
#2370 = CARTESIAN_POINT ( 'NONE',  ( 0.3564999999999999800, 0.4749999999999999800, -0.3440000000000000800 ) ) ;
#2371 = CALENDAR_DATE ( 2019, 15, 10 ) ;
#2372 = ORIENTED_EDGE ( 'NONE', *, *, #5494, .F. ) ;
#2373 = DIRECTION ( 'NONE',  ( 0.0000000000000000000, 1.000000000000000000, 4.553079989440424900E-016 ) ) ;
#2374 = CARTESIAN_POINT ( 'NONE',  ( 0.3674999999999998300, 0.2699999999999999100, -0.1490000000000000800 ) ) ;
#2375 = ORIENTED_EDGE ( 'NONE', *, *, #2245, .F. ) ;
#2376 = CARTESIAN_POINT ( 'NONE',  ( 0.9187212391779987500, 0.2668421540424528200, -0.01000000000000000000 ) ) ;
#2377 = EDGE_CURVE ( 'NONE', #2364, #5248, #3786, .T. ) ;
#2378 = ORIENTED_EDGE ( 'NONE', *, *, #8037, .T. ) ;
#2379 = DIRECTION ( 'NONE',  ( -0.0000000000000000000, 1.871128762783746100E-015, 1.000000000000000000 ) ) ;
#2380 = ORIENTED_EDGE ( 'NONE', *, *, #4223, .T. ) ;
#2381 = LINE ( 'NONE', #7576, #26 ) ;
#2382 = ORIENTED_EDGE ( 'NONE', *, *, #7333, .F. ) ;
#2383 = DESIGN_CONTEXT ( 'detailed design', #452, 'design' ) ;
#2384 = CARTESIAN_POINT ( 'NONE',  ( 0.6374999999999998400, 0.05000000000000014800, -0.07250000000000002300 ) ) ;
#2385 = ORIENTED_EDGE ( 'NONE', *, *, #7948, .F. ) ;
#2386 = CARTESIAN_POINT ( 'NONE',  ( 0.5506336065353513200, 0.4162857328953860600, -0.01000000000000000000 ) ) ;
#2387 = ORIENTED_EDGE ( 'NONE', *, *, #6121, .T. ) ;
#2388 = ORIENTED_EDGE ( 'NONE', *, *, #6902, .T. ) ;
#2389 = DIRECTION ( 'NONE',  ( 1.000000000000000000, 0.0000000000000000000, 0.0000000000000000000 ) ) ;
#2390 = VECTOR ( 'NONE', #9031, 39.37007874015748100 ) ;
#2391 = ORIENTED_EDGE ( 'NONE', *, *, #3116, .F. ) ;
#2392 = CARTESIAN_POINT ( 'NONE',  ( 0.5974999999999999200, 0.2699999999999999100, -0.2210000000000000900 ) ) ;
#2393 = CARTESIAN_POINT ( 'NONE',  ( 0.7974999999999998800, 0.5579999999999999400, -0.1089999999999998600 ) ) ;
#2394 = DIRECTION ( 'NONE',  ( -0.0000000000000000000, -1.000000000000000000, -4.553079989440441700E-016 ) ) ;
#2395 = EDGE_CURVE ( 'NONE', #8936, #4857, #7151, .T. ) ;
#2396 = VERTEX_POINT ( 'NONE', #8259 ) ;
#2397 = ORIENTED_EDGE ( 'NONE', *, *, #8599, .F. ) ;
#2398 = AXIS2_PLACEMENT_3D ( 'NONE', #8223, #195, #231 ) ;
#2399 = CARTESIAN_POINT ( 'NONE',  ( 0.9624999999999999100, 0.5579999999999999400, -0.1089999999999998600 ) ) ;
#2400 = DIRECTION ( 'NONE',  ( 0.0000000000000000000, 1.000000000000000000, 0.0000000000000000000 ) ) ;
#2401 = VECTOR ( 'NONE', #6569, 39.37007874015748100 ) ;
#2402 = ORIENTED_EDGE ( 'NONE', *, *, #1315, .F. ) ;
#2403 = VERTEX_POINT ( 'NONE', #8395 ) ;
#2404 = DIRECTION ( 'NONE',  ( -0.2940858488381066200, -1.197534207065020200E-013, -0.9557790087217705700 ) ) ;
#2405 = AXIS2_PLACEMENT_3D ( 'NONE', #7853, #8435, #8478 ) ;
#2406 = DIRECTION ( 'NONE',  ( -0.0000000000000000000, 0.0000000000000000000, 1.000000000000000000 ) ) ;
#2407 = PLANE ( 'NONE',  #4923 ) ;
#2408 = DIRECTION ( 'NONE',  ( 1.107796627350074200E-013, 1.000000000000000000, 9.128566868576460300E-014 ) ) ;
#2409 = LINE ( 'NONE', #1615, #52 ) ;
#2410 = ORIENTED_EDGE ( 'NONE', *, *, #5994, .T. ) ;
#2411 = EDGE_CURVE ( 'NONE', #3184, #6786, #5294, .T. ) ;
#2412 = LINE ( 'NONE', #3627, #4446 ) ;
#2413 = CARTESIAN_POINT ( 'NONE',  ( 0.2126803834583944100, 0.09923518725024667300, -0.006000000000753052300 ) ) ;
#2414 = ORIENTED_EDGE ( 'NONE', *, *, #2487, .F. ) ;
#2415 = ORIENTED_EDGE ( 'NONE', *, *, #511, .T. ) ;
#2416 = CARTESIAN_POINT ( 'NONE',  ( 0.0000000000000000000, 0.5999999999999999800, 0.0000000000000000000 ) ) ;
#2417 = DIRECTION ( 'NONE',  ( 0.0000000000000000000, 1.000000000000000000, -0.0000000000000000000 ) ) ;
#2418 = VERTEX_POINT ( 'NONE', #8459 ) ;
#2419 = VECTOR ( 'NONE', #5793, 39.37007874015748100 ) ;
#2420 = EDGE_LOOP ( 'NONE', ( #498, #4992, #2596, #6248 ) ) ;
#2421 = VECTOR ( 'NONE', #4863, 39.37007874015748100 ) ;
#2422 = CARTESIAN_POINT ( 'NONE',  ( 0.7624999999999998400, 0.5180000000000000200, -0.2210000000000000000 ) ) ;
#2423 = EDGE_CURVE ( 'NONE', #4550, #458, #1212, .T. ) ;
#2424 = EDGE_CURVE ( 'NONE', #4201, #3572, #8663, .T. ) ;
#2425 = ORIENTED_EDGE ( 'NONE', *, *, #4101, .F. ) ;
#2426 = DIRECTION ( 'NONE',  ( 0.0000000000000000000, 0.0000000000000000000, -1.000000000000000000 ) ) ;
#2427 = VECTOR ( 'NONE', #8057, 39.37007874015748100 ) ;
#2428 = FACE_OUTER_BOUND ( 'NONE', #79, .T. ) ;
#2429 = EDGE_LOOP ( 'NONE', ( #4635, #8426, #8229, #1375 ) ) ;
#2430 = CARTESIAN_POINT ( 'NONE',  ( 0.5057269153529095900, 0.3780046191005195800, 0.0000000000000000000 ) ) ;
#2431 = FACE_OUTER_BOUND ( 'NONE', #1903, .T. ) ;
#2432 = CARTESIAN_POINT ( 'NONE',  ( 0.6374999999999998400, 0.2700000000000001800, -0.1480000000000000500 ) ) ;
#2433 = CARTESIAN_POINT ( 'NONE',  ( 0.8332132034354582400, 0.03400000000017847800, -0.005000000000652448700 ) ) ;
#2434 = ORIENTED_EDGE ( 'NONE', *, *, #7133, .T. ) ;
#2435 = LINE ( 'NONE', #4980, #7980 ) ;
#2436 = DIRECTION ( 'NONE',  ( 0.0000000000000000000, -1.871128762783744900E-015, 1.000000000000000000 ) ) ;
#2437 = EDGE_CURVE ( 'NONE', #1859, #5422, #7360, .T. ) ;
#2438 = PLANE ( 'NONE',  #8033 ) ;
#2439 = CARTESIAN_POINT ( 'NONE',  ( 0.4974999999999998900, 0.05000000000000014800, -0.07250000000000005100 ) ) ;
#2440 = VECTOR ( 'NONE', #9050, 39.37007874015748100 ) ;
#2441 = EDGE_CURVE ( 'NONE', #2757, #4550, #961, .T. ) ;
#2442 = CARTESIAN_POINT ( 'NONE',  ( 0.8787223830974585400, 0.0000000000000000000, -0.01000000000000000000 ) ) ;
#2443 = VERTEX_POINT ( 'NONE', #2384 ) ;
#2444 = LINE ( 'NONE', #4457, #6392 ) ;
#2445 = LINE ( 'NONE', #4452, #6393 ) ;
#2446 = VECTOR ( 'NONE', #8238, 39.37007874015748100 ) ;
#2447 = ORIENTED_EDGE ( 'NONE', *, *, #8045, .T. ) ;
#2448 = CARTESIAN_POINT ( 'NONE',  ( 0.0000000000000000000, 0.4094147637527355600, -0.01000000000000000000 ) ) ;
#2449 = CARTESIAN_POINT ( 'NONE',  ( 0.0000000000000000000, 0.3539562271012334200, -0.01000000000000000000 ) ) ;
#2450 = ORIENTED_EDGE ( 'NONE', *, *, #1639, .F. ) ;
#2451 = DIRECTION ( 'NONE',  ( 0.0000000000000000000, 0.0000000000000000000, 1.000000000000000000 ) ) ;
#2452 = CARTESIAN_POINT ( 'NONE',  ( 0.5940679471871620500, 0.2405852362473140900, -0.01000000000000000000 ) ) ;
#2453 = LOCAL_TIME ( 8, 51, 22.00000000000000000, #4488 ) ;
#2454 = ORIENTED_EDGE ( 'NONE', *, *, #7688, .F. ) ;
#2455 = CARTESIAN_POINT ( 'NONE',  ( 0.5374999999999999800, 0.2700000000000001800, -0.1490000000000000800 ) ) ;
#2456 = ORIENTED_EDGE ( 'NONE', *, *, #6673, .F. ) ;
#2457 = ORIENTED_EDGE ( 'NONE', *, *, #2848, .T. ) ;
#2458 = VECTOR ( 'NONE', #7677, 39.37007874015748100 ) ;
#2459 = LINE ( 'NONE', #1371, #6402 ) ;
#2460 = CARTESIAN_POINT ( 'NONE',  ( 0.9374999999999998900, 0.05000000000000014800, -0.07249999999999999500 ) ) ;
#2461 = ADVANCED_FACE ( 'NONE', ( #8279 ), #2362, .F. ) ;
#2462 = ORIENTED_EDGE ( 'NONE', *, *, #5356, .F. ) ;
#2463 = VERTEX_POINT ( 'NONE', #2430 ) ;
#2464 = ADVANCED_FACE ( 'NONE', ( #4814 ), #2606, .T. ) ;
#2465 = ITEM_DEFINED_TRANSFORMATION ( 'NONE', 'NONE', #102,  #2951 ) ;
#2466 = ORIENTED_EDGE ( 'NONE', *, *, #4763, .F. ) ;
#2467 = LINE ( 'NONE', #1646, #6619 ) ;
#2468 = DIRECTION ( 'NONE',  ( -0.0000000000000000000, -0.0000000000000000000, 1.000000000000000000 ) ) ;
#2469 = VECTOR ( 'NONE', #2968, 39.37007874015748100 ) ;
#2470 = DIRECTION ( 'NONE',  ( 0.0000000000000000000, 0.0000000000000000000, 1.000000000000000000 ) ) ;
#2471 = CARTESIAN_POINT ( 'NONE',  ( 1.042500000000000200, 0.05000000000000000300, 0.0000000000000000000 ) ) ;
#2472 = EDGE_CURVE ( 'NONE', #4539, #6876, #705, .T. ) ;
#2473 = VERTEX_POINT ( 'NONE', #2700 ) ;
#2474 = CARTESIAN_POINT ( 'NONE',  ( 0.9974999999999999400, 0.3450000000000002000, -0.09750000000000000300 ) ) ;
#2475 = CARTESIAN_POINT ( 'NONE',  ( 0.8321783775649139700, 0.03031840796039865900, -0.005318407960256784500 ) ) ;
#2476 = ORIENTED_EDGE ( 'NONE', *, *, #6960, .F. ) ;
#2477 = LINE ( 'NONE', #356, #375 ) ;
#2478 = DIRECTION ( 'NONE',  ( -0.0000000000000000000, 0.0000000000000000000, 1.000000000000000000 ) ) ;
#2479 = ORIENTED_EDGE ( 'NONE', *, *, #7321, .F. ) ;
#2480 = PLANE ( 'NONE',  #3000 ) ;
#2481 = ADVANCED_FACE ( 'NONE', ( #2566 ), #2526, .F. ) ;
#2482 = ORIENTED_EDGE ( 'NONE', *, *, #1908, .F. ) ;
#2483 = AXIS2_PLACEMENT_3D ( 'NONE', #8127, #7955, #8540 ) ;
#2484 = ORIENTED_EDGE ( 'NONE', *, *, #7630, .T. ) ;
#2485 = CARTESIAN_POINT ( 'NONE',  ( 1.042500000000000200, 0.05000000000000000300, -0.3700000000000000000 ) ) ;
#2486 = EDGE_CURVE ( 'NONE', #3748, #6294, #473, .T. ) ;
#2487 = EDGE_CURVE ( 'NONE', #5279, #8783, #8078, .T. ) ;
#2488 = EDGE_LOOP ( 'NONE', ( #5696, #7847, #2905, #5751 ) ) ;
#2489 = PLANE ( 'NONE',  #3320 ) ;
#2490 = DIRECTION ( 'NONE',  ( -0.0000000000000000000, -0.0000000000000000000, 1.000000000000000000 ) ) ;
#2491 = LOCAL_TIME ( 8, 51, 22.00000000000000000, #4518 ) ;
#2492 = ORIENTED_EDGE ( 'NONE', *, *, #7207, .F. ) ;
#2493 = CARTESIAN_POINT ( 'NONE',  ( 0.9974999999999999400, 0.05000000000000000300, -0.2975000000000001000 ) ) ;
#2494 = APPROVAL ( #5183, 'UNKNOWN' ) ;
#2495 = ORIENTED_EDGE ( 'NONE', *, *, #5029, .F. ) ;
#2496 = ORIENTED_EDGE ( 'NONE', *, *, #7197, .F. ) ;
#2497 = DIRECTION ( 'NONE',  ( -0.0000000000000000000, 0.0000000000000000000, 1.000000000000000000 ) ) ;
#2498 = CARTESIAN_POINT ( 'NONE',  ( 0.3674999999999998300, 0.5600000000000002800, -0.2210000000000000900 ) ) ;
#2499 = ORIENTED_EDGE ( 'NONE', *, *, #1079, .T. ) ;
#2500 = EDGE_CURVE ( 'NONE', #2777, #3464, #8475, .T. ) ;
#2501 = CARTESIAN_POINT ( 'NONE',  ( 1.004362961706152900, 0.2965345564089702500, -0.01000000000000000000 ) ) ;
#2502 = ORIENTED_EDGE ( 'NONE', *, *, #8220, .T. ) ;
#2503 = DIRECTION ( 'NONE',  ( 1.000000000000000000, 0.0000000000000000000, 0.0000000000000000000 ) ) ;
#2504 = PLANE ( 'NONE',  #4349 ) ;
#2505 = ORIENTED_EDGE ( 'NONE', *, *, #7024, .T. ) ;
#2506 = DIRECTION ( 'NONE',  ( 1.000000000000000000, -0.0000000000000000000, -0.0000000000000000000 ) ) ;
#2507 = DIRECTION ( 'NONE',  ( 1.000000000000000000, 0.0000000000000000000, 0.0000000000000000000 ) ) ;
#2508 = VECTOR ( 'NONE', #636, 39.37007874015748100 ) ;
#2509 = ORIENTED_EDGE ( 'NONE', *, *, #719, .F. ) ;
#2510 = EDGE_CURVE ( 'NONE', #1201, #6590, #2320, .T. ) ;
#2511 = DIRECTION ( 'NONE',  ( -0.0000000000000000000, -0.0000000000000000000, -1.000000000000000000 ) ) ;
#2512 = AXIS2_PLACEMENT_3D ( 'NONE', #1469, #7383, #6002 ) ;
#2513 = ORIENTED_EDGE ( 'NONE', *, *, #9032, .F. ) ;
#2514 = VECTOR ( 'NONE', #1452, 39.37007874015748100 ) ;
#2515 = ORIENTED_EDGE ( 'NONE', *, *, #3422, .T. ) ;
#2516 = CARTESIAN_POINT ( 'NONE',  ( 0.8787223830974585400, 0.2366589681657897700, -0.01000000000000000000 ) ) ;
#2517 = CARTESIAN_POINT ( 'NONE',  ( 0.7974999999999998800, 0.5580000000000000500, -0.2610000000000000700 ) ) ;
#2518 = ORIENTED_EDGE ( 'NONE', *, *, #3300, .T. ) ;
#2519 = ORIENTED_EDGE ( 'NONE', *, *, #3255, .T. ) ;
#2520 = CARTESIAN_POINT ( 'NONE',  ( 0.3924999999999996800, 0.05000000000000000300, -0.2200000000000000000 ) ) ;
#2521 = ORIENTED_EDGE ( 'NONE', *, *, #9201, .T. ) ;
#2522 = CARTESIAN_POINT ( 'NONE',  ( 1.067500000000000100, 0.5999999999999999800, -0.3450000000000004200 ) ) ;
#2523 = CIRCLE ( 'NONE', #890, 0.009815670203795690700 ) ;
#2524 = EDGE_LOOP ( 'NONE', ( #5753, #5629, #6367, #4258 ) ) ;
#2525 = ADVANCED_FACE ( 'NONE', ( #4126 ), #7674, .F. ) ;
#2526 = PLANE ( 'NONE',  #6552 ) ;
#2527 = EDGE_CURVE ( 'NONE', #5257, #848, #6290, .T. ) ;
#2528 = ORIENTED_EDGE ( 'NONE', *, *, #5287, .T. ) ;
#2529 = AXIS2_PLACEMENT_3D ( 'NONE', #2593, #3188, #3200 ) ;
#2530 = PLANE ( 'NONE',  #9115 ) ;
#2531 = CARTESIAN_POINT ( 'NONE',  ( 0.6974999999999999000, 0.2700000000000001800, -0.1480000000000000500 ) ) ;
#2532 = LINE ( 'NONE', #5353, #4336 ) ;
#2533 = VERTEX_POINT ( 'NONE', #1759 ) ;
#2534 = LINE ( 'NONE', #703, #2783 ) ;
#2535 = PLANE ( 'NONE',  #4759 ) ;
#2536 = DIRECTION ( 'NONE',  ( 0.0000000000000000000, -3.691686477924679400E-015, -1.000000000000000000 ) ) ;
#2537 = VERTEX_POINT ( 'NONE', #1008 ) ;
#2538 = AXIS2_PLACEMENT_3D ( 'NONE', #5837, #9288, #1282 ) ;
#2539 = ORIENTED_EDGE ( 'NONE', *, *, #2158, .F. ) ;
#2540 = EDGE_CURVE ( 'NONE', #1923, #249, #9348, .T. ) ;
#2541 = VECTOR ( 'NONE', #484, 39.37007874015748900 ) ;
#2542 = CARTESIAN_POINT ( 'NONE',  ( 0.3924999999999996800, 0.05000000000000000300, -0.07249999999999999500 ) ) ;
#2543 = VECTOR ( 'NONE', #4449, 39.37007874015748100 ) ;
#2544 = ORIENTED_EDGE ( 'NONE', *, *, #9350, .T. ) ;
#2545 = CYLINDRICAL_SURFACE ( 'NONE', #3596, 0.009815670203803340800 ) ;
#2546 = EDGE_LOOP ( 'NONE', ( #9272, #4644, #9280, #9328, #7744, #9334, #8616, #5528, #6881 ) ) ;
#2547 = ORIENTED_EDGE ( 'NONE', *, *, #8330, .F. ) ;
#2548 = DIRECTION ( 'NONE',  ( -8.805085114014791100E-014, -0.4472135954998610600, 0.8944271909999643700 ) ) ;
#2549 = CARTESIAN_POINT ( 'NONE',  ( 0.1332132034363043800, 0.05750000000000761400, 0.02474999999908516000 ) ) ;
#2550 = ORIENTED_EDGE ( 'NONE', *, *, #8366, .T. ) ;
#2551 = LINE ( 'NONE', #1156, #459 ) ;
#2552 = CC_DESIGN_DATE_AND_TIME_ASSIGNMENT ( #263, #1172, ( #1493 ) ) ;
#2553 = LINE ( 'NONE', #4206, #4354 ) ;
#2554 = EDGE_LOOP ( 'NONE', ( #6436, #8816, #7037, #345, #6725, #1107, #2521, #3237, #2867, #6633, #1911, #1032, #164, #8631, #5703, #6445, #9209, #3271, #5326, #6629 ) ) ;
#2555 = CIRCLE ( 'NONE', #1140, 0.03200000000000033400 ) ;
#2556 =( CONVERSION_BASED_UNIT ( 'INCH', #2997 ) LENGTH_UNIT ( ) NAMED_UNIT ( #7353 ) );
#2557 = ORIENTED_EDGE ( 'NONE', *, *, #4403, .F. ) ;
#2558 = EDGE_CURVE ( 'NONE', #3731, #2300, #7886, .T. ) ;
#2559 = DIRECTION ( 'NONE',  ( -7.965038160976483700E-014, -0.8944271909999643700, -0.4472135954998610600 ) ) ;
#2560 = VERTEX_POINT ( 'NONE', #8800 ) ;
#2561 = DIRECTION ( 'NONE',  ( 1.000000000000000000, 0.0000000000000000000, 0.0000000000000000000 ) ) ;
#2562 = CARTESIAN_POINT ( 'NONE',  ( 0.8332132034355813600, 0.03400000000016674400, 0.008999999999401547500 ) ) ;
#2563 = CIRCLE ( 'NONE', #7522, 0.009815670203803203800 ) ;
#2564 = CYLINDRICAL_SURFACE ( 'NONE', #8122, 0.006870969142667761500 ) ;
#2565 = CARTESIAN_POINT ( 'NONE',  ( 0.7374999999999998200, 0.2700000000000001800, -0.1490000000000000800 ) ) ;
#2566 = FACE_OUTER_BOUND ( 'NONE', #5929, .T. ) ;
#2567 = ORIENTED_EDGE ( 'NONE', *, *, #7206, .F. ) ;
#2568 = CARTESIAN_POINT ( 'NONE',  ( 0.8974999999999999600, 0.5580000000000000500, -0.07249999999999993900 ) ) ;
#2569 = CARTESIAN_POINT ( 'NONE',  ( 0.8021601555077856300, 0.2268432979619844400, -0.01000000000000000000 ) ) ;
#2570 = EDGE_CURVE ( 'NONE', #9046, #5538, #3899, .T. ) ;
#2571 = VECTOR ( 'NONE', #3974, 39.37007874015748100 ) ;
#2572 = AXIS2_PLACEMENT_3D ( 'NONE', #6407, #1131, #5705 ) ;
#2573 = LINE ( 'NONE', #8216, #9164 ) ;
#2574 = VECTOR ( 'NONE', #5744, 39.37007874015748100 ) ;
#2575 = ORIENTED_EDGE ( 'NONE', *, *, #2924, .T. ) ;
#2576 = CARTESIAN_POINT ( 'NONE',  ( 0.2412000000003259900, 0.04250000000009039600, -6.228613425554519900E-014 ) ) ;
#2577 = ORIENTED_EDGE ( 'NONE', *, *, #5816, .F. ) ;
#2578 = ADVANCED_FACE ( 'NONE', ( #7456 ), #1570, .F. ) ;
#2579 = LOCAL_TIME ( 8, 51, 22.00000000000000000, #4599 ) ;
#2580 = COORDINATED_UNIVERSAL_TIME_OFFSET ( 5, 0, .BEHIND. ) ;
#2581 = EDGE_LOOP ( 'NONE', ( #6669, #4875, #61, #1872 ) ) ;
#2582 = VECTOR ( 'NONE', #1721, 39.37007874015748100 ) ;
#2583 = VECTOR ( 'NONE', #8802, 39.37007874015748100 ) ;
#2584 = DIRECTION ( 'NONE',  ( -0.8934675157486069400, -0.4491278195592125500, -2.393366936744274600E-015 ) ) ;
#2585 = CARTESIAN_POINT ( 'NONE',  ( 0.2412000000003833600, 0.04250000000010914500, 0.005999999999924482400 ) ) ;
#2586 = CARTESIAN_POINT ( 'NONE',  ( 0.4375000000000010000, -0.07355680662945861300, -0.03900000000000072900 ) ) ;
#2587 = VERTEX_POINT ( 'NONE', #766 ) ;
#2588 = EDGE_CURVE ( 'NONE', #1622, #3478, #3673, .T. ) ;
#2589 = DIRECTION ( 'NONE',  ( -4.313434190716670600E-014, 9.125743083152196300E-014, 1.000000000000000000 ) ) ;
#2590 = CARTESIAN_POINT ( 'NONE',  ( 0.4674999999970022000, 0.6712132034363815800, -0.05999999999982632400 ) ) ;
#2591 = VECTOR ( 'NONE', #3785, 39.37007874015748100 ) ;
#2592 = VECTOR ( 'NONE', #1030, 39.37007874015748100 ) ;
#2593 = CARTESIAN_POINT ( 'NONE',  ( 0.0000000000000000000, 0.2268432979619844400, -0.01000000000000000000 ) ) ;
#2594 = ORIENTED_EDGE ( 'NONE', *, *, #1907, .F. ) ;
#2595 = DIRECTION ( 'NONE',  ( -1.000000000000000000, -1.106190048104503000E-013, 4.313434190744403800E-014 ) ) ;
#2596 = ORIENTED_EDGE ( 'NONE', *, *, #5412, .F. ) ;
#2597 = PLANE ( 'NONE',  #3347 ) ;
#2598 = CARTESIAN_POINT ( 'NONE',  ( 1.004362961706156500, 0.3063502266127573500, -0.01000000000000000000 ) ) ;
#2599 = AXIS2_PLACEMENT_3D ( 'NONE', #1324, #469, #2822 ) ;
#2600 = VECTOR ( 'NONE', #9171, 39.37007874015748100 ) ;
#2601 = CARTESIAN_POINT ( 'NONE',  ( 0.1462132034361295100, 0.03800000000008420300, -0.01500000000070889100 ) ) ;
#2602 = ORIENTED_EDGE ( 'NONE', *, *, #4029, .F. ) ;
#2603 = CARTESIAN_POINT ( 'NONE',  ( 0.7974999999999998800, 0.2700000000000001800, -0.1480000000000000200 ) ) ;
#2604 = EDGE_CURVE ( 'NONE', #4886, #111, #5621, .T. ) ;
#2605 = VERTEX_POINT ( 'NONE', #962 ) ;
#2606 = PLANE ( 'NONE',  #5615 ) ;
#2607 = EDGE_LOOP ( 'NONE', ( #7623, #3261, #1645, #1392 ) ) ;
#2608 = DIRECTION ( 'NONE',  ( -0.0000000000000000000, 0.0000000000000000000, 1.000000000000000000 ) ) ;
#2609 = CARTESIAN_POINT ( 'NONE',  ( 0.9449781569731658900, 0.3831578454992597400, -0.01000000000000000000 ) ) ;
#2610 = VERTEX_POINT ( 'NONE', #1027 ) ;
#2611 = EDGE_LOOP ( 'NONE', ( #2027, #6929, #6868, #8115 ) ) ;
#2612 = CARTESIAN_POINT ( 'NONE',  ( 0.9374999999999998900, 0.2699999999999999100, -0.2220000000000000600 ) ) ;
#2613 = PERSON_AND_ORGANIZATION ( #6536, #5561 ) ;
#2614 = EDGE_LOOP ( 'NONE', ( #4304, #2234, #5989, #7735, #8513, #4042, #4427, #797, #7952, #8235, #6969 ) ) ;
#2615 = PLANE ( 'NONE',  #3647 ) ;
#2616 = EDGE_CURVE ( 'NONE', #5724, #2346, #1330, .T. ) ;
#2617 = EDGE_CURVE ( 'NONE', #3511, #5118, #5393, .T. ) ;
#2618 = ORIENTED_EDGE ( 'NONE', *, *, #1508, .F. ) ;
#2619 = CARTESIAN_POINT ( 'NONE',  ( 0.6374999999999998400, 0.3450000000000001400, -0.1480000000000000200 ) ) ;
#2620 = EDGE_LOOP ( 'NONE', ( #9004, #261, #8622, #1501 ) ) ;
#2621 = VECTOR ( 'NONE', #1660, 39.37007874015748100 ) ;
#2622 = ORIENTED_EDGE ( 'NONE', *, *, #740, .F. ) ;
#2623 = DIRECTION ( 'NONE',  ( -1.000000000000000000, 7.695514003114026500E-012, 5.225410333486496900E-012 ) ) ;
#2624 = CARTESIAN_POINT ( 'NONE',  ( 1.042500000000000200, 0.0000000000000000000, 0.0000000000000000000 ) ) ;
#2625 = ADVANCED_FACE ( 'NONE', ( #7038 ), #1034, .F. ) ;
#2626 = CARTESIAN_POINT ( 'NONE',  ( 0.5832707099630101100, 0.4133410318342099500, -0.01000000000000000000 ) ) ;
#2627 = ORIENTED_EDGE ( 'NONE', *, *, #9366, .F. ) ;
#2628 = EDGE_CURVE ( 'NONE', #6506, #8861, #7249, .T. ) ;
#2629 = CARTESIAN_POINT ( 'NONE',  ( 1.042500000000000200, 0.0000000000000000000, -0.2200000000000000000 ) ) ;
#2630 = VECTOR ( 'NONE', #4945, 39.37007874015748100 ) ;
#2631 = ORIENTED_EDGE ( 'NONE', *, *, #8561, .T. ) ;
#2632 = DIRECTION ( 'NONE',  ( -1.000000000000000000, -0.0000000000000000000, -0.0000000000000000000 ) ) ;
#2633 = ORIENTED_EDGE ( 'NONE', *, *, #8853, .T. ) ;
#2634 = CARTESIAN_POINT ( 'NONE',  ( 0.3176904633946813200, 0.04370789473695270400, -0.02500000000001462200 ) ) ;
#2635 = ORIENTED_EDGE ( 'NONE', *, *, #1700, .T. ) ;
#2636 = ORIENTED_EDGE ( 'NONE', *, *, #3852, .T. ) ;
#2637 = VERTEX_POINT ( 'NONE', #8332 ) ;
#2638 = LINE ( 'NONE', #571, #552 ) ;
#2639 = ORIENTED_EDGE ( 'NONE', *, *, #6761, .T. ) ;
#2640 = EDGE_CURVE ( 'NONE', #458, #2560, #9157, .T. ) ;
#2641 = DIRECTION ( 'NONE',  ( -0.0000000000000000000, -0.0000000000000000000, 1.000000000000000000 ) ) ;
#2642 = ORIENTED_EDGE ( 'NONE', *, *, #1370, .F. ) ;
#2643 = AXIS2_PLACEMENT_3D ( 'NONE', #7350, #387, #4503 ) ;
#2644 = ADVANCED_FACE ( 'NONE', ( #5184 ), #4921, .T. ) ;
#2645 = ORIENTED_EDGE ( 'NONE', *, *, #8045, .F. ) ;
#2646 = DIRECTION ( 'NONE',  ( -0.0000000000000000000, 0.0000000000000000000, 1.000000000000000000 ) ) ;
#2647 = DIRECTION ( 'NONE',  ( 0.0000000000000000000, 1.000000000000000000, 0.0000000000000000000 ) ) ;
#2648 = CARTESIAN_POINT ( 'NONE',  ( 0.1536499778720232000, 0.06956181146279312400, 0.005999999999949888300 ) ) ;
#2649 = DIRECTION ( 'NONE',  ( 0.0000000000000000000, -1.000000000000000000, 0.0000000000000000000 ) ) ;
#2650 = CYLINDRICAL_SURFACE ( 'NONE', #5220, 0.03999999999999998000 ) ;
#2651 = ORIENTED_EDGE ( 'NONE', *, *, #7503, .T. ) ;
#2652 = VECTOR ( 'NONE', #7066, 39.37007874015748100 ) ;
#2653 = CARTESIAN_POINT ( 'NONE',  ( 0.3924999999999996800, 0.0000000000000000000, -0.3700000000000000000 ) ) ;
#2654 = DIRECTION ( 'NONE',  ( 7.695808612430578300E-012, -1.000000000000000000, -9.453018302633165800E-013 ) ) ;
#2655 = VERTEX_POINT ( 'NONE', #183 ) ;
#2656 = ADVANCED_FACE ( 'NONE', ( #6814 ), #205, .F. ) ;
#2657 = AXIS2_PLACEMENT_3D ( 'NONE', #7734, #1659, #8400 ) ;
#2658 = DIRECTION ( 'NONE',  ( -0.0000000000000000000, -0.0000000000000000000, 1.000000000000000000 ) ) ;
#2659 = LINE ( 'NONE', #4700, #6371 ) ;
#2660 = VERTEX_POINT ( 'NONE', #158 ) ;
#2661 = CARTESIAN_POINT ( 'NONE',  ( 0.7825288151001881200, 0.3181290308573496200, 0.0000000000000000000 ) ) ;
#2662 = EDGE_CURVE ( 'NONE', #2660, #111, #8566, .T. ) ;
#2663 = LINE ( 'NONE', #5427, #6373 ) ;
#2664 = CARTESIAN_POINT ( 'NONE',  ( 1.014178631909940200, 0.2965345564089702500, -0.01000000000000000000 ) ) ;
#2665 = DIRECTION ( 'NONE',  ( -0.0000000000000000000, 0.0000000000000000000, 1.000000000000000000 ) ) ;
#2666 = CARTESIAN_POINT ( 'NONE',  ( 0.5374999999999999800, 0.5580000000000000500, -0.07249999999999998100 ) ) ;
#2667 = VECTOR ( 'NONE', #2436, 39.37007874015748100 ) ;
#2668 = CARTESIAN_POINT ( 'NONE',  ( 0.6990956183678620500, 0.2268432979619829900, -0.01000000000000000000 ) ) ;
#2669 = CARTESIAN_POINT ( 'NONE',  ( 0.6397108136348436100, 0.3780046191005523900, -0.01000000000000000000 ) ) ;
#2670 = VECTOR ( 'NONE', #1464, 39.37007874015748100 ) ;
#2671 = LINE ( 'NONE', #4933, #7775 ) ;
#2672 = AXIS2_PLACEMENT_3D ( 'NONE', #4576, #6733, #6540 ) ;
#2673 = EDGE_LOOP ( 'NONE', ( #5437, #2368, #438, #6164 ) ) ;
#2674 = EDGE_CURVE ( 'NONE', #2396, #9090, #3194, .T. ) ;
#2675 = EDGE_CURVE ( 'NONE', #6910, #3977, #2932, .T. ) ;
#2676 = ADVANCED_FACE ( 'NONE', ( #8377 ), #8489, .F. ) ;
#2677 = VECTOR ( 'NONE', #447, 39.37007874015748100 ) ;
#2678 = DIRECTION ( 'NONE',  ( 0.0000000000000000000, -1.000000000000000000, 0.0000000000000000000 ) ) ;
#2679 = CARTESIAN_POINT ( 'NONE',  ( 0.7374999999999998200, 0.3450000000000001400, -0.1479999999999999900 ) ) ;
#2680 = VERTEX_POINT ( 'NONE', #94 ) ;
#2681 = FACE_OUTER_BOUND ( 'NONE', #7751, .T. ) ;
#2682 = CARTESIAN_POINT ( 'NONE',  ( 0.3522132034364622900, 0.01250000000000954300, -3.781840282934266400E-013 ) ) ;
#2683 = ORIENTED_EDGE ( 'NONE', *, *, #8931, .F. ) ;
#2684 = CARTESIAN_POINT ( 'NONE',  ( 0.3674999999999998300, 0.2699999999999999100, -0.2210000000000000900 ) ) ;
#2685 = CARTESIAN_POINT ( 'NONE',  ( 0.7374999999999998200, 0.3450000000000001400, -0.2220000000000000000 ) ) ;
#2686 = ORIENTED_EDGE ( 'NONE', *, *, #6573, .F. ) ;
#2687 = CC_DESIGN_SECURITY_CLASSIFICATION ( #5281, ( #9371 ) ) ;
#2688 = ORIENTED_EDGE ( 'NONE', *, *, #3797, .F. ) ;
#2689 = LINE ( 'NONE', #4134, #4482 ) ;
#2690 = LINE ( 'NONE', #3999, #4929 ) ;
#2691 = DIRECTION ( 'NONE',  ( 0.0000000000000000000, -0.0000000000000000000, -1.000000000000000000 ) ) ;
#2692 = DIRECTION ( 'NONE',  ( 0.0000000000000000000, 0.0000000000000000000, 1.000000000000000000 ) ) ;
#2693 = VECTOR ( 'NONE', #8823, 39.37007874015748100 ) ;
#2694 = ORIENTED_EDGE ( 'NONE', *, *, #7040, .T. ) ;
#2695 = EDGE_CURVE ( 'NONE', #8432, #6615, #178, .T. ) ;
#2696 = DIRECTION ( 'NONE',  ( 0.0000000000000000000, -3.691686477924679400E-015, -1.000000000000000000 ) ) ;
#2697 = DIRECTION ( 'NONE',  ( 1.000000000000000000, 0.0000000000000000000, 0.0000000000000000000 ) ) ;
#2698 = ORIENTED_EDGE ( 'NONE', *, *, #8266, .F. ) ;
#2699 = CONTEXT_DEPENDENT_SHAPE_REPRESENTATION ( #2143, #9243 ) ;
#2700 = CARTESIAN_POINT ( 'NONE',  ( 0.9374999999999998900, 0.2699999999999999100, -0.2220000000000000600 ) ) ;
#2701 = ORIENTED_EDGE ( 'NONE', *, *, #5892, .F. ) ;
#2702 = APPROVAL_PERSON_ORGANIZATION ( #4709, #463, #9319 ) ;
#2703 = VERTEX_POINT ( 'NONE', #8887 ) ;
#2704 = VERTEX_POINT ( 'NONE', #8841 ) ;
#2705 = FACE_OUTER_BOUND ( 'NONE', #5804, .T. ) ;
#2706 = LINE ( 'NONE', #7235, #610 ) ;
#2707 = CARTESIAN_POINT ( 'NONE',  ( 0.9975000000000000500, -0.07355680662945861300, -0.3310000000000002400 ) ) ;
#2709 = CARTESIAN_POINT ( 'NONE',  ( 0.3784999999999999500, 0.5999999999999999800, -0.2820000000000000300 ) ) ;
#2708 = DIRECTION ( 'NONE',  ( -1.000000000000000000, 0.0000000000000000000, 0.0000000000000000000 ) ) ;
#2710 = EDGE_CURVE ( 'NONE', #1201, #96, #4476, .T. ) ;
#2711 = ORIENTED_EDGE ( 'NONE', *, *, #6622, .T. ) ;
#2712 = LOCAL_TIME ( 8, 51, 22.00000000000000000, #4720 ) ;
#2713 = VERTEX_POINT ( 'NONE', #8909 ) ;
#2714 = APPROVAL_DATE_TIME ( #4722, #4841 ) ;
#2715 = VECTOR ( 'NONE', #4282, 39.37007874015748100 ) ;
#2716 = FACE_OUTER_BOUND ( 'NONE', #5211, .T. ) ;
#2717 = ADVANCED_FACE ( 'NONE', ( #6386 ), #8955, .F. ) ;
#2718 = DIRECTION ( 'NONE',  ( 0.0000000000000000000, 0.0000000000000000000, -1.000000000000000000 ) ) ;
#2719 = VERTEX_POINT ( 'NONE', #8940 ) ;
#2720 = CARTESIAN_POINT ( 'NONE',  ( 0.7974999999999998800, 0.5180000000000000200, -0.1489999999999998500 ) ) ;
#2721 = CARTESIAN_POINT ( 'NONE',  ( 0.5374999999999999800, 0.3450000000000002000, -0.09750000000000003100 ) ) ;
#2722 = DIRECTION ( 'NONE',  ( 0.0000000000000000000, -0.0000000000000000000, 1.000000000000000000 ) ) ;
#2723 = VECTOR ( 'NONE', #339, 39.37007874015748100 ) ;
#2724 = AXIS2_PLACEMENT_3D ( 'NONE', #2576, #1500, #6127 ) ;
#2725 = ORIENTED_EDGE ( 'NONE', *, *, #7582, .T. ) ;
#2726 = DIRECTION ( 'NONE',  ( 1.000000000000000000, 0.0000000000000000000, 0.0000000000000000000 ) ) ;
#2727 = ORIENTED_EDGE ( 'NONE', *, *, #4131, .T. ) ;
#2728 = VERTEX_POINT ( 'NONE', #7519 ) ;
#2729 = EDGE_CURVE ( 'NONE', #4751, #134, #8177, .T. ) ;
#2730 = ORIENTED_EDGE ( 'NONE', *, *, #5600, .T. ) ;
#2731 = ORIENTED_EDGE ( 'NONE', *, *, #656, .T. ) ;
#2732 = APPROVAL_ROLE ( '' ) ;
#2734 = ORIENTED_EDGE ( 'NONE', *, *, #3674, .F. ) ;
#2733 = AXIS2_PLACEMENT_3D ( 'NONE', #6366, #5009, #5085 ) ;
#2735 = ORIENTED_EDGE ( 'NONE', *, *, #4912, .F. ) ;
#2736 = ADVANCED_FACE ( 'NONE', ( #6173, #336, #2681, #594, #4246 ), #7510, .F. ) ;
#2737 = CARTESIAN_POINT ( 'NONE',  ( 0.6374999999999998400, 0.3450000000000002000, -0.09750000000000003100 ) ) ;
#2738 = CALENDAR_DATE ( 2019, 15, 10 ) ;
#2739 = ORIENTED_EDGE ( 'NONE', *, *, #7933, .F. ) ;
#2740 = AXIS2_PLACEMENT_3D ( 'NONE', #2626, #2646, #2561 ) ;
#2741 = DIRECTION ( 'NONE',  ( 0.0000000000000000000, -1.871128762783745300E-015, 1.000000000000000000 ) ) ;
#2742 = DIRECTION ( 'NONE',  ( 0.0000000000000000000, -1.000000000000000000, 0.0000000000000000000 ) ) ;
#2743 = PLANE ( 'NONE',  #2093 ) ;
#2744 = EDGE_CURVE ( 'NONE', #373, #4092, #7780, .T. ) ;
#2745 = ORIENTED_EDGE ( 'NONE', *, *, #2674, .F. ) ;
#2746 = ORIENTED_EDGE ( 'NONE', *, *, #5028, .T. ) ;
#2747 = EDGE_LOOP ( 'NONE', ( #4023, #2642, #2902, #6074 ) ) ;
#2748 = DIRECTION ( 'NONE',  ( -0.0000000000000000000, -0.0000000000000000000, 1.000000000000000000 ) ) ;
#2749 = ORIENTED_EDGE ( 'NONE', *, *, #1149, .T. ) ;
#2750 = EDGE_LOOP ( 'NONE', ( #5913, #780 ) ) ;
#2751 = CARTESIAN_POINT ( 'NONE',  ( 0.7923444853039821600, 0.3416866393464817500, -0.01000000000000000000 ) ) ;
#2752 = CARTESIAN_POINT ( 'NONE',  ( 0.5506336064153888300, 0.3181290308573566100, 0.0000000000000000000 ) ) ;
#2753 =( GEOMETRIC_REPRESENTATION_CONTEXT ( 3 ) GLOBAL_UNCERTAINTY_ASSIGNED_CONTEXT ( ( #5155 ) ) GLOBAL_UNIT_ASSIGNED_CONTEXT ( ( #5678, #1099, #6381 ) ) REPRESENTATION_CONTEXT ( 'NONE', 'WORKASPACE' ) );
#2754 = ORIENTED_EDGE ( 'NONE', *, *, #1235, .F. ) ;
#2755 = PLANE ( 'NONE',  #566 ) ;
#2756 = LINE ( 'NONE', #7961, #660 ) ;
#2757 = VERTEX_POINT ( 'NONE', #8974 ) ;
#2758 = DIRECTION ( 'NONE',  ( 0.0000000000000000000, -1.000000000000000000, 0.0000000000000000000 ) ) ;
#2759 = EDGE_CURVE ( 'NONE', #7750, #9185, #1947, .T. ) ;
#2760 = EDGE_CURVE ( 'NONE', #3054, #5313, #83, .T. ) ;
#2761 = EDGE_LOOP ( 'NONE', ( #7221, #3285, #5021, #5256, #3751, #7118, #1663, #7531, #7324 ) ) ;
#2762 = VERTEX_POINT ( 'NONE', #7903 ) ;
#2763 = PLANE ( 'NONE',  #2657 ) ;
#2764 = MECHANICAL_CONTEXT ( 'NONE', #3500, 'mechanical' ) ;
#2765 = DIRECTION ( 'NONE',  ( 1.000000000000000000, 0.0000000000000000000, 0.0000000000000000000 ) ) ;
#2766 = VECTOR ( 'NONE', #24, 39.37007874015748100 ) ;
#2767 = ORIENTED_EDGE ( 'NONE', *, *, #3728, .F. ) ;
#2768 = ORIENTED_EDGE ( 'NONE', *, *, #1754, .F. ) ;
#2769 = EDGE_CURVE ( 'NONE', #8602, #4849, #7558, .T. ) ;
#2770 = CC_DESIGN_PERSON_AND_ORGANIZATION_ASSIGNMENT ( #3084, #7366, ( #9360 ) ) ;
#2771 = ORIENTED_EDGE ( 'NONE', *, *, #1047, .F. ) ;
#2772 = CARTESIAN_POINT ( 'NONE',  ( 0.1462224658728854300, 0.05800000000011161500, -0.02500000000108113700 ) ) ;
#2773 = LINE ( 'NONE', #7832, #427 ) ;
#2774 = VERTEX_POINT ( 'NONE', #7930 ) ;
#2775 = DIRECTION ( 'NONE',  ( -0.0000000000000000000, -0.0000000000000000000, 1.000000000000000000 ) ) ;
#2776 = PLANE ( 'NONE',  #7641 ) ;
#2777 = VERTEX_POINT ( 'NONE', #7762 ) ;
#2778 = CARTESIAN_POINT ( 'NONE',  ( 0.1536499778721389700, 0.06956181146273769700, -0.02500000000006324900 ) ) ;
#2779 = CARTESIAN_POINT ( 'NONE',  ( 0.7660875675088116800, 0.3826670498449319900, -0.01000000000000000000 ) ) ;
#2780 = ADVANCED_FACE ( 'NONE', ( #5955 ), #7772, .F. ) ;
#2781 = VECTOR ( 'NONE', #2860, 39.37007874015748100 ) ;
#2782 = ORIENTED_EDGE ( 'NONE', *, *, #8991, .F. ) ;
#2783 = VECTOR ( 'NONE', #871, 39.37007874015748100 ) ;
#2784 = ORIENTED_EDGE ( 'NONE', *, *, #5806, .T. ) ;
#2785 = DIRECTION ( 'NONE',  ( -1.000000000000000000, -0.0000000000000000000, 0.0000000000000000000 ) ) ;
#2786 = CARTESIAN_POINT ( 'NONE',  ( 0.4582132034363839400, 0.03750000000012246300, 0.02499999999945186000 ) ) ;
#2787 = DIRECTION ( 'NONE',  ( 1.000000000000000000, 0.0000000000000000000, 0.0000000000000000000 ) ) ;
#2788 = ORIENTED_EDGE ( 'NONE', *, *, #3017, .F. ) ;
#2789 = PLANE ( 'NONE',  #9232 ) ;
#2790 = VECTOR ( 'NONE', #6066, 39.37007874015748100 ) ;
#2791 = LINE ( 'NONE', #3658, #3304 ) ;
#2792 = VECTOR ( 'NONE', #2373, 39.37007874015748100 ) ;
#2793 = DIRECTION ( 'NONE',  ( 1.000000000000000000, 0.0000000000000000000, 0.0000000000000000000 ) ) ;
#2794 = PERSON_AND_ORGANIZATION_ROLE ( 'classification_officer' ) ;
#2795 = ORIENTED_EDGE ( 'NONE', *, *, #7840, .F. ) ;
#2796 = CARTESIAN_POINT ( 'NONE',  ( 0.4374999999999998900, 0.5999999999999999800, -0.1090000000000000800 ) ) ;
#2797 = CARTESIAN_POINT ( 'NONE',  ( 0.3674999999999998300, 0.2699999999999999100, -0.1490000000000000800 ) ) ;
#2798 = VERTEX_POINT ( 'NONE', #7682 ) ;
#2799 = VERTEX_POINT ( 'NONE', #7704 ) ;
#2800 = EDGE_CURVE ( 'NONE', #1634, #5323, #7351, .T. ) ;
#2801 = LINE ( 'NONE', #2634, #8952 ) ;
#2802 = LINE ( 'NONE', #4852, #695 ) ;
#2803 = EDGE_LOOP ( 'NONE', ( #1796, #6454, #2767, #2482, #3743, #7316, #7002, #4890, #3516 ) ) ;
#2804 = VECTOR ( 'NONE', #7229, 39.37007874015748100 ) ;
#2805 = ORIENTED_EDGE ( 'NONE', *, *, #5531, .T. ) ;
#2806 = CARTESIAN_POINT ( 'NONE',  ( 0.0000000000000000000, 0.3181290308573566100, -0.01000000000000000000 ) ) ;
#2807 = DIRECTION ( 'NONE',  ( -4.313434190716670600E-014, 9.125743083152196300E-014, 1.000000000000000000 ) ) ;
#2808 = ORIENTED_EDGE ( 'NONE', *, *, #9053, .T. ) ;
#2809 = DIRECTION ( 'NONE',  ( 0.0000000000000000000, -0.0000000000000000000, -1.000000000000000000 ) ) ;
#2810 = FACE_OUTER_BOUND ( 'NONE', #3275, .T. ) ;
#2811 = VECTOR ( 'NONE', #3839, 39.37007874015748100 ) ;
#2812 = VECTOR ( 'NONE', #2881, 39.37007874015748100 ) ;
#2813 = DIRECTION ( 'NONE',  ( 4.313434190716670600E-014, -9.125743083152196300E-014, -1.000000000000000000 ) ) ;
#2814 = EDGE_CURVE ( 'NONE', #1933, #3771, #4004, .T. ) ;
#2815 = EDGE_CURVE ( 'NONE', #4620, #7115, #3777, .T. ) ;
#2816 = VERTEX_POINT ( 'NONE', #4971 ) ;
#2817 = DIRECTION ( 'NONE',  ( 1.000000000000000000, 0.0000000000000000000, 0.0000000000000000000 ) ) ;
#2818 = ORIENTED_EDGE ( 'NONE', *, *, #7378, .F. ) ;
#2819 = CARTESIAN_POINT ( 'NONE',  ( 0.8374999999999999100, 0.05000000000000000300, -0.3700000000000000000 ) ) ;
#2820 = ORIENTED_EDGE ( 'NONE', *, *, #5701, .T. ) ;
#2821 = VECTOR ( 'NONE', #8080, 39.37007874015748100 ) ;
#2822 = DIRECTION ( 'NONE',  ( 0.0000000000000000000, -0.0000000000000000000, -1.000000000000000000 ) ) ;
#2823 = FACE_OUTER_BOUND ( 'NONE', #3385, .T. ) ;
#2824 = CARTESIAN_POINT ( 'NONE',  ( 0.0000000000000000000, 0.0000000000000000000, -0.01000000000000000000 ) ) ;
#2825 = ORIENTED_EDGE ( 'NONE', *, *, #1554, .F. ) ;
#2826 = CARTESIAN_POINT ( 'NONE',  ( 0.09500000000047542600, 0.03800000000006063800, 0.01499999999997265800 ) ) ;
#2827 = DIRECTION ( 'NONE',  ( 1.000000000000000000, 0.0000000000000000000, 0.0000000000000000000 ) ) ;
#2828 = VECTOR ( 'NONE', #7359, 39.37007874015748100 ) ;
#2829 = ORIENTED_EDGE ( 'NONE', *, *, #4088, .F. ) ;
#2830 = CC_DESIGN_DATE_AND_TIME_ASSIGNMENT ( #5519, #8605, ( #700 ) ) ;
#2831 = ORIENTED_EDGE ( 'NONE', *, *, #7598, .F. ) ;
#2832 = DIRECTION ( 'NONE',  ( 1.000000000000000000, 0.0000000000000000000, 0.0000000000000000000 ) ) ;
#2833 = COORDINATED_UNIVERSAL_TIME_OFFSET ( 5, 0, .BEHIND. ) ;
#2834 = ORIENTED_EDGE ( 'NONE', *, *, #3387, .F. ) ;
#2835 = APPROVAL_STATUS ( 'not_yet_approved' ) ;
#2836 = VECTOR ( 'NONE', #1573, 39.37007874015748100 ) ;
#2837 = EDGE_CURVE ( 'NONE', #7047, #8925, #9055, .T. ) ;
#2838 = LINE ( 'NONE', #51, #2583 ) ;
#2839 = CARTESIAN_POINT ( 'NONE',  ( 0.2874999999999999800, 0.0000000000000000000, 0.0000000000000000000 ) ) ;
#2840 = ORIENTED_EDGE ( 'NONE', *, *, #1164, .T. ) ;
#2841 = ADVANCED_FACE ( 'NONE', ( #1451 ), #7039, .F. ) ;
#2842 = ORIENTED_EDGE ( 'NONE', *, *, #5585, .T. ) ;
#2843 = ORIENTED_EDGE ( 'NONE', *, *, #4267, .F. ) ;
#2844 = LINE ( 'NONE', #32, #5091 ) ;
#2845 = VECTOR ( 'NONE', #6295, 39.37007874015748100 ) ;
#2846 = ORIENTED_EDGE ( 'NONE', *, *, #4776, .T. ) ;
#2847 = CARTESIAN_POINT ( 'NONE',  ( 0.8332132034360738600, 0.02000000000016100000, -0.009000000000239405000 ) ) ;
#2848 = EDGE_CURVE ( 'NONE', #9119, #31, #3552, .T. ) ;
#2849 = ORIENTED_EDGE ( 'NONE', *, *, #7954, .F. ) ;
#2850 = CARTESIAN_POINT ( 'NONE',  ( 0.6974999999999999000, 0.5579999999999996100, -0.07249999999999999500 ) ) ;
#2851 = DIRECTION ( 'NONE',  ( -0.0000000000000000000, 0.0000000000000000000, 1.000000000000000000 ) ) ;
#2852 = AXIS2_PLACEMENT_3D ( 'NONE', #6812, #6751, #5979 ) ;
#2853 = ORIENTED_EDGE ( 'NONE', *, *, #7024, .F. ) ;
#2854 = ORIENTED_EDGE ( 'NONE', *, *, #5430, .T. ) ;
#2855 = EDGE_LOOP ( 'NONE', ( #7938, #6216, #7723, #5884 ) ) ;
#2856 = FACE_OUTER_BOUND ( 'NONE', #3396, .T. ) ;
#2857 = DIRECTION ( 'NONE',  ( 1.104077446996467300E-013, 1.000000000000000000, 9.125743083173441300E-014 ) ) ;
#2858 = VERTEX_POINT ( 'NONE', #6989 ) ;
#2859 = VERTEX_POINT ( 'NONE', #6959 ) ;
#2860 = DIRECTION ( 'NONE',  ( 0.7071067811860770600, 0.7071067811870178600, 3.402816250966922700E-014 ) ) ;
#2861 = ORIENTED_EDGE ( 'NONE', *, *, #4904, .T. ) ;
#2862 = AXIS2_PLACEMENT_3D ( 'NONE', #6335, #358, #2254 ) ;
#2863 = ORIENTED_EDGE ( 'NONE', *, *, #5956, .T. ) ;
#2864 = ORIENTED_EDGE ( 'NONE', *, *, #460, .F. ) ;
#2865 = EDGE_CURVE ( 'NONE', #3866, #2894, #3319, .T. ) ;
#2866 = COORDINATED_UNIVERSAL_TIME_OFFSET ( 5, 0, .BEHIND. ) ;
#2867 = ORIENTED_EDGE ( 'NONE', *, *, #3496, .F. ) ;
#2868 = DATE_TIME_ROLE ( 'classification_date' ) ;
#2869 = AXIS2_PLACEMENT_3D ( 'NONE', #4671, #4829, #4770 ) ;
#2870 = ORIENTED_EDGE ( 'NONE', *, *, #383, .F. ) ;
#2871 = CARTESIAN_POINT ( 'NONE',  ( 0.5374999999999999800, 0.3450000000000001400, -0.1480000000000000200 ) ) ;
#2872 = EDGE_CURVE ( 'NONE', #3514, #5658, #1202, .T. ) ;
#2873 = CARTESIAN_POINT ( 'NONE',  ( 0.1332132034361175300, 0.05800000000013903800, -0.02500000000076314800 ) ) ;
#2874 = ORIENTED_EDGE ( 'NONE', *, *, #4366, .T. ) ;
#2875 = AXIS2_PLACEMENT_3D ( 'NONE', #5690, #4947, #7219 ) ;
#2876 = VECTOR ( 'NONE', #8817, 39.37007874015748100 ) ;
#2877 = VERTEX_POINT ( 'NONE', #6762 ) ;
#2878 = EDGE_CURVE ( 'NONE', #7303, #5658, #955, .T. ) ;
#2879 = DIRECTION ( 'NONE',  ( -4.313434190716670600E-014, 9.125743083152196300E-014, 1.000000000000000000 ) ) ;
#2880 = ORIENTED_EDGE ( 'NONE', *, *, #2540, .F. ) ;
#2881 = DIRECTION ( 'NONE',  ( -1.000000000000000000, -1.106190048104438400E-013, 4.309935410014684200E-014 ) ) ;
#2882 = CARTESIAN_POINT ( 'NONE',  ( 0.5374999999999999800, 0.5580000000000000500, -0.2975000000000000400 ) ) ;
#2883 = ORIENTED_EDGE ( 'NONE', *, *, #8137, .T. ) ;
#2884 = FACE_OUTER_BOUND ( 'NONE', #8967, .T. ) ;
#2885 = ORIENTED_EDGE ( 'NONE', *, *, #3495, .T. ) ;
#2886 = DIRECTION ( 'NONE',  ( 1.000000000000000000, 0.0000000000000000000, 0.0000000000000000000 ) ) ;
#2887 = CARTESIAN_POINT ( 'NONE',  ( 0.9449781569731790000, 0.2965345564089684700, -0.01000000000000000000 ) ) ;
#2888 = ADVANCED_FACE ( 'NONE', ( #6695 ), #2268, .T. ) ;
#2889 = VERTEX_POINT ( 'NONE', #2312 ) ;
#2890 = CC_DESIGN_SECURITY_CLASSIFICATION ( #234, ( #7434 ) ) ;
#2892 = CARTESIAN_POINT ( 'NONE',  ( 0.3361881571568977600, 0.04400000000001326500, 1.737455323970471400E-013 ) ) ;
#2891 = DIRECTION ( 'NONE',  ( -0.0000000000000000000, -1.352399996863497200E-015, -1.000000000000000000 ) ) ;
#2893 = EDGE_LOOP ( 'NONE', ( #2701, #2020, #1408, #2688 ) ) ;
#2894 = VERTEX_POINT ( 'NONE', #281 ) ;
#2895 = EDGE_CURVE ( 'NONE', #218, #3350, #5286, .T. ) ;
#2896 = CARTESIAN_POINT ( 'NONE',  ( 0.4582132034357963600, 0.06550000000023495400, 0.005999999999323476200 ) ) ;
#2897 = CARTESIAN_POINT ( 'NONE',  ( 0.6974999999999999000, 0.3450000000000002000, -0.09750000000000003100 ) ) ;
#2898 = VECTOR ( 'NONE', #1159, 39.37007874015748100 ) ;
#2899 = ORIENTED_EDGE ( 'NONE', *, *, #7827, .F. ) ;
#2900 = DIRECTION ( 'NONE',  ( 1.104077446996467300E-013, 1.000000000000000000, 9.125743083173441300E-014 ) ) ;
#2901 = PLANE ( 'NONE',  #794 ) ;
#2902 = ORIENTED_EDGE ( 'NONE', *, *, #8082, .F. ) ;
#2903 = ORIENTED_EDGE ( 'NONE', *, *, #3484, .F. ) ;
#2904 = APPROVAL_ROLE ( '' ) ;
#2905 = ORIENTED_EDGE ( 'NONE', *, *, #6379, .F. ) ;
#2906 = CARTESIAN_POINT ( 'NONE',  ( 1.067500000000000100, 0.4749999999999999800, -0.2809999999999996900 ) ) ;
#2907 = FACE_OUTER_BOUND ( 'NONE', #5245, .T. ) ;
#2908 = ORIENTED_EDGE ( 'NONE', *, *, #2081, .T. ) ;
#2909 = LINE ( 'NONE', #3540, #6787 ) ;
#2910 = EDGE_CURVE ( 'NONE', #3618, #730, #3059, .T. ) ;
#2911 = AXIS2_PLACEMENT_3D ( 'NONE', #655, #2240, #7361 ) ;
#2912 = DIRECTION ( 'NONE',  ( 0.0000000000000000000, -1.000000000000000000, -5.691349986800549600E-017 ) ) ;
#2913 = DIRECTION ( 'NONE',  ( 0.0000000000000000000, -1.000000000000000000, 0.0000000000000000000 ) ) ;
#2914 = CARTESIAN_POINT ( 'NONE',  ( 0.5374999999999999800, 0.3450000000000002000, -0.2725000000000000200 ) ) ;
#2915 = CIRCLE ( 'NONE', #3904, 0.009815670203811672700 ) ;
#2916 = ORIENTED_EDGE ( 'NONE', *, *, #9366, .T. ) ;
#2917 = LINE ( 'NONE', #5186, #809 ) ;
#2918 = DIRECTION ( 'NONE',  ( -4.313434190716670600E-014, 9.125743083152196300E-014, 1.000000000000000000 ) ) ;
#2919 = AXIS2_PLACEMENT_3D ( 'NONE', #6743, #6765, #4111 ) ;
#2920 = CARTESIAN_POINT ( 'NONE',  ( 0.3924999999999996800, 0.05000000000000000300, -0.3700000000000000000 ) ) ;
#2921 = VERTEX_POINT ( 'NONE', #7264 ) ;
#2922 = LINE ( 'NONE', #6754, #2667 ) ;
#2923 = CIRCLE ( 'NONE', #7592, 0.006870969142648501700 ) ;
#2924 = EDGE_CURVE ( 'NONE', #1627, #3824, #8274, .T. ) ;
#2925 = VECTOR ( 'NONE', #7435, 39.37007874015748100 ) ;
#2926 = CARTESIAN_POINT ( 'NONE',  ( 0.8374999999999999100, 0.2700000000000001800, -0.1480000000000000200 ) ) ;
#2927 = ORIENTED_EDGE ( 'NONE', *, *, #5531, .F. ) ;
#2928 = DIRECTION ( 'NONE',  ( -8.537024980200836600E-016, 0.0000000000000000000, 1.000000000000000000 ) ) ;
#2929 = CARTESIAN_POINT ( 'NONE',  ( 0.3924999999999996800, 0.05000000000000000300, 0.0000000000000000000 ) ) ;
#2930 = LINE ( 'NONE', #422, #2677 ) ;
#2931 = APPROVAL_STATUS ( 'not_yet_approved' ) ;
#2932 = LINE ( 'NONE', #8089, #4692 ) ;
#2933 = VERTEX_POINT ( 'NONE', #7216 ) ;
#2934 = DIRECTION ( 'NONE',  ( 0.0000000000000000000, 0.0000000000000000000, 1.000000000000000000 ) ) ;
#2935 = ADVANCED_FACE ( 'NONE', ( #4805 ), #464, .F. ) ;
#2936 = DIRECTION ( 'NONE',  ( 1.000000000000000000, 0.0000000000000000000, 0.0000000000000000000 ) ) ;
#2937 = EDGE_CURVE ( 'NONE', #3293, #5893, #6487, .T. ) ;
#2938 = ORIENTED_EDGE ( 'NONE', *, *, #3861, .F. ) ;
#2939 = ORIENTED_EDGE ( 'NONE', *, *, #73, .T. ) ;
#2940 = VECTOR ( 'NONE', #3558, 39.37007874015748100 ) ;
#2941 = CARTESIAN_POINT ( 'NONE',  ( 0.2412000000002761900, 0.04250000000006144000, 0.02499999999992447200 ) ) ;
#2942 = VECTOR ( 'NONE', #4209, 39.37007874015748100 ) ;
#2943 = CARTESIAN_POINT ( 'NONE',  ( 0.0000000000000000000, 0.5999999999999999800, -0.3700000000000001600 ) ) ;
#2944 = LINE ( 'NONE', #8152, #2446 ) ;
#2945 = VERTEX_POINT ( 'NONE', #6988 ) ;
#2946 = EDGE_LOOP ( 'NONE', ( #784, #3312, #3526, #3073 ) ) ;
#2947 = DIRECTION ( 'NONE',  ( 0.0000000000000000000, -1.000000000000000000, 0.0000000000000000000 ) ) ;
#2948 = CARTESIAN_POINT ( 'NONE',  ( 0.4374999999999998900, 0.5999999999999999800, -0.2974999999999999900 ) ) ;
#2949 = ORIENTED_EDGE ( 'NONE', *, *, #3164, .F. ) ;
#2950 = DATE_AND_TIME ( #4936, #6825 ) ;
#2951 = AXIS2_PLACEMENT_3D ( 'NONE', #971, #6266, #1776 ) ;
#2952 = CALENDAR_DATE ( 2019, 15, 10 ) ;
#2953 = DIRECTION ( 'NONE',  ( 0.0000000000000000000, -1.000000000000000000, 0.0000000000000000000 ) ) ;
#2954 = FACE_OUTER_BOUND ( 'NONE', #6756, .T. ) ;
#2955 = VECTOR ( 'NONE', #476, 39.37007874015748100 ) ;
#2956 = EDGE_CURVE ( 'NONE', #3195, #134, #4574, .T. ) ;
#2957 = EDGE_CURVE ( 'NONE', #1378, #1332, #8072, .T. ) ;
#2958 = DIRECTION ( 'NONE',  ( 0.0000000000000000000, 1.000000000000000000, -0.0000000000000000000 ) ) ;
#2959 = ORIENTED_EDGE ( 'NONE', *, *, #87, .F. ) ;
#2960 = ORIENTED_EDGE ( 'NONE', *, *, #5154, .F. ) ;
#2961 = EDGE_LOOP ( 'NONE', ( #7927, #6311, #2147, #4815 ) ) ;
#2962 = CARTESIAN_POINT ( 'NONE',  ( 0.5832707099629760300, 0.2366589681657897700, -0.01000000000000000000 ) ) ;
#2963 = DIRECTION ( 'NONE',  ( 1.000000000000000000, 1.107505943377398600E-013, -4.313434190744386700E-014 ) ) ;
#2964 = DATE_AND_TIME ( #4951, #6836 ) ;
#2965 = CARTESIAN_POINT ( 'NONE',  ( 0.3361881571570967100, 0.02550000000000123700, -0.02500000000011651900 ) ) ;
#2966 = LINE ( 'NONE', #8159, #8402 ) ;
#2967 = FACE_OUTER_BOUND ( 'NONE', #6040, .T. ) ;
#2968 = DIRECTION ( 'NONE',  ( 0.0000000000000000000, -1.000000000000000000, 0.0000000000000000000 ) ) ;
#2969 = ORIENTED_EDGE ( 'NONE', *, *, #6010, .F. ) ;
#2970 = DIRECTION ( 'NONE',  ( -0.0000000000000000000, -0.0000000000000000000, 1.000000000000000000 ) ) ;
#2971 = DIRECTION ( 'NONE',  ( 0.0000000000000000000, 1.000000000000000000, 0.0000000000000000000 ) ) ;
#2972 = EDGE_CURVE ( 'NONE', #7143, #3562, #2555, .T. ) ;
#2973 = EDGE_LOOP ( 'NONE', ( #3463, #3351, #6207, #5402 ) ) ;
#2974 = SECURITY_CLASSIFICATION_LEVEL ( 'unclassified' ) ;
#2975 = EDGE_CURVE ( 'NONE', #4751, #3161, #2308, .T. ) ;
#2976 = VECTOR ( 'NONE', #5759, 39.37007874015748100 ) ;
#2977 = ORIENTED_EDGE ( 'NONE', *, *, #8617, .T. ) ;
#2978 = VERTEX_POINT ( 'NONE', #5774 ) ;
#2979 = DIRECTION ( 'NONE',  ( -4.313434190716670600E-014, 9.125743083152196300E-014, 1.000000000000000000 ) ) ;
#2980 = DESIGN_CONTEXT ( 'detailed design', #6411, 'design' ) ;
#2981 = ORIENTED_EDGE ( 'NONE', *, *, #1621, .T. ) ;
#2982 = ORIENTED_EDGE ( 'NONE', *, *, #7783, .F. ) ;
#2983 = ORIENTED_EDGE ( 'NONE', *, *, #8743, .F. ) ;
#2984 = CARTESIAN_POINT ( 'NONE',  ( 0.3361881571567566500, 0.04400000000006527200, -0.02499999999983295400 ) ) ;
#2985 = CARTESIAN_POINT ( 'NONE',  ( 0.5371370600050839900, 0.3318709691426837100, -0.01000000000000000000 ) ) ;
#2986 = ORIENTED_EDGE ( 'NONE', *, *, #7870, .F. ) ;
#2987 = CLOSED_SHELL ( 'NONE', ( #8351, #4718, #7346, #7803, #2888, #1900, #3269, #8771, #4887, #6908, #7589, #2644, #4888, #5062, #7849, #6957, #1334, #872, #7624, #4764, #1677, #6741, #2578, #543, #3360, #4641, #262, #5431, #9008, #457, #6286, #1915, #8430, #5123, #6497, #243, #6587, #8582, #3887, #7534, #9241, #6544, #3884, #5491, #6370, #2464 ) ) ;
#2988 = CARTESIAN_POINT ( 'NONE',  ( 0.4365264404161153800, 0.0000000000000000000, -0.01000000000000000000 ) ) ;
#2989 = PERSON_AND_ORGANIZATION ( #6536, #5561 ) ;
#2990 = VERTEX_POINT ( 'NONE', #6403 ) ;
#2991 = CARTESIAN_POINT ( 'NONE',  ( 0.8885380533012994200, 0.4133410318342099500, -0.01000000000000000000 ) ) ;
#2992 = DIRECTION ( 'NONE',  ( 0.0000000000000000000, 1.000000000000000000, 4.553079989440424900E-016 ) ) ;
#2993 = CARTESIAN_POINT ( 'NONE',  ( 0.5734550397591692300, 0.0000000000000000000, -0.01000000000000000000 ) ) ;
#2994 = VERTEX_POINT ( 'NONE', #5098 ) ;
#2995 = ORIENTED_EDGE ( 'NONE', *, *, #28, .T. ) ;
#2996 = ORIENTED_EDGE ( 'NONE', *, *, #3662, .T. ) ;
#2997 = LENGTH_MEASURE_WITH_UNIT ( LENGTH_MEASURE( 0.02539999999999999900 ), #6953 );
#2998 = ORIENTED_EDGE ( 'NONE', *, *, #1040, .F. ) ;
#2999 = CARTESIAN_POINT ( 'NONE',  ( 0.4374999999999998900, 0.2699999999999999100, -0.2210000000000000900 ) ) ;
#3000 = AXIS2_PLACEMENT_3D ( 'NONE', #2993, #19, #371 ) ;
#3001 = VERTEX_POINT ( 'NONE', #6340 ) ;
#3002 = DIRECTION ( 'NONE',  ( 0.0000000000000000000, -1.000000000000000000, 0.0000000000000000000 ) ) ;
#3003 = EDGE_CURVE ( 'NONE', #2403, #3902, #6061, .T. ) ;
#3004 = ORIENTED_EDGE ( 'NONE', *, *, #8157, .F. ) ;
#3005 = ORIENTED_EDGE ( 'NONE', *, *, #7552, .F. ) ;
#3006 = ORIENTED_EDGE ( 'NONE', *, *, #2814, .F. ) ;
#3007 =( REPRESENTATION_RELATIONSHIP ('NONE','NONE', #1285, #7662 ) REPRESENTATION_RELATIONSHIP_WITH_TRANSFORMATION ( #2465 )SHAPE_REPRESENTATION_RELATIONSHIP( ) );
#3008 = VECTOR ( 'NONE', #2912, 39.37007874015748100 ) ;
#3009 = ORIENTED_EDGE ( 'NONE', *, *, #1337, .T. ) ;
#3010 = DIRECTION ( 'NONE',  ( -0.0000000000000000000, -0.0000000000000000000, 1.000000000000000000 ) ) ;
#3011 = CARTESIAN_POINT ( 'NONE',  ( 0.6374999999999998400, 0.3450000000000001400, -0.2220000000000000000 ) ) ;
#3012 = EDGE_LOOP ( 'NONE', ( #3028, #6464, #3157, #1271 ) ) ;
#3013 = CARTESIAN_POINT ( 'NONE',  ( 0.7374999999999998200, 0.3450000000000002000, -0.09750000000000001700 ) ) ;
#3014 = LINE ( 'NONE', #7, #8440 ) ;
#3015 = ORIENTED_EDGE ( 'NONE', *, *, #6808, .T. ) ;
#3016 = DIRECTION ( 'NONE',  ( 0.0000000000000000000, 0.0000000000000000000, -1.000000000000000000 ) ) ;
#3017 = EDGE_CURVE ( 'NONE', #6506, #7065, #199, .T. ) ;
#3018 = EDGE_CURVE ( 'NONE', #5421, #8494, #7877, .T. ) ;
#3019 = DIRECTION ( 'NONE',  ( -0.0000000000000000000, -0.0000000000000000000, -1.000000000000000000 ) ) ;
#3020 = DIRECTION ( 'NONE',  ( 0.0000000000000000000, -1.000000000000000000, 0.0000000000000000000 ) ) ;
#3021 = ORIENTED_EDGE ( 'NONE', *, *, #4873, .T. ) ;
#3022 = CARTESIAN_POINT ( 'NONE',  ( 0.3462132034362706000, 0.02550000000000075800, -3.349245640232386700E-013 ) ) ;
#3023 = EDGE_LOOP ( 'NONE', ( #2840, #3773, #3444, #2397 ) ) ;
#3024 = ORIENTED_EDGE ( 'NONE', *, *, #1383, .T. ) ;
#3025 = VERTEX_POINT ( 'NONE', #5312 ) ;
#3026 = CARTESIAN_POINT ( 'NONE',  ( 1.147500000000000200, 0.0000000000000000000, 0.0000000000000000000 ) ) ;
#3027 = LINE ( 'NONE', #7428, #4778 ) ;
#3028 = ORIENTED_EDGE ( 'NONE', *, *, #4549, .T. ) ;
#3029 = CC_DESIGN_APPROVAL ( #2494, ( #1439 ) ) ;
#3030 = ORIENTED_EDGE ( 'NONE', *, *, #1580, .T. ) ;
#3031 = PLANE ( 'NONE',  #7718 ) ;
#3032 = ORIENTED_EDGE ( 'NONE', *, *, #8918, .F. ) ;
#3033 = EDGE_CURVE ( 'NONE', #1772, #3513, #2065, .T. ) ;
#3034 = CARTESIAN_POINT ( 'NONE',  ( 0.8332132034354582400, 0.03400000000017847800, -0.005000000000652448700 ) ) ;
#3035 = ORIENTED_EDGE ( 'NONE', *, *, #8119, .F. ) ;
#3036 = DIRECTION ( 'NONE',  ( -1.000000000000000000, -1.106452213969334700E-013, 4.315566958495218100E-014 ) ) ;
#3037 = FACE_OUTER_BOUND ( 'NONE', #807, .T. ) ;
#3038 = ORIENTED_EDGE ( 'NONE', *, *, #7994, .F. ) ;
#3039 = VECTOR ( 'NONE', #1609, 39.37007874015748100 ) ;
#3040 = DIRECTION ( 'NONE',  ( 1.000000000000000000, 0.0000000000000000000, 0.0000000000000000000 ) ) ;
#3041 = CYLINDRICAL_SURFACE ( 'NONE', #812, 0.03150000000000006300 ) ;
#3042 = EDGE_CURVE ( 'NONE', #8524, #1168, #6284, .T. ) ;
#3043 = FACE_OUTER_BOUND ( 'NONE', #6283, .T. ) ;
#3044 = ORIENTED_EDGE ( 'NONE', *, *, #3164, .T. ) ;
#3045 = VECTOR ( 'NONE', #2394, 39.37007874015748100 ) ;
#3046 = AXIS2_PLACEMENT_3D ( 'NONE', #2262, #6026, #1498 ) ;
#3047 = CARTESIAN_POINT ( 'NONE',  ( 1.042500000000000200, 0.05000000000000000300, -0.1499999999999999900 ) ) ;
#3048 = ORIENTED_EDGE ( 'NONE', *, *, #7085, .F. ) ;
#3049 = DIRECTION ( 'NONE',  ( -1.000000000000000000, 0.0000000000000000000, 0.0000000000000000000 ) ) ;
#3050 = ORIENTED_EDGE ( 'NONE', *, *, #5892, .T. ) ;
#3051 = DIRECTION ( 'NONE',  ( 0.0000000000000000000, 1.352399996863497200E-015, -1.000000000000000000 ) ) ;
#3052 = DIRECTION ( 'NONE',  ( 1.000000000000000000, 0.0000000000000000000, -0.0000000000000000000 ) ) ;
#3053 = DIRECTION ( 'NONE',  ( -0.0000000000000000000, 0.0000000000000000000, 1.000000000000000000 ) ) ;
#3054 = VERTEX_POINT ( 'NONE', #1916 ) ;
#3055 = VECTOR ( 'NONE', #1219, 39.37007874015748100 ) ;
#3056 = VECTOR ( 'NONE', #5292, 39.37007874015748100 ) ;
#3057 = ORIENTED_EDGE ( 'NONE', *, *, #986, .F. ) ;
#3058 = CARTESIAN_POINT ( 'NONE',  ( 0.5374999999999999800, 0.2700000000000001800, -0.1480000000000000500 ) ) ;
#3059 = LINE ( 'NONE', #348, #2804 ) ;
#3060 = ORIENTED_EDGE ( 'NONE', *, *, #511, .F. ) ;
#3061 = AXIS2_PLACEMENT_3D ( 'NONE', #7615, #4235, #3534 ) ;
#3062 = DIRECTION ( 'NONE',  ( 1.000000000000000000, 1.109813247426091100E-013, -4.313434190793115000E-014 ) ) ;
#3063 = CARTESIAN_POINT ( 'NONE',  ( 0.5506336064153888300, 0.3181290308573566100, -0.01000000000000000000 ) ) ;
#3064 = EDGE_CURVE ( 'NONE', #1483, #5350, #3890, .T. ) ;
#3065 = DIRECTION ( 'NONE',  ( 1.000000000000000000, 0.0000000000000000000, 0.0000000000000000000 ) ) ;
#3066 = VECTOR ( 'NONE', #321, 39.37007874015748100 ) ;
#3067 = DIRECTION ( 'NONE',  ( -0.0000000000000000000, -1.000000000000000000, -4.553079989440441700E-016 ) ) ;
#3068 = LINE ( 'NONE', #3965, #8855 ) ;
#3069 = DIRECTION ( 'NONE',  ( 0.0000000000000000000, -1.979599995408886100E-016, 1.000000000000000000 ) ) ;
#3070 = AXIS2_PLACEMENT_3D ( 'NONE', #3940, #3947, #3960 ) ;
#3071 = VECTOR ( 'NONE', #8004, 39.37007874015748100 ) ;
#3072 = PERSON ( 'NAUO-PER8', 'UNSPECIFIED', 'UNSPECIFIED', ('UNSPECIFIED'), ('UNSPECIFIED'), ('UNSPECIFIED') ) ;
#3073 = ORIENTED_EDGE ( 'NONE', *, *, #5646, .T. ) ;
#3074 = PLANE ( 'NONE',  #3937 ) ;
#3075 = ORIENTED_EDGE ( 'NONE', *, *, #3621, .T. ) ;
#3076 = PERSON_AND_ORGANIZATION_ROLE ( 'classification_officer' ) ;
#3077 = LINE ( 'NONE', #1993, #2821 ) ;
#3078 = FACE_OUTER_BOUND ( 'NONE', #997, .T. ) ;
#3079 = VECTOR ( 'NONE', #6715, 39.37007874015748100 ) ;
#3080 = EDGE_CURVE ( 'NONE', #2713, #3241, #7663, .T. ) ;
#3081 = ORIENTED_EDGE ( 'NONE', *, *, #8378, .F. ) ;
#3082 = APPROVAL_PERSON_ORGANIZATION ( #5076, #6177, #5150 ) ;
#3083 = CARTESIAN_POINT ( 'NONE',  ( 0.3924999999999996800, 0.05000000000000000300, -0.1499999999999999900 ) ) ;
#3084 = PERSON_AND_ORGANIZATION ( #673, #5079 ) ;
#3085 = ORIENTED_EDGE ( 'NONE', *, *, #8523, .T. ) ;
#3086 = VECTOR ( 'NONE', #5552, 39.37007874015748100 ) ;
#3087 = VECTOR ( 'NONE', #1572, 39.37007874015748100 ) ;
#3088 = DIRECTION ( 'NONE',  ( -1.101525363025879200E-013, -1.000000000000000000, -9.125743083012044100E-014 ) ) ;
#3089 = ORIENTED_EDGE ( 'NONE', *, *, #8960, .T. ) ;
#3090 = DIRECTION ( 'NONE',  ( 0.0000000000000000000, -1.000000000000000000, -1.979599995408885400E-016 ) ) ;
#3091 = EDGE_LOOP ( 'NONE', ( #2140, #5921, #7583, #3021 ) ) ;
#3092 = CARTESIAN_POINT ( 'NONE',  ( 0.8924643213828183900, 0.0000000000000000000, 0.0000000000000000000 ) ) ;
#3093 = CARTESIAN_POINT ( 'NONE',  ( 0.6974999999999999000, 0.05000000000000000300, -0.2975000000000001000 ) ) ;
#3094 = PLANE ( 'NONE',  #946 ) ;
#3095 = DIRECTION ( 'NONE',  ( 0.0000000000000000000, 1.000000000000000000, -0.0000000000000000000 ) ) ;
#3096 = APPROVAL ( #6439, 'UNSPECIFIED' ) ;
#3097 = ORIENTED_EDGE ( 'NONE', *, *, #3675, .T. ) ;
#3098 = CARTESIAN_POINT ( 'NONE',  ( 0.4463421106199221800, 0.2366589681657897700, -0.01000000000000000000 ) ) ;
#3099 = LINE ( 'NONE', #1853, #7382 ) ;
#3100 = EDGE_CURVE ( 'NONE', #3837, #7639, #5613, .T. ) ;
#3101 = CARTESIAN_POINT ( 'NONE',  ( 0.6083006689826734300, 0.2405852362473140900, -0.01000000000000000000 ) ) ;
#3102 = FACE_OUTER_BOUND ( 'NONE', #4445, .T. ) ;
#3103 = DIRECTION ( 'NONE',  ( 4.313434190716670600E-014, -9.125743083152196300E-014, -1.000000000000000000 ) ) ;
#3104 = VERTEX_POINT ( 'NONE', #3383 ) ;
#3105 = ORIENTED_EDGE ( 'NONE', *, *, #4350, .T. ) ;
#3106 = CARTESIAN_POINT ( 'NONE',  ( 0.6624999999999999800, 0.5180000000000000200, -0.2610000000000001200 ) ) ;
#3107 = CARTESIAN_POINT ( 'NONE',  ( 0.8974999999999999600, 0.3450000000000001400, -0.2220000000000000000 ) ) ;
#3108 = EDGE_LOOP ( 'NONE', ( #900, #5795, #2382, #9324 ) ) ;
#3109 = CARTESIAN_POINT ( 'NONE',  ( 0.9374999999999998900, 0.2700000000000001800, -0.1480000000000000200 ) ) ;
#3110 = EDGE_LOOP ( 'NONE', ( #4656, #4885, #8443, #5477, #1696, #8044 ) ) ;
#3111 = DIRECTION ( 'NONE',  ( 1.000000000000000000, 0.0000000000000000000, 0.0000000000000000000 ) ) ;
#3112 = CIRCLE ( 'NONE', #9239, 0.03999999999999998000 ) ;
#3113 = DIRECTION ( 'NONE',  ( 1.000000000000000000, 0.0000000000000000000, 0.0000000000000000000 ) ) ;
#3114 = ORIENTED_EDGE ( 'NONE', *, *, #6265, .T. ) ;
#3115 = B_SPLINE_CURVE_WITH_KNOTS ( 'NONE', 3,
 ( #1522, #6731, #7427, #3129, #8096, #3883, #8716, #4616, #9349, #5366 ),
 .UNSPECIFIED., .F., .F.,
 ( 4, 2, 2, 2, 4 ),
 ( 0.0000000000000000000, 0.0001254866032852561800, 0.0002509732065705123100, 0.0003764598098557684900, 0.0005019464131410246100 ),
 .UNSPECIFIED. ) ;
#3116 = EDGE_CURVE ( 'NONE', #9119, #9046, #9150, .T. ) ;
#3117 = CALENDAR_DATE ( 2019, 15, 10 ) ;
#3118 = VERTEX_POINT ( 'NONE', #3530 ) ;
#3119 = AXIS2_PLACEMENT_3D ( 'NONE', #5768, #1205, #6462 ) ;
#3120 = VERTEX_POINT ( 'NONE', #2778 ) ;
#3121 = ORIENTED_EDGE ( 'NONE', *, *, #8719, .F. ) ;
#3122 = CARTESIAN_POINT ( 'NONE',  ( 0.4374999999999998900, 0.5580000000000000500, -0.2974999999999999900 ) ) ;
#3123 = ORIENTED_EDGE ( 'NONE', *, *, #7277, .T. ) ;
#3124 = DIRECTION ( 'NONE',  ( -0.7071067811870179700, 0.7071067811860771700, 9.502933383938252400E-014 ) ) ;
#3125 = DIRECTION ( 'NONE',  ( 0.0000000000000000000, 1.352399996863497200E-015, -1.000000000000000000 ) ) ;
#3126 = LOCAL_TIME ( 8, 51, 22.00000000000000000, #5117 ) ;
#3127 = ORIENTED_EDGE ( 'NONE', *, *, #8539, .T. ) ;
#3128 = DIRECTION ( 'NONE',  ( 1.000000000000000000, 0.0000000000000000000, 0.0000000000000000000 ) ) ;
#3129 = CARTESIAN_POINT ( 'NONE',  ( 0.1464365223780702800, 0.06024073036414685100, 0.003308057085851059900 ) ) ;
#3130 = ORIENTED_EDGE ( 'NONE', *, *, #1987, .F. ) ;
#3131 = EDGE_LOOP ( 'NONE', ( #1358, #2257, #3835, #1227, #4095, #9228, #2883, #5108, #9072, #6245, #2004, #6639 ) ) ;
#3132 = AXIS2_PLACEMENT_3D ( 'NONE', #9281, #1847, #9151 ) ;
#3133 = DIRECTION ( 'NONE',  ( -0.7071067811860771700, -0.7071067811870179700, -3.402816250966923300E-014 ) ) ;
#3134 = EDGE_LOOP ( 'NONE', ( #7053, #3205, #3295, #3227 ) ) ;
#3135 = VERTEX_POINT ( 'NONE', #3144 ) ;
#3136 = DIRECTION ( 'NONE',  ( -1.000000000000000000, -0.0000000000000000000, -0.0000000000000000000 ) ) ;
#3137 = EDGE_CURVE ( 'NONE', #739, #3511, #5386, .T. ) ;
#3138 = VECTOR ( 'NONE', #5457, 39.37007874015748100 ) ;
#3139 = ORIENTED_EDGE ( 'NONE', *, *, #7609, .T. ) ;
#3140 = DIRECTION ( 'NONE',  ( 1.000000000000000000, -0.0000000000000000000, -0.0000000000000000000 ) ) ;
#3141 = ORIENTED_EDGE ( 'NONE', *, *, #5287, .F. ) ;
#3142 = CARTESIAN_POINT ( 'NONE',  ( 0.6083006689826717700, 0.3780046191005523900, 0.0000000000000000000 ) ) ;
#3143 = VERTEX_POINT ( 'NONE', #4777 ) ;
#3144 = CARTESIAN_POINT ( 'NONE',  ( 0.8885380533012994200, 0.4231567020380508400, 0.0000000000000000000 ) ) ;
#3145 = DIRECTION ( 'NONE',  ( 0.0000000000000000000, 0.0000000000000000000, 1.000000000000000000 ) ) ;
#3146 = LINE ( 'NONE', #7089, #544 ) ;
#3147 = ORIENTED_EDGE ( 'NONE', *, *, #1081, .F. ) ;
#3148 = DIRECTION ( 'NONE',  ( 1.000000000000000000, 0.0000000000000000000, 0.0000000000000000000 ) ) ;
#3149 = DIRECTION ( 'NONE',  ( -1.000000000000000000, 0.0000000000000000000, 0.0000000000000000000 ) ) ;
#3150 = EDGE_CURVE ( 'NONE', #5158, #5097, #7241, .T. ) ;
#3151 = PRODUCT_DEFINITION_SHAPE ( 'NONE', 'NONE',  #9382 ) ;
#3152 = EDGE_LOOP ( 'NONE', ( #2116, #2188, #3060, #1049 ) ) ;
#3153 = ORIENTED_EDGE ( 'NONE', *, *, #4804, .T. ) ;
#3154 = CARTESIAN_POINT ( 'NONE',  ( 0.5374999999999999800, 0.3450000000000002000, -0.09750000000000003100 ) ) ;
#3155 = CARTESIAN_POINT ( 'NONE',  ( 0.3564999999999999300, 0.4749999999999999800, -0.2820000000000000800 ) ) ;
#3156 = VECTOR ( 'NONE', #1052, 39.37007874015748100 ) ;
#3157 = ORIENTED_EDGE ( 'NONE', *, *, #1315, .T. ) ;
#3158 = PLANE ( 'NONE',  #8704 ) ;
#3159 = DIRECTION ( 'NONE',  ( 1.000000000000000000, 0.0000000000000000000, -0.0000000000000000000 ) ) ;
#3160 = AXIS2_PLACEMENT_3D ( 'NONE', #1322, #6568, #2123 ) ;
#3161 = VERTEX_POINT ( 'NONE', #5868 ) ;
#3162 = ORIENTED_EDGE ( 'NONE', *, *, #3150, .F. ) ;
#3163 = DIRECTION ( 'NONE',  ( 1.000000000000000000, 0.0000000000000000000, 0.0000000000000000000 ) ) ;
#3164 = EDGE_CURVE ( 'NONE', #5843, #17, #3435, .T. ) ;
#3165 = EDGE_CURVE ( 'NONE', #790, #802, #3185, .T. ) ;
#3166 = DIRECTION ( 'NONE',  ( -0.0000000000000000000, 0.0000000000000000000, 1.000000000000000000 ) ) ;
#3167 = CARTESIAN_POINT ( 'NONE',  ( 0.9374999999999998900, 0.3450000000000001400, -0.2220000000000000000 ) ) ;
#3168 = FACE_BOUND ( 'NONE', #1124, .T. ) ;
#3169 = EDGE_LOOP ( 'NONE', ( #2927, #8675, #4396, #1542 ) ) ;
#3170 = LINE ( 'NONE', #1397, #798 ) ;
#3171 = DIRECTION ( 'NONE',  ( -0.0000000000000000000, 1.871128762783746100E-015, 1.000000000000000000 ) ) ;
#3172 = DIRECTION ( 'NONE',  ( -1.000000000000000000, -1.189163988687022500E-013, 0.0000000000000000000 ) ) ;
#3173 = VERTEX_POINT ( 'NONE', #4797 ) ;
#3174 = DIRECTION ( 'NONE',  ( 0.0000000000000000000, -0.0000000000000000000, 1.000000000000000000 ) ) ;
#3175 = LINE ( 'NONE', #3537, #1048 ) ;
#3176 = ORIENTED_EDGE ( 'NONE', *, *, #8378, .T. ) ;
#3177 = LINE ( 'NONE', #4937, #4675 ) ;
#3178 = EDGE_CURVE ( 'NONE', #2610, #4918, #7031, .T. ) ;
#3179 = PLANE ( 'NONE',  #6819 ) ;
#3180 = DIRECTION ( 'NONE',  ( 1.000000000000000000, 0.0000000000000000000, 0.0000000000000000000 ) ) ;
#3181 = ORIENTED_EDGE ( 'NONE', *, *, #8618, .T. ) ;
#3182 = VECTOR ( 'NONE', #2017, 39.37007874015748100 ) ;
#3183 = VECTOR ( 'NONE', #1016, 39.37007874015748100 ) ;
#3184 = VERTEX_POINT ( 'NONE', #6800 ) ;
#3185 = LINE ( 'NONE', #5878, #1318 ) ;
#3186 = ADVANCED_FACE ( 'NONE', ( #820 ), #6834, .F. ) ;
#3187 = EDGE_CURVE ( 'NONE', #2799, #5279, #8371, .T. ) ;
#3188 = DIRECTION ( 'NONE',  ( 0.0000000000000000000, 1.000000000000000000, 0.0000000000000000000 ) ) ;
#3189 = DIRECTION ( 'NONE',  ( 0.0000000000000000000, 0.0000000000000000000, 1.000000000000000000 ) ) ;
#3190 = VECTOR ( 'NONE', #2971, 39.37007874015748100 ) ;
#3191 = AXIS2_PLACEMENT_3D ( 'NONE', #2965, #8049, #4604 ) ;
#3192 = ORIENTED_EDGE ( 'NONE', *, *, #4180, .T. ) ;
#3193 = CARTESIAN_POINT ( 'NONE',  ( 0.4525771644666142200, 0.03186396103079512000, -0.02500000000054569300 ) ) ;
#3194 = LINE ( 'NONE', #113, #1068 ) ;
#3195 = VERTEX_POINT ( 'NONE', #6097 ) ;
#3196 = VERTEX_POINT ( 'NONE', #6206 ) ;
#3197 = DIRECTION ( 'NONE',  ( -4.553079989432343300E-014, 9.106159978864686700E-014, 1.000000000000000000 ) ) ;
#3198 = ORIENTED_EDGE ( 'NONE', *, *, #769, .F. ) ;
#3199 = EDGE_LOOP ( 'NONE', ( #720, #865, #818, #5018 ) ) ;
#3200 = DIRECTION ( 'NONE',  ( 0.0000000000000000000, -0.0000000000000000000, 1.000000000000000000 ) ) ;
#3201 = CARTESIAN_POINT ( 'NONE',  ( 0.5802132034364446700, 0.01250000000018542700, 0.02499999999951851800 ) ) ;
#3202 = LINE ( 'NONE', #66, #6818 ) ;
#3203 = FACE_OUTER_BOUND ( 'NONE', #1829, .T. ) ;
#3204 = LINE ( 'NONE', #894, #8574 ) ;
#3205 = ORIENTED_EDGE ( 'NONE', *, *, #5111, .F. ) ;
#3206 = AXIS2_PLACEMENT_3D ( 'NONE', #1928, #1870, #431 ) ;
#3207 = PLANE ( 'NONE',  #4012 ) ;
#3208 = CARTESIAN_POINT ( 'NONE',  ( 0.5837132034361040000, 0.01600000000000120800, 0.008999999999495250300 ) ) ;
#3209 = ORIENTED_EDGE ( 'NONE', *, *, #5224, .T. ) ;
#3210 = CALENDAR_DATE ( 2019, 15, 10 ) ;
#3211 = EDGE_CURVE ( 'NONE', #9352, #4000, #6591, .T. ) ;
#3212 = CARTESIAN_POINT ( 'NONE',  ( 0.5374999999999999800, 0.2700000000000001800, -0.1480000000000000500 ) ) ;
#3213 = CARTESIAN_POINT ( 'NONE',  ( 0.8374999999999999100, 0.05000000000000001000, -0.2725000000000000800 ) ) ;
#3214 = LOCAL_TIME ( 8, 51, 22.00000000000000000, #5199 ) ;
#3215 = VECTOR ( 'NONE', #3650, 39.37007874015748100 ) ;
#3216 = LINE ( 'NONE', #7153, #1091 ) ;
#3217 = ORIENTED_EDGE ( 'NONE', *, *, #2486, .F. ) ;
#3218 = CARTESIAN_POINT ( 'NONE',  ( 0.3564999999999999300, 0.4749999999999999800, -0.2820000000000000800 ) ) ;
#3219 = ORIENTED_EDGE ( 'NONE', *, *, #2675, .F. ) ;
#3220 = PLANE ( 'NONE',  #6105 ) ;
#3221 = AXIS2_PLACEMENT_3D ( 'NONE', #7421, #4934, #5342 ) ;
#3222 = LINE ( 'NONE', #4183, #7276 ) ;
#3223 = DIRECTION ( 'NONE',  ( -0.0000000000000000000, 1.000000000000000000, -0.0000000000000000000 ) ) ;
#3224 = LINE ( 'NONE', #7191, #8589 ) ;
#3225 = DIRECTION ( 'NONE',  ( -0.0000000000000000000, 0.0000000000000000000, 1.000000000000000000 ) ) ;
#3226 = EDGE_CURVE ( 'NONE', #5257, #3841, #6806, .T. ) ;
#3227 = ORIENTED_EDGE ( 'NONE', *, *, #4964, .T. ) ;
#3228 = EDGE_CURVE ( 'NONE', #7190, #8514, #8558, .T. ) ;
#3229 = CARTESIAN_POINT ( 'NONE',  ( 0.4374999999999998900, 0.2699999999999999100, -0.2220000000000000900 ) ) ;
#3230 = PLANE ( 'NONE',  #125 ) ;
#3231 = EDGE_LOOP ( 'NONE', ( #325, #337, #284, #938, #2683, #2825, #707, #1092, #664, #2959, #3352 ) ) ;
#3232 = ORIENTED_EDGE ( 'NONE', *, *, #1857, .F. ) ;
#3233 = LINE ( 'NONE', #5436, #1108 ) ;
#3234 = EDGE_LOOP ( 'NONE', ( #8690, #9175, #9184, #8638 ) ) ;
#3235 = CARTESIAN_POINT ( 'NONE',  ( 0.4974999999999998900, 0.3450000000000001400, -0.2220000000000000600 ) ) ;
#3236 = APPROVAL ( #2074, 'UNKNOWN' ) ;
#3237 = ORIENTED_EDGE ( 'NONE', *, *, #6521, .F. ) ;
#3238 = ORIENTED_EDGE ( 'NONE', *, *, #3080, .F. ) ;
#3239 = DIRECTION ( 'NONE',  ( 0.0000000000000000000, -1.000000000000000000, 1.352399996863497400E-015 ) ) ;
#3240 = ORIENTED_EDGE ( 'NONE', *, *, #2604, .F. ) ;
#3241 = VERTEX_POINT ( 'NONE', #6243 ) ;
#3242 = ORIENTED_EDGE ( 'NONE', *, *, #8436, .T. ) ;
#3243 = EDGE_CURVE ( 'NONE', #1382, #5653, #6380, .T. ) ;
#3244 = CARTESIAN_POINT ( 'NONE',  ( 0.9974999999999999400, 0.5999999999999999800, -0.1090000000000000800 ) ) ;
#3245 = CARTESIAN_POINT ( 'NONE',  ( 0.7923444853039821600, 0.3826670498449319900, -0.01000000000000000000 ) ) ;
#3246 = PLANE ( 'NONE',  #2919 ) ;
#3247 = ORIENTED_EDGE ( 'NONE', *, *, #6987, .T. ) ;
#3248 = DIRECTION ( 'NONE',  ( -7.965038160976482400E-014, -0.8944271909999642600, -0.4472135954998610100 ) ) ;
#3249 = COORDINATED_UNIVERSAL_TIME_OFFSET ( 5, 0, .BEHIND. ) ;
#3250 = ORIENTED_EDGE ( 'NONE', *, *, #1527, .T. ) ;
#3251 = CARTESIAN_POINT ( 'NONE',  ( 0.6974999999999999000, 0.5579999999999999400, -0.1089999999999998900 ) ) ;
#3252 = DIRECTION ( 'NONE',  ( -1.000000000000000000, 0.0000000000000000000, -0.0000000000000000000 ) ) ;
#3253 = ORIENTED_EDGE ( 'NONE', *, *, #3270, .T. ) ;
#3254 = ADVANCED_FACE ( 'NONE', ( #2431 ), #7975, .T. ) ;
#3255 = EDGE_CURVE ( 'NONE', #6372, #8081, #4684, .T. ) ;
#3256 = ORIENTED_EDGE ( 'NONE', *, *, #7447, .F. ) ;
#3257 = ORIENTED_EDGE ( 'NONE', *, *, #6781, .T. ) ;
#3258 = DIRECTION ( 'NONE',  ( 0.0000000000000000000, 0.0000000000000000000, 1.000000000000000000 ) ) ;
#3259 = AXIS2_PLACEMENT_3D ( 'NONE', #6457, #5788, #1236 ) ;
#3260 = CARTESIAN_POINT ( 'NONE',  ( 0.1536499778719381800, 0.06956181146276956000, -0.006000000000051513600 ) ) ;
#3261 = ORIENTED_EDGE ( 'NONE', *, *, #6505, .F. ) ;
#3262 = CARTESIAN_POINT ( 'NONE',  ( 0.8374999999999999100, 0.3450000000000001400, -0.1479999999999999900 ) ) ;
#3263 = DIRECTION ( 'NONE',  ( 0.0000000000000000000, -1.000000000000000000, -4.553079989440441700E-016 ) ) ;
#3264 = VERTEX_POINT ( 'NONE', #6226 ) ;
#3265 = LINE ( 'NONE', #8017, #6238 ) ;
#3266 = EDGE_LOOP ( 'NONE', ( #6199, #2069, #5992, #7733, #7726, #8099, #1136, #5902, #5712 ) ) ;
#3267 = CARTESIAN_POINT ( 'NONE',  ( 0.5974999999999999200, 0.05000000000000000300, -0.09750000000000003100 ) ) ;
#3268 = PLANE ( 'NONE',  #2529 ) ;
#3269 = ADVANCED_FACE ( 'NONE', ( #332 ), #4731, .T. ) ;
#3270 = EDGE_CURVE ( 'NONE', #8176, #7101, #2183, .T. ) ;
#3271 = ORIENTED_EDGE ( 'NONE', *, *, #9152, .F. ) ;
#3272 = AXIS2_PLACEMENT_3D ( 'NONE', #5601, #5408, #5419 ) ;
#3273 = CARTESIAN_POINT ( 'NONE',  ( 0.8374999999999999100, 0.3450000000000001400, -0.2220000000000000000 ) ) ;
#3274 = VECTOR ( 'NONE', #4678, 39.37007874015748100 ) ;
#3275 = EDGE_LOOP ( 'NONE', ( #1224, #3162, #2645, #3181 ) ) ;
#3276 = DIRECTION ( 'NONE',  ( -0.0000000000000000000, 0.0000000000000000000, 1.000000000000000000 ) ) ;
#3277 = DIRECTION ( 'NONE',  ( 0.8934675157486069400, 0.4491278195592125500, 2.456076067359982500E-015 ) ) ;
#3278 = DIRECTION ( 'NONE',  ( -0.0000000000000000000, 1.000000000000000000, 1.707404996040165000E-016 ) ) ;
#3279 = AXIS2_PLACEMENT_3D ( 'NONE', #5915, #5890, #5654 ) ;
#3280 = ORIENTED_EDGE ( 'NONE', *, *, #3593, .F. ) ;
#3281 = DIRECTION ( 'NONE',  ( 1.000000000000000000, -0.0000000000000000000, -0.0000000000000000000 ) ) ;
#3282 = ORIENTED_EDGE ( 'NONE', *, *, #9263, .F. ) ;
#3283 = CARTESIAN_POINT ( 'NONE',  ( -1.378577015171063900E-015, 0.3318709691426820500, -0.01000000000000000000 ) ) ;
#3284 = VECTOR ( 'NONE', #5258, 39.37007874015748100 ) ;
#3285 = ORIENTED_EDGE ( 'NONE', *, *, #6265, .F. ) ;
#3286 = EDGE_CURVE ( 'NONE', #3771, #2418, #2671, .T. ) ;
#3287 = CARTESIAN_POINT ( 'NONE',  ( 0.1536499778720764000, 0.06956181146263143400, 0.02500000000004849700 ) ) ;
#3288 = DIRECTION ( 'NONE',  ( 1.000000000000000000, 0.0000000000000000000, -0.0000000000000000000 ) ) ;
#3289 = DIRECTION ( 'NONE',  ( 1.000000000000000000, 0.0000000000000000000, 0.0000000000000000000 ) ) ;
#3290 = DIRECTION ( 'NONE',  ( 0.0000000000000000000, -1.000000000000000000, 0.0000000000000000000 ) ) ;
#3291 = CARTESIAN_POINT ( 'NONE',  ( 0.8885380533012653400, 0.2366589681657897700, 0.0000000000000000000 ) ) ;
#3292 = LINE ( 'NONE', #3155, #1178 ) ;
#3293 = VERTEX_POINT ( 'NONE', #5906 ) ;
#3294 = LINE ( 'NONE', #2797, #5033 ) ;
#3295 = ORIENTED_EDGE ( 'NONE', *, *, #4239, .F. ) ;
#3296 = EDGE_LOOP ( 'NONE', ( #9298, #8604, #916, #4769 ) ) ;
#3297 = CARTESIAN_POINT ( 'NONE',  ( 0.3361881571574024100, 0.02549999999994084800, 0.02499999999989592100 ) ) ;
#3298 = DIRECTION ( 'NONE',  ( -0.0000000000000000000, -0.0000000000000000000, 1.000000000000000000 ) ) ;
#3299 = EDGE_CURVE ( 'NONE', #6323, #5042, #3998, .T. ) ;
#3300 = EDGE_CURVE ( 'NONE', #5075, #3118, #6165, .T. ) ;
#3301 = ADVANCED_FACE ( 'NONE', ( #5944 ), #6887, .F. ) ;
#3302 = CARTESIAN_POINT ( 'NONE',  ( 0.9974999999999999400, 0.2699999999999999100, -0.2220000000000000600 ) ) ;
#3303 = VECTOR ( 'NONE', #8646, 39.37007874015748100 ) ;
#3304 = VECTOR ( 'NONE', #3661, 39.37007874015748100 ) ;
#3305 = VECTOR ( 'NONE', #1810, 39.37007874015748100 ) ;
#3306 = ORIENTED_EDGE ( 'NONE', *, *, #4961, .F. ) ;
#3307 = ORIENTED_EDGE ( 'NONE', *, *, #8719, .T. ) ;
#3308 = DIRECTION ( 'NONE',  ( 1.000000000000000000, 0.0000000000000000000, 0.0000000000000000000 ) ) ;
#3309 = DIRECTION ( 'NONE',  ( -0.0000000000000000000, 0.0000000000000000000, -1.000000000000000000 ) ) ;
#3310 = CARTESIAN_POINT ( 'NONE',  ( 0.7089112885716689600, 0.4133410318342099500, -0.01000000000000000000 ) ) ;
#3311 = DIRECTION ( 'NONE',  ( 0.0000000000000000000, -1.000000000000000000, 0.0000000000000000000 ) ) ;
#3312 = ORIENTED_EDGE ( 'NONE', *, *, #160, .F. ) ;
#3313 = LINE ( 'NONE', #5016, #6917 ) ;
#3314 = EDGE_CURVE ( 'NONE', #739, #6981, #9246, .T. ) ;
#3315 = CYLINDRICAL_SURFACE ( 'NONE', #1675, 0.03999999999999998000 ) ;
#3316 = ORIENTED_EDGE ( 'NONE', *, *, #2675, .T. ) ;
#3317 = ORIENTED_EDGE ( 'NONE', *, *, #1164, .F. ) ;
#3318 = SECURITY_CLASSIFICATION ( '', '', #3809 ) ;
#3319 = LINE ( 'NONE', #6937, #8655 ) ;
#3320 = AXIS2_PLACEMENT_3D ( 'NONE', #8842, #929, #6235 ) ;
#3321 = CARTESIAN_POINT ( 'NONE',  ( 0.7825288151001881200, 0.3181290308573496200, -0.01000000000000000000 ) ) ;
#3322 = ORIENTED_EDGE ( 'NONE', *, *, #8321, .T. ) ;
#3323 = ORIENTED_EDGE ( 'NONE', *, *, #2335, .F. ) ;
#3324 = ADVANCED_FACE ( 'NONE', ( #1686 ), #5493, .F. ) ;
#3325 = CIRCLE ( 'NONE', #4687, 0.03999999999999998000 ) ;
#3326 = VECTOR ( 'NONE', #453, 39.37007874015748100 ) ;
#3327 = VECTOR ( 'NONE', #2077, 39.37007874015748100 ) ;
#3328 = CARTESIAN_POINT ( 'NONE',  ( 0.8374999999999999100, 0.3450000000000002000, -0.2725000000000000200 ) ) ;
#3329 = VERTEX_POINT ( 'NONE', #4346 ) ;
#3330 = DIRECTION ( 'NONE',  ( -0.0000000000000000000, 1.871128762783744900E-015, -1.000000000000000000 ) ) ;
#3331 = DIRECTION ( 'NONE',  ( 0.0000000000000000000, -1.000000000000000000, 1.871128762783746500E-015 ) ) ;
#3332 = ORGANIZATION ( 'NAUO-ORG7', 'UNSPECIFIED', 'UNSPECIFIED' ) ;
#3333 = ORIENTED_EDGE ( 'NONE', *, *, #3807, .T. ) ;
#3334 = FACE_OUTER_BOUND ( 'NONE', #5887, .T. ) ;
#3335 = CIRCLE ( 'NONE', #3575, 0.03999999999999998000 ) ;
#3336 = VERTEX_POINT ( 'NONE', #4319 ) ;
#3337 = VECTOR ( 'NONE', #3828, 39.37007874015748100 ) ;
#3338 = EDGE_LOOP ( 'NONE', ( #1703, #4950, #3121, #1618 ) ) ;
#3339 = VERTEX_POINT ( 'NONE', #4332 ) ;
#3340 = DIRECTION ( 'NONE',  ( 0.0000000000000000000, 1.000000000000000000, 0.0000000000000000000 ) ) ;
#3341 = CARTESIAN_POINT ( 'NONE',  ( 0.8374999999999999100, 0.5579999999999996100, -0.09749999999999962900 ) ) ;
#3342 = ORIENTED_EDGE ( 'NONE', *, *, #6996, .F. ) ;
#3343 = CALENDAR_DATE ( 2019, 15, 10 ) ;
#3344 = LOCAL_TIME ( 8, 51, 22.00000000000000000, #5308 ) ;
#3345 = LINE ( 'NONE', #1786, #3086 ) ;
#3346 = DIRECTION ( 'NONE',  ( 0.0000000000000000000, -0.7071067811865499000, 0.7071067811865451300 ) ) ;
#3347 = AXIS2_PLACEMENT_3D ( 'NONE', #1080, #1797, #1638 ) ;
#3348 = CARTESIAN_POINT ( 'NONE',  ( 1.067500000000000100, 0.4749999999999999800, -0.3130000000000000600 ) ) ;
#3349 = LINE ( 'NONE', #7445, #5310 ) ;
#3350 = VERTEX_POINT ( 'NONE', #7611 ) ;
#3351 = ORIENTED_EDGE ( 'NONE', *, *, #6354, .F. ) ;
#3352 = ORIENTED_EDGE ( 'NONE', *, *, #7770, .F. ) ;
#3353 = PLANE ( 'NONE',  #4524 ) ;
#3354 = EDGE_CURVE ( 'NONE', #2396, #3623, #9047, .T. ) ;
#3355 = ORIENTED_EDGE ( 'NONE', *, *, #7783, .T. ) ;
#3356 = DIRECTION ( 'NONE',  ( -0.0000000000000000000, -0.0000000000000000000, 1.000000000000000000 ) ) ;
#3357 = CARTESIAN_POINT ( 'NONE',  ( 0.6624999999999999800, 0.5180000000000000200, -0.1089999999999998900 ) ) ;
#3358 = LINE ( 'NONE', #6882, #1241 ) ;
#3359 = ADVANCED_FACE ( 'NONE', ( #3543 ), #6070, .F. ) ;
#3360 = ADVANCED_FACE ( 'NONE', ( #7340 ), #3094, .T. ) ;
#3361 = DIRECTION ( 'NONE',  ( -1.106190048102565800E-013, -1.000000000000000000, 9.125743083151719200E-014 ) ) ;
#3362 = VECTOR ( 'NONE', #8903, 39.37007874015748100 ) ;
#3363 = CARTESIAN_POINT ( 'NONE',  ( 0.9374999999999998900, 0.3450000000000002000, -0.2725000000000000200 ) ) ;
#3364 = EDGE_LOOP ( 'NONE', ( #3322, #3803, #3957, #4342 ) ) ;
#3365 = AXIS2_PLACEMENT_3D ( 'NONE', #6031, #1374, #5888 ) ;
#3366 = ORIENTED_EDGE ( 'NONE', *, *, #7286, .F. ) ;
#3367 = ORIENTED_EDGE ( 'NONE', *, *, #1893, .T. ) ;
#3368 = DIRECTION ( 'NONE',  ( -1.000000000000000000, 0.0000000000000000000, 0.0000000000000000000 ) ) ;
#3369 = EDGE_CURVE ( 'NONE', #1483, #4550, #8836, .T. ) ;
#3370 = EDGE_CURVE ( 'NONE', #1792, #5360, #7134, .T. ) ;
#3371 = VERTEX_POINT ( 'NONE', #1790 ) ;
#3372 = EDGE_LOOP ( 'NONE', ( #8653, #8895, #8240, #1834 ) ) ;
#3373 = PERSON_AND_ORGANIZATION ( #6536, #5561 ) ;
#3374 = ORIENTED_EDGE ( 'NONE', *, *, #1680, .F. ) ;
#3375 =( NAMED_UNIT ( * ) SI_UNIT ( $, .STERADIAN. ) SOLID_ANGLE_UNIT ( ) );
#3376 = ORIENTED_EDGE ( 'NONE', *, *, #9252, .F. ) ;
#3377 = DIRECTION ( 'NONE',  ( -0.0000000000000000000, 0.0000000000000000000, 1.000000000000000000 ) ) ;
#3378 = DIRECTION ( 'NONE',  ( -1.000000000000000000, -0.0000000000000000000, -0.0000000000000000000 ) ) ;
#3379 = CC_DESIGN_PERSON_AND_ORGANIZATION_ASSIGNMENT ( #1215, #4490, ( #700 ) ) ;
#3380 = ORIENTED_EDGE ( 'NONE', *, *, #6656, .T. ) ;
#3381 = EDGE_LOOP ( 'NONE', ( #6692, #7070, #4370, #5681 ) ) ;
#3382 = ADVANCED_FACE ( 'NONE', ( #1193 ), #5040, .T. ) ;
#3383 = CARTESIAN_POINT ( 'NONE',  ( 0.2126803834584703500, 0.09923518725026948800, -0.02500000000075877600 ) ) ;
#3384 = CALENDAR_DATE ( 2019, 15, 10 ) ;
#3385 = EDGE_LOOP ( 'NONE', ( #5570, #6013, #6991, #6747, #7077, #8425, #8226, #265, #1549 ) ) ;
#3386 = EDGE_LOOP ( 'NONE', ( #3606, #3426, #6437, #4969, #4384, #6507, #4730, #2325, #4049, #8692, #1491, #5775, #4256, #7079, #9142, #2258, #1971, #4193, #3519, #3948, #2995, #533, #3927, #2291 ) ) ;
#3387 = EDGE_CURVE ( 'NONE', #542, #249, #8647, .T. ) ;
#3388 = CARTESIAN_POINT ( 'NONE',  ( 0.4374999999999998900, 0.05000000000000001000, -0.2725000000000000800 ) ) ;
#3389 = CARTESIAN_POINT ( 'NONE',  ( 0.9374999999999998900, 0.05000000000000001000, -0.2725000000000000800 ) ) ;
#3390 = CARTESIAN_POINT ( 'NONE',  ( 0.9374999999999998900, 0.3450000000000002000, -0.09750000000000000300 ) ) ;
#3391 = CARTESIAN_POINT ( 'NONE',  ( 0.7374999999999998200, 0.5180000000000000200, -0.2210000000000000000 ) ) ;
#3392 = DIRECTION ( 'NONE',  ( 1.000000000000000000, 0.0000000000000000000, 0.0000000000000000000 ) ) ;
#3393 = ORIENTED_EDGE ( 'NONE', *, *, #5244, .T. ) ;
#3394 = DIRECTION ( 'NONE',  ( 0.0000000000000000000, 0.0000000000000000000, 1.000000000000000000 ) ) ;
#3395 = LINE ( 'NONE', #4676, #5573 ) ;
#3396 = EDGE_LOOP ( 'NONE', ( #2434, #5333, #1973, #3253 ) ) ;
#3397 = CARTESIAN_POINT ( 'NONE',  ( 0.3361881571569164700, 0.04400000000003125700, -0.005999999999826682200 ) ) ;
#3398 = EDGE_CURVE ( 'NONE', #7115, #1499, #5278, .T. ) ;
#3399 = CARTESIAN_POINT ( 'NONE',  ( 0.8202132034357337800, 0.03400000000017611900, 0.008999999999472029300 ) ) ;
#3400 = AXIS2_PLACEMENT_3D ( 'NONE', #4091, #398, #184 ) ;
#3401 = ORIENTED_EDGE ( 'NONE', *, *, #8014, .F. ) ;
#3402 = VECTOR ( 'NONE', #6967, 39.37007874015748100 ) ;
#3403 = ORIENTED_EDGE ( 'NONE', *, *, #8071, .T. ) ;
#3404 = DIRECTION ( 'NONE',  ( -3.500068646778335600E-012, -1.000000000000000000, -9.113134672475952900E-014 ) ) ;
#3405 = VERTEX_POINT ( 'NONE', #3251 ) ;
#3406 = DIRECTION ( 'NONE',  ( 6.447354079427562100E-012, -1.000000000000000000, -1.354679569236801800E-013 ) ) ;
#3407 = ADVANCED_FACE ( 'NONE', ( #8462 ), #3268, .T. ) ;
#3408 = AXIS2_PLACEMENT_3D ( 'NONE', #2058, #789, #4033 ) ;
#3409 = PLANE ( 'NONE',  #3722 ) ;
#3410 = VECTOR ( 'NONE', #5546, 39.37007874015748100 ) ;
#3411 = VERTEX_POINT ( 'NONE', #2669 ) ;
#3412 = DIRECTION ( 'NONE',  ( -4.313434190716670600E-014, 9.125743083152196300E-014, 1.000000000000000000 ) ) ;
#3413 = EDGE_CURVE ( 'NONE', #494, #1490, #6911, .T. ) ;
#3414 = AXIS2_PLACEMENT_3D ( 'NONE', #4358, #4300, #4425 ) ;
#3415 = DIRECTION ( 'NONE',  ( -0.0000000000000000000, 0.0000000000000000000, 1.000000000000000000 ) ) ;
#3416 = LINE ( 'NONE', #6417, #5594 ) ;
#3417 = DIRECTION ( 'NONE',  ( 1.000000000000000000, 0.0000000000000000000, 0.0000000000000000000 ) ) ;
#3418 = VECTOR ( 'NONE', #7823, 39.37007874015748100 ) ;
#3419 = DIRECTION ( 'NONE',  ( -0.0000000000000000000, 0.0000000000000000000, 1.000000000000000000 ) ) ;
#3420 = AXIS2_PLACEMENT_3D ( 'NONE', #9335, #7993, #8219 ) ;
#3421 = ORIENTED_EDGE ( 'NONE', *, *, #3137, .T. ) ;
#3422 = EDGE_CURVE ( 'NONE', #7838, #3837, #6688, .T. ) ;
#3423 = VECTOR ( 'NONE', #5470, 39.37007874015748100 ) ;
#3424 = ADVANCED_FACE ( 'NONE', ( #685 ), #2545, .T. ) ;
#3425 = FACE_OUTER_BOUND ( 'NONE', #1462, .T. ) ;
#3426 = ORIENTED_EDGE ( 'NONE', *, *, #8097, .F. ) ;
#3427 = VECTOR ( 'NONE', #2536, 39.37007874015748100 ) ;
#3428 = CARTESIAN_POINT ( 'NONE',  ( 0.8517292900370104800, 0.2366589681657806600, 0.0000000000000000000 ) ) ;
#3429 = CARTESIAN_POINT ( 'NONE',  ( 0.8974999999999999600, 0.5579999999999999400, -0.2975000000000001000 ) ) ;
#3430 = DIRECTION ( 'NONE',  ( -0.0000000000000000000, 0.0000000000000000000, -1.000000000000000000 ) ) ;
#3431 = VECTOR ( 'NONE', #2379, 39.37007874015748100 ) ;
#3432 = PRODUCT_RELATED_PRODUCT_CATEGORY ( 'detail', '', ( #771 ) ) ;
#3433 = DIRECTION ( 'NONE',  ( -4.313434190716670600E-014, 9.125743083152196300E-014, 1.000000000000000000 ) ) ;
#3434 = LINE ( 'NONE', #4164, #3183 ) ;
#3435 = LINE ( 'NONE', #2193, #1057 ) ;
#3436 = CARTESIAN_POINT ( 'NONE',  ( 0.5674999999979282200, 0.6712132034341641300, -0.05999999999894796400 ) ) ;
#3437 = EDGE_CURVE ( 'NONE', #4743, #1060, #4568, .T. ) ;
#3438 = CARTESIAN_POINT ( 'NONE',  ( 0.1462132034361748000, 0.05766671432744569600, 0.02483335716289020200 ) ) ;
#3439 = CARTESIAN_POINT ( 'NONE',  ( 0.4375000000000010000, 0.5999999999999999800, -0.03900000000000072900 ) ) ;
#3440 = PLANE ( 'NONE',  #8801 ) ;
#3441 = LINE ( 'NONE', #478, #7246 ) ;
#3442 = FACE_OUTER_BOUND ( 'NONE', #7741, .T. ) ;
#3443 = VECTOR ( 'NONE', #8381, 39.37007874015748100 ) ;
#3444 = ORIENTED_EDGE ( 'NONE', *, *, #6075, .T. ) ;
#3445 = ORIENTED_EDGE ( 'NONE', *, *, #7537, .T. ) ;
#3446 = ORIENTED_EDGE ( 'NONE', *, *, #3993, .F. ) ;
#3447 = EDGE_CURVE ( 'NONE', #1256, #5727, #6479, .T. ) ;
#3448 = CARTESIAN_POINT ( 'NONE',  ( 0.1462132034363043700, 0.05750000000005953800, 0.02474999999935151600 ) ) ;
#3449 = VERTEX_POINT ( 'NONE', #4186 ) ;
#3450 = LINE ( 'NONE', #6133, #8755 ) ;
#3451 = AXIS2_PLACEMENT_3D ( 'NONE', #2304, #7415, #3111 ) ;
#3452 = VECTOR ( 'NONE', #1041, 39.37007874015748100 ) ;
#3453 = VECTOR ( 'NONE', #1884, 39.37007874015748100 ) ;
#3454 = ORIENTED_EDGE ( 'NONE', *, *, #7097, .F. ) ;
#3455 = ADVANCED_FACE ( 'NONE', ( #8265 ), #5802, .F. ) ;
#3456 = ORIENTED_EDGE ( 'NONE', *, *, #7286, .T. ) ;
#3457 = ITEM_DEFINED_TRANSFORMATION ( 'NONE', 'NONE', #7778,  #2951 ) ;
#3458 = CARTESIAN_POINT ( 'NONE',  ( 0.5940679471871664900, 0.4025437946100565700, -0.01000000000000000000 ) ) ;
#3459 = CONTEXT_DEPENDENT_SHAPE_REPRESENTATION ( #6014, #3151 ) ;
#3460 = VECTOR ( 'NONE', #6840, 39.37007874015748100 ) ;
#3461 = LINE ( 'NONE', #4293, #8984 ) ;
#3462 = CARTESIAN_POINT ( 'NONE',  ( 0.7374999999999998200, 0.5579999999999999400, -0.2610000000000001200 ) ) ;
#3463 = ORIENTED_EDGE ( 'NONE', *, *, #6547, .T. ) ;
#3464 = VERTEX_POINT ( 'NONE', #7550 ) ;
#3465 = PLANE ( 'NONE',  #9321 ) ;
#3466 = DIRECTION ( 'NONE',  ( 1.000000000000000000, 0.0000000000000000000, 0.0000000000000000000 ) ) ;
#3467 = VERTEX_POINT ( 'NONE', #7591 ) ;
#3468 = EDGE_CURVE ( 'NONE', #7925, #3735, #4348, .T. ) ;
#3469 = DIRECTION ( 'NONE',  ( -1.000000000000000000, 7.695514003114026500E-012, 5.225410333486496900E-012 ) ) ;
#3470 = AXIS2_PLACEMENT_3D ( 'NONE', #8506, #8532, #8541 ) ;
#3471 = VECTOR ( 'NONE', #4432, 39.37007874015748100 ) ;
#3472 = LINE ( 'NONE', #5073, #3700 ) ;
#3473 = ORIENTED_EDGE ( 'NONE', *, *, #87, .T. ) ;
#3474 = DIRECTION ( 'NONE',  ( 1.000000000000000000, 0.0000000000000000000, 0.0000000000000000000 ) ) ;
#3475 = ADVANCED_FACE ( 'NONE', ( #6274 ), #6451, .F. ) ;
#3476 = ORIENTED_EDGE ( 'NONE', *, *, #3752, .F. ) ;
#3477 = CARTESIAN_POINT ( 'NONE',  ( 0.5974999999999999200, 0.5579999999999999400, -0.1089999999999998900 ) ) ;
#3478 = VERTEX_POINT ( 'NONE', #5713 ) ;
#3479 = AXIS2_PLACEMENT_3D ( 'NONE', #9113, #6033, #8583 ) ;
#3480 = DIRECTION ( 'NONE',  ( 0.0000000000000000000, -1.352399996863497400E-015, -1.000000000000000000 ) ) ;
#3481 = VECTOR ( 'NONE', #5314, 39.37007874015748900 ) ;
#3482 = CARTESIAN_POINT ( 'NONE',  ( -1.634053534412023700E-015, 0.2268432979619815800, -0.01000000000000000000 ) ) ;
#3483 = VERTEX_POINT ( 'NONE', #6151 ) ;
#3484 = EDGE_CURVE ( 'NONE', #3339, #1118, #7871, .T. ) ;
#3485 = ORIENTED_EDGE ( 'NONE', *, *, #3243, .T. ) ;
#3486 = CARTESIAN_POINT ( 'NONE',  ( 0.4374999999999998900, 0.5579999999999996100, -0.07250000000000000900 ) ) ;
#3487 = VERTEX_POINT ( 'NONE', #6844 ) ;
#3488 = CARTESIAN_POINT ( 'NONE',  ( 1.004362961706132000, 0.4133410318342107300, -0.01000000000000000000 ) ) ;
#3489 = VERTEX_POINT ( 'NONE', #6124 ) ;
#3490 = ORIENTED_EDGE ( 'NONE', *, *, #8754, .F. ) ;
#3491 = AXIS2_PLACEMENT_3D ( 'NONE', #2322, #8126, #3915 ) ;
#3492 = LOCAL_TIME ( 8, 51, 22.00000000000000000, #5440 ) ;
#3493 = ORIENTED_EDGE ( 'NONE', *, *, #8275, .F. ) ;
#3494 = DIRECTION ( 'NONE',  ( 1.000000000000000000, 1.108302649210530400E-013, -4.313434190793084700E-014 ) ) ;
#3495 = EDGE_CURVE ( 'NONE', #3508, #3293, #8064, .T. ) ;
#3496 = EDGE_CURVE ( 'NONE', #2418, #5663, #4108, .T. ) ;
#3497 = ORIENTED_EDGE ( 'NONE', *, *, #7245, .F. ) ;
#3498 = VERTEX_POINT ( 'NONE', #6495 ) ;
#3499 = ORIENTED_EDGE ( 'NONE', *, *, #4528, .T. ) ;
#3500 = APPLICATION_CONTEXT ( 'configuration controlled 3d designs of mechanical parts and assemblies' ) ;
#3501 = DIRECTION ( 'NONE',  ( -0.0000000000000000000, -1.352399996863497200E-015, -1.000000000000000000 ) ) ;
#3502 = ADVANCED_FACE ( 'NONE', ( #2056 ), #6831, .F. ) ;
#3503 = CARTESIAN_POINT ( 'NONE',  ( 0.8885380533012653400, 0.2268432979619829900, -0.01000000000000000000 ) ) ;
#3504 = VERTEX_POINT ( 'NONE', #6476 ) ;
#3505 = DIRECTION ( 'NONE',  ( 1.000000000000000000, 0.0000000000000000000, -0.0000000000000000000 ) ) ;
#3506 = EDGE_CURVE ( 'NONE', #7212, #1218, #9337, .T. ) ;
#3507 = ORIENTED_EDGE ( 'NONE', *, *, #7041, .F. ) ;
#3508 = VERTEX_POINT ( 'NONE', #3992 ) ;
#3509 = EDGE_CURVE ( 'NONE', #7203, #331, #193, .T. ) ;
#3510 = CIRCLE ( 'NONE', #3160, 0.009815670203787221800 ) ;
#3511 = VERTEX_POINT ( 'NONE', #2516 ) ;
#3512 = CARTESIAN_POINT ( 'NONE',  ( 0.5802132034363087800, 0.01250000000001846000, 0.01249999999948798700 ) ) ;
#3513 = VERTEX_POINT ( 'NONE', #2474 ) ;
#3514 = VERTEX_POINT ( 'NONE', #2493 ) ;
#3515 = LINE ( 'NONE', #4985, #1415 ) ;
#3516 = ORIENTED_EDGE ( 'NONE', *, *, #8993, .T. ) ;
#3517 = CARTESIAN_POINT ( 'NONE',  ( 0.0000000000000000000, 0.3063502266127573500, -0.01000000000000000000 ) ) ;
#3518 = ADVANCED_FACE ( 'NONE', ( #9143 ), #5605, .F. ) ;
#3519 = ORIENTED_EDGE ( 'NONE', *, *, #1554, .T. ) ;
#3520 = ORIENTED_EDGE ( 'NONE', *, *, #1248, .F. ) ;
#3521 = CARTESIAN_POINT ( 'NONE',  ( 1.147500000000000200, 0.0000000000000000000, 0.0000000000000000000 ) ) ;
#3522 = FACE_OUTER_BOUND ( 'NONE', #5502, .T. ) ;
#3523 = EDGE_LOOP ( 'NONE', ( #6029, #7946, #6348, #3713 ) ) ;
#3524 = DATE_TIME_ROLE ( 'creation_date' ) ;
#3525 = VERTEX_POINT ( 'NONE', #2906 ) ;
#3526 = ORIENTED_EDGE ( 'NONE', *, *, #5700, .T. ) ;
#3527 = CARTESIAN_POINT ( 'NONE',  ( 0.7089112885716689600, 0.0000000000000000000, -0.01000000000000000000 ) ) ;
#3528 = VECTOR ( 'NONE', #3010, 39.37007874015748100 ) ;
#3529 = ORIENTED_EDGE ( 'NONE', *, *, #1135, .T. ) ;
#3530 = CARTESIAN_POINT ( 'NONE',  ( 0.3924999999999996800, 0.0000000000000000000, -0.1499999999999999900 ) ) ;
#3531 = EDGE_CURVE ( 'NONE', #3866, #3712, #3877, .T. ) ;
#3532 = VECTOR ( 'NONE', #3474, 39.37007874015748100 ) ;
#3533 = DIRECTION ( 'NONE',  ( 0.0000000000000000000, -1.000000000000000000, -1.352399996863497400E-015 ) ) ;
#3534 = DIRECTION ( 'NONE',  ( 1.000000000000000000, 1.107505943377398600E-013, -4.314658571074449100E-014 ) ) ;
#3535 = ORIENTED_EDGE ( 'NONE', *, *, #5412, .T. ) ;
#3536 = PLANE ( 'NONE',  #1022 ) ;
#3538 = DIRECTION ( 'NONE',  ( 0.0000000000000000000, -1.000000000000000000, 0.0000000000000000000 ) ) ;
#3537 = CARTESIAN_POINT ( 'NONE',  ( 0.9974999999999999400, 0.2699999999999999100, -0.2220000000000000600 ) ) ;
#3539 = FACE_OUTER_BOUND ( 'NONE', #8146, .T. ) ;
#3540 = CARTESIAN_POINT ( 'NONE',  ( 0.5374999999999999800, 0.3450000000000002000, -0.2725000000000000200 ) ) ;
#3541 = CYLINDRICAL_SURFACE ( 'NONE', #6043, 0.009815670203796374200 ) ;
#3542 = ORIENTED_EDGE ( 'NONE', *, *, #5516, .T. ) ;
#3543 = FACE_OUTER_BOUND ( 'NONE', #42, .T. ) ;
#3544 = AXIS2_PLACEMENT_3D ( 'NONE', #5332, #2404, #4602 ) ;
#3545 = VERTEX_POINT ( 'NONE', #1716 ) ;
#3546 = CARTESIAN_POINT ( 'NONE',  ( 0.8885380533012994200, 0.4133410318342099500, -0.01000000000000000000 ) ) ;
#3547 = EDGE_CURVE ( 'NONE', #633, #4519, #1550, .T. ) ;
#3548 = ORIENTED_EDGE ( 'NONE', *, *, #5981, .T. ) ;
#3549 = EDGE_CURVE ( 'NONE', #6404, #4092, #3653, .T. ) ;
#3550 = VECTOR ( 'NONE', #1691, 39.37007874015748100 ) ;
#3551 = ORIENTED_EDGE ( 'NONE', *, *, #6996, .T. ) ;
#3552 = LINE ( 'NONE', #4960, #7144 ) ;
#3553 = CARTESIAN_POINT ( 'NONE',  ( 0.9374999999999998900, 0.3450000000000001400, -0.2220000000000000000 ) ) ;
#3554 = CC_DESIGN_DATE_AND_TIME_ASSIGNMENT ( #3911, #5897, ( #1439 ) ) ;
#3555 = DIRECTION ( 'NONE',  ( 0.0000000000000000000, 1.352399996863497200E-015, -1.000000000000000000 ) ) ;
#3556 = LINE ( 'NONE', #256, #1954 ) ;
#3557 = LINE ( 'NONE', #8630, #3784 ) ;
#3558 = DIRECTION ( 'NONE',  ( -1.106190048102486900E-013, -1.000000000000000000, -9.125743083008812900E-014 ) ) ;
#3559 = APPLICATION_CONTEXT ( 'configuration controlled 3d designs of mechanical parts and assemblies' ) ;
#3560 = VECTOR ( 'NONE', #2035, 39.37007874015748100 ) ;
#3561 = EDGE_CURVE ( 'NONE', #1792, #50, #7232, .T. ) ;
#3562 = VERTEX_POINT ( 'NONE', #2522 ) ;
#3563 = PLANE ( 'NONE',  #3898 ) ;
#3564 = ORIENTED_EDGE ( 'NONE', *, *, #3767, .T. ) ;
#3565 = ADVANCED_FACE ( 'NONE', ( #7441 ), #3158, .F. ) ;
#3566 = COORDINATED_UNIVERSAL_TIME_OFFSET ( 5, 0, .BEHIND. ) ;
#3567 = CIRCLE ( 'NONE', #3408, 0.009815670203840902800 ) ;
#3568 = VECTOR ( 'NONE', #8073, 39.37007874015748100 ) ;
#3569 = ORIENTED_EDGE ( 'NONE', *, *, #7645, .T. ) ;
#3570 = CARTESIAN_POINT ( 'NONE',  ( 0.3361881571572401500, 0.02549999999997933100, 0.005999999999915740300 ) ) ;
#3571 = EDGE_CURVE ( 'NONE', #7450, #8477, #5378, .T. ) ;
#3572 = VERTEX_POINT ( 'NONE', #3302 ) ;
#3573 = CARTESIAN_POINT ( 'NONE',  ( -1.123269580619662000E-014, 0.3181290308573219100, -0.01000000000000000000 ) ) ;
#3574 = LOCAL_TIME ( 8, 51, 22.00000000000000000, #5526 ) ;
#3575 = AXIS2_PLACEMENT_3D ( 'NONE', #7437, #3140, #8104 ) ;
#3576 = COORDINATED_UNIVERSAL_TIME_OFFSET ( 5, 0, .BEHIND. ) ;
#3577 = PLANE ( 'NONE',  #1051 ) ;
#3578 = VECTOR ( 'NONE', #8722, 39.37007874015748100 ) ;
#3579 = FACE_OUTER_BOUND ( 'NONE', #269, .T. ) ;
#3580 = DIRECTION ( 'NONE',  ( 1.000000000000000000, 0.0000000000000000000, 0.0000000000000000000 ) ) ;
#3581 = CARTESIAN_POINT ( 'NONE',  ( 0.9975000000000000500, 0.5999999999999999800, -0.03900000000000025700 ) ) ;
#3582 = ORIENTED_EDGE ( 'NONE', *, *, #1165, .T. ) ;
#3583 = CARTESIAN_POINT ( 'NONE',  ( 0.7825288151001877900, 0.3083133606535526400, -0.01000000000000000000 ) ) ;
#3584 = CARTESIAN_POINT ( 'NONE',  ( 0.7260887114283308700, 0.2337142671046477700, -0.01000000000000000000 ) ) ;
#3585 = VECTOR ( 'NONE', #4264, 39.37007874015748100 ) ;
#3586 = VERTEX_POINT ( 'NONE', #4512 ) ;
#3587 = AXIS2_PLACEMENT_3D ( 'NONE', #738, #2389, #5246 ) ;
#3588 = CYLINDRICAL_SURFACE ( 'NONE', #9056, 0.03999999999999998000 ) ;
#3589 = DIRECTION ( 'NONE',  ( 0.0000000000000000000, 1.871128762783744900E-015, -1.000000000000000000 ) ) ;
#3590 = DIRECTION ( 'NONE',  ( -0.0000000000000000000, -0.0000000000000000000, 1.000000000000000000 ) ) ;
#3591 = CARTESIAN_POINT ( 'NONE',  ( 0.6397108136348436100, 0.2719953808994843300, 0.0000000000000000000 ) ) ;
#3592 = ORIENTED_EDGE ( 'NONE', *, *, #8252, .T. ) ;
#3593 = EDGE_CURVE ( 'NONE', #3467, #5555, #7018, .T. ) ;
#3594 = ORIENTED_EDGE ( 'NONE', *, *, #1428, .F. ) ;
#3595 = APPROVAL_STATUS ( 'not_yet_approved' ) ;
#3596 = AXIS2_PLACEMENT_3D ( 'NONE', #2359, #6791, #6811 ) ;
#3597 = CARTESIAN_POINT ( 'NONE',  ( 0.7923444853039846000, 0.3083133606535432600, 0.0000000000000000000 ) ) ;
#3598 = VERTEX_POINT ( 'NONE', #5514 ) ;
#3599 = ORIENTED_EDGE ( 'NONE', *, *, #706, .T. ) ;
#3600 = COORDINATED_UNIVERSAL_TIME_OFFSET ( 5, 0, .BEHIND. ) ;
#3601 = ORIENTED_EDGE ( 'NONE', *, *, #831, .T. ) ;
#3602 = AXIS2_PLACEMENT_3D ( 'NONE', #7295, #6586, #1142 ) ;
#3603 = ORIENTED_EDGE ( 'NONE', *, *, #3894, .F. ) ;
#3604 = EDGE_CURVE ( 'NONE', #3598, #4298, #5163, .T. ) ;
#3605 = DIRECTION ( 'NONE',  ( -0.0000000000000000000, -0.0000000000000000000, 1.000000000000000000 ) ) ;
#3606 = ORIENTED_EDGE ( 'NONE', *, *, #7979, .F. ) ;
#3607 = CARTESIAN_POINT ( 'NONE',  ( 0.6374999999999998400, 0.2700000000000001800, -0.1480000000000000500 ) ) ;
#3608 = VERTEX_POINT ( 'NONE', #5644 ) ;
#3609 = PERSON_AND_ORGANIZATION ( #6536, #5561 ) ;
#3610 = EDGE_LOOP ( 'NONE', ( #7485, #7339, #7393, #7273 ) ) ;
#3611 = DIRECTION ( 'NONE',  ( 4.313434190716670600E-014, -9.125743083152196300E-014, -1.000000000000000000 ) ) ;
#3612 = ADVANCED_FACE ( 'NONE', ( #4909 ), #5683, .F. ) ;
#3613 = CC_DESIGN_APPROVAL ( #3096, ( #1493 ) ) ;
#3614 = ORIENTED_EDGE ( 'NONE', *, *, #1959, .T. ) ;
#3615 = DIRECTION ( 'NONE',  ( 1.000000000000000000, 0.0000000000000000000, 3.104372720073026700E-015 ) ) ;
#3616 = PRODUCT_DEFINITION_SHAPE ( 'NONE', 'NONE',  #9374 ) ;
#3617 = VECTOR ( 'NONE', #791, 39.37007874015748100 ) ;
#3618 = VERTEX_POINT ( 'NONE', #5479 ) ;
#3619 = DIRECTION ( 'NONE',  ( -0.0000000000000000000, -0.0000000000000000000, 1.000000000000000000 ) ) ;
#3620 = DIRECTION ( 'NONE',  ( 1.000000000000000000, 0.0000000000000000000, 0.0000000000000000000 ) ) ;
#3621 = EDGE_CURVE ( 'NONE', #17, #3687, #6795, .T. ) ;
#3622 = CARTESIAN_POINT ( 'NONE',  ( 0.8374999999999999100, 0.2700000000000001800, -0.1490000000000000800 ) ) ;
#3623 = VERTEX_POINT ( 'NONE', #4999 ) ;
#3624 = ORIENTED_EDGE ( 'NONE', *, *, #3703, .T. ) ;
#3625 = EDGE_LOOP ( 'NONE', ( #1631, #3232, #6313, #1899 ) ) ;
#3626 = PERSON_AND_ORGANIZATION_ROLE ( 'creator' ) ;
#3627 = CARTESIAN_POINT ( 'NONE',  ( 0.7398306497136468700, 0.0000000000000000000, -0.01000000000000000000 ) ) ;
#3628 = VECTOR ( 'NONE', #1724, 39.37007874015748100 ) ;
#3629 = ORIENTED_EDGE ( 'NONE', *, *, #2814, .T. ) ;
#3630 = EDGE_CURVE ( 'NONE', #9065, #3618, #2917, .T. ) ;
#3631 = AXIS2_PLACEMENT_3D ( 'NONE', #4263, #1969, #7130 ) ;
#3632 = VERTEX_POINT ( 'NONE', #5052 ) ;
#3633 = ORIENTED_EDGE ( 'NONE', *, *, #394, .T. ) ;
#3634 = DIRECTION ( 'NONE',  ( -0.0000000000000000000, -0.0000000000000000000, 1.000000000000000000 ) ) ;
#3635 = FACE_OUTER_BOUND ( 'NONE', #9306, .T. ) ;
#3636 = ORIENTED_EDGE ( 'NONE', *, *, #2729, .F. ) ;
#3637 = DIRECTION ( 'NONE',  ( 0.8934675157486070600, 0.4491278195592125500, 2.447117620129859400E-015 ) ) ;
#3638 = DIRECTION ( 'NONE',  ( 1.000000000000000000, -0.0000000000000000000, -0.0000000000000000000 ) ) ;
#3639 = CARTESIAN_POINT ( 'NONE',  ( 0.8974999999999999600, 0.5180000000000000200, -0.1089999999999998600 ) ) ;
#3640 = CARTESIAN_POINT ( 'NONE',  ( 1.067500000000000100, 0.4749999999999999800, -0.3130000000000000600 ) ) ;
#3641 = AXIS2_PLACEMENT_3D ( 'NONE', #3740, #549, #7210 ) ;
#3642 = VECTOR ( 'NONE', #1766, 39.37007874015748100 ) ;
#3643 = VERTEX_POINT ( 'NONE', #5462 ) ;
#3644 = LINE ( 'NONE', #9040, #3418 ) ;
#3645 = CARTESIAN_POINT ( 'NONE',  ( 0.3674999999999998300, 0.5600000000000002800, -0.1490000000000000800 ) ) ;
#3646 = EDGE_CURVE ( 'NONE', #3339, #7094, #3177, .T. ) ;
#3647 = AXIS2_PLACEMENT_3D ( 'NONE', #3971, #2647, #2722 ) ;
#3648 = CARTESIAN_POINT ( 'NONE',  ( 0.7496463199174502300, 0.3318709691426852100, 0.0000000000000000000 ) ) ;
#3649 = CIRCLE ( 'NONE', #9027, 0.03141014465218178200 ) ;
#3650 = DIRECTION ( 'NONE',  ( 0.0000000000000000000, -1.000000000000000000, -5.691349986800549600E-017 ) ) ;
#3651 = LINE ( 'NONE', #4369, #7230 ) ;
#3652 = VERTEX_POINT ( 'NONE', #4913 ) ;
#3653 = LINE ( 'NONE', #1743, #4796 ) ;
#3654 = CARTESIAN_POINT ( 'NONE',  ( 0.4374999999999998900, 0.5999999999999999800, -0.2974999999999999900 ) ) ;
#3655 = ORIENTED_EDGE ( 'NONE', *, *, #3370, .F. ) ;
#3656 = AXIS2_PLACEMENT_3D ( 'NONE', #7962, #2032, #5740 ) ;
#3657 = DIRECTION ( 'NONE',  ( -0.0000000000000000000, -0.0000000000000000000, 1.000000000000000000 ) ) ;
#3658 = CARTESIAN_POINT ( 'NONE',  ( 0.0000000000000000000, 0.0000000000000000000, 0.0000000000000000000 ) ) ;
#3659 = ADVANCED_FACE ( 'NONE', ( #8552 ), #4988, .F. ) ;
#3660 = EDGE_LOOP ( 'NONE', ( #6342, #2129, #1403, #5446, #3499, #7613, #5562, #2015, #1010, #644, #4535, #9218, #288, #3952, #2253 ) ) ;
#3661 = DIRECTION ( 'NONE',  ( 1.000000000000000000, 0.0000000000000000000, 0.0000000000000000000 ) ) ;
#3662 = EDGE_CURVE ( 'NONE', #5658, #5404, #575, .T. ) ;
#3663 = LINE ( 'NONE', #2198, #5169 ) ;
#3664 = LINE ( 'NONE', #694, #1560 ) ;
#3665 = EDGE_LOOP ( 'NONE', ( #7154, #7370, #7569, #8420, #144, #8335 ) ) ;
#3666 = VECTOR ( 'NONE', #6314, 39.37007874015748100 ) ;
#3667 = CARTESIAN_POINT ( 'NONE',  ( 0.8374999999999999100, 0.5999999999999999800, -0.07249999999999998100 ) ) ;
#3668 = DIRECTION ( 'NONE',  ( 0.0000000000000000000, 1.707404996040164500E-016, -1.000000000000000000 ) ) ;
#3669 = ORIENTED_EDGE ( 'NONE', *, *, #8245, .T. ) ;
#3670 = VECTOR ( 'NONE', #998, 39.37007874015748100 ) ;
#3671 = AXIS2_PLACEMENT_3D ( 'NONE', #8486, #1260, #6504 ) ;
#3672 = FACE_OUTER_BOUND ( 'NONE', #6545, .T. ) ;
#3673 = LINE ( 'NONE', #799, #8965 ) ;
#3674 = EDGE_CURVE ( 'NONE', #8936, #1128, #2663, .T. ) ;
#3675 = EDGE_CURVE ( 'NONE', #843, #8527, #6584, .T. ) ;
#3676 = DIRECTION ( 'NONE',  ( -0.0000000000000000000, 0.0000000000000000000, 1.000000000000000000 ) ) ;
#3677 = VERTEX_POINT ( 'NONE', #4589 ) ;
#3678 = ORIENTED_EDGE ( 'NONE', *, *, #8206, .T. ) ;
#3679 = ORIENTED_EDGE ( 'NONE', *, *, #4846, .F. ) ;
#3680 = DIRECTION ( 'NONE',  ( 0.0000000000000000000, -0.0000000000000000000, -1.000000000000000000 ) ) ;
#3681 = CYLINDRICAL_SURFACE ( 'NONE', #3, 0.02625691779517380600 ) ;
#3682 = LINE ( 'NONE', #2598, #5399 ) ;
#3683 = CARTESIAN_POINT ( 'NONE',  ( 0.3361881571570967100, 0.02550000000000123700, -0.02500000000011651900 ) ) ;
#3684 = VECTOR ( 'NONE', #8181, 39.37007874015748100 ) ;
#3685 = CARTESIAN_POINT ( 'NONE',  ( 0.9187212391779987500, 0.2668421540424528200, -0.01000000000000000000 ) ) ;
#3686 = CARTESIAN_POINT ( 'NONE',  ( 0.3361881571569000900, 0.04400000000002975800, 0.006000000000173626900 ) ) ;
#3687 = VERTEX_POINT ( 'NONE', #5557 ) ;
#3688 = APPROVAL_DATE_TIME ( #5638, #2494 ) ;
#3689 = ORIENTED_EDGE ( 'NONE', *, *, #8575, .F. ) ;
#3690 = DIRECTION ( 'NONE',  ( -0.0000000000000000000, 0.0000000000000000000, 1.000000000000000000 ) ) ;
#3691 = DATE_AND_TIME ( #5640, #7470 ) ;
#3692 = PERSON_AND_ORGANIZATION_ROLE ( 'classification_officer' ) ;
#3693 = CIRCLE ( 'NONE', #4070, 0.03150000000000002800 ) ;
#3694 = EDGE_CURVE ( 'NONE', #428, #7861, #7967, .T. ) ;
#3695 = FACE_OUTER_BOUND ( 'NONE', #3012, .T. ) ;
#3696 = EDGE_LOOP ( 'NONE', ( #2271, #4779, #6257, #8721, #8027, #3238 ) ) ;
#3697 = EDGE_LOOP ( 'NONE', ( #4632, #887, #3123, #1651 ) ) ;
#3698 = VECTOR ( 'NONE', #2319, 39.37007874015748100 ) ;
#3699 = DIRECTION ( 'NONE',  ( -4.313434190716670600E-014, 9.125743083152196300E-014, 1.000000000000000000 ) ) ;
#3700 = VECTOR ( 'NONE', #446, 39.37007874015748100 ) ;
#3701 = PLANE ( 'NONE',  #6117 ) ;
#3702 = PLANE ( 'NONE',  #5365 ) ;
#3703 = EDGE_CURVE ( 'NONE', #4886, #7449, #8163, .T. ) ;
#3704 = ORIENTED_EDGE ( 'NONE', *, *, #7061, .F. ) ;
#3705 = CARTESIAN_POINT ( 'NONE',  ( -1.634053534412023700E-015, 0.2268432979619815800, 0.0000000000000000000 ) ) ;
#3706 = AXIS2_PLACEMENT_3D ( 'NONE', #7222, #1143, #2080 ) ;
#3707 = ORIENTED_EDGE ( 'NONE', *, *, #2956, .T. ) ;
#3708 = LINE ( 'NONE', #6924, #3929 ) ;
#3709 = CARTESIAN_POINT ( 'NONE',  ( 1.004362961706167100, 0.3637718973050384500, -0.01000000000000000000 ) ) ;
#3710 = ORIENTED_EDGE ( 'NONE', *, *, #7474, .T. ) ;
#3711 = ADVANCED_FACE ( 'NONE', ( #2175 ), #5935, .F. ) ;
#3712 = VERTEX_POINT ( 'NONE', #3874 ) ;
#3713 = ORIENTED_EDGE ( 'NONE', *, *, #1919, .F. ) ;
#3714 = AXIS2_PLACEMENT_3D ( 'NONE', #7109, #7418, #7329 ) ;
#3715 = CARTESIAN_POINT ( 'NONE',  ( 0.3361881571574481000, 0.01250000000002636500, -0.006000000000261865300 ) ) ;
#3716 = CARTESIAN_POINT ( 'NONE',  ( 0.8368350939837762000, 0.02111442786090703500, -0.003885572140044664100 ) ) ;
#3717 = EDGE_LOOP ( 'NONE', ( #8022, #2880, #3689, #2528 ) ) ;
#3718 = EDGE_CURVE ( 'NONE', #1878, #8414, #62, .T. ) ;
#3719 = CALENDAR_DATE ( 2019, 15, 10 ) ;
#3720 = ORIENTED_EDGE ( 'NONE', *, *, #8112, .F. ) ;
#3721 = DATE_TIME_ROLE ( 'classification_date' ) ;
#3722 = AXIS2_PLACEMENT_3D ( 'NONE', #456, #755, #1312 ) ;
#3723 = ORIENTED_EDGE ( 'NONE', *, *, #9104, .T. ) ;
#3724 = DIRECTION ( 'NONE',  ( 0.0000000000000000000, -1.000000000000000000, 0.0000000000000000000 ) ) ;
#3725 = LENGTH_MEASURE_WITH_UNIT ( LENGTH_MEASURE( 0.02539999999999999900 ), #4068 );
#3726 = VERTEX_POINT ( 'NONE', #3853 ) ;
#3727 = EDGE_CURVE ( 'NONE', #8144, #7755, #4456, .T. ) ;
#3728 = EDGE_CURVE ( 'NONE', #848, #6372, #4228, .T. ) ;
#3729 = CARTESIAN_POINT ( 'NONE',  ( 0.4374999999999998900, 0.2700000000000001800, -0.1480000000000000800 ) ) ;
#3730 = DIRECTION ( 'NONE',  ( -0.8934675157486069400, -0.4491278195592125500, -2.456076067359982500E-015 ) ) ;
#3731 = VERTEX_POINT ( 'NONE', #3597 ) ;
#3732 = ORIENTED_EDGE ( 'NONE', *, *, #2878, .T. ) ;
#3733 = CARTESIAN_POINT ( 'NONE',  ( 0.0000000000000000000, 0.4231567020380508400, 0.0000000000000000000 ) ) ;
#3734 = VECTOR ( 'NONE', #7852, 39.37007874015748100 ) ;
#3735 = VERTEX_POINT ( 'NONE', #3607 ) ;
#3736 = PLANE ( 'NONE',  #8837 ) ;
#3737 = CC_DESIGN_APPROVAL ( #3236, ( #5281 ) ) ;
#3738 = CARTESIAN_POINT ( 'NONE',  ( 0.8974999999999999600, 0.3450000000000001400, -0.1479999999999999900 ) ) ;
#3739 = ORIENTED_EDGE ( 'NONE', *, *, #9128, .T. ) ;
#3740 = CARTESIAN_POINT ( 'NONE',  ( 0.4375000000000010000, -0.07355680662945861300, -0.3310000000000007400 ) ) ;
#3741 = EDGE_CURVE ( 'NONE', #7755, #988, #5715, .T. ) ;
#3742 = LINE ( 'NONE', #2612, #7114 ) ;
#3743 = ORIENTED_EDGE ( 'NONE', *, *, #3100, .F. ) ;
#3744 = CARTESIAN_POINT ( 'NONE',  ( 0.6974999999999999000, 0.5580000000000000500, -0.2974999999999999900 ) ) ;
#3745 = VERTEX_POINT ( 'NONE', #2439 ) ;
#3746 = APPROVAL_ROLE ( '' ) ;
#3747 = ORIENTED_EDGE ( 'NONE', *, *, #4689, .T. ) ;
#3748 = VERTEX_POINT ( 'NONE', #1912 ) ;
#3749 = ADVANCED_FACE ( 'NONE', ( #7767 ), #3563, .T. ) ;
#3750 = CYLINDRICAL_SURFACE ( 'NONE', #8413, 0.009815670203788042300 ) ;
#3751 = ORIENTED_EDGE ( 'NONE', *, *, #8664, .F. ) ;
#3752 = EDGE_CURVE ( 'NONE', #2248, #4674, #1671, .T. ) ;
#3753 = EDGE_LOOP ( 'NONE', ( #2176, #2694, #2829, #2969 ) ) ;
#3754 = AXIS2_PLACEMENT_3D ( 'NONE', #7208, #2857, #7887 ) ;
#3755 = DIRECTION ( 'NONE',  ( 4.300628653246436600E-014, -9.125743083154458100E-014, -1.000000000000000000 ) ) ;
#3756 = DIRECTION ( 'NONE',  ( 1.000000000000000000, 1.105747997435532900E-013, -4.309164990006120800E-014 ) ) ;
#3757 = CARTESIAN_POINT ( 'NONE',  ( 0.2874999999999999800, 0.5999999999999999800, 0.0000000000000000000 ) ) ;
#3758 = DIRECTION ( 'NONE',  ( -1.000000000000000000, -3.530861605407645300E-014, 0.0000000000000000000 ) ) ;
#3759 = CIRCLE ( 'NONE', #7255, 0.009815670203796237100 ) ;
#3760 = ORIENTED_EDGE ( 'NONE', *, *, #3299, .T. ) ;
#3761 = VECTOR ( 'NONE', #1926, 39.37007874015748100 ) ;
#3762 = CARTESIAN_POINT ( 'NONE',  ( 0.5371370600051254000, 0.3780046191005195800, -0.01000000000000000000 ) ) ;
#3763 = ORIENTED_EDGE ( 'NONE', *, *, #2274, .F. ) ;
#3764 = AXIS2_PLACEMENT_3D ( 'NONE', #7587, #1612, #6030 ) ;
#3765 = VECTOR ( 'NONE', #3223, 39.37007874015748100 ) ;
#3766 = LINE ( 'NONE', #4995, #6909 ) ;
#3767 = EDGE_CURVE ( 'NONE', #8861, #7698, #1932, .T. ) ;
#3768 = CARTESIAN_POINT ( 'NONE',  ( 0.6374999999999998400, 0.3450000000000001400, -0.1480000000000000200 ) ) ;
#3769 = VECTOR ( 'NONE', #6085, 39.37007874015748100 ) ;
#3770 = EDGE_LOOP ( 'NONE', ( #4317, #978, #933, #4229 ) ) ;
#3771 = VERTEX_POINT ( 'NONE', #4039 ) ;
#3772 = CARTESIAN_POINT ( 'NONE',  ( 0.9974999999999999400, 0.2700000000000001800, -0.1480000000000000200 ) ) ;
#3773 = ORIENTED_EDGE ( 'NONE', *, *, #529, .T. ) ;
#3774 = FACE_OUTER_BOUND ( 'NONE', #7729, .T. ) ;
#3775 = ORIENTED_EDGE ( 'NONE', *, *, #1701, .T. ) ;
#3776 = APPROVAL_STATUS ( 'not_yet_approved' ) ;
#3777 = CIRCLE ( 'NONE', #7304, 0.03999999999999998000 ) ;
#3778 = DIRECTION ( 'NONE',  ( 0.0000000000000000000, 0.0000000000000000000, 1.000000000000000000 ) ) ;
#3779 = ORIENTED_EDGE ( 'NONE', *, *, #8137, .F. ) ;
#3780 = EDGE_CURVE ( 'NONE', #6408, #838, #9038, .T. ) ;
#3781 = PRODUCT_DEFINITION_SHAPE ( 'NONE', 'NONE',  #9381 ) ;
#3782 = VECTOR ( 'NONE', #564, 39.37007874015748100 ) ;
#3783 = CARTESIAN_POINT ( 'NONE',  ( 0.8021601555077879600, 0.2366589681657876300, -0.01000000000000000000 ) ) ;
#3784 = VECTOR ( 'NONE', #2879, 39.37007874015748100 ) ;
#3785 = DIRECTION ( 'NONE',  ( -0.0000000000000000000, -0.0000000000000000000, 1.000000000000000000 ) ) ;
#3786 = LINE ( 'NONE', #1017, #3560 ) ;
#3787 = ORIENTED_EDGE ( 'NONE', *, *, #5494, .T. ) ;
#3788 = PLANE ( 'NONE',  #824 ) ;
#3789 = VERTEX_POINT ( 'NONE', #3512 ) ;
#3790 = DIRECTION ( 'NONE',  ( -3.530861605407645300E-014, 1.000000000000000000, 0.0000000000000000000 ) ) ;
#3791 = CIRCLE ( 'NONE', #4619, 0.006000000000000086000 ) ;
#3792 = AXIS2_PLACEMENT_3D ( 'NONE', #7080, #2692, #7760 ) ;
#3793 = ORIENTED_EDGE ( 'NONE', *, *, #5444, .F. ) ;
#3794 = CARTESIAN_POINT ( 'NONE',  ( 0.5802132034363435300, 0.03750000000003502600, 0.01249999999982564400 ) ) ;
#3795 = VECTOR ( 'NONE', #4774, 39.37007874015748100 ) ;
#3796 = VECTOR ( 'NONE', #4507, 39.37007874015748100 ) ;
#3797 = EDGE_CURVE ( 'NONE', #3677, #2777, #7126, .T. ) ;
#3798 = CARTESIAN_POINT ( 'NONE',  ( 0.5575045756779977200, 0.2337142671046477700, -0.01000000000000000000 ) ) ;
#3799 = ORIENTED_EDGE ( 'NONE', *, *, #2114, .F. ) ;
#3800 = CONTEXT_DEPENDENT_SHAPE_REPRESENTATION ( #1278, #5250 ) ;
#3801 = APPROVAL_PERSON_ORGANIZATION ( #5755, #7668, #8629 ) ;
#3802 = DIRECTION ( 'NONE',  ( -0.0000000000000000000, 1.000000000000000000, -0.0000000000000000000 ) ) ;
#3803 = ORIENTED_EDGE ( 'NONE', *, *, #8812, .F. ) ;
#3804 = VECTOR ( 'NONE', #2741, 39.37007874015748100 ) ;
#3805 = VECTOR ( 'NONE', #6011, 39.37007874015748100 ) ;
#3806 = DIRECTION ( 'NONE',  ( 1.000000000000000000, 0.0000000000000000000, -0.0000000000000000000 ) ) ;
#3807 = EDGE_CURVE ( 'NONE', #3487, #6895, #8829, .T. ) ;
#3808 = EDGE_LOOP ( 'NONE', ( #2178, #7164, #2476, #216 ) ) ;
#3809 = SECURITY_CLASSIFICATION_LEVEL ( 'unclassified' ) ;
#3810 = CC_DESIGN_SECURITY_CLASSIFICATION ( #3318, ( #9381 ) ) ;
#3811 = EDGE_LOOP ( 'NONE', ( #7362, #7860, #7779, #7774 ) ) ;
#3812 = VECTOR ( 'NONE', #1426, 39.37007874015748100 ) ;
#3813 = LINE ( 'NONE', #8174, #7384 ) ;
#3814 = CARTESIAN_POINT ( 'NONE',  ( 0.4463421106199185200, 0.2268432979619847700, -0.01000000000000000000 ) ) ;
#3815 = ORIENTED_EDGE ( 'NONE', *, *, #251, .F. ) ;
#3816 = CARTESIAN_POINT ( 'NONE',  ( 0.5374999999999999800, 0.2699999999999999100, -0.2210000000000000900 ) ) ;
#3817 = ORIENTED_EDGE ( 'NONE', *, *, #8071, .F. ) ;
#3818 = CARTESIAN_POINT ( 'NONE',  ( 0.7660875675088116800, 0.3826670498449319900, -0.01000000000000000000 ) ) ;
#3819 = CARTESIAN_POINT ( 'NONE',  ( 0.6374999999999998400, 0.05000000000000000300, -0.1499999999999999900 ) ) ;
#3820 = ORIENTED_EDGE ( 'NONE', *, *, #4653, .F. ) ;
#3821 = LOCAL_TIME ( 8, 51, 22.00000000000000000, #5779 ) ;
#3822 = VERTEX_POINT ( 'NONE', #2850 ) ;
#3823 = DIRECTION ( 'NONE',  ( 0.0000000000000000000, 0.0000000000000000000, -1.000000000000000000 ) ) ;
#3824 = VERTEX_POINT ( 'NONE', #3462 ) ;
#3825 = EDGE_LOOP ( 'NONE', ( #3815, #3403, #7294, #7417 ) ) ;
#3826 = DIRECTION ( 'NONE',  ( -1.000000000000000000, -0.0000000000000000000, -0.0000000000000000000 ) ) ;
#3827 = ORIENTED_EDGE ( 'NONE', *, *, #6562, .T. ) ;
#3828 = DIRECTION ( 'NONE',  ( -0.0000000000000000000, -1.352399996863497200E-015, -1.000000000000000000 ) ) ;
#3829 = PERSON ( 'NAUO-PER6', 'UNSPECIFIED', 'UNSPECIFIED', ('UNSPECIFIED'), ('UNSPECIFIED'), ('UNSPECIFIED') ) ;
#3830 = AXIS2_PLACEMENT_3D ( 'NONE', #889, #3166, #3128 ) ;
#3831 = DIRECTION ( 'NONE',  ( 0.0000000000000000000, 0.0000000000000000000, 1.000000000000000000 ) ) ;
#3832 = DIRECTION ( 'NONE',  ( -0.0000000000000000000, 0.0000000000000000000, -1.000000000000000000 ) ) ;
#3833 = ORIENTED_EDGE ( 'NONE', *, *, #6721, .T. ) ;
#3834 = EDGE_CURVE ( 'NONE', #4156, #8069, #1181, .T. ) ;
#3835 = ORIENTED_EDGE ( 'NONE', *, *, #1182, .T. ) ;
#3836 =( BOUNDED_CURVE ( )  B_SPLINE_CURVE ( 3, ( #2549, #1734, #1770, #7629 ),
 .UNSPECIFIED., .F., .T. ) 
 B_SPLINE_CURVE_WITH_KNOTS ( ( 4, 4 ),
 ( 1.570796326791027900, 1.589665370995093000 ),
 .UNSPECIFIED. ) 
 CURVE ( )  GEOMETRIC_REPRESENTATION_ITEM ( )  RATIONAL_B_SPLINE_CURVE ( ( 1.000000000000000000, 0.9999703301509796900, 0.9999703301509796900, 1.000000000000000000 ) ) 
 REPRESENTATION_ITEM ( '' )  );
#3837 = VERTEX_POINT ( 'NONE', #849 ) ;
#3838 =( REPRESENTATION_RELATIONSHIP ('NONE','NONE', #1285, #7662 ) REPRESENTATION_RELATIONSHIP_WITH_TRANSFORMATION ( #1346 )SHAPE_REPRESENTATION_RELATIONSHIP( ) );
#3839 = DIRECTION ( 'NONE',  ( 0.0000000000000000000, -1.000000000000000000, -5.691349986800549600E-017 ) ) ;
#3840 = VECTOR ( 'NONE', #6052, 39.37007874015748100 ) ;
#3841 = VERTEX_POINT ( 'NONE', #833 ) ;
#3842 = CARTESIAN_POINT ( 'NONE',  ( 0.4463421106199185200, 0.2268432979619847700, -0.01000000000000000000 ) ) ;
#3843 = ORIENTED_EDGE ( 'NONE', *, *, #7364, .F. ) ;
#3844 = AXIS2_PLACEMENT_3D ( 'NONE', #5511, #985, #6278 ) ;
#3845 = CARTESIAN_POINT ( 'NONE',  ( 0.2874999999999999800, 0.0000000000000000000, -0.3700000000000001600 ) ) ;
#3846 = ORIENTED_EDGE ( 'NONE', *, *, #3922, .T. ) ;
#3847 = CIRCLE ( 'NONE', #1763, 0.03999999999999998000 ) ;
#3848 = ORIENTED_EDGE ( 'NONE', *, *, #5125, .T. ) ;
#3849 = CARTESIAN_POINT ( 'NONE',  ( 0.4365264404161153800, 0.2366589681657897700, -0.01000000000000000000 ) ) ;
#3850 = EDGE_CURVE ( 'NONE', #3726, #8783, #3294, .T. ) ;
#3851 = CARTESIAN_POINT ( 'NONE',  ( 0.4374999999999998900, 0.2700000000000001800, -0.1480000000000000800 ) ) ;
#3852 = EDGE_CURVE ( 'NONE', #2161, #5685, #1434, .T. ) ;
#3853 = CARTESIAN_POINT ( 'NONE',  ( 0.3674999999999998300, 0.2699999999999999100, -0.1490000000000000800 ) ) ;
#3854 = DIRECTION ( 'NONE',  ( 0.0000000000000000000, 4.553079989440425900E-016, -1.000000000000000000 ) ) ;
#3855 = ORIENTED_EDGE ( 'NONE', *, *, #3187, .T. ) ;
#3856 = CARTESIAN_POINT ( 'NONE',  ( 0.6374999999999998400, 0.2699999999999999100, -0.2210000000000000900 ) ) ;
#3857 = LINE ( 'NONE', #3107, #9323 ) ;
#3858 = EDGE_LOOP ( 'NONE', ( #9322, #7108, #2048, #4775, #7521, #2627, #4546, #1083 ) ) ;
#3859 = PLANE ( 'NONE',  #8850 ) ;
#3860 = SECURITY_CLASSIFICATION ( '', '', #625 ) ;
#3861 = EDGE_CURVE ( 'NONE', #1636, #99, #6903, .T. ) ;
#3862 = DIRECTION ( 'NONE',  ( 0.0000000000000000000, 1.000000000000000000, 0.0000000000000000000 ) ) ;
#3863 = CARTESIAN_POINT ( 'NONE',  ( 0.4974999999999998900, 0.2699999999999999100, -0.2210000000000000900 ) ) ;
#3864 = CARTESIAN_POINT ( 'NONE',  ( 0.5871969780444987700, 0.2474562053899773100, 0.0000000000000000000 ) ) ;
#3865 = VECTOR ( 'NONE', #4521, 39.37007874015748900 ) ;
#3866 = VERTEX_POINT ( 'NONE', #1492 ) ;
#3867 = ORIENTED_EDGE ( 'NONE', *, *, #569, .F. ) ;
#3868 = LINE ( 'NONE', #1250, #9137 ) ;
#3869 = ORIENTED_EDGE ( 'NONE', *, *, #3354, .T. ) ;
#3870 = DIRECTION ( 'NONE',  ( 1.000000000000000000, 0.0000000000000000000, 0.0000000000000000000 ) ) ;
#3871 = ORIENTED_EDGE ( 'NONE', *, *, #8754, .T. ) ;
#3872 = LINE ( 'NONE', #5500, #7227 ) ;
#3873 = EDGE_CURVE ( 'NONE', #1519, #2605, #8455, .T. ) ;
#3874 = CARTESIAN_POINT ( 'NONE',  ( 0.4365264404161153800, 0.2366589681657897700, -0.01000000000000000000 ) ) ;
#3875 = VECTOR ( 'NONE', #5034, 39.37007874015748100 ) ;
#3876 = ORIENTED_EDGE ( 'NONE', *, *, #4045, .T. ) ;
#3877 = LINE ( 'NONE', #2988, #7654 ) ;
#3878 = AXIS2_PLACEMENT_3D ( 'NONE', #14, #3862, #3831 ) ;
#3879 = DIRECTION ( 'NONE',  ( -0.0000000000000000000, -0.0000000000000000000, 1.000000000000000000 ) ) ;
#3880 = PLANE ( 'NONE',  #6603 ) ;
#3881 = PLANE ( 'NONE',  #7300 ) ;
#3882 = ORIENTED_EDGE ( 'NONE', *, *, #189, .F. ) ;
#3883 = CARTESIAN_POINT ( 'NONE',  ( 0.1463617889319890600, 0.05949743273152768200, -0.001646330359629561700 ) ) ;
#3884 = ADVANCED_FACE ( 'NONE', ( #680 ), #4558, .F. ) ;
#3885 = CARTESIAN_POINT ( 'NONE',  ( 0.1478113162177331900, 0.08117688916756331300, -0.006000000000941686100 ) ) ;
#3887 = ADVANCED_FACE ( 'NONE', ( #4787 ), #7113, .F. ) ;
#3886 = VECTOR ( 'NONE', #3019, 39.37007874015748100 ) ;
#3888 = FACE_BOUND ( 'NONE', #3131, .T. ) ;
#3889 = PLANE ( 'NONE',  #5686 ) ;
#3890 = LINE ( 'NONE', #5631, #7451 ) ;
#3891 = CARTESIAN_POINT ( 'NONE',  ( -2.860952991549829300E-014, 0.2405852362472445400, -0.01000000000000000000 ) ) ;
#3892 = AXIS2_PLACEMENT_3D ( 'NONE', #8114, #7486, #5452 ) ;
#3893 = DIRECTION ( 'NONE',  ( -1.000000000000000000, -5.366129987554798000E-014, 4.312552698331602600E-014 ) ) ;
#3894 = EDGE_CURVE ( 'NONE', #111, #2816, #2534, .T. ) ;
#3895 = LINE ( 'NONE', #310, #8747 ) ;
#3896 = VECTOR ( 'NONE', #5891, 39.37007874015748100 ) ;
#3897 = CARTESIAN_POINT ( 'NONE',  ( 0.4974999999999998900, 0.2699999999999999100, -0.1490000000000000800 ) ) ;
#3898 = AXIS2_PLACEMENT_3D ( 'NONE', #3573, #3790, #3758 ) ;
#3899 = CIRCLE ( 'NONE', #6099, 0.009815670203796374200 ) ;
#3900 = CARTESIAN_POINT ( 'NONE',  ( 0.7374999999999998200, 0.05000000000000000300, -0.1499999999999999900 ) ) ;
#3901 = CARTESIAN_POINT ( 'NONE',  ( 0.5974999999999999200, 0.3450000000000002000, -0.09750000000000003100 ) ) ;
#3902 = VERTEX_POINT ( 'NONE', #640 ) ;
#3903 = VECTOR ( 'NONE', #1253, 39.37007874015748100 ) ;
#3904 = AXIS2_PLACEMENT_3D ( 'NONE', #1513, #2202, #8421 ) ;
#3905 = FACE_OUTER_BOUND ( 'NONE', #2524, .T. ) ;
#3906 = LINE ( 'NONE', #8852, #9166 ) ;
#3907 = EDGE_CURVE ( 'NONE', #5689, #373, #8055, .T. ) ;
#3908 = ORIENTED_EDGE ( 'NONE', *, *, #5645, .F. ) ;
#3909 = ORIENTED_EDGE ( 'NONE', *, *, #7424, .T. ) ;
#3910 = DIRECTION ( 'NONE',  ( 1.000000000000000000, -0.0000000000000000000, -0.0000000000000000000 ) ) ;
#3911 = DATE_AND_TIME ( #5860, #7690 ) ;
#3912 = CALENDAR_DATE ( 2019, 15, 10 ) ;
#3913 = LINE ( 'NONE', #8689, #4144 ) ;
#3914 = VECTOR ( 'NONE', #1082, 39.37007874015748100 ) ;
#3915 = DIRECTION ( 'NONE',  ( 0.0000000000000000000, -1.000000000000000000, -1.979599995408886100E-016 ) ) ;
#3916 = DIRECTION ( 'NONE',  ( 0.0000000000000000000, 1.000000000000000000, 4.553079989440425900E-016 ) ) ;
#3917 = PRODUCT_DEFINITION ( 'UNKNOWN', '', #6350, #2383 ) ;
#3918 = ORIENTED_EDGE ( 'NONE', *, *, #9042, .T. ) ;
#3919 = ORIENTED_EDGE ( 'NONE', *, *, #7228, .F. ) ;
#3920 = VERTEX_POINT ( 'NONE', #4261 ) ;
#3921 = VECTOR ( 'NONE', #9183, 39.37007874015748100 ) ;
#3922 = EDGE_CURVE ( 'NONE', #608, #4539, #6264, .T. ) ;
#3923 = DIRECTION ( 'NONE',  ( -1.000000000000000000, -0.0000000000000000000, -0.0000000000000000000 ) ) ;
#3924 = FACE_OUTER_BOUND ( 'NONE', #2747, .T. ) ;
#3925 = DIRECTION ( 'NONE',  ( 0.0000000000000000000, 4.553079989440425900E-016, -1.000000000000000000 ) ) ;
#3926 = CARTESIAN_POINT ( 'NONE',  ( 0.5974999999999999200, 0.3450000000000001400, -0.2220000000000000600 ) ) ;
#3927 = ORIENTED_EDGE ( 'NONE', *, *, #7933, .T. ) ;
#3928 = ORIENTED_EDGE ( 'NONE', *, *, #3437, .T. ) ;
#3929 = VECTOR ( 'NONE', #6648, 39.37007874015748100 ) ;
#3930 = ADVANCED_FACE ( 'NONE', ( #2292 ), #885, .F. ) ;
#3931 = DIRECTION ( 'NONE',  ( -1.106190048102565800E-013, -1.000000000000000000, 9.125743083151719200E-014 ) ) ;
#3932 = EDGE_LOOP ( 'NONE', ( #5174, #2331, #4122, #5064 ) ) ;
#3933 = CARTESIAN_POINT ( 'NONE',  ( 0.4374999999999998900, 0.3450000000000002000, -0.2725000000000000200 ) ) ;
#3934 = EDGE_CURVE ( 'NONE', #667, #8432, #180, .T. ) ;
#3935 = DIRECTION ( 'NONE',  ( -0.0000000000000000000, -0.0000000000000000000, 1.000000000000000000 ) ) ;
#3936 = VERTEX_POINT ( 'NONE', #905 ) ;
#3937 = AXIS2_PLACEMENT_3D ( 'NONE', #9295, #8051, #3832 ) ;
#3938 = VERTEX_POINT ( 'NONE', #918 ) ;
#3939 = ORIENTED_EDGE ( 'NONE', *, *, #1977, .F. ) ;
#3940 = CARTESIAN_POINT ( 'NONE',  ( 0.5506336065353354400, 0.2337142671046477700, -0.01000000000000000000 ) ) ;
#3941 = CARTESIAN_POINT ( 'NONE',  ( 0.3674999999999998300, 0.2699999999999999100, -0.1490000000000000800 ) ) ;
#3942 = CARTESIAN_POINT ( 'NONE',  ( 0.9374999999999998900, 0.2699999999999999100, -0.2220000000000000600 ) ) ;
#3943 = PERSON_AND_ORGANIZATION ( #6536, #5561 ) ;
#3944 = EDGE_LOOP ( 'NONE', ( #6884, #8239, #1015, #8799 ) ) ;
#3945 = CARTESIAN_POINT ( 'NONE',  ( 0.5374999999999999800, 0.05000000000000000300, -0.1499999999999999900 ) ) ;
#3946 = AXIS2_PLACEMENT_3D ( 'NONE', #2586, #2928, #8698 ) ;
#3947 = DIRECTION ( 'NONE',  ( -0.0000000000000000000, 0.0000000000000000000, 1.000000000000000000 ) ) ;
#3948 = ORIENTED_EDGE ( 'NONE', *, *, #5815, .T. ) ;
#3949 = PLANE ( 'NONE',  #15 ) ;
#3950 = EDGE_CURVE ( 'NONE', #7943, #7501, #6041, .T. ) ;
#3951 = SHAPE_DEFINITION_REPRESENTATION ( #7640, #1285 ) ;
#3952 = ORIENTED_EDGE ( 'NONE', *, *, #5646, .F. ) ;
#3953 = DIRECTION ( 'NONE',  ( -1.000000000000000000, -0.0000000000000000000, 0.0000000000000000000 ) ) ;
#3954 = ORIENTED_EDGE ( 'NONE', *, *, #6390, .F. ) ;
#3955 = DIRECTION ( 'NONE',  ( -0.0000000000000000000, -0.0000000000000000000, 1.000000000000000000 ) ) ;
#3956 = ADVANCED_FACE ( 'NONE', ( #8258 ), #1151, .T. ) ;
#3957 = ORIENTED_EDGE ( 'NONE', *, *, #5403, .T. ) ;
#3958 = CARTESIAN_POINT ( 'NONE',  ( 0.3361881571568977600, 0.04400000000001326500, 1.737455323970471400E-013 ) ) ;
#3959 = ORIENTED_EDGE ( 'NONE', *, *, #5994, .F. ) ;
#3960 = DIRECTION ( 'NONE',  ( 1.000000000000000000, 0.0000000000000000000, 0.0000000000000000000 ) ) ;
#3961 = CIRCLE ( 'NONE', #1551, 0.06350000000011289700 ) ;
#3962 = ORIENTED_EDGE ( 'NONE', *, *, #8415, .T. ) ;
#3963 = DIRECTION ( 'NONE',  ( 1.000000000000000000, 1.107505943377398600E-013, -4.314658571074449100E-014 ) ) ;
#3964 = EDGE_CURVE ( 'NONE', #9245, #1323, #7862, .T. ) ;
#3965 = CARTESIAN_POINT ( 'NONE',  ( 0.3361881571575939800, 0.01250000000001155400, 0.02499999999979470700 ) ) ;
#3966 = DIRECTION ( 'NONE',  ( 0.0000000000000000000, 1.000000000000000000, 4.553079989440425900E-016 ) ) ;
#3967 = ADVANCED_FACE ( 'NONE', ( #9329 ), #1044, .F. ) ;
#3968 = VERTEX_POINT ( 'NONE', #4165 ) ;
#3969 = VECTOR ( 'NONE', #4698, 39.37007874015748100 ) ;
#3970 = VERTEX_POINT ( 'NONE', #1075 ) ;
#3971 = CARTESIAN_POINT ( 'NONE',  ( 0.3674999999999998300, 0.2699999999999999100, -0.1490000000000000800 ) ) ;
#3972 = DIRECTION ( 'NONE',  ( 0.0000000000000000000, -3.691686477924679400E-015, -1.000000000000000000 ) ) ;
#3973 =( GEOMETRIC_REPRESENTATION_CONTEXT ( 3 ) GLOBAL_UNCERTAINTY_ASSIGNED_CONTEXT ( ( #1266 ) ) GLOBAL_UNIT_ASSIGNED_CONTEXT ( ( #8882, #4807, #166 ) ) REPRESENTATION_CONTEXT ( 'NONE', 'WORKASPACE' ) );
#3974 = DIRECTION ( 'NONE',  ( -4.313434190716670600E-014, 9.125743083152196300E-014, 1.000000000000000000 ) ) ;
#3975 = EDGE_LOOP ( 'NONE', ( #6704, #7349, #7290, #7281 ) ) ;
#3976 = CARTESIAN_POINT ( 'NONE',  ( -0.0000000000000000000, 0.4094147637527243400, 0.0000000000000000000 ) ) ;
#3977 = VERTEX_POINT ( 'NONE', #1093 ) ;
#3978 = EDGE_CURVE ( 'NONE', #1512, #6427, #2044, .T. ) ;
#3979 = EDGE_CURVE ( 'NONE', #3120, #3104, #3868, .T. ) ;
#3980 = DIRECTION ( 'NONE',  ( 1.000000000000000000, 0.0000000000000000000, 0.0000000000000000000 ) ) ;
#3981 = FACE_OUTER_BOUND ( 'NONE', #2333, .T. ) ;
#3982 = ORIENTED_EDGE ( 'NONE', *, *, #8006, .T. ) ;
#3983 = ORIENTED_EDGE ( 'NONE', *, *, #9350, .F. ) ;
#3984 = DIRECTION ( 'NONE',  ( 0.0000000000000000000, 1.352399996863497400E-015, -1.000000000000000000 ) ) ;
#3985 = VECTOR ( 'NONE', #4679, 39.37007874015748100 ) ;
#3986 = CARTESIAN_POINT ( 'NONE',  ( 0.7923444853039846000, 0.0000000000000000000, 0.0000000000000000000 ) ) ;
#3987 = CARTESIAN_POINT ( 'NONE',  ( 0.5371370600050839900, 0.3181290308573566100, -0.01000000000000000000 ) ) ;
#3988 = LINE ( 'NONE', #5242, #9234 ) ;
#3989 = EDGE_LOOP ( 'NONE', ( #1366, #2782, #3707, #4015 ) ) ;
#3990 = VECTOR ( 'NONE', #4624, 39.37007874015748100 ) ;
#3991 = EDGE_CURVE ( 'NONE', #99, #4496, #5822, .T. ) ;
#3992 = CARTESIAN_POINT ( 'NONE',  ( 0.5374999999999999800, 0.2699999999999999100, -0.2210000000000000900 ) ) ;
#3993 = EDGE_CURVE ( 'NONE', #9264, #3731, #5598, .T. ) ;
#3994 = FACE_OUTER_BOUND ( 'NONE', #1263, .T. ) ;
#3995 = ADVANCED_FACE ( 'NONE', ( #7224 ), #3949, .F. ) ;
#3996 = CYLINDRICAL_SURFACE ( 'NONE', #2538, 0.03200000000000033400 ) ;
#3997 = ORIENTED_EDGE ( 'NONE', *, *, #4652, .T. ) ;
#3998 = LINE ( 'NONE', #5672, #1939 ) ;
#3999 = CARTESIAN_POINT ( 'NONE',  ( 0.6083006689826779800, 0.4094147637527243400, -0.01000000000000000000 ) ) ;
#4000 = VERTEX_POINT ( 'NONE', #13 ) ;
#4001 = VECTOR ( 'NONE', #2584, 39.37007874015748100 ) ;
#4002 = CARTESIAN_POINT ( 'NONE',  ( 0.2068417218041459800, 0.1108502649550097700, -0.02500000000070905900 ) ) ;
#4003 = VERTEX_POINT ( 'NONE', #9024 ) ;
#4004 = LINE ( 'NONE', #7539, #1698 ) ;
#4005 = DIRECTION ( 'NONE',  ( 0.0000000000000000000, 1.000000000000000000, 1.707404996040164500E-016 ) ) ;
#4006 = CARTESIAN_POINT ( 'NONE',  ( 0.5374999999999999800, 0.3450000000000001400, -0.2220000000000000600 ) ) ;
#4007 = DIRECTION ( 'NONE',  ( -0.0000000000000000000, -0.0000000000000000000, 1.000000000000000000 ) ) ;
#4008 = VECTOR ( 'NONE', #668, 39.37007874015748100 ) ;
#4009 = LINE ( 'NONE', #704, #1707 ) ;
#4010 = VECTOR ( 'NONE', #8373, 39.37007874015748100 ) ;
#4011 = CARTESIAN_POINT ( 'NONE',  ( 0.6083006689826717700, 0.3780046191005523900, -0.01000000000000000000 ) ) ;
#4012 = AXIS2_PLACEMENT_3D ( 'NONE', #888, #2400, #2172 ) ;
#4013 = DIRECTION ( 'NONE',  ( 1.000000000000000000, 0.0000000000000000000, 0.0000000000000000000 ) ) ;
#4014 = DIRECTION ( 'NONE',  ( 4.313434190716670600E-014, -9.125743083152196300E-014, -1.000000000000000000 ) ) ;
#4015 = ORIENTED_EDGE ( 'NONE', *, *, #4517, .T. ) ;
#4016 = PERSON_AND_ORGANIZATION ( #3829, #5965 ) ;
#4017 = EDGE_CURVE ( 'NONE', #1291, #2244, #3644, .T. ) ;
#4018 = CARTESIAN_POINT ( 'NONE',  ( 0.8374999999999999100, 0.2699999999999999100, -0.2220000000000000600 ) ) ;
#4019 = DIRECTION ( 'NONE',  ( 0.0000000000000000000, -3.691686477924679400E-015, -1.000000000000000000 ) ) ;
#4020 = VECTOR ( 'NONE', #6285, 39.37007874015748100 ) ;
#4021 = CIRCLE ( 'NONE', #7122, 0.006870969142663527000 ) ;
#4022 = CARTESIAN_POINT ( 'NONE',  ( 0.4374999999999998900, 0.3450000000000001400, -0.1480000000000000200 ) ) ;
#4023 = ORIENTED_EDGE ( 'NONE', *, *, #5930, .F. ) ;
#4024 = DATE_AND_TIME ( #5973, #7799 ) ;
#4025 = AXIS2_PLACEMENT_3D ( 'NONE', #882, #3340, #1188 ) ;
#4026 = CALENDAR_DATE ( 2019, 15, 10 ) ;
#4027 = FACE_OUTER_BOUND ( 'NONE', #1736, .T. ) ;
#4028 = LINE ( 'NONE', #4514, #9277 ) ;
#4029 = EDGE_CURVE ( 'NONE', #6973, #3731, #5370, .T. ) ;
#4030 = EDGE_CURVE ( 'NONE', #4408, #5910, #1805, .T. ) ;
#4031 = CARTESIAN_POINT ( 'NONE',  ( 1.067500000000000100, 0.4749999999999999800, -0.3130000000000000600 ) ) ;
#4032 = DIRECTION ( 'NONE',  ( 1.000000000000000000, 0.0000000000000000000, 0.0000000000000000000 ) ) ;
#4033 = DIRECTION ( 'NONE',  ( 1.000000000000000000, 0.0000000000000000000, 0.0000000000000000000 ) ) ;
#4034 = ORIENTED_EDGE ( 'NONE', *, *, #6332, .T. ) ;
#4035 = CARTESIAN_POINT ( 'NONE',  ( 0.5371370600051254000, 0.4094147637527355600, -0.01000000000000000000 ) ) ;
#4036 = ORIENTED_EDGE ( 'NONE', *, *, #4981, .F. ) ;
#4037 = CIRCLE ( 'NONE', #8737, 0.009815670203788042300 ) ;
#4038 = FACE_OUTER_BOUND ( 'NONE', #9368, .T. ) ;
#4039 = CARTESIAN_POINT ( 'NONE',  ( 0.9547938271769670400, 0.3063502266127573500, -0.01000000000000000000 ) ) ;
#4040 = CC_DESIGN_PERSON_AND_ORGANIZATION_ASSIGNMENT ( #8976, #1348, ( #1439 ) ) ;
#4041 = ADVANCED_FACE ( 'NONE', ( #7009 ), #9256, .F. ) ;
#4042 = ORIENTED_EDGE ( 'NONE', *, *, #6032, .T. ) ;
#4043 = CARTESIAN_POINT ( 'NONE',  ( 0.3674999999999998300, 0.5600000000000002800, -0.1490000000000000800 ) ) ;
#4044 = ORIENTED_EDGE ( 'NONE', *, *, #8193, .F. ) ;
#4045 = EDGE_CURVE ( 'NONE', #7906, #2610, #1300, .T. ) ;
#4047 = ORIENTED_EDGE ( 'NONE', *, *, #1714, .F. ) ;
#4046 = DIRECTION ( 'NONE',  ( -1.000000000000000000, -0.0000000000000000000, -0.0000000000000000000 ) ) ;
#4048 = DIRECTION ( 'NONE',  ( -1.000000000000000000, -1.106190048104503000E-013, 4.313434190744403800E-014 ) ) ;
#4049 = ORIENTED_EDGE ( 'NONE', *, *, #6943, .T. ) ;
#4050 = DIRECTION ( 'NONE',  ( -1.000000000000000000, 0.0000000000000000000, 0.0000000000000000000 ) ) ;
#4051 = CARTESIAN_POINT ( 'NONE',  ( 0.5506336065353099100, 0.3250000000000201600, -0.01000000000000000000 ) ) ;
#4052 = CALENDAR_DATE ( 2019, 15, 10 ) ;
#4053 = ORIENTED_EDGE ( 'NONE', *, *, #9310, .T. ) ;
#4054 = DIRECTION ( 'NONE',  ( -1.000000000000000000, 0.0000000000000000000, -0.0000000000000000000 ) ) ;
#4055 = DIRECTION ( 'NONE',  ( 0.0000000000000000000, -1.871128762783745300E-015, 1.000000000000000000 ) ) ;
#4056 = DIRECTION ( 'NONE',  ( -4.313434190716670600E-014, 9.125743083152196300E-014, 1.000000000000000000 ) ) ;
#4057 = EDGE_CURVE ( 'NONE', #4298, #667, #8066, .T. ) ;
#4058 = EDGE_LOOP ( 'NONE', ( #414, #4219, #3048, #2414 ) ) ;
#4059 = CARTESIAN_POINT ( 'NONE',  ( 0.7974999999999998800, 0.05000000000000000300, -0.3700000000000000000 ) ) ;
#4060 = AXIS2_PLACEMENT_3D ( 'NONE', #9358, #5373, #770 ) ;
#4061 = DIRECTION ( 'NONE',  ( 0.0000000000000000000, -1.000000000000000000, 0.0000000000000000000 ) ) ;
#4062 = ORIENTED_EDGE ( 'NONE', *, *, #1292, .T. ) ;
#4063 = CARTESIAN_POINT ( 'NONE',  ( 0.8517292900370104800, 0.2268432979619844400, -0.01000000000000000000 ) ) ;
#4064 = CARTESIAN_POINT ( 'NONE',  ( 0.3361881571570967100, 0.02550000000000123700, -0.02500000000011651900 ) ) ;
#4065 = ORIENTED_EDGE ( 'NONE', *, *, #7793, .T. ) ;
#4066 = CIRCLE ( 'NONE', #300, 0.02625691779518036400 ) ;
#4067 = ORIENTED_EDGE ( 'NONE', *, *, #6680, .T. ) ;
#4068 =( LENGTH_UNIT ( ) NAMED_UNIT ( * ) SI_UNIT ( $, .METRE. ) );
#4069 = ADVANCED_FACE ( 'NONE', ( #8548 ), #3409, .F. ) ;
#4070 = AXIS2_PLACEMENT_3D ( 'NONE', #3686, #3699, #3893 ) ;
#4071 = DIRECTION ( 'NONE',  ( 0.0000000000000000000, 0.0000000000000000000, -1.000000000000000000 ) ) ;
#4072 = CARTESIAN_POINT ( 'NONE',  ( 0.4374999999999998900, 0.05000000000000000300, -0.3700000000000000000 ) ) ;
#4073 = EDGE_CURVE ( 'NONE', #2111, #4000, #4900, .T. ) ;
#4074 = ORIENTED_EDGE ( 'NONE', *, *, #3003, .F. ) ;
#4075 = ORIENTED_EDGE ( 'NONE', *, *, #3468, .T. ) ;
#4076 = CARTESIAN_POINT ( 'NONE',  ( 0.6374999999999998400, 0.3450000000000002000, -0.2725000000000000200 ) ) ;
#4077 = DIRECTION ( 'NONE',  ( -1.000000000000000000, -0.0000000000000000000, -0.0000000000000000000 ) ) ;
#4078 = ORIENTED_EDGE ( 'NONE', *, *, #2662, .F. ) ;
#4079 = VECTOR ( 'NONE', #4061, 39.37007874015748100 ) ;
#4080 = ORIENTED_EDGE ( 'NONE', *, *, #8026, .F. ) ;
#4081 = CARTESIAN_POINT ( 'NONE',  ( 0.6397108136348436100, 0.2719953808994843300, -0.01000000000000000000 ) ) ;
#4082 = ORIENTED_EDGE ( 'NONE', *, *, #8479, .T. ) ;
#4083 = AXIS2_PLACEMENT_3D ( 'NONE', #5142, #5087, #7527 ) ;
#4084 = ORIENTED_EDGE ( 'NONE', *, *, #7827, .T. ) ;
#4085 = DIRECTION ( 'NONE',  ( 1.000000000000000000, 0.0000000000000000000, 0.0000000000000000000 ) ) ;
#4086 = LINE ( 'NONE', #1249, #2038 ) ;
#4087 = ORIENTED_EDGE ( 'NONE', *, *, #1508, .T. ) ;
#4088 = EDGE_CURVE ( 'NONE', #1433, #5724, #3170, .T. ) ;
#4089 = ADVANCED_FACE ( 'NONE', ( #6577 ), #7051, .F. ) ;
#4090 = DIRECTION ( 'NONE',  ( 0.0000000000000000000, 0.0000000000000000000, -1.000000000000000000 ) ) ;
#4091 = CARTESIAN_POINT ( 'NONE',  ( 0.9547938271769774700, 0.3637718973050450000, 0.0000000000000000000 ) ) ;
#4092 = VERTEX_POINT ( 'NONE', #7081 ) ;
#4093 = PLANE ( 'NONE',  #7088 ) ;
#4094 = CYLINDRICAL_SURFACE ( 'NONE', #3221, 0.03141014465217447500 ) ;
#4095 = ORIENTED_EDGE ( 'NONE', *, *, #2005, .T. ) ;
#4096 = EDGE_LOOP ( 'NONE', ( #4683, #7016, #8272, #2092 ) ) ;
#4097 = VECTOR ( 'NONE', #4196, 39.37007874015748100 ) ;
#4098 = CC_DESIGN_SECURITY_CLASSIFICATION ( #1493, ( #8465 ) ) ;
#4099 = CARTESIAN_POINT ( 'NONE',  ( 0.7374999999999998200, 0.5999999999999999800, -0.2974999999999999900 ) ) ;
#4100 = CARTESIAN_POINT ( 'NONE',  ( 0.0000000000000000000, 0.0000000000000000000, 0.0000000000000000000 ) ) ;
#4101 = EDGE_CURVE ( 'NONE', #5158, #9110, #8361, .T. ) ;
#4102 = DIRECTION ( 'NONE',  ( 1.000000000000000000, 0.0000000000000000000, 0.0000000000000000000 ) ) ;
#4103 = CARTESIAN_POINT ( 'NONE',  ( 0.9374999999999998900, 0.3450000000000001400, -0.1479999999999999900 ) ) ;
#4104 = LINE ( 'NONE', #6877, #4345 ) ;
#4105 = DIRECTION ( 'NONE',  ( 0.0000000000000000000, 0.0000000000000000000, -1.000000000000000000 ) ) ;
#4106 = VECTOR ( 'NONE', #7477, 39.37007874015748100 ) ;
#4107 = DIRECTION ( 'NONE',  ( 0.0000000000000000000, -1.000000000000000000, 1.352399996863497400E-015 ) ) ;
#4108 = CIRCLE ( 'NONE', #5563, 0.009815670203788042300 ) ;
#4109 = CARTESIAN_POINT ( 'NONE',  ( 0.6974999999999999000, 0.2699999999999999100, -0.2210000000000000900 ) ) ;
#4110 = ORIENTED_EDGE ( 'NONE', *, *, #43, .F. ) ;
#4111 = DIRECTION ( 'NONE',  ( 0.0000000000000000000, 0.0000000000000000000, 1.000000000000000000 ) ) ;
#4112 = DIRECTION ( 'NONE',  ( -0.0000000000000000000, 0.0000000000000000000, -1.000000000000000000 ) ) ;
#4114 = DIRECTION ( 'NONE',  ( -4.313434190716670600E-014, 9.125743083152196300E-014, 1.000000000000000000 ) ) ;
#4113 = DIRECTION ( 'NONE',  ( 1.000000000000000000, 1.105747997435532900E-013, -4.313434190744412600E-014 ) ) ;
#4115 = FACE_OUTER_BOUND ( 'NONE', #7194, .T. ) ;
#4116 = EDGE_CURVE ( 'NONE', #4386, #3143, #2909, .T. ) ;
#4117 = DIRECTION ( 'NONE',  ( 0.0000000000000000000, -1.352399996863497400E-015, -1.000000000000000000 ) ) ;
#4118 = LINE ( 'NONE', #662, #7661 ) ;
#4119 = ORIENTED_EDGE ( 'NONE', *, *, #5951, .F. ) ;
#4120 = VECTOR ( 'NONE', #5489, 39.37007874015748100 ) ;
#4121 = DIRECTION ( 'NONE',  ( 0.0000000000000000000, -3.691686477924679400E-015, -1.000000000000000000 ) ) ;
#4122 = ORIENTED_EDGE ( 'NONE', *, *, #851, .F. ) ;
#4123 = CARTESIAN_POINT ( 'NONE',  ( 0.1478113162178204800, 0.08117688916753536300, 0.005999999999078975600 ) ) ;
#4124 = LINE ( 'NONE', #1889, #7453 ) ;
#4125 = VECTOR ( 'NONE', #3823, 39.37007874015748100 ) ;
#4126 = FACE_OUTER_BOUND ( 'NONE', #5780, .T. ) ;
#4127 = DIRECTION ( 'NONE',  ( 0.0000000000000000000, -5.691349986800549600E-017, 1.000000000000000000 ) ) ;
#4128 = AXIS2_PLACEMENT_3D ( 'NONE', #7509, #669, #7792 ) ;
#4129 = EDGE_LOOP ( 'NONE', ( #5952, #5762, #5730, #5671 ) ) ;
#4130 = DIRECTION ( 'NONE',  ( 0.0000000000000000000, -1.000000000000000000, -4.553079989440441700E-016 ) ) ;
#4131 = EDGE_CURVE ( 'NONE', #5689, #5926, #4666, .T. ) ;
#4132 = VECTOR ( 'NONE', #3113, 39.37007874015748100 ) ;
#4133 = CIRCLE ( 'NONE', #7398, 0.009815670203787221800 ) ;
#4134 = CARTESIAN_POINT ( 'NONE',  ( 0.8974999999999999600, 0.2699999999999999100, -0.2220000000000000600 ) ) ;
#4135 = DIRECTION ( 'NONE',  ( -1.000000000000000000, 7.695514003114026500E-012, 5.225410333486496900E-012 ) ) ;
#4136 = FACE_OUTER_BOUND ( 'NONE', #1211, .T. ) ;
#4137 = DIRECTION ( 'NONE',  ( -0.0000000000000000000, -0.0000000000000000000, 1.000000000000000000 ) ) ;
#4138 = DIRECTION ( 'NONE',  ( 0.0000000000000000000, -1.000000000000000000, -5.691349986800549600E-017 ) ) ;
#4139 = ORIENTED_EDGE ( 'NONE', *, *, #4517, .F. ) ;
#4140 = ADVANCED_FACE ( 'NONE', ( #563 ), #3889, .F. ) ;
#4141 = CARTESIAN_POINT ( 'NONE',  ( 0.7374999999999998200, 0.05000000000000014800, -0.07250000000000002300 ) ) ;
#4142 = ORIENTED_EDGE ( 'NONE', *, *, #5430, .F. ) ;
#4143 = ITEM_DEFINED_TRANSFORMATION ( 'NONE', 'NONE', #1693,  #2951 ) ;
#4144 = VECTOR ( 'NONE', #5157, 39.37007874015748100 ) ;
#4145 = AXIS2_PLACEMENT_3D ( 'NONE', #7647, #4090, #1173 ) ;
#4146 = LINE ( 'NONE', #8224, #2097 ) ;
#4147 = DIRECTION ( 'NONE',  ( 0.0000000000000000000, 0.0000000000000000000, 1.000000000000000000 ) ) ;
#4148 = EDGE_CURVE ( 'NONE', #5574, #373, #2412, .T. ) ;
#4149 = CARTESIAN_POINT ( 'NONE',  ( 0.8374999999999999100, 0.2700000000000001800, -0.1480000000000000200 ) ) ;
#4150 = VERTEX_POINT ( 'NONE', #4555 ) ;
#4151 = DIRECTION ( 'NONE',  ( -0.9169493006160738300, 0.2821382463437879800, 0.2821382463434278800 ) ) ;
#4152 = FACE_OUTER_BOUND ( 'NONE', #6766, .T. ) ;
#4153 = CARTESIAN_POINT ( 'NONE',  ( 0.5057269153529095900, 0.3632811137948581700, -0.01000000000000000000 ) ) ;
#4154 = FACE_OUTER_BOUND ( 'NONE', #2118, .T. ) ;
#4155 = DIRECTION ( 'NONE',  ( -0.0000000000000000000, -1.000000000000000000, -0.0000000000000000000 ) ) ;
#4156 = VERTEX_POINT ( 'NONE', #4810 ) ;
#4157 = DIRECTION ( 'NONE',  ( -0.0000000000000000000, -0.0000000000000000000, 1.000000000000000000 ) ) ;
#4158 = PLANE ( 'NONE',  #4145 ) ;
#4159 = ADVANCED_FACE ( 'NONE', ( #4216 ), #2167, .T. ) ;
#4160 = DIRECTION ( 'NONE',  ( -0.0000000000000000000, -1.000000000000000000, -0.0000000000000000000 ) ) ;
#4161 = AXIS2_PLACEMENT_3D ( 'NONE', #4402, #9167, #5160 ) ;
#4162 = VERTEX_POINT ( 'NONE', #4063 ) ;
#4163 = ADVANCED_FACE ( 'NONE', ( #55 ), #4093, .F. ) ;
#4164 = CARTESIAN_POINT ( 'NONE',  ( 0.7374999999999998200, 0.3450000000000001400, -0.1479999999999999900 ) ) ;
#4165 = CARTESIAN_POINT ( 'NONE',  ( 0.4463421106199380000, 0.4231567020380325200, 0.0000000000000000000 ) ) ;
#4166 = EDGE_CURVE ( 'NONE', #4213, #8414, #8155, .T. ) ;
#4167 = CIRCLE ( 'NONE', #4128, 0.006870969142663527000 ) ;
#4168 = EDGE_CURVE ( 'NONE', #8793, #8529, #6150, .T. ) ;
#4169 = CARTESIAN_POINT ( 'NONE',  ( 0.7974999999999998800, 0.5180000000000000200, -0.1089999999999998600 ) ) ;
#4170 = VERTEX_POINT ( 'NONE', #6176 ) ;
#4171 = CARTESIAN_POINT ( 'NONE',  ( 0.7374999999999998200, 0.3450000000000001400, -0.2220000000000000000 ) ) ;
#4172 = EDGE_LOOP ( 'NONE', ( #3446, #5871, #7637, #8409 ) ) ;
#4173 = VERTEX_POINT ( 'NONE', #3429 ) ;
#4174 = DIRECTION ( 'NONE',  ( 7.695808612430578300E-012, -1.000000000000000000, -9.453018302633165800E-013 ) ) ;
#4175 = DIRECTION ( 'NONE',  ( -1.000000000000000000, -1.106190048104503000E-013, 4.313434190744403800E-014 ) ) ;
#4176 = ADVANCED_FACE ( 'NONE', ( #7757 ), #5964, .F. ) ;
#4177 = ORIENTED_EDGE ( 'NONE', *, *, #4208, .T. ) ;
#4178 = COORDINATED_UNIVERSAL_TIME_OFFSET ( 5, 0, .BEHIND. ) ;
#4179 = ORIENTED_EDGE ( 'NONE', *, *, #2019, .T. ) ;
#4180 = EDGE_CURVE ( 'NONE', #1791, #2199, #308, .T. ) ;
#4181 = CARTESIAN_POINT ( 'NONE',  ( 0.5802132034361935400, 0.01250000000001648800, -0.01250000000071021600 ) ) ;
#4182 = CARTESIAN_POINT ( 'NONE',  ( 0.3924999999999996800, 0.05000000000000000300, -0.2200000000000000000 ) ) ;
#4183 = CARTESIAN_POINT ( 'NONE',  ( 0.4374999999999998900, 0.3450000000000001400, -0.2220000000000000600 ) ) ;
#4184 = DIRECTION ( 'NONE',  ( -0.0000000000000000000, -0.0000000000000000000, 1.000000000000000000 ) ) ;
#4185 = ORIENTED_EDGE ( 'NONE', *, *, #173, .F. ) ;
#4186 = CARTESIAN_POINT ( 'NONE',  ( 0.7974999999999998800, 0.2699999999999999100, -0.2210000000000000900 ) ) ;
#4187 = CARTESIAN_POINT ( 'NONE',  ( 0.4374999999999998900, 0.5580000000000000500, -0.2974999999999999900 ) ) ;
#4188 = ORIENTED_EDGE ( 'NONE', *, *, #1580, .F. ) ;
#4189 = CARTESIAN_POINT ( 'NONE',  ( 0.6974999999999999000, 0.05000000000000000300, -0.09750000000000003100 ) ) ;
#4190 = EDGE_CURVE ( 'NONE', #9352, #6934, #9229, .T. ) ;
#4191 = ADVANCED_FACE ( 'NONE', ( #5102 ), #3440, .F. ) ;
#4192 = AXIS2_PLACEMENT_3D ( 'NONE', #7413, #4636, #1506 ) ;
#4193 = ORIENTED_EDGE ( 'NONE', *, *, #8666, .F. ) ;
#4194 = LINE ( 'NONE', #3570, #7514 ) ;
#4195 = VERTEX_POINT ( 'NONE', #3201 ) ;
#4196 = DIRECTION ( 'NONE',  ( 0.0000000000000000000, 0.0000000000000000000, 1.000000000000000000 ) ) ;
#4197 = CARTESIAN_POINT ( 'NONE',  ( 0.4374999999999998900, 0.5600000000000002800, -0.2210000000000000900 ) ) ;
#4198 = DIRECTION ( 'NONE',  ( 0.0000000000000000000, -1.000000000000000000, -5.691349986800549600E-017 ) ) ;
#4199 = ORIENTED_EDGE ( 'NONE', *, *, #7245, .T. ) ;
#4200 = CARTESIAN_POINT ( 'NONE',  ( 0.2412000000002665100, 0.04250000000008134800, -0.006000000000076373100 ) ) ;
#4201 = VERTEX_POINT ( 'NONE', #5814 ) ;
#4202 = CARTESIAN_POINT ( 'NONE',  ( 0.9674999999979283500, 0.6712132034341641300, -0.05999999999894796400 ) ) ;
#4203 = AXIS2_PLACEMENT_3D ( 'NONE', #4252, #2979, #185 ) ;
#4204 = FACE_BOUND ( 'NONE', #1781, .T. ) ;
#4205 = EDGE_LOOP ( 'NONE', ( #5015, #2275, #2843, #4448 ) ) ;
#4206 = CARTESIAN_POINT ( 'NONE',  ( 0.1332132034360672700, 0.05750000000010557100, -0.02500000000106583600 ) ) ;
#4207 = CARTESIAN_POINT ( 'NONE',  ( 0.4374999999999998900, 0.5999999999999999800, -0.2974999999999999900 ) ) ;
#4208 = EDGE_CURVE ( 'NONE', #711, #2300, #1925, .T. ) ;
#4209 = DIRECTION ( 'NONE',  ( -0.0000000000000000000, -0.0000000000000000000, 1.000000000000000000 ) ) ;
#4210 = CARTESIAN_POINT ( 'NONE',  ( 0.3674999999999998300, 0.2699999999999999100, -0.2210000000000000900 ) ) ;
#4211 = CARTESIAN_POINT ( 'NONE',  ( 0.9449781569731658900, 0.3637718973050450000, 0.0000000000000000000 ) ) ;
#4212 = FACE_OUTER_BOUND ( 'NONE', #7183, .T. ) ;
#4213 = VERTEX_POINT ( 'NONE', #3328 ) ;
#4214 = CARTESIAN_POINT ( 'NONE',  ( 0.6974999999999999000, 0.3450000000000001400, -0.2220000000000000000 ) ) ;
#4215 = DIRECTION ( 'NONE',  ( 4.313434190716670600E-014, -9.125743083152196300E-014, -1.000000000000000000 ) ) ;
#4216 = FACE_OUTER_BOUND ( 'NONE', #4994, .T. ) ;
#4217 = CARTESIAN_POINT ( 'NONE',  ( 0.6990956183678279600, 0.4133410318342097800, 0.0000000000000000000 ) ) ;
#4218 = DIRECTION ( 'NONE',  ( 0.0000000000000000000, -3.691686477924679400E-015, -1.000000000000000000 ) ) ;
#4219 = ORIENTED_EDGE ( 'NONE', *, *, #1769, .F. ) ;
#4220 = AXIS2_PLACEMENT_3D ( 'NONE', #8818, #7963, #5576 ) ;
#4221 = ADVANCED_FACE ( 'NONE', ( #8507 ), #2066, .F. ) ;
#4222 = CARTESIAN_POINT ( 'NONE',  ( 0.0000000000000000000, 0.5999999999999999800, -0.1090000000000000800 ) ) ;
#4223 = EDGE_CURVE ( 'NONE', #4968, #1002, #3112, .T. ) ;
#4224 = EDGE_CURVE ( 'NONE', #4743, #988, #6964, .T. ) ;
#4225 = DIRECTION ( 'NONE',  ( 1.000000000000000000, 0.0000000000000000000, 0.0000000000000000000 ) ) ;
#4226 = VECTOR ( 'NONE', #5346, 39.37007874015748100 ) ;
#4227 = ORIENTED_EDGE ( 'NONE', *, *, #3531, .T. ) ;
#4228 = CIRCLE ( 'NONE', #2340, 0.03999999999999998000 ) ;
#4229 = ORIENTED_EDGE ( 'NONE', *, *, #1486, .T. ) ;
#4230 = EDGE_LOOP ( 'NONE', ( #8610, #5544, #6438, #8784 ) ) ;
#4231 = CARTESIAN_POINT ( 'NONE',  ( 0.1536499778720764000, 0.06956181146263143400, 0.02500000000004849700 ) ) ;
#4232 = DIRECTION ( 'NONE',  ( 1.000000000000000000, 1.106190048104503000E-013, -4.313434190744403800E-014 ) ) ;
#4233 = FACE_OUTER_BOUND ( 'NONE', #879, .T. ) ;
#4234 = CC_DESIGN_DATE_AND_TIME_ASSIGNMENT ( #2218, #2868, ( #5281 ) ) ;
#4235 = DIRECTION ( 'NONE',  ( -4.313434190716670600E-014, 9.125743083152196300E-014, 1.000000000000000000 ) ) ;
#4236 = FACE_OUTER_BOUND ( 'NONE', #380, .T. ) ;
#4237 = EDGE_LOOP ( 'NONE', ( #5665, #2462, #244, #349 ) ) ;
#4238 = VECTOR ( 'NONE', #241, 39.37007874015748100 ) ;
#4239 = EDGE_CURVE ( 'NONE', #6306, #5558, #6734, .T. ) ;
#4240 = DIRECTION ( 'NONE',  ( -0.0000000000000000000, 1.000000000000000000, -0.0000000000000000000 ) ) ;
#4241 = ORIENTED_EDGE ( 'NONE', *, *, #4873, .F. ) ;
#4242 = ADVANCED_FACE ( 'NONE', ( #2856 ), #6706, .F. ) ;
#4243 = LINE ( 'NONE', #4442, #333 ) ;
#4244 = ORIENTED_EDGE ( 'NONE', *, *, #8666, .T. ) ;
#4245 = VERTEX_POINT ( 'NONE', #9178 ) ;
#4246 = FACE_BOUND ( 'NONE', #6928, .T. ) ;
#4247 = CARTESIAN_POINT ( 'NONE',  ( 0.2068417218041582700, 0.1108502649550119200, 0.005999999999287142400 ) ) ;
#4248 = CARTESIAN_POINT ( 'NONE',  ( 0.5506336065353513200, 0.4231567020380325200, -0.01000000000000000000 ) ) ;
#4249 = EDGE_CURVE ( 'NONE', #1859, #7171, #995, .T. ) ;
#4250 = VECTOR ( 'NONE', #120, 39.37007874015748100 ) ;
#4251 = AXIS2_PLACEMENT_3D ( 'NONE', #436, #7858, #3611 ) ;
#4252 = CARTESIAN_POINT ( 'NONE',  ( 0.3361881571570623500, 0.04399999999995390900, 0.02500000000024027100 ) ) ;
#4253 = LINE ( 'NONE', #7844, #7786 ) ;
#4254 = LINE ( 'NONE', #7805, #2207 ) ;
#4255 = DIRECTION ( 'NONE',  ( 0.0000000000000000000, -0.0000000000000000000, 1.000000000000000000 ) ) ;
#4256 = ORIENTED_EDGE ( 'NONE', *, *, #3398, .T. ) ;
#4257 = LOCAL_TIME ( 8, 51, 22.00000000000000000, #6186 ) ;
#4258 = ORIENTED_EDGE ( 'NONE', *, *, #7675, .F. ) ;
#4259 = VECTOR ( 'NONE', #6351, 39.37007874015748100 ) ;
#4260 = LINE ( 'NONE', #9225, #106 ) ;
#4261 = CARTESIAN_POINT ( 'NONE',  ( 0.7359043816321273500, 0.4231567020380064300, -0.01000000000000000000 ) ) ;
#4262 = AXIS2_PLACEMENT_3D ( 'NONE', #3348, #932, #7595 ) ;
#4263 = CARTESIAN_POINT ( 'NONE',  ( 0.3674999999999998300, 0.5600000000000002800, -0.2210000000000000900 ) ) ;
#4264 = DIRECTION ( 'NONE',  ( 0.0000000000000000000, -3.691686477924679400E-015, -1.000000000000000000 ) ) ;
#4265 = ORIENTED_EDGE ( 'NONE', *, *, #415, .T. ) ;
#4266 = CALENDAR_DATE ( 2019, 15, 10 ) ;
#4267 = EDGE_CURVE ( 'NONE', #629, #2777, #6530, .T. ) ;
#4268 = ORIENTED_EDGE ( 'NONE', *, *, #5938, .F. ) ;
#4269 = LOCAL_TIME ( 8, 51, 22.00000000000000000, #6202 ) ;
#4270 = APPROVAL_ROLE ( '' ) ;
#4271 = AXIS2_PLACEMENT_3D ( 'NONE', #6241, #6273, #6305 ) ;
#4272 = LINE ( 'NONE', #6388, #2220 ) ;
#4273 = CIRCLE ( 'NONE', #7907, 0.01850000000000008900 ) ;
#4274 = ADVANCED_FACE ( 'NONE', ( #4617 ), #2094, .F. ) ;
#4276 = DIRECTION ( 'NONE',  ( 0.0000000000000000000, -1.000000000000000000, -1.979599995408885400E-016 ) ) ;
#4275 = DIRECTION ( 'NONE',  ( -0.0000000000000000000, -1.352399996863497200E-015, -1.000000000000000000 ) ) ;
#4277 = DIRECTION ( 'NONE',  ( 0.0000000000000000000, -1.000000000000000000, 0.0000000000000000000 ) ) ;
#4278 = ORIENTED_EDGE ( 'NONE', *, *, #4030, .F. ) ;
#4279 = AXIS2_PLACEMENT_3D ( 'NONE', #584, #607, #6083 ) ;
#4280 = DIRECTION ( 'NONE',  ( -1.000000000000000000, -0.0000000000000000000, -0.0000000000000000000 ) ) ;
#4281 = VECTOR ( 'NONE', #7687, 39.37007874015748100 ) ;
#4282 = DIRECTION ( 'NONE',  ( 0.0000000000000000000, 0.0000000000000000000, 1.000000000000000000 ) ) ;
#4283 = LINE ( 'NONE', #6086, #9284 ) ;
#4284 = CARTESIAN_POINT ( 'NONE',  ( 0.7974999999999998800, 0.5180000000000000200, -0.2610000000000000700 ) ) ;
#4285 = EDGE_CURVE ( 'NONE', #1416, #3789, #6322, .T. ) ;
#4286 = DIRECTION ( 'NONE',  ( -1.000000000000000000, -0.0000000000000000000, -0.0000000000000000000 ) ) ;
#4287 = ORIENTED_EDGE ( 'NONE', *, *, #6913, .T. ) ;
#4288 = DIRECTION ( 'NONE',  ( -0.0000000000000000000, 0.0000000000000000000, 1.000000000000000000 ) ) ;
#4289 = ORIENTED_EDGE ( 'NONE', *, *, #480, .F. ) ;
#4290 = ORIENTED_EDGE ( 'NONE', *, *, #8933, .T. ) ;
#4291 = CARTESIAN_POINT ( 'NONE',  ( 0.0000000000000000000, 0.4094147637527243400, -0.01000000000000000000 ) ) ;
#4292 = CARTESIAN_POINT ( 'NONE',  ( 0.5940679471871620500, 0.2474562053899773100, -0.01000000000000000000 ) ) ;
#4293 = CARTESIAN_POINT ( 'NONE',  ( 0.9974999999999999400, 0.05000000000000000300, -0.1499999999999999900 ) ) ;
#4294 = ORIENTED_EDGE ( 'NONE', *, *, #1014, .F. ) ;
#4295 = ADVANCED_FACE ( 'NONE', ( #2357 ), #6001, .F. ) ;
#4296 = CC_DESIGN_PERSON_AND_ORGANIZATION_ASSIGNMENT ( #3943, #7811, ( #771 ) ) ;
#4297 = PERSON_AND_ORGANIZATION ( #6536, #5561 ) ;
#4298 = VERTEX_POINT ( 'NONE', #7857 ) ;
#4299 = DIRECTION ( 'NONE',  ( 1.000000000000000000, 0.0000000000000000000, 0.0000000000000000000 ) ) ;
#4300 = DIRECTION ( 'NONE',  ( -0.0000000000000000000, 0.0000000000000000000, 1.000000000000000000 ) ) ;
#4301 = EDGE_CURVE ( 'NONE', #9255, #7935, #247, .T. ) ;
#4302 = DIRECTION ( 'NONE',  ( -0.0000000000000000000, -0.0000000000000000000, 1.000000000000000000 ) ) ;
#4303 = ORIENTED_EDGE ( 'NONE', *, *, #6875, .T. ) ;
#4304 = ORIENTED_EDGE ( 'NONE', *, *, #6279, .T. ) ;
#4305 = APPROVAL_STATUS ( 'not_yet_approved' ) ;
#4306 = DIRECTION ( 'NONE',  ( 1.000000000000000000, 0.0000000000000000000, 0.0000000000000000000 ) ) ;
#4307 = DIRECTION ( 'NONE',  ( -0.0000000000000000000, -1.352399996863497200E-015, -1.000000000000000000 ) ) ;
#4308 = CARTESIAN_POINT ( 'NONE',  ( 0.3784999999999999500, 0.4749999999999999800, -0.3440000000000000800 ) ) ;
#4309 = EDGE_CURVE ( 'NONE', #5963, #748, #4397, .T. ) ;
#4310 = VERTEX_POINT ( 'NONE', #8043 ) ;
#4311 = APPROVAL ( #8654, 'UNKNOWN' ) ;
#4312 = AXIS2_PLACEMENT_3D ( 'NONE', #6916, #3331, #8255 ) ;
#4313 = VECTOR ( 'NONE', #5311, 39.37007874015748100 ) ;
#4314 = VERTEX_POINT ( 'NONE', #1496 ) ;
#4315 = PERSON ( 'NAUO-PER3', 'UNSPECIFIED', 'UNSPECIFIED', ('UNSPECIFIED'), ('UNSPECIFIED'), ('UNSPECIFIED') ) ;
#4316 = DIRECTION ( 'NONE',  ( 0.0000000000000000000, 1.000000000000000000, 4.553079989440425900E-016 ) ) ;
#4317 = ORIENTED_EDGE ( 'NONE', *, *, #7688, .T. ) ;
#4318 = PLANE ( 'NONE',  #364 ) ;
#4319 = CARTESIAN_POINT ( 'NONE',  ( 0.9449781569731790000, 0.2965345564089684700, -0.01000000000000000000 ) ) ;
#4320 = ORIENTED_EDGE ( 'NONE', *, *, #4831, .T. ) ;
#4321 = VECTOR ( 'NONE', #7633, 39.37007874015748100 ) ;
#4322 = ORIENTED_EDGE ( 'NONE', *, *, #6761, .F. ) ;
#4323 = DIRECTION ( 'NONE',  ( -0.0000000000000000000, -1.352399996863497200E-015, -1.000000000000000000 ) ) ;
#4324 = ORIENTED_EDGE ( 'NONE', *, *, #9252, .T. ) ;
#4325 = ORIENTED_EDGE ( 'NONE', *, *, #1047, .T. ) ;
#4326 = CARTESIAN_POINT ( 'NONE',  ( 0.6374999999999998400, 0.5579999999999996100, -0.07249999999999999500 ) ) ;
#4327 = CARTESIAN_POINT ( 'NONE',  ( 0.8517292900370115900, 0.4133410318342102300, -0.01000000000000000000 ) ) ;
#4328 = VECTOR ( 'NONE', #4659, 39.37007874015748100 ) ;
#4329 = EDGE_LOOP ( 'NONE', ( #7263, #7239, #7231, #7181 ) ) ;
#4330 = APPLICATION_PROTOCOL_DEFINITION ( 'international standard', 'config_control_design', 1994, #8401 ) ;
#4331 = AXIS2_PLACEMENT_3D ( 'NONE', #522, #565, #9161 ) ;
#4332 = CARTESIAN_POINT ( 'NONE',  ( 0.5506336065353099100, 0.3318709691426837100, -0.01000000000000000000 ) ) ;
#4333 = CARTESIAN_POINT ( 'NONE',  ( 0.7374999999999998200, 0.5180000000000000200, -0.1489999999999998500 ) ) ;
#4334 = ADVANCED_FACE ( 'NONE', ( #2117 ), #5618, .F. ) ;
#4335 = DIRECTION ( 'NONE',  ( 0.0000000000000000000, 1.000000000000000000, 4.553079989440424900E-016 ) ) ;
#4336 = VECTOR ( 'NONE', #7452, 39.37007874015748100 ) ;
#4337 = ORIENTED_EDGE ( 'NONE', *, *, #4073, .T. ) ;
#4338 = EDGE_CURVE ( 'NONE', #96, #4487, #7915, .T. ) ;
#4339 = ORIENTED_EDGE ( 'NONE', *, *, #2674, .T. ) ;
#4340 = VECTOR ( 'NONE', #4151, 39.37007874015748900 ) ;
#4341 = CARTESIAN_POINT ( 'NONE',  ( 1.004362961706134300, 0.2268432979619829900, -0.01000000000000000000 ) ) ;
#4342 = ORIENTED_EDGE ( 'NONE', *, *, #7658, .F. ) ;
#4343 = CARTESIAN_POINT ( 'NONE',  ( 0.2874999999999999800, 0.5999999999999999800, -0.3700000000000001600 ) ) ;
#4344 = DIRECTION ( 'NONE',  ( 0.0000000000000000000, 0.0000000000000000000, -1.000000000000000000 ) ) ;
#4345 = VECTOR ( 'NONE', #6000, 39.37007874015748100 ) ;
#4346 = CARTESIAN_POINT ( 'NONE',  ( 0.8332132034361949800, 0.02000000000011990100, 0.004999999999758041700 ) ) ;
#4347 = FACE_OUTER_BOUND ( 'NONE', #1401, .T. ) ;
#4348 = LINE ( 'NONE', #5967, #2301 ) ;
#4349 = AXIS2_PLACEMENT_3D ( 'NONE', #9068, #5206, #5924 ) ;
#4350 = EDGE_CURVE ( 'NONE', #6471, #1118, #4167, .T. ) ;
#4351 = EDGE_CURVE ( 'NONE', #608, #3329, #512, .T. ) ;
#4352 = CARTESIAN_POINT ( 'NONE',  ( 0.3176904633946813200, 0.04370789473695270400, -0.02500000000001462200 ) ) ;
#4353 = FACE_OUTER_BOUND ( 'NONE', #7492, .T. ) ;
#4354 = VECTOR ( 'NONE', #4114, 39.37007874015748100 ) ;
#4355 = ORIENTED_EDGE ( 'NONE', *, *, #617, .F. ) ;
#4356 = DIRECTION ( 'NONE',  ( -0.0000000000000000000, 0.0000000000000000000, 1.000000000000000000 ) ) ;
#4357 = VECTOR ( 'NONE', #5025, 39.37007874015748100 ) ;
#4358 = CARTESIAN_POINT ( 'NONE',  ( 0.7329596805709869300, 0.2337142671046477700, -0.01000000000000000000 ) ) ;
#4359 = CARTESIAN_POINT ( 'NONE',  ( 0.4374999999999998900, 0.3450000000000001400, -0.2220000000000000600 ) ) ;
#4360 = CARTESIAN_POINT ( 'NONE',  ( 0.8517292900370115900, 0.4133410318342102300, -0.01000000000000000000 ) ) ;
#4361 = CC_DESIGN_SECURITY_CLASSIFICATION ( #3860, ( #9378 ) ) ;
#4362 = CIRCLE ( 'NONE', #347, 0.006000000000000086000 ) ;
#4363 = CYLINDRICAL_SURFACE ( 'NONE', #8543, 0.009815670203806754800 ) ;
#4364 = SECURITY_CLASSIFICATION_LEVEL ( 'unclassified' ) ;
#4365 = VECTOR ( 'NONE', #8693, 39.37007874015748100 ) ;
#4366 = EDGE_CURVE ( 'NONE', #3184, #3643, #3791, .T. ) ;
#4367 = CARTESIAN_POINT ( 'NONE',  ( 0.7496463199174502300, 0.3416866393464885200, 0.0000000000000000000 ) ) ;
#4368 = EDGE_LOOP ( 'NONE', ( #5099, #5089, #5032, #4979, #4935, #4265, #4227, #4179, #3997, #3928, #3909, #3876, #3704, #4615, #4572, #4557, #4511, #4464, #4393, #4355, #4337 ) ) ;
#4369 = CARTESIAN_POINT ( 'NONE',  ( 0.5575045756779997100, 0.4162857328953860600, -0.01000000000000000000 ) ) ;
#4370 = ORIENTED_EDGE ( 'NONE', *, *, #1383, .F. ) ;
#4371 = CIRCLE ( 'NONE', #6776, 0.01850000000000008900 ) ;
#4372 = LINE ( 'NONE', #2432, #221 ) ;
#4373 = LINE ( 'NONE', #7942, #1841 ) ;
#4374 = CARTESIAN_POINT ( 'NONE',  ( 0.7624999999999998400, 0.5180000000000000200, -0.1089999999999998900 ) ) ;
#4375 = EDGE_CURVE ( 'NONE', #3789, #2244, #7712, .T. ) ;
#4376 = ORIENTED_EDGE ( 'NONE', *, *, #4301, .T. ) ;
#4377 = ORGANIZATION ( 'NAUO-ORG3', 'UNSPECIFIED', 'UNSPECIFIED' ) ;
#4378 = CARTESIAN_POINT ( 'NONE',  ( 0.4974999999999998900, 0.2700000000000001800, -0.1490000000000000800 ) ) ;
#4379 = APPROVAL_DATE_TIME ( #6307, #4311 ) ;
#4380 = LINE ( 'NONE', #1657, #7692 ) ;
#4381 = LINE ( 'NONE', #6192, #2343 ) ;
#4382 = CARTESIAN_POINT ( 'NONE',  ( 0.7496463199174502300, 0.3083133606535453700, 0.0000000000000000000 ) ) ;
#4383 = ADVANCED_FACE ( 'NONE', ( #1869 ), #861, .F. ) ;
#4384 = ORIENTED_EDGE ( 'NONE', *, *, #2437, .T. ) ;
#4385 = ORIENTED_EDGE ( 'NONE', *, *, #8931, .T. ) ;
#4386 = VERTEX_POINT ( 'NONE', #6774 ) ;
#4387 = CIRCLE ( 'NONE', #5425, 0.03999999999999998000 ) ;
#4388 = VECTOR ( 'NONE', #266, 39.37007874015748100 ) ;
#4389 = DIRECTION ( 'NONE',  ( 0.0000000000000000000, 0.0000000000000000000, 1.000000000000000000 ) ) ;
#4390 = PLANE ( 'NONE',  #1130 ) ;
#4391 = ORIENTED_EDGE ( 'NONE', *, *, #6158, .T. ) ;
#4392 = EDGE_CURVE ( 'NONE', #5195, #4825, #7490, .T. ) ;
#4393 = ORIENTED_EDGE ( 'NONE', *, *, #3646, .T. ) ;
#4394 = SECURITY_CLASSIFICATION_LEVEL ( 'unclassified' ) ;
#4395 = CARTESIAN_POINT ( 'NONE',  ( 0.8517292900370104800, 0.2268432979619844400, 0.0000000000000000000 ) ) ;
#4396 = ORIENTED_EDGE ( 'NONE', *, *, #5777, .F. ) ;
#4397 = LINE ( 'NONE', #6122, #6107 ) ;
#4398 = ORIENTED_EDGE ( 'NONE', *, *, #2558, .F. ) ;
#4399 = ORIENTED_EDGE ( 'NONE', *, *, #1418, .F. ) ;
#4400 = ORIENTED_EDGE ( 'NONE', *, *, #8992, .F. ) ;
#4401 = DIRECTION ( 'NONE',  ( -1.000000000000000000, -1.106190048104581800E-013, -4.313434190715660800E-014 ) ) ;
#4402 = CARTESIAN_POINT ( 'NONE',  ( 1.067500000000000100, 0.5999999999999999800, -0.3130000000000000600 ) ) ;
#4403 = EDGE_CURVE ( 'NONE', #494, #8890, #3708, .T. ) ;
#4404 = DIRECTION ( 'NONE',  ( 1.000000000000000000, -0.0000000000000000000, 0.0000000000000000000 ) ) ;
#4405 = ORIENTED_EDGE ( 'NONE', *, *, #8833, .T. ) ;
#4406 = CARTESIAN_POINT ( 'NONE',  ( 0.4374999999999998900, 0.5999999999999999800, -0.07250000000000000900 ) ) ;
#4407 = LOCAL_TIME ( 8, 51, 22.00000000000000000, #6333 ) ;
#4408 = VERTEX_POINT ( 'NONE', #8640 ) ;
#4409 = CARTESIAN_POINT ( 'NONE',  ( 0.1332132034359966600, 0.03800000000006991500, -0.02500000000005450600 ) ) ;
#4410 = CARTESIAN_POINT ( 'NONE',  ( 0.8374999999999999100, 0.2699999999999999100, -0.1490000000000000800 ) ) ;
#4411 = APPROVAL ( #1247, 'UNSPECIFIED' ) ;
#4412 = ORIENTED_EDGE ( 'NONE', *, *, #6835, .F. ) ;
#4413 = DIRECTION ( 'NONE',  ( 0.0000000000000000000, 0.0000000000000000000, 1.000000000000000000 ) ) ;
#4414 = VECTOR ( 'NONE', #6892, 39.37007874015748100 ) ;
#4415 = EDGE_LOOP ( 'NONE', ( #6140, #4053, #4614, #5234 ) ) ;
#4416 = CARTESIAN_POINT ( 'NONE',  ( 0.5624999999999998900, 0.5579999999999999400, -0.1089999999999999000 ) ) ;
#4417 = CARTESIAN_POINT ( 'NONE',  ( 0.8974999999999999600, 0.3450000000000002000, -0.09750000000000001700 ) ) ;
#4418 = EDGE_CURVE ( 'NONE', #1291, #3623, #5423, .T. ) ;
#4419 = DIRECTION ( 'NONE',  ( 1.000000000000000000, -0.0000000000000000000, -0.0000000000000000000 ) ) ;
#4420 = DIRECTION ( 'NONE',  ( 1.000000000000000000, 0.0000000000000000000, -0.0000000000000000000 ) ) ;
#4421 = DIRECTION ( 'NONE',  ( -0.0000000000000000000, 0.0000000000000000000, 1.000000000000000000 ) ) ;
#4422 = PLANE ( 'NONE',  #8285 ) ;
#4423 = ORIENTED_EDGE ( 'NONE', *, *, #2558, .T. ) ;
#4424 =( REPRESENTATION_RELATIONSHIP ('NONE','NONE', #1285, #7662 ) REPRESENTATION_RELATIONSHIP_WITH_TRANSFORMATION ( #6087 )SHAPE_REPRESENTATION_RELATIONSHIP( ) );
#4425 = DIRECTION ( 'NONE',  ( 1.000000000000000000, 0.0000000000000000000, 0.0000000000000000000 ) ) ;
#4426 = LINE ( 'NONE', #2707, #2390 ) ;
#4427 = ORIENTED_EDGE ( 'NONE', *, *, #8428, .T. ) ;
#4428 = ADVANCED_FACE ( 'NONE', ( #1369 ), #7074, .T. ) ;
#4429 = CARTESIAN_POINT ( 'NONE',  ( 0.8374999999999999100, 0.3450000000000002000, -0.2725000000000000200 ) ) ;
#4430 = EDGE_CURVE ( 'NONE', #6262, #3001, #8997, .T. ) ;
#4431 = DIRECTION ( 'NONE',  ( -0.0000000000000000000, 1.871128762783744900E-015, -1.000000000000000000 ) ) ;
#4432 = DIRECTION ( 'NONE',  ( 0.0000000000000000000, -1.000000000000000000, -1.979599995408885400E-016 ) ) ;
#4433 = ORIENTED_EDGE ( 'NONE', *, *, #569, .T. ) ;
#4434 = PLANE ( 'NONE',  #5008 ) ;
#4435 = FACE_BOUND ( 'NONE', #5115, .T. ) ;
#4436 = ORIENTED_EDGE ( 'NONE', *, *, #6444, .F. ) ;
#4437 = DIRECTION ( 'NONE',  ( -1.000000000000000000, 0.0000000000000000000, -0.0000000000000000000 ) ) ;
#4438 = CARTESIAN_POINT ( 'NONE',  ( 0.8374999999999999100, 0.3450000000000002000, -0.2725000000000000200 ) ) ;
#4439 = ORIENTED_EDGE ( 'NONE', *, *, #4461, .F. ) ;
#4440 = CARTESIAN_POINT ( 'NONE',  ( 0.6397108136348436100, 0.0000000000000000000, -0.01000000000000000000 ) ) ;
#4441 = VERTEX_POINT ( 'NONE', #6116 ) ;
#4442 = CARTESIAN_POINT ( 'NONE',  ( 0.7359043816321273500, 0.4231567020380064300, -0.01000000000000000000 ) ) ;
#4443 = CARTESIAN_POINT ( 'NONE',  ( 1.014178631909972200, 0.0000000000000000000, 0.0000000000000000000 ) ) ;
#4444 = LINE ( 'NONE', #8756, #306 ) ;
#4445 = EDGE_LOOP ( 'NONE', ( #7008, #8727, #698, #2195 ) ) ;
#4446 = VECTOR ( 'NONE', #4613, 39.37007874015748100 ) ;
#4447 = EDGE_CURVE ( 'NONE', #2990, #5821, #3233, .T. ) ;
#4448 = ORIENTED_EDGE ( 'NONE', *, *, #2005, .F. ) ;
#4449 = DIRECTION ( 'NONE',  ( 0.0000000000000000000, -1.000000000000000000, -5.691349986800549600E-017 ) ) ;
#4450 = DIRECTION ( 'NONE',  ( -0.0000000000000000000, -0.0000000000000000000, 1.000000000000000000 ) ) ;
#4451 = DIRECTION ( 'NONE',  ( -1.106190048102486900E-013, -1.000000000000000000, -9.125743083008812900E-014 ) ) ;
#4452 = CARTESIAN_POINT ( 'NONE',  ( 1.067500000000000100, 0.2699999999999999100, -0.1490000000000000800 ) ) ;
#4453 = CARTESIAN_POINT ( 'NONE',  ( 0.4463421106199380000, 0.4133410318342099500, -0.01000000000000000000 ) ) ;
#4454 = VECTOR ( 'NONE', #7137, 39.37007874015748100 ) ;
#4455 = EDGE_LOOP ( 'NONE', ( #7282, #7125, #7252, #7042 ) ) ;
#4456 = LINE ( 'NONE', #3842, #9238 ) ;
#4457 = CARTESIAN_POINT ( 'NONE',  ( 0.4374999999999998900, 0.3450000000000001400, -0.2220000000000000600 ) ) ;
#4458 = ORIENTED_EDGE ( 'NONE', *, *, #3496, .T. ) ;
#4459 = AXIS2_PLACEMENT_3D ( 'NONE', #6058, #7554, #8928 ) ;
#4460 = DIRECTION ( 'NONE',  ( -1.000000000000000000, 0.0000000000000000000, 0.0000000000000000000 ) ) ;
#4461 = EDGE_CURVE ( 'NONE', #5476, #1607, #8782, .T. ) ;
#4462 = FACE_OUTER_BOUND ( 'NONE', #3944, .T. ) ;
#4463 = LINE ( 'NONE', #4975, #6163 ) ;
#4464 = ORIENTED_EDGE ( 'NONE', *, *, #9079, .T. ) ;
#4465 = VECTOR ( 'NONE', #4870, 39.37007874015748100 ) ;
#4466 = CARTESIAN_POINT ( 'NONE',  ( 0.3924999999999996800, 0.05000000000000000300, 0.0000000000000000000 ) ) ;
#4467 = ORIENTED_EDGE ( 'NONE', *, *, #3509, .T. ) ;
#4468 = DIRECTION ( 'NONE',  ( -0.0000000000000000000, 0.0000000000000000000, 1.000000000000000000 ) ) ;
#4469 = DIRECTION ( 'NONE',  ( -0.0000000000000000000, 0.0000000000000000000, -1.000000000000000000 ) ) ;
#4470 = CARTESIAN_POINT ( 'NONE',  ( 0.4374999999999998900, 0.2699999999999999100, -0.2220000000000000900 ) ) ;
#4471 = LINE ( 'NONE', #5181, #4690 ) ;
#4472 = CARTESIAN_POINT ( 'NONE',  ( 0.5371370600050839900, 0.3632811137948581700, 0.0000000000000000000 ) ) ;
#4473 = AXIS2_PLACEMENT_3D ( 'NONE', #6796, #7488, #3197 ) ;
#4474 = ORIENTED_EDGE ( 'NONE', *, *, #8112, .T. ) ;
#4475 = CARTESIAN_POINT ( 'NONE',  ( 0.6374999999999998400, 0.5579999999999999400, -0.2610000000000001200 ) ) ;
#4476 = LINE ( 'NONE', #8851, #2440 ) ;
#4477 = EDGE_CURVE ( 'NONE', #3498, #3118, #8594, .T. ) ;
#4478 = EDGE_CURVE ( 'NONE', #7100, #2418, #6846, .T. ) ;
#4479 = DIRECTION ( 'NONE',  ( -1.000000000000000000, 0.0000000000000000000, -0.0000000000000000000 ) ) ;
#4480 = ADVANCED_FACE ( 'NONE', ( #6627 ), #6193, .F. ) ;
#4481 = DIRECTION ( 'NONE',  ( -0.0000000000000000000, 1.000000000000000000, -0.0000000000000000000 ) ) ;
#4482 = VECTOR ( 'NONE', #311, 39.37007874015748100 ) ;
#4483 = CIRCLE ( 'NONE', #2852, 0.009815670203796374200 ) ;
#4484 = CARTESIAN_POINT ( 'NONE',  ( 0.9974999999999999400, 0.3450000000000002000, -0.09750000000000000300 ) ) ;
#4485 = VECTOR ( 'NONE', #7766, 39.37007874015748100 ) ;
#4486 = CARTESIAN_POINT ( 'NONE',  ( 0.8332132034360039100, 0.01600000000014971000, 0.008999999999400454600 ) ) ;
#4487 = VERTEX_POINT ( 'NONE', #1709 ) ;
#4488 = COORDINATED_UNIVERSAL_TIME_OFFSET ( 5, 0, .BEHIND. ) ;
#4489 = EDGE_CURVE ( 'NONE', #8031, #783, #7284, .T. ) ;
#4490 = PERSON_AND_ORGANIZATION_ROLE ( 'classification_officer' ) ;
#4491 = FACE_OUTER_BOUND ( 'NONE', #7397, .T. ) ;
#4492 = EDGE_CURVE ( 'NONE', #50, #9030, #8407, .T. ) ;
#4493 = VECTOR ( 'NONE', #7949, 39.37007874015748100 ) ;
#4494 = DIRECTION ( 'NONE',  ( 1.000000000000000000, -0.0000000000000000000, -0.0000000000000000000 ) ) ;
#4495 = PLANE ( 'NONE',  #4575 ) ;
#4496 = VERTEX_POINT ( 'NONE', #4211 ) ;
#4497 = VERTEX_POINT ( 'NONE', #3193 ) ;
#4498 = ITEM_DEFINED_TRANSFORMATION ( 'NONE', 'NONE', #5936,  #2951 ) ;
#4499 = CONTEXT_DEPENDENT_SHAPE_REPRESENTATION ( #5238, #1967 ) ;
#4500 = ORIENTED_EDGE ( 'NONE', *, *, #4418, .F. ) ;
#4501 = VECTOR ( 'NONE', #2184, 39.37007874015748100 ) ;
#4502 = LINE ( 'NONE', #6604, #2469 ) ;
#4503 = DIRECTION ( 'NONE',  ( 1.000000000000000000, 0.0000000000000000000, 0.0000000000000000000 ) ) ;
#4504 = ORIENTED_EDGE ( 'NONE', *, *, #8893, .T. ) ;
#4505 = ORIENTED_EDGE ( 'NONE', *, *, #4662, .T. ) ;
#4506 = CIRCLE ( 'NONE', #7917, 0.02625691779517380600 ) ;
#4507 = DIRECTION ( 'NONE',  ( -0.0000000000000000000, -0.0000000000000000000, 1.000000000000000000 ) ) ;
#4508 = VERTEX_POINT ( 'NONE', #3245 ) ;
#4509 = VERTEX_POINT ( 'NONE', #534 ) ;
#4510 = ORIENTED_EDGE ( 'NONE', *, *, #6405, .F. ) ;
#4511 = ORIENTED_EDGE ( 'NONE', *, *, #539, .T. ) ;
#4512 = CARTESIAN_POINT ( 'NONE',  ( 0.8332132034360663100, 0.02000000000016342500, -0.005000000000242125000 ) ) ;
#4513 = ORIENTED_EDGE ( 'NONE', *, *, #8833, .F. ) ;
#4514 = CARTESIAN_POINT ( 'NONE',  ( 0.8624999999999999300, 0.5180000000000000200, -0.2210000000000000000 ) ) ;
#4515 = ORIENTED_EDGE ( 'NONE', *, *, #3993, .T. ) ;
#4516 = EDGE_LOOP ( 'NONE', ( #5810, #1019, #8349, #2146 ) ) ;
#4517 = EDGE_CURVE ( 'NONE', #134, #2933, #4733, .T. ) ;
#4518 = COORDINATED_UNIVERSAL_TIME_OFFSET ( 5, 0, .BEHIND. ) ;
#4519 = VERTEX_POINT ( 'NONE', #7697 ) ;
#4520 = DATE_TIME_ROLE ( 'classification_date' ) ;
#4521 = DIRECTION ( 'NONE',  ( -0.5773502691896269500, 0.5773502691896230700, -0.5773502691896269500 ) ) ;
#4522 = CARTESIAN_POINT ( 'NONE',  ( 0.6974999999999999000, 0.2699999999999999100, -0.2220000000000000600 ) ) ;
#4523 = EDGE_LOOP ( 'NONE', ( #6478, #6319, #6303, #6210 ) ) ;
#4524 = AXIS2_PLACEMENT_3D ( 'NONE', #2824, #3377, #3392 ) ;
#4525 = DIRECTION ( 'NONE',  ( -0.0000000000000000000, 0.0000000000000000000, -1.000000000000000000 ) ) ;
#4526 = SHAPE_REPRESENTATION_RELATIONSHIP ( 'NONE' , 'NONE' ,  #7662, #6773 ) ;
#4527 = ORIENTED_EDGE ( 'NONE', *, *, #5343, .T. ) ;
#4528 = EDGE_CURVE ( 'NONE', #6730, #5228, #8207, .T. ) ;
#4529 = DIRECTION ( 'NONE',  ( 0.0000000000000000000, -1.871128762783745300E-015, 1.000000000000000000 ) ) ;
#4530 = EDGE_CURVE ( 'NONE', #2921, #9185, #2477, .T. ) ;
#4531 = CARTESIAN_POINT ( 'NONE',  ( 0.6083006689826734300, 0.2405852362473140900, 0.0000000000000000000 ) ) ;
#4532 = ORIENTED_EDGE ( 'NONE', *, *, #752, .F. ) ;
#4533 = DIRECTION ( 'NONE',  ( 0.0000000000000000000, -5.691349986800549600E-017, 1.000000000000000000 ) ) ;
#4534 = LINE ( 'NONE', #5223, #2508 ) ;
#4535 = ORIENTED_EDGE ( 'NONE', *, *, #2640, .T. ) ;
#4536 = DIRECTION ( 'NONE',  ( -4.313434190719082600E-014, 9.137710875180577500E-014, 1.000000000000000000 ) ) ;
#4537 = DIRECTION ( 'NONE',  ( -0.0000000000000000000, 1.000000000000000000, -0.0000000000000000000 ) ) ;
#4538 = SECURITY_CLASSIFICATION ( '', '', #7283 ) ;
#4539 = VERTEX_POINT ( 'NONE', #710 ) ;
#4540 = CARTESIAN_POINT ( 'NONE',  ( 0.8374999999999999100, 0.2700000000000001800, -0.1480000000000000200 ) ) ;
#4541 = EDGE_CURVE ( 'NONE', #3643, #6517, #6214, .T. ) ;
#4542 = DIRECTION ( 'NONE',  ( -1.000000000000000000, -0.0000000000000000000, -0.0000000000000000000 ) ) ;
#4543 = LINE ( 'NONE', #7112, #8039 ) ;
#4544 = ORIENTED_EDGE ( 'NONE', *, *, #8469, .F. ) ;
#4545 = APPROVAL_ROLE ( '' ) ;
#4546 = ORIENTED_EDGE ( 'NONE', *, *, #5585, .F. ) ;
#4547 = CYLINDRICAL_SURFACE ( 'NONE', #1425, 0.006000000000000086000 ) ;
#4548 = VERTEX_POINT ( 'NONE', #103 ) ;
#4549 = EDGE_CURVE ( 'NONE', #2166, #5241, #8012, .T. ) ;
#4550 = VERTEX_POINT ( 'NONE', #5842 ) ;
#4551 = DIRECTION ( 'NONE',  ( -0.0000000000000000000, -0.0000000000000000000, 1.000000000000000000 ) ) ;
#4552 = VERTEX_POINT ( 'NONE', #8342 ) ;
#4553 = DIRECTION ( 'NONE',  ( -0.0000000000000000000, -0.0000000000000000000, 1.000000000000000000 ) ) ;
#4554 = CARTESIAN_POINT ( 'NONE',  ( 0.4974999999999998900, 0.5580000000000000500, -0.2975000000000000400 ) ) ;
#4555 = CARTESIAN_POINT ( 'NONE',  ( 0.1344495932427206000, 0.06550000000008407400, 0.005999999999656215200 ) ) ;
#4556 = VECTOR ( 'NONE', #4413, 39.37007874015748100 ) ;
#4557 = ORIENTED_EDGE ( 'NONE', *, *, #2510, .T. ) ;
#4558 = CYLINDRICAL_SURFACE ( 'NONE', #4876, 0.006000000000000086000 ) ;
#4559 = DIRECTION ( 'NONE',  ( -0.5773502691896269500, -0.5773502691896230700, -0.5773502691896269500 ) ) ;
#4560 = ORIENTED_EDGE ( 'NONE', *, *, #6864, .T. ) ;
#4561 = CARTESIAN_POINT ( 'NONE',  ( 0.0000000000000000000, 0.0000000000000000000, -0.3700000000000001600 ) ) ;
#4562 = FACE_OUTER_BOUND ( 'NONE', #36, .T. ) ;
#4563 = CARTESIAN_POINT ( 'NONE',  ( 0.7398306497136468700, 0.3083133606535453700, -0.01000000000000000000 ) ) ;
#4564 = DIRECTION ( 'NONE',  ( -4.313434190716670600E-014, 9.125743083152196300E-014, 1.000000000000000000 ) ) ;
#4565 = FACE_OUTER_BOUND ( 'NONE', #4836, .T. ) ;
#4566 = EDGE_CURVE ( 'NONE', #1636, #765, #4506, .T. ) ;
#4567 = CARTESIAN_POINT ( 'NONE',  ( 1.004362961706168200, 0.4231567020380508400, 0.0000000000000000000 ) ) ;
#4568 = CIRCLE ( 'NONE', #3070, 0.006870969142662229500 ) ;
#4569 = CIRCLE ( 'NONE', #3830, 0.006870969142648501700 ) ;
#4570 = CARTESIAN_POINT ( 'NONE',  ( 0.3361881571570967100, 0.02550000000000123700, -0.02500000000011651900 ) ) ;
#4571 = CIRCLE ( 'NONE', #2740, 0.009815670203840902800 ) ;
#4572 = ORIENTED_EDGE ( 'NONE', *, *, #2180, .F. ) ;
#4573 = APPROVAL_STATUS ( 'not_yet_approved' ) ;
#4574 = CIRCLE ( 'NONE', #1666, 0.006870969142663253800 ) ;
#4575 = AXIS2_PLACEMENT_3D ( 'NONE', #5027, #5664, #3984 ) ;
#4576 = CARTESIAN_POINT ( 'NONE',  ( 0.9374999999999998900, 0.5180000000000000200, -0.1089999999999998600 ) ) ;
#4577 = EDGE_CURVE ( 'NONE', #9245, #633, #7806, .T. ) ;
#4578 = EDGE_LOOP ( 'NONE', ( #2916, #2949, #2853, #2544 ) ) ;
#4579 = CARTESIAN_POINT ( 'NONE',  ( 0.9975000000000000500, 0.5579999999999996100, -0.03899999999999907700 ) ) ;
#4580 = LINE ( 'NONE', #1799, #8075 ) ;
#4581 = LINE ( 'NONE', #713, #6492 ) ;
#4582 = VECTOR ( 'NONE', #8444, 39.37007874015748100 ) ;
#4583 = CARTESIAN_POINT ( 'NONE',  ( 0.7374999999999998200, 0.5180000000000000200, -0.1089999999999998900 ) ) ;
#4584 = CARTESIAN_POINT ( 'NONE',  ( 0.3924999999999996800, 0.05000000000000000300, 0.0000000000000000000 ) ) ;
#4585 = EDGE_LOOP ( 'NONE', ( #8243, #6728, #5467, #5699 ) ) ;
#4586 = DIRECTION ( 'NONE',  ( -0.0000000000000000000, -0.0000000000000000000, 1.000000000000000000 ) ) ;
#4587 = PRODUCT_RELATED_PRODUCT_CATEGORY ( 'detail', '', ( #1238 ) ) ;
#4588 = CARTESIAN_POINT ( 'NONE',  ( 0.1332132034362424300, 0.05750000000011540300, -0.02475000000106574900 ) ) ;
#4589 = CARTESIAN_POINT ( 'NONE',  ( 0.9974999999999999400, 0.5600000000000002800, -0.1490000000000000800 ) ) ;
#4590 = FACE_OUTER_BOUND ( 'NONE', #628, .T. ) ;
#4591 = LINE ( 'NONE', #4686, #483 ) ;
#4592 = VECTOR ( 'NONE', #576, 39.37007874015748100 ) ;
#4593 = EDGE_CURVE ( 'NONE', #5558, #4938, #627, .T. ) ;
#4594 = CARTESIAN_POINT ( 'NONE',  ( 0.8787223830974585400, 0.2366589681657897700, 0.0000000000000000000 ) ) ;
#4595 = DIRECTION ( 'NONE',  ( -4.313434190716670600E-014, 9.125743083152196300E-014, 1.000000000000000000 ) ) ;
#4596 = ORIENTED_EDGE ( 'NONE', *, *, #4180, .F. ) ;
#4597 = CARTESIAN_POINT ( 'NONE',  ( 0.8517292900370115900, 0.4133410318342102300, 0.0000000000000000000 ) ) ;
#4598 = VERTEX_POINT ( 'NONE', #3926 ) ;
#4599 = COORDINATED_UNIVERSAL_TIME_OFFSET ( 5, 0, .BEHIND. ) ;
#4601 = CARTESIAN_POINT ( 'NONE',  ( 0.5371370600050839900, 0.3318709691426837100, -0.01000000000000000000 ) ) ;
#4600 = CARTESIAN_POINT ( 'NONE',  ( -1.378577015171063900E-015, 0.3318709691426820500, 0.0000000000000000000 ) ) ;
#4602 = DIRECTION ( 'NONE',  ( -0.9557790087217704600, -7.888980375499439600E-014, 0.2940858488381065700 ) ) ;
#4603 = DATE_AND_TIME ( #6511, #8291 ) ;
#4604 = DIRECTION ( 'NONE',  ( -1.000000000000000000, -1.108302649210530400E-013, 4.313434190793084700E-014 ) ) ;
#4605 = LINE ( 'NONE', #1737, #2582 ) ;
#4606 = VECTOR ( 'NONE', #5411, 39.37007874015748100 ) ;
#4607 = CARTESIAN_POINT ( 'NONE',  ( 0.9975000000000001600, 0.5580000000000000500, -0.3310000000000002400 ) ) ;
#4608 = EDGE_CURVE ( 'NONE', #6374, #3184, #2229, .T. ) ;
#4609 = ORIENTED_EDGE ( 'NONE', *, *, #239, .F. ) ;
#4610 = ORIENTED_EDGE ( 'NONE', *, *, #6406, .F. ) ;
#4611 = VECTOR ( 'NONE', #757, 39.37007874015748100 ) ;
#4612 = LINE ( 'NONE', #8341, #2350 ) ;
#4613 = DIRECTION ( 'NONE',  ( 0.0000000000000000000, -1.000000000000000000, 0.0000000000000000000 ) ) ;
#4614 = ORIENTED_EDGE ( 'NONE', *, *, #189, .T. ) ;
#4615 = ORIENTED_EDGE ( 'NONE', *, *, #6365, .T. ) ;
#4616 = CARTESIAN_POINT ( 'NONE',  ( 0.1471517780956329600, 0.06259760038266050400, -0.005493504323837827000 ) ) ;
#4617 = FACE_OUTER_BOUND ( 'NONE', #4959, .T. ) ;
#4618 = CARTESIAN_POINT ( 'NONE',  ( 0.8615449602408067300, 0.2366589681657806600, -0.01000000000000000000 ) ) ;
#4619 = AXIS2_PLACEMENT_3D ( 'NONE', #3022, #6854, #5057 ) ;
#4620 = VERTEX_POINT ( 'NONE', #6951 ) ;
#4621 = DIRECTION ( 'NONE',  ( 1.000000000000000000, 0.0000000000000000000, 0.0000000000000000000 ) ) ;
#4622 = ORIENTED_EDGE ( 'NONE', *, *, #4830, .F. ) ;
#4623 = DIRECTION ( 'NONE',  ( 1.000000000000000000, 0.0000000000000000000, 0.0000000000000000000 ) ) ;
#4624 = DIRECTION ( 'NONE',  ( -1.000000000000000000, 0.0000000000000000000, 0.0000000000000000000 ) ) ;
#4625 = EDGE_CURVE ( 'NONE', #1363, #3508, #5765, .T. ) ;
#4626 = EDGE_LOOP ( 'NONE', ( #2960, #663, #9361, #8998 ) ) ;
#4627 = ORIENTED_EDGE ( 'NONE', *, *, #7364, .T. ) ;
#4628 = AXIS2_PLACEMENT_3D ( 'NONE', #2449, #2758, #2809 ) ;
#4629 = CARTESIAN_POINT ( 'NONE',  ( 0.5506336065353513200, 0.4231567020380325200, 0.0000000000000000000 ) ) ;
#4630 = DIRECTION ( 'NONE',  ( -1.000000000000000000, 0.0000000000000000000, 0.0000000000000000000 ) ) ;
#4631 = PLANE ( 'NONE',  #2483 ) ;
#4632 = ORIENTED_EDGE ( 'NONE', *, *, #781, .F. ) ;
#4633 = CARTESIAN_POINT ( 'NONE',  ( 0.4463421106199221800, 0.2366589681657897700, -0.01000000000000000000 ) ) ;
#4634 = APPROVAL_DATE_TIME ( #6541, #8879 ) ;
#4635 = ORIENTED_EDGE ( 'NONE', *, *, #6318, .T. ) ;
#4636 = DIRECTION ( 'NONE',  ( -0.2940858488377487400, -0.9557790087218807100, -7.453673722381016700E-014 ) ) ;
#4637 = AXIS2_PLACEMENT_3D ( 'NONE', #1353, #3053, #5824 ) ;
#4638 = DIRECTION ( 'NONE',  ( 1.000000000000000000, 0.0000000000000000000, 0.0000000000000000000 ) ) ;
#4639 = EDGE_CURVE ( 'NONE', #3771, #3336, #4037, .T. ) ;
#4640 = ORIENTED_EDGE ( 'NONE', *, *, #6931, .F. ) ;
#4641 = ADVANCED_FACE ( 'NONE', ( #1739 ), #2901, .F. ) ;
#4642 = CARTESIAN_POINT ( 'NONE',  ( 0.5371370600051254000, 0.3780046191005195800, 0.0000000000000000000 ) ) ;
#4643 = LINE ( 'NONE', #5488, #8132 ) ;
#4644 = ORIENTED_EDGE ( 'NONE', *, *, #5298, .T. ) ;
#4645 = CARTESIAN_POINT ( 'NONE',  ( 0.5940679471871620500, 0.2474562053899773100, 0.0000000000000000000 ) ) ;
#4646 = EDGE_LOOP ( 'NONE', ( #3827, #4990, #6871, #7287 ) ) ;
#4647 = AXIS2_PLACEMENT_3D ( 'NONE', #4374, #506, #6537 ) ;
#4648 = ORIENTED_EDGE ( 'NONE', *, *, #7829, .T. ) ;
#4649 = FACE_OUTER_BOUND ( 'NONE', #4368, .T. ) ;
#4650 = VERTEX_POINT ( 'NONE', #2601 ) ;
#4651 = CARTESIAN_POINT ( 'NONE',  ( 0.5802132034361391400, 0.03750000000024183300, -0.02500000000014356400 ) ) ;
#4652 = EDGE_CURVE ( 'NONE', #8144, #4743, #7594, .T. ) ;
#4653 = EDGE_CURVE ( 'NONE', #264, #1332, #9081, .T. ) ;
#4654 = ADVANCED_FACE ( 'NONE', ( #8883 ), #8202, .F. ) ;
#4655 = CARTESIAN_POINT ( 'NONE',  ( 0.6974999999999999000, 0.05000000000000000300, -0.1499999999999999900 ) ) ;
#4656 = ORIENTED_EDGE ( 'NONE', *, *, #1648, .F. ) ;
#4657 = LINE ( 'NONE', #6713, #1035 ) ;
#4658 = ORIENTED_EDGE ( 'NONE', *, *, #3950, .F. ) ;
#4659 = DIRECTION ( 'NONE',  ( -0.0000000000000000000, -0.0000000000000000000, 1.000000000000000000 ) ) ;
#4660 = DIRECTION ( 'NONE',  ( -1.000000000000000000, 0.0000000000000000000, 0.0000000000000000000 ) ) ;
#4661 = DIRECTION ( 'NONE',  ( 0.0000000000000000000, -1.000000000000000000, -1.979599995408886100E-016 ) ) ;
#4662 = EDGE_CURVE ( 'NONE', #1946, #7203, #1484, .T. ) ;
#4663 = DIRECTION ( 'NONE',  ( 1.000000000000000000, 0.0000000000000000000, 0.0000000000000000000 ) ) ;
#4664 = LINE ( 'NONE', #6657, #6361 ) ;
#4665 = ORIENTED_EDGE ( 'NONE', *, *, #5612, .F. ) ;
#4666 = LINE ( 'NONE', #3584, #6364 ) ;
#4667 = VERTEX_POINT ( 'NONE', #5520 ) ;
#4668 = CARTESIAN_POINT ( 'NONE',  ( 0.8974999999999999600, 0.2699999999999999100, -0.2210000000000000900 ) ) ;
#4669 = DIRECTION ( 'NONE',  ( 0.0000000000000000000, 1.871128762783744900E-015, -1.000000000000000000 ) ) ;
#4670 = DIRECTION ( 'NONE',  ( 0.0000000000000000000, 1.352399996863497200E-015, -1.000000000000000000 ) ) ;
#4671 = CARTESIAN_POINT ( 'NONE',  ( 0.6990956183678620500, 0.2366589681657897700, -0.01000000000000000000 ) ) ;
#4672 = DIRECTION ( 'NONE',  ( -0.0000000000000000000, 0.0000000000000000000, 1.000000000000000000 ) ) ;
#4673 = LINE ( 'NONE', #9062, #2419 ) ;
#4674 = VERTEX_POINT ( 'NONE', #3310 ) ;
#4675 = VECTOR ( 'NONE', #4908, 39.37007874015748100 ) ;
#4676 = CARTESIAN_POINT ( 'NONE',  ( 0.3784999999999999500, 0.4749999999999999800, -0.2820000000000000300 ) ) ;
#4677 = DIRECTION ( 'NONE',  ( 1.000000000000000000, 0.0000000000000000000, 0.0000000000000000000 ) ) ;
#4678 = DIRECTION ( 'NONE',  ( -0.0000000000000000000, -0.0000000000000000000, 1.000000000000000000 ) ) ;
#4679 = DIRECTION ( 'NONE',  ( 0.0000000000000000000, 1.871128762783744900E-015, -1.000000000000000000 ) ) ;
#4680 = CARTESIAN_POINT ( 'NONE',  ( 0.8374999999999999100, 0.5580000000000000500, -0.2974999999999999900 ) ) ;
#4681 = CYLINDRICAL_SURFACE ( 'NONE', #1011, 0.02649999999999999200 ) ;
#4682 = LINE ( 'NONE', #2666, #8170 ) ;
#4683 = ORIENTED_EDGE ( 'NONE', *, *, #2486, .T. ) ;
#4684 = LINE ( 'NONE', #6024, #8171 ) ;
#4685 = VERTEX_POINT ( 'NONE', #6004 ) ;
#4686 = CARTESIAN_POINT ( 'NONE',  ( 0.9974999999999999400, 0.5999999999999999800, -0.2974999999999999900 ) ) ;
#4687 = AXIS2_PLACEMENT_3D ( 'NONE', #4169, #5190, #1545 ) ;
#4688 = CARTESIAN_POINT ( 'NONE',  ( 0.5802132034361391400, 0.03750000000024183300, -0.02500000000014356400 ) ) ;
#4689 = EDGE_CURVE ( 'NONE', #3508, #2281, #3358, .T. ) ;
#4690 = VECTOR ( 'NONE', #5074, 39.37007874015748100 ) ;
#4691 = AXIS2_PLACEMENT_3D ( 'NONE', #509, #530, #540 ) ;
#4692 = VECTOR ( 'NONE', #110, 39.37007874015748100 ) ;
#4693 = ADVANCED_FACE ( 'NONE', ( #5316 ), #3246, .F. ) ;
#4694 = ADVANCED_FACE ( 'NONE', ( #7174 ), #5017, .F. ) ;
#4695 = ORIENTED_EDGE ( 'NONE', *, *, #7947, .F. ) ;
#4696 = ADVANCED_FACE ( 'NONE', ( #8685 ), #2407, .T. ) ;
#4697 = FACE_OUTER_BOUND ( 'NONE', #4734, .T. ) ;
#4698 = DIRECTION ( 'NONE',  ( -0.0000000000000000000, -0.0000000000000000000, 1.000000000000000000 ) ) ;
#4699 = VECTOR ( 'NONE', #3095, 39.37007874015748100 ) ;
#4700 = CARTESIAN_POINT ( 'NONE',  ( 0.4974999999999998900, 0.05000000000000000300, -0.3700000000000000000 ) ) ;
#4701 = LINE ( 'NONE', #8289, #7990 ) ;
#4702 = EDGE_CURVE ( 'NONE', #4650, #7190, #3099, .T. ) ;
#4703 = EDGE_CURVE ( 'NONE', #2757, #4195, #6954, .T. ) ;
#4704 = ORIENTED_EDGE ( 'NONE', *, *, #2156, .F. ) ;
#4705 = CARTESIAN_POINT ( 'NONE',  ( 0.7974999999999998800, 0.2699999999999999100, -0.1490000000000000800 ) ) ;
#4706 = DIRECTION ( 'NONE',  ( -0.0000000000000000000, 0.0000000000000000000, 1.000000000000000000 ) ) ;
#4707 = APPROVAL_PERSON_ORGANIZATION ( #6607, #5524, #7953 ) ;
#4708 = CARTESIAN_POINT ( 'NONE',  ( 0.5374999999999999800, 0.3450000000000001400, -0.1480000000000000200 ) ) ;
#4709 = PERSON_AND_ORGANIZATION ( #743, #6609 ) ;
#4710 = LINE ( 'NONE', #186, #6612 ) ;
#4711 = CARTESIAN_POINT ( 'NONE',  ( 0.7374999999999998200, 0.5579999999999996100, -0.07249999999999999500 ) ) ;
#4712 = FACE_OUTER_BOUND ( 'NONE', #376, .T. ) ;
#4713 = PLANE ( 'NONE',  #3420 ) ;
#4714 = DIRECTION ( 'NONE',  ( -0.0000000000000000000, -0.0000000000000000000, 1.000000000000000000 ) ) ;
#4715 = DIRECTION ( 'NONE',  ( 0.0000000000000000000, 1.000000000000000000, 0.0000000000000000000 ) ) ;
#4716 = CC_DESIGN_PERSON_AND_ORGANIZATION_ASSIGNMENT ( #7581, #7900, ( #5281 ) ) ;
#4717 = ORIENTED_EDGE ( 'NONE', *, *, #7377, .T. ) ;
#4718 = ADVANCED_FACE ( 'NONE', ( #991 ), #5465, .F. ) ;
#4719 = CARTESIAN_POINT ( 'NONE',  ( 0.5371370600051095200, 0.2719953808994902100, -0.01000000000000000000 ) ) ;
#4720 = COORDINATED_UNIVERSAL_TIME_OFFSET ( 5, 0, .BEHIND. ) ;
#4721 = EDGE_LOOP ( 'NONE', ( #4648, #4244, #4119, #5134 ) ) ;
#4722 = DATE_AND_TIME ( #6618, #8399 ) ;
#4723 = LINE ( 'NONE', #7574, #2715 ) ;
#4724 = EDGE_CURVE ( 'NONE', #6876, #2244, #2844, .T. ) ;
#4725 = DIRECTION ( 'NONE',  ( -1.000000000000000000, -1.105907419003793000E-013, 4.313150529212573400E-014 ) ) ;
#4726 = FACE_OUTER_BOUND ( 'NONE', #9286, .T. ) ;
#4727 = DIRECTION ( 'NONE',  ( -1.000000000000000000, 0.0000000000000000000, -0.0000000000000000000 ) ) ;
#4728 = DIRECTION ( 'NONE',  ( -0.0000000000000000000, 0.0000000000000000000, 1.000000000000000000 ) ) ;
#4729 = CARTESIAN_POINT ( 'NONE',  ( 0.5374999999999999800, 0.5999999999999999800, -0.2974999999999999900 ) ) ;
#4730 = ORIENTED_EDGE ( 'NONE', *, *, #5050, .T. ) ;
#4731 = PLANE ( 'NONE',  #7136 ) ;
#4732 = CARTESIAN_POINT ( 'NONE',  ( 0.5974999999999999200, 0.05000000000000000300, -0.2975000000000001000 ) ) ;
#4733 = LINE ( 'NONE', #1537, #6422 ) ;
#4734 = EDGE_LOOP ( 'NONE', ( #1886, #4610, #9007, #1850 ) ) ;
#4735 = CARTESIAN_POINT ( 'NONE',  ( 0.3274999999999998500, 0.5999999999999999800, -0.3700000000000001600 ) ) ;
#4736 = EDGE_CURVE ( 'NONE', #7599, #7838, #6724, .T. ) ;
#4737 = ORIENTED_EDGE ( 'NONE', *, *, #7854, .F. ) ;
#4738 = AXIS2_PLACEMENT_3D ( 'NONE', #4382, #9145, #5139 ) ;
#4739 = ORIENTED_EDGE ( 'NONE', *, *, #5140, .T. ) ;
#4740 = ORIENTED_EDGE ( 'NONE', *, *, #6219, .F. ) ;
#4741 = DIRECTION ( 'NONE',  ( 0.0000000000000000000, 0.0000000000000000000, 1.000000000000000000 ) ) ;
#4742 = CARTESIAN_POINT ( 'NONE',  ( 0.7374999999999998200, 0.3450000000000001400, -0.2220000000000000000 ) ) ;
#4743 = VERTEX_POINT ( 'NONE', #7152 ) ;
#4744 = DIRECTION ( 'NONE',  ( 1.108302649210491000E-013, -1.000000000000000000, -9.125743083174395500E-014 ) ) ;
#4745 = LOCAL_TIME ( 8, 51, 22.00000000000000000, #6640 ) ;
#4746 = VERTEX_POINT ( 'NONE', #18 ) ;
#4747 = PLANE ( 'NONE',  #3714 ) ;
#4748 = ORIENTED_EDGE ( 'NONE', *, *, #7424, .F. ) ;
#4749 = AXIS2_PLACEMENT_3D ( 'NONE', #1668, #6154, #7560 ) ;
#4750 = DIRECTION ( 'NONE',  ( 1.000000000000000000, 1.108302649210530400E-013, -4.313434190793084700E-014 ) ) ;
#4751 = VERTEX_POINT ( 'NONE', #6482 ) ;
#4752 = CARTESIAN_POINT ( 'NONE',  ( 1.042500000000000200, 0.05000000000000000300, -0.2725000000000000200 ) ) ;
#4753 = EDGE_CURVE ( 'NONE', #2111, #2210, #4838, .T. ) ;
#4754 = ORIENTED_EDGE ( 'NONE', *, *, #4912, .T. ) ;
#4755 = AXIS2_PLACEMENT_3D ( 'NONE', #7317, #6870, #6739 ) ;
#4756 = DIRECTION ( 'NONE',  ( 1.000000000000000000, 7.203446383881649800E-015, 0.0000000000000000000 ) ) ;
#4757 = EDGE_LOOP ( 'NONE', ( #3473, #3490, #2425, #1742 ) ) ;
#4758 = ADVANCED_FACE ( 'NONE', ( #6520 ), #6315, .F. ) ;
#4759 = AXIS2_PLACEMENT_3D ( 'NONE', #3212, #1985, #2135 ) ;
#4760 = CARTESIAN_POINT ( 'NONE',  ( 0.1597132034360544700, 0.05750000000011378000, -0.006000000000898113300 ) ) ;
#4761 = CIRCLE ( 'NONE', #7484, 0.03150000000000006300 ) ;
#4762 = ORIENTED_EDGE ( 'NONE', *, *, #4927, .F. ) ;
#4763 = EDGE_CURVE ( 'NONE', #2227, #5323, #8103, .T. ) ;
#4764 = ADVANCED_FACE ( 'NONE', ( #2349 ), #3881, .T. ) ;
#4765 = DIRECTION ( 'NONE',  ( -0.0000000000000000000, 1.871128762783746100E-015, 1.000000000000000000 ) ) ;
#4766 = CARTESIAN_POINT ( 'NONE',  ( 0.1462132034362424200, 0.05750000000006573500, -0.02475000000072222200 ) ) ;
#4767 = ORIENTED_EDGE ( 'NONE', *, *, #8584, .T. ) ;
#4768 = LINE ( 'NONE', #7727, #2766 ) ;
#4769 = ORIENTED_EDGE ( 'NONE', *, *, #5315, .T. ) ;
#4770 = DIRECTION ( 'NONE',  ( 1.000000000000000000, 0.0000000000000000000, 0.0000000000000000000 ) ) ;
#4771 = DIRECTION ( 'NONE',  ( -0.0000000000000000000, 1.000000000000000000, 1.707404996040165000E-016 ) ) ;
#4772 = ORIENTED_EDGE ( 'NONE', *, *, #944, .T. ) ;
#4773 = CC_DESIGN_PERSON_AND_ORGANIZATION_ASSIGNMENT ( #4297, #5080, ( #248 ) ) ;
#4774 = DIRECTION ( 'NONE',  ( 0.0000000000000000000, -1.000000000000000000, -5.691349986800549600E-017 ) ) ;
#4775 = ORIENTED_EDGE ( 'NONE', *, *, #5224, .F. ) ;
#4776 = EDGE_CURVE ( 'NONE', #3748, #1000, #4387, .T. ) ;
#4777 = CARTESIAN_POINT ( 'NONE',  ( 0.5974999999999999200, 0.3450000000000002000, -0.2725000000000000200 ) ) ;
#4778 = VECTOR ( 'NONE', #7147, 39.37007874015748100 ) ;
#4779 = ORIENTED_EDGE ( 'NONE', *, *, #6913, .F. ) ;
#4780 = DIRECTION ( 'NONE',  ( -0.0000000000000000000, 0.0000000000000000000, 1.000000000000000000 ) ) ;
#4781 = DIRECTION ( 'NONE',  ( 1.000000000000000000, 0.0000000000000000000, 0.0000000000000000000 ) ) ;
#4782 = ORIENTED_EDGE ( 'NONE', *, *, #4148, .T. ) ;
#4783 = DIRECTION ( 'NONE',  ( -0.0000000000000000000, -0.0000000000000000000, 1.000000000000000000 ) ) ;
#4784 = LINE ( 'NONE', #7881, #2781 ) ;
#4785 = ORIENTED_EDGE ( 'NONE', *, *, #7011, .T. ) ;
#4786 = CARTESIAN_POINT ( 'NONE',  ( 0.3176904633946813200, 0.04370789473695270400, -0.02500000000001462200 ) ) ;
#4787 = FACE_OUTER_BOUND ( 'NONE', #508, .T. ) ;
#4788 = EDGE_CURVE ( 'NONE', #4598, #3143, #238, .T. ) ;
#4789 = CC_DESIGN_APPROVAL ( #4311, ( #3318 ) ) ;
#4790 = AXIS2_PLACEMENT_3D ( 'NONE', #2585, #7659, #3404 ) ;
#4791 = CARTESIAN_POINT ( 'NONE',  ( 0.5374999999999999800, 0.05000000000000014800, -0.07250000000000003700 ) ) ;
#4792 = ADVANCED_FACE ( 'NONE', ( #4152 ), #9363, .F. ) ;
#4793 = LINE ( 'NONE', #9107, #6683 ) ;
#4794 = VECTOR ( 'NONE', #1422, 39.37007874015748100 ) ;
#4795 = ORIENTED_EDGE ( 'NONE', *, *, #271, .F. ) ;
#4796 = VECTOR ( 'NONE', #3290, 39.37007874015748100 ) ;
#4797 = CARTESIAN_POINT ( 'NONE',  ( 0.5575045756779997100, 0.4162857328953860600, -0.01000000000000000000 ) ) ;
#4798 = CARTESIAN_POINT ( 'NONE',  ( 0.8974999999999999600, 0.5580000000000000500, -0.2974999999999999900 ) ) ;
#4799 = VECTOR ( 'NONE', #876, 39.37007874015748100 ) ;
#4800 = CARTESIAN_POINT ( 'NONE',  ( 0.9449781569731790000, 0.0000000000000000000, -0.01000000000000000000 ) ) ;
#4801 = ORIENTED_EDGE ( 'NONE', *, *, #3907, .F. ) ;
#4802 = VECTOR ( 'NONE', #7091, 39.37007874015748100 ) ;
#4803 = ORIENTED_EDGE ( 'NONE', *, *, #1028, .T. ) ;
#4804 = EDGE_CURVE ( 'NONE', #5821, #739, #501, .T. ) ;
#4805 = FACE_OUTER_BOUND ( 'NONE', #2242, .T. ) ;
#4806 = PLANE ( 'NONE',  #1599 ) ;
#4807 =( NAMED_UNIT ( * ) PLANE_ANGLE_UNIT ( ) SI_UNIT ( $, .RADIAN. ) );
#4808 = DIRECTION ( 'NONE',  ( 1.000000000000000000, -0.0000000000000000000, -0.0000000000000000000 ) ) ;
#4809 = ADVANCED_FACE ( 'NONE', ( #734 ), #2305, .F. ) ;
#4810 = CARTESIAN_POINT ( 'NONE',  ( 0.6374999999999998400, 0.5180000000000000200, -0.2210000000000000600 ) ) ;
#4811 = CIRCLE ( 'NONE', #1413, 0.06350000000011289700 ) ;
#4812 = FACE_OUTER_BOUND ( 'NONE', #7431, .T. ) ;
#4813 = ORIENTED_EDGE ( 'NONE', *, *, #3630, .T. ) ;
#4814 = FACE_OUTER_BOUND ( 'NONE', #3665, .T. ) ;
#4815 = ORIENTED_EDGE ( 'NONE', *, *, #2837, .T. ) ;
#4816 = VERTEX_POINT ( 'NONE', #9194 ) ;
#4817 = EDGE_CURVE ( 'NONE', #2858, #6471, #2106, .T. ) ;
#4818 = DIRECTION ( 'NONE',  ( -0.0000000000000000000, -0.0000000000000000000, 1.000000000000000000 ) ) ;
#4819 = DIRECTION ( 'NONE',  ( 1.000000000000000000, 0.0000000000000000000, 0.0000000000000000000 ) ) ;
#4820 = CIRCLE ( 'NONE', #5858, 0.07649999999999998500 ) ;
#4821 = CARTESIAN_POINT ( 'NONE',  ( 0.7359043816321273500, 0.4231567020380064300, 0.0000000000000000000 ) ) ;
#4822 = CIRCLE ( 'NONE', #5054, 0.03999999999999998000 ) ;
#4823 = LINE ( 'NONE', #6418, #6503 ) ;
#4824 = DIRECTION ( 'NONE',  ( 0.0000000000000000000, -0.0000000000000000000, -1.000000000000000000 ) ) ;
#4825 = VERTEX_POINT ( 'NONE', #2173 ) ;
#4826 = CARTESIAN_POINT ( 'NONE',  ( 0.6974999999999999000, 0.3450000000000002000, -0.2725000000000000200 ) ) ;
#4827 = CIRCLE ( 'NONE', #1470, 0.009815670203803203800 ) ;
#4828 = CIRCLE ( 'NONE', #6368, 0.03141014465217447500 ) ;
#4829 = DIRECTION ( 'NONE',  ( -0.0000000000000000000, -0.0000000000000000000, 1.000000000000000000 ) ) ;
#4830 = EDGE_CURVE ( 'NONE', #678, #6672, #7700, .T. ) ;
#4831 = EDGE_CURVE ( 'NONE', #3504, #5548, #1864, .T. ) ;
#4832 =( BOUNDED_CURVE ( )  B_SPLINE_CURVE ( 3, ( #548, #808, #892, #4588 ),
 .UNSPECIFIED., .F., .F. ) 
 B_SPLINE_CURVE_WITH_KNOTS ( ( 4, 4 ),
 ( 1.551927282592121100, 1.570796326791456200 ),
 .UNSPECIFIED. ) 
 CURVE ( )  GEOMETRIC_REPRESENTATION_ITEM ( )  RATIONAL_B_SPLINE_CURVE ( ( 1.000000000000000000, 0.9999703301509944600, 0.9999703301509944600, 1.000000000000000000 ) ) 
 REPRESENTATION_ITEM ( '' )  );
#4833 = DIRECTION ( 'NONE',  ( 1.000000000000000000, 0.0000000000000000000, 0.0000000000000000000 ) ) ;
#4834 = DIRECTION ( 'NONE',  ( 0.9169493006158518900, 0.2821382463437958600, 0.2821382463441419200 ) ) ;
#4835 = ORIENTED_EDGE ( 'NONE', *, *, #7722, .F. ) ;
#4836 = EDGE_LOOP ( 'NONE', ( #3833, #2795, #2870, #4324 ) ) ;
#4837 = DIRECTION ( 'NONE',  ( 1.000000000000000000, 0.0000000000000000000, 0.0000000000000000000 ) ) ;
#4838 = LINE ( 'NONE', #4153, #2591 ) ;
#4839 = LINE ( 'NONE', #4864, #2592 ) ;
#4840 = DIRECTION ( 'NONE',  ( -0.0000000000000000000, -0.0000000000000000000, 1.000000000000000000 ) ) ;
#4841 = APPROVAL ( #5954, 'UNKNOWN' ) ;
#4842 = ORIENTED_EDGE ( 'NONE', *, *, #3674, .T. ) ;
#4843 = CARTESIAN_POINT ( 'NONE',  ( 1.042500000000000200, 0.05000000000000000300, -0.2725000000000000200 ) ) ;
#4844 = ORIENTED_EDGE ( 'NONE', *, *, #2395, .F. ) ;
#4845 = ORIENTED_EDGE ( 'NONE', *, *, #8531, .F. ) ;
#4846 = EDGE_CURVE ( 'NONE', #264, #3652, #5873, .T. ) ;
#4847 = CARTESIAN_POINT ( 'NONE',  ( 0.1536499778721389700, 0.06956181146273769700, -0.02500000000006324900 ) ) ;
#4848 = VECTOR ( 'NONE', #5285, 39.37007874015748100 ) ;
#4849 = VERTEX_POINT ( 'NONE', #7354 ) ;
#4850 = VERTEX_POINT ( 'NONE', #1288 ) ;
#4851 = CARTESIAN_POINT ( 'NONE',  ( 1.014178631909972200, 0.0000000000000000000, -0.01000000000000000000 ) ) ;
#4852 = CARTESIAN_POINT ( 'NONE',  ( 0.9547938271769774700, 0.3539562271012334200, -0.01000000000000000000 ) ) ;
#4853 = DIRECTION ( 'NONE',  ( 0.0000000000000000000, 0.0000000000000000000, -1.000000000000000000 ) ) ;
#4854 = VERTEX_POINT ( 'NONE', #6592 ) ;
#4855 = DIRECTION ( 'NONE',  ( -0.0000000000000000000, -0.0000000000000000000, 1.000000000000000000 ) ) ;
#4856 = CARTESIAN_POINT ( 'NONE',  ( 0.4974999999999998900, 0.3450000000000001400, -0.1480000000000000200 ) ) ;
#4857 = VERTEX_POINT ( 'NONE', #1855 ) ;
#4858 = EDGE_CURVE ( 'NONE', #6496, #1878, #8988, .T. ) ;
#4859 = ORIENTED_EDGE ( 'NONE', *, *, #8148, .F. ) ;
#4860 = ADVANCED_FACE ( 'NONE', ( #1596 ), #4390, .F. ) ;
#4861 = APPROVAL_PERSON_ORGANIZATION ( #6748, #8879, #4270 ) ;
#4862 = ORIENTED_EDGE ( 'NONE', *, *, #6318, .F. ) ;
#4863 = DIRECTION ( 'NONE',  ( -1.000000000000000000, -1.106190048104503000E-013, 4.313434190744403800E-014 ) ) ;
#4864 = CARTESIAN_POINT ( 'NONE',  ( 0.9974999999999999400, 0.5999999999999999800, -0.07249999999999996700 ) ) ;
#4865 = CARTESIAN_POINT ( 'NONE',  ( 0.9187212391779922000, 0.3831578459575294400, 0.0000000000000000000 ) ) ;
#4866 = ORIENTED_EDGE ( 'NONE', *, *, #6624, .T. ) ;
#4867 = VECTOR ( 'NONE', #7546, 39.37007874015748100 ) ;
#4868 = ORIENTED_EDGE ( 'NONE', *, *, #5458, .F. ) ;
#4869 = CARTESIAN_POINT ( 'NONE',  ( 0.6675000000020714400, 0.6712132034341641300, -0.3100000000010519900 ) ) ;
#4870 = DIRECTION ( 'NONE',  ( -1.000000000000000000, -0.0000000000000000000, -0.0000000000000000000 ) ) ;
#4871 = ORIENTED_EDGE ( 'NONE', *, *, #2975, .F. ) ;
#4872 = CARTESIAN_POINT ( 'NONE',  ( 0.5506336064154143700, 0.2268432979619855200, -0.01000000000000000000 ) ) ;
#4873 = EDGE_CURVE ( 'NONE', #254, #6749, #7478, .T. ) ;
#4874 = ORIENTED_EDGE ( 'NONE', *, *, #1782, .T. ) ;
#4875 = ORIENTED_EDGE ( 'NONE', *, *, #8511, .F. ) ;
#4876 = AXIS2_PLACEMENT_3D ( 'NONE', #1655, #7169, #1688 ) ;
#4877 = DIRECTION ( 'NONE',  ( -0.0000000000000000000, 1.000000000000000000, -0.0000000000000000000 ) ) ;
#4878 = CARTESIAN_POINT ( 'NONE',  ( 0.4374999999999998900, 0.05000000000000000300, -0.1499999999999999900 ) ) ;
#4879 = CYLINDRICAL_SURFACE ( 'NONE', #7655, 0.03999999999999998000 ) ;
#4880 = ORIENTED_EDGE ( 'NONE', *, *, #2937, .T. ) ;
#4881 = DIRECTION ( 'NONE',  ( -0.0000000000000000000, -0.0000000000000000000, 1.000000000000000000 ) ) ;
#4882 = DIRECTION ( 'NONE',  ( 1.000000000000000000, 0.0000000000000000000, 0.0000000000000000000 ) ) ;
#4883 = PLANE ( 'NONE',  #5387 ) ;
#4884 = AXIS2_PLACEMENT_3D ( 'NONE', #4633, #4818, #7188 ) ;
#4885 = ORIENTED_EDGE ( 'NONE', *, *, #3064, .F. ) ;
#4886 = VERTEX_POINT ( 'NONE', #4189 ) ;
#4887 = ADVANCED_FACE ( 'NONE', ( #5416 ), #5207, .F. ) ;
#4888 = ADVANCED_FACE ( 'NONE', ( #8772 ), #1100, .T. ) ;
#4889 = LINE ( 'NONE', #1199, #2898 ) ;
#4890 = ORIENTED_EDGE ( 'NONE', *, *, #4168, .F. ) ;
#4891 = EDGE_CURVE ( 'NONE', #1490, #6157, #3222, .T. ) ;
#4892 = ORIENTED_EDGE ( 'NONE', *, *, #5469, .F. ) ;
#4893 = CARTESIAN_POINT ( 'NONE',  ( 0.7089112885716689600, 0.0000000000000000000, -0.01000000000000000000 ) ) ;
#4894 = ORIENTED_EDGE ( 'NONE', *, *, #6680, .F. ) ;
#4895 = DIRECTION ( 'NONE',  ( -0.0000000000000000000, -1.000000000000000000, -4.553079989440441700E-016 ) ) ;
#4896 = CARTESIAN_POINT ( 'NONE',  ( 0.5374999999999999800, 0.2699999999999999100, -0.1490000000000000800 ) ) ;
#4897 = FACE_BOUND ( 'NONE', #2855, .T. ) ;
#4898 = ORIENTED_EDGE ( 'NONE', *, *, #1665, .T. ) ;
#4899 = ORIENTED_EDGE ( 'NONE', *, *, #4724, .T. ) ;
#4900 = LINE ( 'NONE', #1582, #5156 ) ;
#4901 = CC_DESIGN_APPROVAL ( #4411, ( #3917 ) ) ;
#4902 = ORIENTED_EDGE ( 'NONE', *, *, #7160, .F. ) ;
#4903 = DIRECTION ( 'NONE',  ( 1.000000000000000200, 7.695819387939327300E-012, -5.225478417167782200E-012 ) ) ;
#4904 = EDGE_CURVE ( 'NONE', #1138, #8861, #7067, .T. ) ;
#4905 = ADVANCED_FACE ( 'NONE', ( #8588 ), #7545, .T. ) ;
#4906 = LINE ( 'NONE', #9112, #6582 ) ;
#4907 = ORIENTED_EDGE ( 'NONE', *, *, #3922, .F. ) ;
#4908 = DIRECTION ( 'NONE',  ( -1.000000000000000000, 0.0000000000000000000, 0.0000000000000000000 ) ) ;
#4909 = FACE_OUTER_BOUND ( 'NONE', #433, .T. ) ;
#4910 = CARTESIAN_POINT ( 'NONE',  ( 0.5832707099630101100, 0.4231567020380508400, -0.01000000000000000000 ) ) ;
#4911 = VECTOR ( 'NONE', #132, 39.37007874015748100 ) ;
#4912 = EDGE_CURVE ( 'NONE', #27, #7467, #4952, .T. ) ;
#4913 = CARTESIAN_POINT ( 'NONE',  ( 0.7374999999999998200, 0.2699999999999999100, -0.2220000000000000600 ) ) ;
#4914 = CYLINDRICAL_SURFACE ( 'NONE', #8867, 0.009815670203796237100 ) ;
#4915 = VERTEX_POINT ( 'NONE', #1518 ) ;
#4916 = ORIENTED_EDGE ( 'NONE', *, *, #5645, .T. ) ;
#4917 = VECTOR ( 'NONE', #6167, 39.37007874015748100 ) ;
#4918 = VERTEX_POINT ( 'NONE', #8662 ) ;
#4919 = LINE ( 'NONE', #722, #5180 ) ;
#4920 = ORIENTED_EDGE ( 'NONE', *, *, #4788, .F. ) ;
#4921 = CYLINDRICAL_SURFACE ( 'NONE', #1880, 0.07649999999999998500 ) ;
#4922 = CARTESIAN_POINT ( 'NONE',  ( 0.6083006689826734300, 0.2719953808994843300, -0.01000000000000000000 ) ) ;
#4923 = AXIS2_PLACEMENT_3D ( 'NONE', #9285, #6524, #9165 ) ;
#4924 = ORIENTED_EDGE ( 'NONE', *, *, #5736, .F. ) ;
#4925 = DIRECTION ( 'NONE',  ( 0.7071067811861100300, -0.7071067811869850000, -9.502933384003597800E-014 ) ) ;
#4926 = DIRECTION ( 'NONE',  ( 0.0000000000000000000, 1.000000000000000000, 4.553079989440425900E-016 ) ) ;
#4927 = EDGE_CURVE ( 'NONE', #5583, #3449, #2966, .T. ) ;
#4928 = LINE ( 'NONE', #3297, #7044 ) ;
#4929 = VECTOR ( 'NONE', #8564, 39.37007874015748100 ) ;
#4930 = DIRECTION ( 'NONE',  ( 7.695808612430578300E-012, -1.000000000000000000, -9.453018302633165800E-013 ) ) ;
#4931 = VECTOR ( 'NONE', #8687, 39.37007874015748100 ) ;
#4932 = DIRECTION ( 'NONE',  ( -0.7071067811869848900, -1.369070025534233800E-014, 0.7071067811861102600 ) ) ;
#4933 = CARTESIAN_POINT ( 'NONE',  ( 0.9547938271769670400, 0.3063502266127573500, -0.01000000000000000000 ) ) ;
#4934 = DIRECTION ( 'NONE',  ( -0.0000000000000000000, -0.0000000000000000000, 1.000000000000000000 ) ) ;
#4935 = ORIENTED_EDGE ( 'NONE', *, *, #2395, .T. ) ;
#4936 = CALENDAR_DATE ( 2019, 15, 10 ) ;
#4937 = CARTESIAN_POINT ( 'NONE',  ( 0.0000000000000000000, 0.3318709691426837100, -0.01000000000000000000 ) ) ;
#4938 = VERTEX_POINT ( 'NONE', #2455 ) ;
#4939 = LOCAL_TIME ( 8, 51, 22.00000000000000000, #6827 ) ;
#4940 = VECTOR ( 'NONE', #4834, 39.37007874015748100 ) ;
#4941 = CARTESIAN_POINT ( 'NONE',  ( 0.3361881571572882800, 0.01249999999994301000, -0.02500000000030747800 ) ) ;
#4942 = CIRCLE ( 'NONE', #3754, 0.006000000000000086000 ) ;
#4943 = ORIENTED_EDGE ( 'NONE', *, *, #4101, .T. ) ;
#4944 = CARTESIAN_POINT ( 'NONE',  ( 0.0000000000000000000, 0.3318709691426837100, 0.0000000000000000000 ) ) ;
#4945 = DIRECTION ( 'NONE',  ( -0.0000000000000000000, 1.000000000000000000, -0.0000000000000000000 ) ) ;
#4946 = EDGE_CURVE ( 'NONE', #7797, #5404, #4723, .T. ) ;
#4947 = DIRECTION ( 'NONE',  ( -0.0000000000000000000, 0.0000000000000000000, 1.000000000000000000 ) ) ;
#4948 = ORIENTED_EDGE ( 'NONE', *, *, #4541, .T. ) ;
#4949 = CARTESIAN_POINT ( 'NONE',  ( 0.1332132034360505900, 0.03400000000001522600, -0.01300000000007222800 ) ) ;
#4950 = ORIENTED_EDGE ( 'NONE', *, *, #9, .T. ) ;
#4951 = CALENDAR_DATE ( 2019, 15, 10 ) ;
#4952 = LINE ( 'NONE', #9347, #5650 ) ;
#4953 = CIRCLE ( 'NONE', #8730, 0.009815670203822599700 ) ;
#4954 = EDGE_LOOP ( 'NONE', ( #8916, #1521, #7186, #7205 ) ) ;
#4955 = DIRECTION ( 'NONE',  ( 0.0000000000000000000, 1.000000000000000000, 0.0000000000000000000 ) ) ;
#4956 = ADVANCED_FACE ( 'NONE', ( #622 ), #6466, .F. ) ;
#4957 = CARTESIAN_POINT ( 'NONE',  ( 0.3361881571568977600, 0.04400000000001326500, 1.737455323970471400E-013 ) ) ;
#4958 =( GEOMETRIC_REPRESENTATION_CONTEXT ( 3 ) GLOBAL_UNCERTAINTY_ASSIGNED_CONTEXT ( ( #7432 ) ) GLOBAL_UNIT_ASSIGNED_CONTEXT ( ( #2556, #7632, #3375 ) ) REPRESENTATION_CONTEXT ( 'NONE', 'WORKASPACE' ) );
#4959 = EDGE_LOOP ( 'NONE', ( #3085, #5798, #7116, #6329 ) ) ;
#4960 = CARTESIAN_POINT ( 'NONE',  ( -1.378577015171063900E-015, 0.3318709691426820500, -0.01000000000000000000 ) ) ;
#4961 = EDGE_CURVE ( 'NONE', #4509, #3525, #6837, .T. ) ;
#4962 = EDGE_LOOP ( 'NONE', ( #5149, #2354, #2899, #8212 ) ) ;
#4963 = VECTOR ( 'NONE', #6620, 39.37007874015748100 ) ;
#4964 = EDGE_CURVE ( 'NONE', #6306, #2346, #859, .T. ) ;
#4965 = CARTESIAN_POINT ( 'NONE',  ( 0.7398306497136468700, 0.3083133606535453700, 0.0000000000000000000 ) ) ;
#4966 = ORIENTED_EDGE ( 'NONE', *, *, #9263, .T. ) ;
#4967 = PLANE ( 'NONE',  #6328 ) ;
#4968 = VERTEX_POINT ( 'NONE', #163 ) ;
#4969 = ORIENTED_EDGE ( 'NONE', *, *, #4249, .F. ) ;
#4970 = APPLICATION_CONTEXT ( 'configuration controlled 3d designs of mechanical parts and assemblies' ) ;
#4971 = CARTESIAN_POINT ( 'NONE',  ( 0.6974999999999999000, 0.3450000000000001400, -0.1480000000000000200 ) ) ;
#4972 = CARTESIAN_POINT ( 'NONE',  ( 0.7374999999999998200, 0.2700000000000001800, -0.1480000000000000200 ) ) ;
#4973 = VERTEX_POINT ( 'NONE', #8094 ) ;
#4974 = VERTEX_POINT ( 'NONE', #886 ) ;
#4975 = CARTESIAN_POINT ( 'NONE',  ( 0.4374999999999998900, 0.5579999999999996100, -0.07250000000000000900 ) ) ;
#4976 = EDGE_CURVE ( 'NONE', #954, #7237, #365, .T. ) ;
#4977 = CARTESIAN_POINT ( 'NONE',  ( 0.4374999999999998900, 0.5999999999999999800, -0.2610000000000000700 ) ) ;
#4978 = APPROVAL_DATE_TIME ( #6860, #7890 ) ;
#4979 = ORIENTED_EDGE ( 'NONE', *, *, #5164, .T. ) ;
#4980 = CARTESIAN_POINT ( 'NONE',  ( 0.8374999999999999100, 0.3450000000000002000, -0.09750000000000001700 ) ) ;
#4981 = EDGE_CURVE ( 'NONE', #5727, #7145, #2467, .T. ) ;
#4982 = DIRECTION ( 'NONE',  ( 0.0000000000000000000, 4.553079989440425900E-016, -1.000000000000000000 ) ) ;
#4983 = CARTESIAN_POINT ( 'NONE',  ( 0.3784999999999999500, 0.4749999999999999800, -0.2820000000000000300 ) ) ;
#4984 = CARTESIAN_POINT ( 'NONE',  ( 1.014178631909972200, 0.3637718973050384500, 0.0000000000000000000 ) ) ;
#4985 = CARTESIAN_POINT ( 'NONE',  ( 1.147500000000000200, 0.5999999999999999800, 0.0000000000000000000 ) ) ;
#4986 = EDGE_LOOP ( 'NONE', ( #4627, #5196, #5187, #5182 ) ) ;
#4987 = DIRECTION ( 'NONE',  ( -0.0000000000000000000, 0.0000000000000000000, 1.000000000000000000 ) ) ;
#4988 = PLANE ( 'NONE',  #1820 ) ;
#4989 = DIRECTION ( 'NONE',  ( 1.000000000000000000, 0.0000000000000000000, 0.0000000000000000000 ) ) ;
#4990 = ORIENTED_EDGE ( 'NONE', *, *, #8290, .F. ) ;
#4991 = CARTESIAN_POINT ( 'NONE',  ( 0.4463421106199380000, 0.4231567020380325200, -0.01000000000000000000 ) ) ;
#4992 = ORIENTED_EDGE ( 'NONE', *, *, #8584, .F. ) ;
#4993 = DIRECTION ( 'NONE',  ( 1.000000000000000000, 0.0000000000000000000, 0.0000000000000000000 ) ) ;
#4994 = EDGE_LOOP ( 'NONE', ( #7483, #7475, #7387, #7379 ) ) ;
#4995 = CARTESIAN_POINT ( 'NONE',  ( 0.7398306497136468700, 0.0000000000000000000, 0.0000000000000000000 ) ) ;
#4996 = CARTESIAN_POINT ( 'NONE',  ( 0.8374999999999999100, 0.3450000000000001400, -0.1479999999999999900 ) ) ;
#4997 = LINE ( 'NONE', #3667, #3008 ) ;
#4998 = ORIENTED_EDGE ( 'NONE', *, *, #3116, .T. ) ;
#4999 = CARTESIAN_POINT ( 'NONE',  ( 0.5837132034358345500, 0.03400000000009817400, -0.009000000000313984300 ) ) ;
#5000 = DIRECTION ( 'NONE',  ( -0.0000000000000000000, -1.352399996863497200E-015, -1.000000000000000000 ) ) ;
#5001 = VERTEX_POINT ( 'NONE', #8355 ) ;
#5002 = CARTESIAN_POINT ( 'NONE',  ( 0.3674999999999998300, 0.5600000000000002800, -0.1490000000000000800 ) ) ;
#5003 = DIRECTION ( 'NONE',  ( 1.000000000000000000, 0.0000000000000000000, 0.0000000000000000000 ) ) ;
#5004 = EDGE_CURVE ( 'NONE', #942, #6554, #4272, .T. ) ;
#5005 = ORIENTED_EDGE ( 'NONE', *, *, #8561, .F. ) ;
#5006 = PERSON_AND_ORGANIZATION_ROLE ( 'design_supplier' ) ;
#5007 = DIRECTION ( 'NONE',  ( 1.106190048102486900E-013, 1.000000000000000000, 9.125743083008812900E-014 ) ) ;
#5008 = AXIS2_PLACEMENT_3D ( 'NONE', #2367, #2318, #4727 ) ;
#5009 = DIRECTION ( 'NONE',  ( -0.0000000000000000000, 0.0000000000000000000, 1.000000000000000000 ) ) ;
#5010 = VECTOR ( 'NONE', #6799, 39.37007874015748100 ) ;
#5011 = ORIENTED_EDGE ( 'NONE', *, *, #8026, .T. ) ;
#5012 = ADVANCED_FACE ( 'NONE', ( #116, #6204 ), #5717, .T. ) ;
#5013 = DIRECTION ( 'NONE',  ( -0.0000000000000000000, -1.000000000000000000, -4.553079989440441700E-016 ) ) ;
#5014 = EDGE_CURVE ( 'NONE', #5996, #2063, #5976, .T. ) ;
#5015 = ORIENTED_EDGE ( 'NONE', *, *, #6960, .T. ) ;
#5016 = CARTESIAN_POINT ( 'NONE',  ( 0.3924999999999996800, 0.05000000000000000300, -0.09750000000000001700 ) ) ;
#5017 = PLANE ( 'NONE',  #3946 ) ;
#5018 = ORIENTED_EDGE ( 'NONE', *, *, #5166, .T. ) ;
#5019 = DIRECTION ( 'NONE',  ( -0.0000000000000000000, -0.0000000000000000000, 1.000000000000000000 ) ) ;
#5020 = LINE ( 'NONE', #7666, #921 ) ;
#5021 = ORIENTED_EDGE ( 'NONE', *, *, #6902, .F. ) ;
#5022 = DIRECTION ( 'NONE',  ( 0.0000000000000000000, 0.0000000000000000000, 1.000000000000000000 ) ) ;
#5023 = DIRECTION ( 'NONE',  ( -0.0000000000000000000, 0.0000000000000000000, 1.000000000000000000 ) ) ;
#5024 = CARTESIAN_POINT ( 'NONE',  ( 0.5837132034361299800, 0.01600000000007792400, -0.009000000000524883300 ) ) ;
#5025 = DIRECTION ( 'NONE',  ( 0.0000000000000000000, -1.000000000000000000, 0.0000000000000000000 ) ) ;
#5026 = ORIENTED_EDGE ( 'NONE', *, *, #6835, .T. ) ;
#5027 = CARTESIAN_POINT ( 'NONE',  ( 0.5374999999999999800, 0.3450000000000001400, -0.2220000000000000600 ) ) ;
#5028 = EDGE_CURVE ( 'NONE', #6408, #516, #8197, .T. ) ;
#5029 = EDGE_CURVE ( 'NONE', #5926, #4092, #7801, .T. ) ;
#5030 = CARTESIAN_POINT ( 'NONE',  ( 0.4974999999999998900, 0.5180000000000000200, -0.1489999999999998800 ) ) ;
#5031 = VECTOR ( 'NONE', #2748, 39.37007874015748100 ) ;
#5032 = ORIENTED_EDGE ( 'NONE', *, *, #271, .T. ) ;
#5033 = VECTOR ( 'NONE', #862, 39.37007874015748100 ) ;
#5034 = DIRECTION ( 'NONE',  ( 0.0000000000000000000, 0.0000000000000000000, 1.000000000000000000 ) ) ;
#5035 = LINE ( 'NONE', #2873, #940 ) ;
#5036 = CC_DESIGN_SECURITY_CLASSIFICATION ( #4538, ( #9375 ) ) ;
#5037 = CARTESIAN_POINT ( 'NONE',  ( 0.3924999999999996800, 0.05000000000000000300, 0.0000000000000000000 ) ) ;
#5038 = FACE_OUTER_BOUND ( 'NONE', #3770, .T. ) ;
#5039 = ORIENTED_EDGE ( 'NONE', *, *, #7215, .T. ) ;
#5040 = CYLINDRICAL_SURFACE ( 'NONE', #2009, 0.03999999999999998000 ) ;
#5041 = PERSON_AND_ORGANIZATION_ROLE ( 'creator' ) ;
#5042 = VERTEX_POINT ( 'NONE', #676 ) ;
#5043 = EDGE_CURVE ( 'NONE', #3025, #215, #9275, .T. ) ;
#5044 = CARTESIAN_POINT ( 'NONE',  ( 0.1478113162177331900, 0.08117688916756331300, -0.006000000000941686100 ) ) ;
#5045 = LINE ( 'NONE', #7095, #8464 ) ;
#5046 = VECTOR ( 'NONE', #6936, 39.37007874015748100 ) ;
#5047 = ORIENTED_EDGE ( 'NONE', *, *, #1877, .F. ) ;
#5048 = VECTOR ( 'NONE', #7073, 39.37007874015748100 ) ;
#5049 = CARTESIAN_POINT ( 'NONE',  ( 0.6374999999999998400, 0.2699999999999999100, -0.2220000000000000600 ) ) ;
#5050 = EDGE_CURVE ( 'NONE', #684, #922, #7585, .T. ) ;
#5051 = ORIENTED_EDGE ( 'NONE', *, *, #369, .F. ) ;
#5052 = CARTESIAN_POINT ( 'NONE',  ( 0.8374999999999999100, 0.3450000000000002000, -0.09750000000000001700 ) ) ;
#5053 = CIRCLE ( 'NONE', #6153, 0.01850000000000008900 ) ;
#5054 = AXIS2_PLACEMENT_3D ( 'NONE', #8158, #3953, #8773 ) ;
#5055 = CARTESIAN_POINT ( 'NONE',  ( 0.3674999999999998300, 0.5600000000000002800, -0.2210000000000000900 ) ) ;
#5056 = FACE_OUTER_BOUND ( 'NONE', #1862, .T. ) ;
#5057 = DIRECTION ( 'NONE',  ( -1.000000000000000000, -1.109813247426091100E-013, 4.402252032763738400E-014 ) ) ;
#5058 = VECTOR ( 'NONE', #8060, 39.37007874015748100 ) ;
#5059 = PLANE ( 'NONE',  #3259 ) ;
#5060 = EDGE_LOOP ( 'NONE', ( #2278, #2033, #7618, #7209 ) ) ;
#5061 = DIRECTION ( 'NONE',  ( -1.000000000000000000, 0.0000000000000000000, 0.0000000000000000000 ) ) ;
#5062 = ADVANCED_FACE ( 'NONE', ( #4027 ), #5530, .F. ) ;
#5063 = ITEM_DEFINED_TRANSFORMATION ( 'NONE', 'NONE', #9039,  #2951 ) ;
#5064 = ORIENTED_EDGE ( 'NONE', *, *, #6532, .T. ) ;
#5065 = CARTESIAN_POINT ( 'NONE',  ( 0.4374999999999998900, 0.2700000000000001800, -0.1480000000000000800 ) ) ;
#5066 = DIRECTION ( 'NONE',  ( 1.000000000000000000, 0.0000000000000000000, 0.0000000000000000000 ) ) ;
#5067 = VECTOR ( 'NONE', #3002, 39.37007874015748100 ) ;
#5068 = VECTOR ( 'NONE', #6742, 39.37007874015748100 ) ;
#5069 = CARTESIAN_POINT ( 'NONE',  ( 0.4375000000000010000, 0.5580000000000000500, -0.2975000000000000400 ) ) ;
#5070 = CARTESIAN_POINT ( 'NONE',  ( 0.3924999999999996800, 0.05000000000000000300, 0.0000000000000000000 ) ) ;
#5071 = VECTOR ( 'NONE', #6651, 39.37007874015748900 ) ;
#5072 = AXIS2_PLACEMENT_3D ( 'NONE', #9276, #6211, #3036 ) ;
#5073 = CARTESIAN_POINT ( 'NONE',  ( 0.0000000000000000000, 0.2268432979619829900, -0.01000000000000000000 ) ) ;
#5074 = DIRECTION ( 'NONE',  ( 0.0000000000000000000, 1.000000000000000000, -0.0000000000000000000 ) ) ;
#5075 = VERTEX_POINT ( 'NONE', #1566 ) ;
#5076 = PERSON_AND_ORGANIZATION ( #5718, #6945 ) ;
#5077 = EDGE_CURVE ( 'NONE', #6081, #5195, #9075, .T. ) ;
#5078 = VERTEX_POINT ( 'NONE', #1471 ) ;
#5079 = ORGANIZATION ( 'NAUO-ORG10', 'UNSPECIFIED', 'UNSPECIFIED' ) ;
#5080 = PERSON_AND_ORGANIZATION_ROLE ( 'design_owner' ) ;
#5081 = AXIS2_PLACEMENT_3D ( 'NONE', #6469, #7496, #7536 ) ;
#5082 = LINE ( 'NONE', #1195, #8492 ) ;
#5083 = CARTESIAN_POINT ( 'NONE',  ( 0.4374999999999998900, 0.5999999999999999800, -0.07250000000000000900 ) ) ;
#5084 = CIRCLE ( 'NONE', #7288, 0.009815670203804980100 ) ;
#5085 = DIRECTION ( 'NONE',  ( 1.000000000000000000, 0.0000000000000000000, 0.0000000000000000000 ) ) ;
#5086 = DIRECTION ( 'NONE',  ( -1.106190048102663800E-013, -1.000000000000000000, -9.113775290980431800E-014 ) ) ;
#5088 = DIRECTION ( 'NONE',  ( 0.0000000000000000000, -1.000000000000000000, -4.553079989440441700E-016 ) ) ;
#5087 = DIRECTION ( 'NONE',  ( -0.0000000000000000000, 0.0000000000000000000, 1.000000000000000000 ) ) ;
#5089 = ORIENTED_EDGE ( 'NONE', *, *, #4190, .T. ) ;
#5090 = AXIS2_PLACEMENT_3D ( 'NONE', #8036, #5023, #4989 ) ;
#5091 = VECTOR ( 'NONE', #6369, 39.37007874015748900 ) ;
#5092 = VECTOR ( 'NONE', #4771, 39.37007874015748100 ) ;
#5093 = CARTESIAN_POINT ( 'NONE',  ( 0.2412000000003833600, 0.04250000000010914500, 0.005999999999924482400 ) ) ;
#5094 = EDGE_CURVE ( 'NONE', #2921, #6427, #5756, .T. ) ;
#5095 = DIRECTION ( 'NONE',  ( 0.0000000000000000000, -3.691686477924679400E-015, -1.000000000000000000 ) ) ;
#5096 = CARTESIAN_POINT ( 'NONE',  ( 0.9547938271769670400, 0.2965345564089693600, -0.01000000000000000000 ) ) ;
#5097 = VERTEX_POINT ( 'NONE', #1806 ) ;
#5098 = CARTESIAN_POINT ( 'NONE',  ( 0.7374999999999998200, 0.05000000000000001000, -0.09750000000000001700 ) ) ;
#5099 = ORIENTED_EDGE ( 'NONE', *, *, #3211, .F. ) ;
#5100 = CARTESIAN_POINT ( 'NONE',  ( 0.5802132034364446700, 0.01250000000018542700, 0.02499999999951851800 ) ) ;
#5101 = CARTESIAN_POINT ( 'NONE',  ( 0.8974999999999999600, 0.3450000000000002000, -0.2725000000000000200 ) ) ;
#5102 = FACE_OUTER_BOUND ( 'NONE', #2803, .T. ) ;
#5103 = ORIENTED_EDGE ( 'NONE', *, *, #2114, .T. ) ;
#5104 = PRODUCT_DEFINITION ( 'UNKNOWN', '', #7434, #6271 ) ;
#5105 = LOCAL_TIME ( 8, 51, 22.00000000000000000, #6968 ) ;
#5106 = ORIENTED_EDGE ( 'NONE', *, *, #7277, .F. ) ;
#5107 = PLANE ( 'NONE',  #7535 ) ;
#5108 = ORIENTED_EDGE ( 'NONE', *, *, #9, .F. ) ;
#5109 = DIRECTION ( 'NONE',  ( 1.000000000000000000, -0.0000000000000000000, -0.0000000000000000000 ) ) ;
#5110 = ORIENTED_EDGE ( 'NONE', *, *, #4830, .T. ) ;
#5111 = EDGE_CURVE ( 'NONE', #5558, #1386, #1730, .T. ) ;
#5112 = DIRECTION ( 'NONE',  ( -0.0000000000000000000, -1.352399996863497200E-015, -1.000000000000000000 ) ) ;
#5113 = DIRECTION ( 'NONE',  ( 1.000000000000000000, 0.0000000000000000000, 0.0000000000000000000 ) ) ;
#5114 = CARTESIAN_POINT ( 'NONE',  ( 0.7089112885716689600, 0.4133410318342099500, 0.0000000000000000000 ) ) ;
#5115 = EDGE_LOOP ( 'NONE', ( #5820, #2266, #8937, #5226 ) ) ;
#5116 = ORIENTED_EDGE ( 'NONE', *, *, #8266, .T. ) ;
#5117 = COORDINATED_UNIVERSAL_TIME_OFFSET ( 5, 0, .BEHIND. ) ;
#5118 = VERTEX_POINT ( 'NONE', #9312 ) ;
#5119 = DATE_TIME_ROLE ( 'classification_date' ) ;
#5120 = CARTESIAN_POINT ( 'NONE',  ( 0.5974999999999999200, 0.5580000000000000500, -0.2975000000000000400 ) ) ;
#5121 = VERTEX_POINT ( 'NONE', #1937 ) ;
#5122 = ADVANCED_FACE ( 'NONE', ( #7167 ), #8679, .F. ) ;
#5123 = ADVANCED_FACE ( 'NONE', ( #7374 ), #3859, .F. ) ;
#5124 = CARTESIAN_POINT ( 'NONE',  ( 0.9374999999999998900, 0.05000000000000014800, -0.2975000000000001000 ) ) ;
#5125 = EDGE_CURVE ( 'NONE', #8106, #5538, #6948, .T. ) ;
#5126 = ORIENTED_EDGE ( 'NONE', *, *, #3728, .T. ) ;
#5127 = AXIS2_PLACEMENT_3D ( 'NONE', #7161, #7836, #3589 ) ;
#5128 = LINE ( 'NONE', #37, #6758 ) ;
#5129 = ORIENTED_EDGE ( 'NONE', *, *, #6849, .T. ) ;
#5130 = CARTESIAN_POINT ( 'NONE',  ( 0.9374999999999998900, 0.5180000000000000200, -0.1489999999999998500 ) ) ;
#5131 = DIRECTION ( 'NONE',  ( 0.0000000000000000000, 1.000000000000000000, -0.0000000000000000000 ) ) ;
#5132 = CARTESIAN_POINT ( 'NONE',  ( 1.042500000000000200, 0.05000000000000000300, -0.2975000000000001000 ) ) ;
#5133 = CARTESIAN_POINT ( 'NONE',  ( 0.9374999999999998900, 0.05000000000000000300, -0.1499999999999999900 ) ) ;
#5134 = ORIENTED_EDGE ( 'NONE', *, *, #2099, .T. ) ;
#5135 = DIRECTION ( 'NONE',  ( 1.000000000000000000, 0.0000000000000000000, -0.0000000000000000000 ) ) ;
#5136 = VECTOR ( 'NONE', #2632, 39.37007874015748100 ) ;
#5137 = ORIENTED_EDGE ( 'NONE', *, *, #8551, .F. ) ;
#5138 = CARTESIAN_POINT ( 'NONE',  ( 1.004362961706168200, 0.4231567020380508400, -0.01000000000000000000 ) ) ;
#5139 = DIRECTION ( 'NONE',  ( 1.000000000000000000, 0.0000000000000000000, 0.0000000000000000000 ) ) ;
#5140 = EDGE_CURVE ( 'NONE', #6934, #4170, #3345, .T. ) ;
#5141 = ORIENTED_EDGE ( 'NONE', *, *, #3780, .F. ) ;
#5142 = CARTESIAN_POINT ( 'NONE',  ( 0.7496463199174502300, 0.3083133606535453700, -0.01000000000000000000 ) ) ;
#5143 = DIRECTION ( 'NONE',  ( 1.000000000000000000, 0.0000000000000000000, 0.0000000000000000000 ) ) ;
#5144 = ORIENTED_EDGE ( 'NONE', *, *, #9287, .T. ) ;
#5145 = CARTESIAN_POINT ( 'NONE',  ( 0.0000000000000000000, 0.4231567020380508400, -0.01000000000000000000 ) ) ;
#5146 = DIRECTION ( 'NONE',  ( -0.0000000000000000000, 0.0000000000000000000, 1.000000000000000000 ) ) ;
#5147 = CARTESIAN_POINT ( 'NONE',  ( 0.2126803834584893900, 0.09923518725025866300, 0.005999999999247257600 ) ) ;
#5148 = LINE ( 'NONE', #3260, #8537 ) ;
#5149 = ORIENTED_EDGE ( 'NONE', *, *, #7197, .T. ) ;
#5150 = APPROVAL_ROLE ( '' ) ;
#5151 = CARTESIAN_POINT ( 'NONE',  ( 0.7825288151001877900, 0.3083133606535526400, 0.0000000000000000000 ) ) ;
#5152 = VECTOR ( 'NONE', #6518, 39.37007874015748100 ) ;
#5153 = ORIENTED_EDGE ( 'NONE', *, *, #9331, .T. ) ;
#5154 = EDGE_CURVE ( 'NONE', #1968, #6081, #5082, .T. ) ;
#5155 = UNCERTAINTY_MEASURE_WITH_UNIT (LENGTH_MEASURE( 1.000000000000000100E-005 ), #5678, 'distance_accuracy_value', 'NONE');
#5156 = VECTOR ( 'NONE', #1593, 39.37007874015748100 ) ;
#5157 = DIRECTION ( 'NONE',  ( 0.0000000000000000000, -1.000000000000000000, -5.691349986800549600E-017 ) ) ;
#5158 = VERTEX_POINT ( 'NONE', #687 ) ;
#5159 = DIRECTION ( 'NONE',  ( 0.0000000000000000000, 1.000000000000000000, 0.0000000000000000000 ) ) ;
#5160 = DIRECTION ( 'NONE',  ( 0.0000000000000000000, 0.0000000000000000000, 1.000000000000000000 ) ) ;
#5161 = VECTOR ( 'NONE', #4494, 39.37007874015748100 ) ;
#5162 = ORIENTED_EDGE ( 'NONE', *, *, #1620, .T. ) ;
#5163 = LINE ( 'NONE', #5527, #8734 ) ;
#5164 = EDGE_CURVE ( 'NONE', #3173, #8936, #1230, .T. ) ;
#5165 = CARTESIAN_POINT ( 'NONE',  ( 0.3462132034362893100, 0.02549999999998826100, -0.006000000000335352500 ) ) ;
#5166 = EDGE_CURVE ( 'NONE', #2889, #608, #981, .T. ) ;
#5167 = DIRECTION ( 'NONE',  ( 1.000000000000000000, 0.0000000000000000000, 0.0000000000000000000 ) ) ;
#5168 = ADVANCED_FACE ( 'NONE', ( #8293 ), #466, .F. ) ;
#5169 = VECTOR ( 'NONE', #2073, 39.37007874015748100 ) ;
#5170 = VECTOR ( 'NONE', #1845, 39.37007874015748100 ) ;
#5171 = ORIENTED_EDGE ( 'NONE', *, *, #6475, .T. ) ;
#5172 = VECTOR ( 'NONE', #4808, 39.37007874015748100 ) ;
#5173 = PRODUCT_DEFINITION_SHAPE ( 'NONE', 'NONE',  #9376 ) ;
#5174 = ORIENTED_EDGE ( 'NONE', *, *, #320, .T. ) ;
#5175 = ORIENTED_EDGE ( 'NONE', *, *, #7302, .T. ) ;
#5176 = CARTESIAN_POINT ( 'NONE',  ( 0.9974999999999999400, 0.5579999999999999400, -0.2974999999999999900 ) ) ;
#5177 = ADVANCED_FACE ( 'NONE', ( #6513 ), #9002, .F. ) ;
#5178 = CARTESIAN_POINT ( 'NONE',  ( 0.0000000000000000000, 0.3318709691426837100, -0.01000000000000000000 ) ) ;
#5179 = PLANE ( 'NONE',  #7977 ) ;
#5180 = VECTOR ( 'NONE', #709, 39.37007874015748100 ) ;
#5181 = CARTESIAN_POINT ( 'NONE',  ( 0.8924643213828183900, 0.0000000000000000000, -0.01000000000000000000 ) ) ;
#5182 = ORIENTED_EDGE ( 'NONE', *, *, #5212, .T. ) ;
#5183 = APPROVAL_STATUS ( 'not_yet_approved' ) ;
#5184 = FACE_OUTER_BOUND ( 'NONE', #2946, .T. ) ;
#5185 = EDGE_CURVE ( 'NONE', #257, #7212, #4827, .T. ) ;
#5186 = CARTESIAN_POINT ( 'NONE',  ( 0.5974999999999999200, 0.5999999999999999800, -0.07250000000000000900 ) ) ;
#5187 = ORIENTED_EDGE ( 'NONE', *, *, #4190, .F. ) ;
#5188 = DIRECTION ( 'NONE',  ( 1.000000000000000000, 0.0000000000000000000, 0.0000000000000000000 ) ) ;
#5189 = DIRECTION ( 'NONE',  ( 1.000000000000000000, 0.0000000000000000000, 0.0000000000000000000 ) ) ;
#5190 = DIRECTION ( 'NONE',  ( 1.000000000000000000, -0.0000000000000000000, -0.0000000000000000000 ) ) ;
#5191 = VECTOR ( 'NONE', #6326, 39.37007874015748100 ) ;
#5192 = LINE ( 'NONE', #4910, #2942 ) ;
#5193 = VECTOR ( 'NONE', #1561, 39.37007874015748100 ) ;
#5194 = DIRECTION ( 'NONE',  ( 0.8934675157486069400, 0.4491278195592125500, 2.447117619705768500E-015 ) ) ;
#5195 = VERTEX_POINT ( 'NONE', #118 ) ;
#5196 = ORIENTED_EDGE ( 'NONE', *, *, #5140, .F. ) ;
#5197 = DIRECTION ( 'NONE',  ( 0.0000000000000000000, 0.0000000000000000000, -1.000000000000000000 ) ) ;
#5198 = LOCAL_TIME ( 8, 51, 22.00000000000000000, #7057 ) ;
#5199 = COORDINATED_UNIVERSAL_TIME_OFFSET ( 5, 0, .BEHIND. ) ;
#5200 = VECTOR ( 'NONE', #3634, 39.37007874015748100 ) ;
#5201 = FACE_OUTER_BOUND ( 'NONE', #7331, .T. ) ;
#5202 = CARTESIAN_POINT ( 'NONE',  ( 0.9374999999999998900, 0.3450000000000002000, -0.09750000000000000300 ) ) ;
#5203 = CARTESIAN_POINT ( 'NONE',  ( 0.8885380533012653400, 0.2268432979619829900, 0.0000000000000000000 ) ) ;
#5204 = ORIENTED_EDGE ( 'NONE', *, *, #2170, .T. ) ;
#5205 = ORIENTED_EDGE ( 'NONE', *, *, #4566, .T. ) ;
#5206 = DIRECTION ( 'NONE',  ( 1.000000000000000000, 0.0000000000000000000, 0.0000000000000000000 ) ) ;
#5207 = CYLINDRICAL_SURFACE ( 'NONE', #2197, 0.01850000000000008900 ) ;
#5208 = AXIS2_PLACEMENT_3D ( 'NONE', #4645, #5146, #5003 ) ;
#5209 = CYLINDRICAL_SURFACE ( 'NONE', #6078, 0.009815670203795690700 ) ;
#5210 = DIRECTION ( 'NONE',  ( 1.000000000000000000, 0.0000000000000000000, 0.0000000000000000000 ) ) ;
#5211 = EDGE_LOOP ( 'NONE', ( #5877, #6073, #5428, #3127 ) ) ;
#5212 = EDGE_CURVE ( 'NONE', #9352, #854, #4605, .T. ) ;
#5213 = ORIENTED_EDGE ( 'NONE', *, *, #6158, .F. ) ;
#5214 = SECURITY_CLASSIFICATION_LEVEL ( 'unclassified' ) ;
#5215 = VECTOR ( 'NONE', #2297, 39.37007874015748100 ) ;
#5216 = ORIENTED_EDGE ( 'NONE', *, *, #5627, .F. ) ;
#5217 = ADVANCED_FACE ( 'NONE', ( #491 ), #867, .F. ) ;
#5218 = CARTESIAN_POINT ( 'NONE',  ( 0.9374999999999998900, 0.5579999999999996100, -0.09749999999999961500 ) ) ;
#5219 = ORIENTED_EDGE ( 'NONE', *, *, #5515, .T. ) ;
#5220 = AXIS2_PLACEMENT_3D ( 'NONE', #6851, #3826, #7202 ) ;
#5221 = ORIENTED_EDGE ( 'NONE', *, *, #303, .F. ) ;
#5222 = ORIENTED_EDGE ( 'NONE', *, *, #4223, .F. ) ;
#5223 = CARTESIAN_POINT ( 'NONE',  ( 0.7974999999999998800, 0.3450000000000001400, -0.2220000000000000000 ) ) ;
#5224 = EDGE_CURVE ( 'NONE', #3687, #3977, #6716, .T. ) ;
#5225 = EDGE_CURVE ( 'NONE', #3483, #1981, #6308, .T. ) ;
#5226 = ORIENTED_EDGE ( 'NONE', *, *, #7817, .F. ) ;
#5227 = APPROVAL_PERSON_ORGANIZATION ( #7086, #7890, #1210 ) ;
#5228 = VERTEX_POINT ( 'NONE', #1794 ) ;
#5229 = CARTESIAN_POINT ( 'NONE',  ( 0.7374999999999998200, 0.3450000000000002000, -0.09750000000000001700 ) ) ;
#5230 = SECURITY_CLASSIFICATION ( '', '', #4394 ) ;
#5231 = EDGE_LOOP ( 'NONE', ( #3787, #8013, #5005, #8597 ) ) ;
#5232 = CARTESIAN_POINT ( 'NONE',  ( 0.4374999999999998900, 0.05000000000000001000, -0.09750000000000005900 ) ) ;
#5233 = SHAPE_REPRESENTATION_RELATIONSHIP ( 'NONE' , 'NONE' ,  #6268, #8919 ) ;
#5234 = ORIENTED_EDGE ( 'NONE', *, *, #6608, .T. ) ;
#5235 = EDGE_CURVE ( 'NONE', #1031, #1791, #7901, .T. ) ;
#5236 = CARTESIAN_POINT ( 'NONE',  ( 0.4525771644669118700, 0.03186396103076295100, 0.02499999999954283200 ) ) ;
#5237 = ORIENTED_EDGE ( 'NONE', *, *, #6032, .F. ) ;
#5238 =( REPRESENTATION_RELATIONSHIP ('NONE','NONE', #1285, #7662 ) REPRESENTATION_RELATIONSHIP_WITH_TRANSFORMATION ( #5063 )SHAPE_REPRESENTATION_RELATIONSHIP( ) );
#5239 = ORIENTED_EDGE ( 'NONE', *, *, #7793, .F. ) ;
#5240 = VECTOR ( 'NONE', #5845, 39.37007874015748100 ) ;
#5241 = VERTEX_POINT ( 'NONE', #2252 ) ;
#5242 = CARTESIAN_POINT ( 'NONE',  ( 0.1462132034361739200, 0.01399999999999107900, 0.002999999998901191500 ) ) ;
#5243 = CARTESIAN_POINT ( 'NONE',  ( 0.4372132034358621700, 0.02550000000011331000, -0.02500000000042699300 ) ) ;
#5244 = EDGE_CURVE ( 'NONE', #8477, #6016, #8093, .T. ) ;
#5245 = EDGE_LOOP ( 'NONE', ( #2575, #3633, #2279, #3282 ) ) ;
#5246 = DIRECTION ( 'NONE',  ( 0.0000000000000000000, 0.0000000000000000000, -1.000000000000000000 ) ) ;
#5247 = LINE ( 'NONE', #9240, #915 ) ;
#5248 = VERTEX_POINT ( 'NONE', #290 ) ;
#5249 = CARTESIAN_POINT ( 'NONE',  ( 0.7825288151001857900, 0.3318709691426853200, -0.01000000000000000000 ) ) ;
#5250 = PRODUCT_DEFINITION_SHAPE ( 'NONE', 'NONE',  #9371 ) ;
#5251 = CARTESIAN_POINT ( 'NONE',  ( 1.067500000000000100, 0.5999999999999999800, -0.2809999999999996900 ) ) ;
#5252 = EDGE_LOOP ( 'NONE', ( #2083, #1812, #2618, #2457, #2189, #8701 ) ) ;
#5253 = ORIENTED_EDGE ( 'NONE', *, *, #2604, .T. ) ;
#5254 = CARTESIAN_POINT ( 'NONE',  ( 0.5506336065353099100, 0.3250000000000201600, 0.0000000000000000000 ) ) ;
#5255 = CIRCLE ( 'NONE', #7093, 0.009815670203841039800 ) ;
#5256 = ORIENTED_EDGE ( 'NONE', *, *, #8037, .F. ) ;
#5257 = VERTEX_POINT ( 'NONE', #7848 ) ;
#5258 = DIRECTION ( 'NONE',  ( 1.000000000000000000, -0.0000000000000000000, -0.0000000000000000000 ) ) ;
#5259 = EDGE_CURVE ( 'NONE', #5574, #6404, #4380, .T. ) ;
#5260 = CARTESIAN_POINT ( 'NONE',  ( 0.1478113162178109300, 0.08117688916757583000, -0.02500000000095082800 ) ) ;
#5261 = DIRECTION ( 'NONE',  ( 1.000000000000000000, 0.0000000000000000000, 0.0000000000000000000 ) ) ;
#5262 = DIRECTION ( 'NONE',  ( -0.0000000000000000000, -0.0000000000000000000, 1.000000000000000000 ) ) ;
#5263 = CARTESIAN_POINT ( 'NONE',  ( 0.8374999999999999100, 0.2699999999999999100, -0.2210000000000000900 ) ) ;
#5264 = AXIS2_PLACEMENT_3D ( 'NONE', #6269, #6281, #6208 ) ;
#5265 = CARTESIAN_POINT ( 'NONE',  ( 1.042500000000000200, 0.05000000000000000300, -0.2725000000000000800 ) ) ;
#5266 = CARTESIAN_POINT ( 'NONE',  ( 0.4374999999999998900, 0.2699999999999999100, -0.2220000000000000900 ) ) ;
#5267 = VECTOR ( 'NONE', #1998, 39.37007874015748100 ) ;
#5268 = ORIENTED_EDGE ( 'NONE', *, *, #9191, .T. ) ;
#5269 = VECTOR ( 'NONE', #2765, 39.37007874015748100 ) ;
#5270 = ORIENTED_EDGE ( 'NONE', *, *, #7947, .T. ) ;
#5271 = DIRECTION ( 'NONE',  ( -1.101525363025879200E-013, -1.000000000000000000, -9.125743083012044100E-014 ) ) ;
#5272 = CARTESIAN_POINT ( 'NONE',  ( 0.8885380533012994200, 0.4231567020380508400, -0.01000000000000000000 ) ) ;
#5273 = EDGE_CURVE ( 'NONE', #282, #1863, #229, .T. ) ;
#5274 = CYLINDRICAL_SURFACE ( 'NONE', #7929, 0.006870969142663527000 ) ;
#5275 = VECTOR ( 'NONE', #5095, 39.37007874015748100 ) ;
#5276 = ORIENTED_EDGE ( 'NONE', *, *, #2019, .F. ) ;
#5277 = ORIENTED_EDGE ( 'NONE', *, *, #4166, .T. ) ;
#5278 = LINE ( 'NONE', #3341, #945 ) ;
#5279 = VERTEX_POINT ( 'NONE', #6605 ) ;
#5280 = CYLINDRICAL_SURFACE ( 'NONE', #1213, 0.006870969142648501700 ) ;
#5281 = SECURITY_CLASSIFICATION ( '', '', #6527 ) ;
#5282 = DIRECTION ( 'NONE',  ( -4.313434190716670600E-014, 9.125743083152196300E-014, 1.000000000000000000 ) ) ;
#5283 = VECTOR ( 'NONE', #5943, 39.37007874015748100 ) ;
#5284 = ORIENTED_EDGE ( 'NONE', *, *, #2848, .F. ) ;
#5285 = DIRECTION ( 'NONE',  ( -0.0000000000000000000, -0.0000000000000000000, 1.000000000000000000 ) ) ;
#5286 = LINE ( 'NONE', #374, #697 ) ;
#5287 = EDGE_CURVE ( 'NONE', #2978, #542, #1851, .T. ) ;
#5288 = CARTESIAN_POINT ( 'NONE',  ( 0.4375000000000010000, 0.5579999999999996100, -0.03900000000000072900 ) ) ;
#5289 = LINE ( 'NONE', #5218, #6699 ) ;
#5290 = FACE_OUTER_BOUND ( 'NONE', #4721, .T. ) ;
#5291 = DIRECTION ( 'NONE',  ( 1.000000000000000000, 1.107994145790018800E-013, -4.321962980031988100E-014 ) ) ;
#5292 = DIRECTION ( 'NONE',  ( -0.0000000000000000000, 1.000000000000000000, -0.0000000000000000000 ) ) ;
#5293 = CARTESIAN_POINT ( 'NONE',  ( 0.8787223830974585400, 0.0000000000000000000, -0.01000000000000000000 ) ) ;
#5294 = LINE ( 'NONE', #8286, #6930 ) ;
#5295 = CARTESIAN_POINT ( 'NONE',  ( 0.5871969780444987700, 0.0000000000000000000, -0.01000000000000000000 ) ) ;
#5296 = ORIENTED_EDGE ( 'NONE', *, *, #3727, .F. ) ;
#5297 = APPROVAL_DATE_TIME ( #7155, #1778 ) ;
#5298 = EDGE_CURVE ( 'NONE', #5666, #7293, #3913, .T. ) ;
#5299 = VERTEX_POINT ( 'NONE', #1888 ) ;
#5300 = PERSON_AND_ORGANIZATION_ROLE ( 'classification_officer' ) ;
#5301 = FACE_OUTER_BOUND ( 'NONE', #2893, .T. ) ;
#5302 = CC_DESIGN_DATE_AND_TIME_ASSIGNMENT ( #4603, #9299, ( #3318 ) ) ;
#5303 = AXIS2_PLACEMENT_3D ( 'NONE', #161, #5551, #964 ) ;
#5304 = LINE ( 'NONE', #3101, #3568 ) ;
#5305 = CIRCLE ( 'NONE', #3706, 0.03999999999999998000 ) ;
#5306 = ORIENTED_EDGE ( 'NONE', *, *, #1101, .T. ) ;
#5307 = LOCAL_TIME ( 8, 51, 22.00000000000000000, #7163 ) ;
#5308 = COORDINATED_UNIVERSAL_TIME_OFFSET ( 5, 0, .BEHIND. ) ;
#5309 = VECTOR ( 'NONE', #7678, 39.37007874015748100 ) ;
#5310 = VECTOR ( 'NONE', #8725, 39.37007874015748100 ) ;
#5311 = DIRECTION ( 'NONE',  ( -1.000000000000000000, 0.0000000000000000000, 0.0000000000000000000 ) ) ;
#5312 = CARTESIAN_POINT ( 'NONE',  ( 0.5940679471871664900, 0.4094147637527243400, 0.0000000000000000000 ) ) ;
#5313 = VERTEX_POINT ( 'NONE', #8791 ) ;
#5314 = DIRECTION ( 'NONE',  ( 0.5773502691889039800, -0.5773502691897357500, 0.5773502691902375700 ) ) ;
#5315 = EDGE_CURVE ( 'NONE', #2774, #4667, #5865, .T. ) ;
#5316 = FACE_OUTER_BOUND ( 'NONE', #9235, .T. ) ;
#5317 = PLANE ( 'NONE',  #3046 ) ;
#5318 = CIRCLE ( 'NONE', #1719, 0.009815670203806754800 ) ;
#5319 = DIRECTION ( 'NONE',  ( 1.000000000000000000, 0.0000000000000000000, 0.0000000000000000000 ) ) ;
#5320 = ORIENTED_EDGE ( 'NONE', *, *, #1368, .T. ) ;
#5322 = PLANE ( 'NONE',  #3279 ) ;
#5321 = DIRECTION ( 'NONE',  ( -0.0000000000000000000, -0.0000000000000000000, 1.000000000000000000 ) ) ;
#5323 = VERTEX_POINT ( 'NONE', #4343 ) ;
#5324 = CARTESIAN_POINT ( 'NONE',  ( 0.5832707099629760300, 0.2366589681657897700, 0.0000000000000000000 ) ) ;
#5325 = DIRECTION ( 'NONE',  ( -0.0000000000000000000, -0.0000000000000000000, 1.000000000000000000 ) ) ;
#5326 = ORIENTED_EDGE ( 'NONE', *, *, #4301, .F. ) ;
#5327 = EDGE_CURVE ( 'NONE', #3970, #8, #3693, .T. ) ;
#5328 = APPROVAL_DATE_TIME ( #7185, #6802 ) ;
#5329 = EDGE_LOOP ( 'NONE', ( #1761, #1134, #9014, #22 ) ) ;
#5330 = DATE_TIME_ROLE ( 'classification_date' ) ;
#5331 = ADVANCED_FACE ( 'NONE', ( #7472 ), #8880, .T. ) ;
#5332 = CARTESIAN_POINT ( 'NONE',  ( 0.8332132034357101500, 0.03400000000013539400, 0.004999999999357552200 ) ) ;
#5333 = ORIENTED_EDGE ( 'NONE', *, *, #691, .F. ) ;
#5334 = CARTESIAN_POINT ( 'NONE',  ( 0.3674999999999998300, 0.5600000000000002800, -0.2210000000000000900 ) ) ;
#5335 = CARTESIAN_POINT ( 'NONE',  ( 0.4374999999999998900, 0.5579999999999996100, -0.07250000000000000900 ) ) ;
#5336 = EDGE_LOOP ( 'NONE', ( #2091, #2103, #4803, #5771, #6113, #4320, #5656, #4289, #4400, #4948, #1997, #1804 ) ) ;
#5337 = CARTESIAN_POINT ( 'NONE',  ( 1.042500000000000200, 0.05000000000000000300, -0.3700000000000000000 ) ) ;
#5338 = LOCAL_TIME ( 8, 51, 22.00000000000000000, #7193 ) ;
#5339 = VERTEX_POINT ( 'NONE', #3591 ) ;
#5340 = DIRECTION ( 'NONE',  ( 0.0000000000000000000, 0.0000000000000000000, -1.000000000000000000 ) ) ;
#5341 = EDGE_CURVE ( 'NONE', #7748, #4213, #5641, .T. ) ;
#5342 = DIRECTION ( 'NONE',  ( 1.000000000000000000, 0.0000000000000000000, 0.0000000000000000000 ) ) ;
#5343 = EDGE_CURVE ( 'NONE', #5555, #1382, #7268, .T. ) ;
#5344 = CARTESIAN_POINT ( 'NONE',  ( 0.6397108136348436100, 0.3780046191005523900, -0.01000000000000000000 ) ) ;
#5345 = CARTESIAN_POINT ( 'NONE',  ( 1.014178631909940200, 0.0000000000000000000, -0.01000000000000000000 ) ) ;
#5346 = DIRECTION ( 'NONE',  ( -0.0000000000000000000, 1.000000000000000000, -0.0000000000000000000 ) ) ;
#5347 = VERTEX_POINT ( 'NONE', #1457 ) ;
#5348 = CARTESIAN_POINT ( 'NONE',  ( 0.8374999999999999100, 0.2699999999999999100, -0.2220000000000000600 ) ) ;
#5349 = LINE ( 'NONE', #3945, #8709 ) ;
#5350 = VERTEX_POINT ( 'NONE', #7960 ) ;
#5351 = ORIENTED_EDGE ( 'NONE', *, *, #1958, .F. ) ;
#5352 = CC_DESIGN_APPROVAL ( #4841, ( #3860 ) ) ;
#5353 = CARTESIAN_POINT ( 'NONE',  ( 0.5974999999999999200, 0.2699999999999999100, -0.1490000000000000800 ) ) ;
#5354 = CARTESIAN_POINT ( 'NONE',  ( 0.7089112885716689600, 0.2366589681657897700, 0.0000000000000000000 ) ) ;
#5355 = ORIENTED_EDGE ( 'NONE', *, *, #7526, .F. ) ;
#5356 = EDGE_CURVE ( 'NONE', #8133, #5889, #8764, .T. ) ;
#5357 = LINE ( 'NONE', #6995, #1025 ) ;
#5358 = VERTEX_POINT ( 'NONE', #7909 ) ;
#5359 = DIRECTION ( 'NONE',  ( -1.000000000000000000, 0.0000000000000000000, 0.0000000000000000000 ) ) ;
#5360 = VERTEX_POINT ( 'NONE', #3772 ) ;
#5361 = CARTESIAN_POINT ( 'NONE',  ( 0.9374999999999998900, 0.2699999999999999100, -0.2220000000000000600 ) ) ;
#5362 = VECTOR ( 'NONE', #5567, 39.37007874015748100 ) ;
#5363 = ORIENTED_EDGE ( 'NONE', *, *, #2588, .T. ) ;
#5364 = EDGE_CURVE ( 'NONE', #218, #9302, #1349, .T. ) ;
#5365 = AXIS2_PLACEMENT_3D ( 'NONE', #3654, #3668, #4005 ) ;
#5366 = CARTESIAN_POINT ( 'NONE',  ( 0.1488389218506067400, 0.06550000000013699000, -0.006000000000671642600 ) ) ;
#5367 = DIRECTION ( 'NONE',  ( -0.0000000000000000000, 0.0000000000000000000, 1.000000000000000000 ) ) ;
#5368 = VECTOR ( 'NONE', #6561, 39.37007874015748100 ) ;
#5369 = ORIENTED_EDGE ( 'NONE', *, *, #4392, .T. ) ;
#5370 = LINE ( 'NONE', #9060, #8938 ) ;
#5371 = CARTESIAN_POINT ( 'NONE',  ( 0.0000000000000000000, 0.3539562271012334200, -0.01000000000000000000 ) ) ;
#5372 = DIRECTION ( 'NONE',  ( -0.0000000000000000000, 0.0000000000000000000, 1.000000000000000000 ) ) ;
#5373 = DIRECTION ( 'NONE',  ( -0.0000000000000000000, 0.0000000000000000000, 1.000000000000000000 ) ) ;
#5374 = AXIS2_PLACEMENT_3D ( 'NONE', #5716, #367, #6617 ) ;
#5375 = LINE ( 'NONE', #4522, #3423 ) ;
#5376 = LINE ( 'NONE', #4429, #5161 ) ;
#5377 = EDGE_CURVE ( 'NONE', #1060, #8683, #7060, .T. ) ;
#5378 = LINE ( 'NONE', #5345, #1310 ) ;
#5379 = CARTESIAN_POINT ( 'NONE',  ( 0.5974999999999999200, 0.3450000000000001400, -0.1480000000000000200 ) ) ;
#5380 = AXIS2_PLACEMENT_3D ( 'NONE', #1630, #559, #572 ) ;
#5381 = CARTESIAN_POINT ( 'NONE',  ( 0.3046920839947126500, 0.04350263157910210000, -0.02499999999996927200 ) ) ;
#5382 = DIRECTION ( 'NONE',  ( 1.182309098773882400E-013, 0.8944271909998697800, -0.4472135955000501300 ) ) ;
#5383 = LINE ( 'NONE', #2568, #3431 ) ;
#5384 = LINE ( 'NONE', #3683, #8956 ) ;
#5385 = ORIENTED_EDGE ( 'NONE', *, *, #3727, .T. ) ;
#5386 = LINE ( 'NONE', #5293, #8744 ) ;
#5387 = AXIS2_PLACEMENT_3D ( 'NONE', #6853, #3040, #6698 ) ;
#5388 = EDGE_CURVE ( 'NONE', #3104, #579, #8981, .T. ) ;
#5389 = DIRECTION ( 'NONE',  ( 0.0000000000000000000, -1.871128762783744900E-015, 1.000000000000000000 ) ) ;
#5390 = FACE_OUTER_BOUND ( 'NONE', #3199, .T. ) ;
#5391 = VECTOR ( 'NONE', #5786, 39.37007874015748100 ) ;
#5392 = DIRECTION ( 'NONE',  ( 1.000000000000000000, 0.0000000000000000000, 0.0000000000000000000 ) ) ;
#5393 = CIRCLE ( 'NONE', #8346, 0.009815670203806754800 ) ;
#5394 = ORIENTED_EDGE ( 'NONE', *, *, #4652, .F. ) ;
#5395 = DIRECTION ( 'NONE',  ( -0.0000000000000000000, 1.000000000000000000, -0.0000000000000000000 ) ) ;
#5396 = CC_DESIGN_PERSON_AND_ORGANIZATION_ASSIGNMENT ( #7606, #2040, ( #3917 ) ) ;
#5397 = DIRECTION ( 'NONE',  ( 1.000000000000000000, 0.0000000000000000000, 0.0000000000000000000 ) ) ;
#5398 = VECTOR ( 'NONE', #7299, 39.37007874015748100 ) ;
#5399 = VECTOR ( 'NONE', #174, 39.37007874015748100 ) ;
#5400 = EDGE_LOOP ( 'NONE', ( #4474, #5221, #5284, #4998 ) ) ;
#5401 = LINE ( 'NONE', #1595, #5193 ) ;
#5402 = ORIENTED_EDGE ( 'NONE', *, *, #206, .T. ) ;
#5403 = EDGE_CURVE ( 'NONE', #9090, #3586, #8580, .T. ) ;
#5404 = VERTEX_POINT ( 'NONE', #3389 ) ;
#5405 = ORIENTED_EDGE ( 'NONE', *, *, #4224, .F. ) ;
#5406 = CONTEXT_DEPENDENT_SHAPE_REPRESENTATION ( #4424, #3616 ) ;
#5407 = APPROVAL_PERSON_ORGANIZATION ( #7267, #7173, #2276 ) ;
#5408 = DIRECTION ( 'NONE',  ( 4.313434190716670600E-014, -9.125743083152196300E-014, -1.000000000000000000 ) ) ;
#5409 = VECTOR ( 'NONE', #3555, 39.37007874015748100 ) ;
#5410 = VECTOR ( 'NONE', #7123, 39.37007874015748100 ) ;
#5411 = DIRECTION ( 'NONE',  ( 1.000000000000000000, 0.0000000000000000000, 0.0000000000000000000 ) ) ;
#5412 = EDGE_CURVE ( 'NONE', #4162, #2587, #1090, .T. ) ;
#5413 = ORIENTED_EDGE ( 'NONE', *, *, #8157, .T. ) ;
#5414 = EDGE_LOOP ( 'NONE', ( #7631, #9098, #7391, #9303 ) ) ;
#5415 = AXIS2_PLACEMENT_3D ( 'NONE', #708, #1507, #6038 ) ;
#5416 = FACE_OUTER_BOUND ( 'NONE', #5808, .T. ) ;
#5417 = ORIENTED_EDGE ( 'NONE', *, *, #3718, .T. ) ;
#5418 = FACE_OUTER_BOUND ( 'NONE', #4237, .T. ) ;
#5419 = DIRECTION ( 'NONE',  ( -1.000000000000000000, -1.105907419003793000E-013, 4.313150529212573400E-014 ) ) ;
#5420 = CARTESIAN_POINT ( 'NONE',  ( 0.5057269153529278000, 0.2867188862052003600, -0.01000000000000000000 ) ) ;
#5421 = VERTEX_POINT ( 'NONE', #8052 ) ;
#5422 = VERTEX_POINT ( 'NONE', #8797 ) ;
#5423 = LINE ( 'NONE', #5908, #3481 ) ;
#5424 = ADVANCED_FACE ( 'NONE', ( #2954 ), #406, .F. ) ;
#5425 = AXIS2_PLACEMENT_3D ( 'NONE', #6899, #6720, #2284 ) ;
#5426 = EDGE_LOOP ( 'NONE', ( #4513, #7243, #6727, #7444, #6246, #4075, #1158, #893, #2768 ) ) ;
#5427 = CARTESIAN_POINT ( 'NONE',  ( 0.5506336065353513200, 0.4231567020380325200, -0.01000000000000000000 ) ) ;
#5428 = ORIENTED_EDGE ( 'NONE', *, *, #5469, .T. ) ;
#5429 = DIRECTION ( 'NONE',  ( 0.0000000000000000000, -1.000000000000000000, -5.691349986800549600E-017 ) ) ;
#5430 = EDGE_CURVE ( 'NONE', #4746, #954, #850, .T. ) ;
#5431 = ADVANCED_FACE ( 'NONE', ( #2705 ), #4422, .F. ) ;
#5432 = ORIENTED_EDGE ( 'NONE', *, *, #5736, .T. ) ;
#5433 = AXIS2_PLACEMENT_3D ( 'NONE', #8929, #8987, #8996 ) ;
#5434 = PLANE ( 'NONE',  #6946 ) ;
#5435 = DIRECTION ( 'NONE',  ( 0.0000000000000000000, 1.352399996863497400E-015, -1.000000000000000000 ) ) ;
#5436 = CARTESIAN_POINT ( 'NONE',  ( 0.0000000000000000000, 0.4231567020380508400, -0.01000000000000000000 ) ) ;
#5437 = ORIENTED_EDGE ( 'NONE', *, *, #8711, .F. ) ;
#5439 = CARTESIAN_POINT ( 'NONE',  ( 0.8974999999999999600, 0.3450000000000001400, -0.1479999999999999900 ) ) ;
#5438 = DIRECTION ( 'NONE',  ( 0.5773502691890576300, 0.5773502691899808900, 0.5773502691898387800 ) ) ;
#5440 = COORDINATED_UNIVERSAL_TIME_OFFSET ( 5, 0, .BEHIND. ) ;
#5441 = ORIENTED_EDGE ( 'NONE', *, *, #7979, .T. ) ;
#5442 = CARTESIAN_POINT ( 'NONE',  ( 0.7260887114283308700, 0.4133410318342099500, -0.01000000000000000000 ) ) ;
#5443 = CARTESIAN_POINT ( 'NONE',  ( -0.0000000000000000000, 0.2268432979619829900, 0.0000000000000000000 ) ) ;
#5444 = EDGE_CURVE ( 'NONE', #8904, #1670, #4710, .T. ) ;
#5445 = ORIENTED_EDGE ( 'NONE', *, *, #7313, .T. ) ;
#5446 = ORIENTED_EDGE ( 'NONE', *, *, #8457, .T. ) ;
#5447 = DIRECTION ( 'NONE',  ( -1.000000000000000000, -0.0000000000000000000, -0.0000000000000000000 ) ) ;
#5448 = CARTESIAN_POINT ( 'NONE',  ( 0.5374999999999999800, 0.3450000000000002000, -0.09750000000000003100 ) ) ;
#5449 = CARTESIAN_POINT ( 'NONE',  ( 0.4365264404161153800, 0.0000000000000000000, -0.01000000000000000000 ) ) ;
#5450 = CARTESIAN_POINT ( 'NONE',  ( 0.9974999999999999400, 0.3450000000000001400, -0.2220000000000000000 ) ) ;
#5451 = AXIS2_PLACEMENT_3D ( 'NONE', #4100, #8908, #4837 ) ;
#5452 = DIRECTION ( 'NONE',  ( -0.0000000000000000000, 0.0000000000000000000, -1.000000000000000000 ) ) ;
#5453 = ORIENTED_EDGE ( 'NONE', *, *, #7994, .T. ) ;
#5454 = DIRECTION ( 'NONE',  ( 1.000000000000000000, -0.0000000000000000000, -0.0000000000000000000 ) ) ;
#5455 = FACE_OUTER_BOUND ( 'NONE', #547, .T. ) ;
#5456 = ORIENTED_EDGE ( 'NONE', *, *, #3675, .F. ) ;
#5457 = DIRECTION ( 'NONE',  ( 0.0000000000000000000, -1.000000000000000000, 0.0000000000000000000 ) ) ;
#5458 = EDGE_CURVE ( 'NONE', #1512, #8846, #609, .T. ) ;
#5459 = CARTESIAN_POINT ( 'NONE',  ( 0.5374999999999999800, 0.05000000000000000300, -0.3700000000000000000 ) ) ;
#5460 = EDGE_CURVE ( 'NONE', #8110, #5075, #6828, .T. ) ;
#5461 = CARTESIAN_POINT ( 'NONE',  ( 0.8374999999999999100, 0.5180000000000000200, -0.2610000000000000700 ) ) ;
#5462 = CARTESIAN_POINT ( 'NONE',  ( 0.3462132034362729300, 0.02549999999998453900, 0.005999999999664956500 ) ) ;
#5463 = ORIENTED_EDGE ( 'NONE', *, *, #7302, .F. ) ;
#5464 = CARTESIAN_POINT ( 'NONE',  ( 0.8021601555077856300, 0.2268432979619844400, 0.0000000000000000000 ) ) ;
#5465 = PLANE ( 'NONE',  #5911 ) ;
#5466 = CIRCLE ( 'NONE', #8659, 0.03141014465221592800 ) ;
#5467 = ORIENTED_EDGE ( 'NONE', *, *, #6292, .T. ) ;
#5468 = DIRECTION ( 'NONE',  ( 0.0000000000000000000, 0.7071067811865451300, -0.7071067811865499000 ) ) ;
#5469 = EDGE_CURVE ( 'NONE', #2798, #4974, #8190, .T. ) ;
#5470 = DIRECTION ( 'NONE',  ( 0.0000000000000000000, 1.000000000000000000, 4.553079989440424900E-016 ) ) ;
#5471 = CARTESIAN_POINT ( 'NONE',  ( 0.4582132034358221700, 0.06550000000023736800, -0.006000000000676833700 ) ) ;
#5472 = EDGE_CURVE ( 'NONE', #1744, #8600, #355, .T. ) ;
#5473 = EDGE_LOOP ( 'NONE', ( #435, #2321, #3035, #8278, #5859, #6397, #8970, #8898, #8233, #7179, #4047, #3535, #2983, #6429 ) ) ;
#5474 = CARTESIAN_POINT ( 'NONE',  ( 1.042500000000000200, 0.05000000000000000300, -0.2200000000000000000 ) ) ;
#5475 = VECTOR ( 'NONE', #6601, 39.37007874015748100 ) ;
#5476 = VERTEX_POINT ( 'NONE', #1244 ) ;
#5477 = ORIENTED_EDGE ( 'NONE', *, *, #2441, .F. ) ;
#5478 = ADVANCED_FACE ( 'NONE', ( #6190 ), #2121, .F. ) ;
#5479 = CARTESIAN_POINT ( 'NONE',  ( 0.5974999999999999200, 0.05000000000000014800, -0.07250000000000003700 ) ) ;
#5480 = DIRECTION ( 'NONE',  ( -1.000000000000000000, 0.0000000000000000000, 0.0000000000000000000 ) ) ;
#5481 = DIRECTION ( 'NONE',  ( -1.000000000000000000, -0.0000000000000000000, 0.0000000000000000000 ) ) ;
#5482 = VECTOR ( 'NONE', #4529, 39.37007874015748100 ) ;
#5483 = ORIENTED_EDGE ( 'NONE', *, *, #415, .F. ) ;
#5484 = VECTOR ( 'NONE', #3730, 39.37007874015748100 ) ;
#5485 = CARTESIAN_POINT ( 'NONE',  ( 1.042500000000000200, 0.0000000000000000000, -0.3700000000000001100 ) ) ;
#5486 = ORIENTED_EDGE ( 'NONE', *, *, #3018, .T. ) ;
#5487 = DIRECTION ( 'NONE',  ( -1.000000000000000000, -0.0000000000000000000, -0.0000000000000000000 ) ) ;
#5488 = CARTESIAN_POINT ( 'NONE',  ( 0.3924999999999996800, 0.05000000000000000300, -0.07250000000000000900 ) ) ;
#5489 = DIRECTION ( 'NONE',  ( 0.0000000000000000000, 1.000000000000000000, 0.0000000000000000000 ) ) ;
#5490 = LINE ( 'NONE', #7326, #7337 ) ;
#5491 = ADVANCED_FACE ( 'NONE', ( #4491 ), #567, .T. ) ;
#5492 = LINE ( 'NONE', #8117, #5722 ) ;
#5493 = CYLINDRICAL_SURFACE ( 'NONE', #8856, 0.009815670203787221800 ) ;
#5494 = EDGE_CURVE ( 'NONE', #6081, #6623, #105, .T. ) ;
#5495 = CARTESIAN_POINT ( 'NONE',  ( 0.9547938271769774700, 0.3539562271012334200, 0.0000000000000000000 ) ) ;
#5496 = DIRECTION ( 'NONE',  ( -3.417041894029862700E-012, 1.000000000000000000, 9.127084059698479000E-014 ) ) ;
#5497 = EDGE_CURVE ( 'NONE', #7639, #4938, #7998, .T. ) ;
#5498 = CARTESIAN_POINT ( 'NONE',  ( 0.7374999999999998200, 0.05000000000000000300, -0.3700000000000000000 ) ) ;
#5499 = FACE_OUTER_BOUND ( 'NONE', #4096, .T. ) ;
#5500 = CARTESIAN_POINT ( 'NONE',  ( 0.9374999999999998900, 0.3450000000000002000, -0.2725000000000000200 ) ) ;
#5501 = DIRECTION ( 'NONE',  ( -0.0000000000000000000, -1.000000000000000000, -0.0000000000000000000 ) ) ;
#5502 = EDGE_LOOP ( 'NONE', ( #6049, #6856, #7030, #6123 ) ) ;
#5503 = VECTOR ( 'NONE', #7717, 39.37007874015748100 ) ;
#5504 = DIRECTION ( 'NONE',  ( 1.112975108527906100E-013, 1.000000000000000000, 9.129873937142979900E-014 ) ) ;
#5505 = ORIENTED_EDGE ( 'NONE', *, *, #5835, .T. ) ;
#5506 = CARTESIAN_POINT ( 'NONE',  ( 0.7329596805709869300, 0.2337142671046477700, -0.01000000000000000000 ) ) ;
#5507 = VECTOR ( 'NONE', #532, 39.37007874015748100 ) ;
#5508 = ADVANCED_FACE ( 'NONE', ( #2213 ), #6228, .F. ) ;
#5509 = AXIS2_PLACEMENT_3D ( 'NONE', #3583, #3605, #5628 ) ;
#5510 = LINE ( 'NONE', #2684, #1458 ) ;
#5511 = CARTESIAN_POINT ( 'NONE',  ( 0.1597132034360544700, 0.05750000000011378000, -0.006000000000898113300 ) ) ;
#5512 = VECTOR ( 'NONE', #2025, 39.37007874015748100 ) ;
#5513 = ORIENTED_EDGE ( 'NONE', *, *, #4776, .F. ) ;
#5514 = CARTESIAN_POINT ( 'NONE',  ( 0.1332179208370646600, 0.05800000000009638400, 0.02499999999918332100 ) ) ;
#5515 = EDGE_CURVE ( 'NONE', #6672, #5653, #1965, .T. ) ;
#5516 = EDGE_CURVE ( 'NONE', #5926, #1168, #7794, .T. ) ;
#5517 = ORIENTED_EDGE ( 'NONE', *, *, #2910, .F. ) ;
#5518 = DIRECTION ( 'NONE',  ( 1.000000000000000000, 0.0000000000000000000, 0.0000000000000000000 ) ) ;
#5519 = DATE_AND_TIME ( #7363, #9066 ) ;
#5520 = CARTESIAN_POINT ( 'NONE',  ( 0.3361881571574024100, 0.02549999999994084800, 0.02499999999989592100 ) ) ;
#5521 = ORIENTED_EDGE ( 'NONE', *, *, #1453, .F. ) ;
#5522 = VECTOR ( 'NONE', #8074, 39.37007874015748100 ) ;
#5523 = LINE ( 'NONE', #4561, #5747 ) ;
#5524 = APPROVAL ( #2931, 'UNKNOWN' ) ;
#5525 = ORIENTED_EDGE ( 'NONE', *, *, #2865, .F. ) ;
#5526 = COORDINATED_UNIVERSAL_TIME_OFFSET ( 5, 0, .BEHIND. ) ;
#5527 = CARTESIAN_POINT ( 'NONE',  ( 0.1462132034360481000, 0.05799999999999109300, 0.02499999999899728300 ) ) ;
#5528 = ORIENTED_EDGE ( 'NONE', *, *, #7261, .T. ) ;
#5529 = DIRECTION ( 'NONE',  ( -1.088979460349739600E-014, -0.4472135955000501300, -0.8944271909998697800 ) ) ;
#5530 = CYLINDRICAL_SURFACE ( 'NONE', #8024, 0.06350000000000001500 ) ;
#5531 = EDGE_CURVE ( 'NONE', #4973, #6112, #9268, .T. ) ;
#5532 = CARTESIAN_POINT ( 'NONE',  ( 0.1478113162177457600, 0.08117688916748980200, 0.02499999999906038800 ) ) ;
#5533 = LINE ( 'NONE', #2344, #8681 ) ;
#5534 = CARTESIAN_POINT ( 'NONE',  ( 0.09500000000030058000, 0.02499999999999394400, 0.02499999999999864100 ) ) ;
#5535 = ORIENTED_EDGE ( 'NONE', *, *, #6252, .F. ) ;
#5536 = ORIENTED_EDGE ( 'NONE', *, *, #43, .T. ) ;
#5537 = DIRECTION ( 'NONE',  ( -1.000000000000000000, 0.0000000000000000000, 0.0000000000000000000 ) ) ;
#5538 = VERTEX_POINT ( 'NONE', #34 ) ;
#5539 = VECTOR ( 'NONE', #4756, 39.37007874015748100 ) ;
#5540 = CARTESIAN_POINT ( 'NONE',  ( 0.9187212391779922000, 0.3831578459575294400, -0.01000000000000000000 ) ) ;
#5541 = FACE_OUTER_BOUND ( 'NONE', #2973, .T. ) ;
#5542 = EDGE_CURVE ( 'NONE', #4497, #458, #7367, .T. ) ;
#5543 = ADVANCED_FACE ( 'NONE', ( #7573 ), #7256, .F. ) ;
#5544 = ORIENTED_EDGE ( 'NONE', *, *, #6455, .T. ) ;
#5545 = AXIS2_PLACEMENT_3D ( 'NONE', #3891, #7465, #3172 ) ;
#5546 = DIRECTION ( 'NONE',  ( 1.000000000000000000, -0.0000000000000000000, -0.0000000000000000000 ) ) ;
#5547 = ORIENTED_EDGE ( 'NONE', *, *, #4549, .F. ) ;
#5548 = VERTEX_POINT ( 'NONE', #4247 ) ;
#5549 = DIRECTION ( 'NONE',  ( 1.000000000000000000, 1.106190048104503000E-013, -4.313434190744403800E-014 ) ) ;
#5550 = EDGE_LOOP ( 'NONE', ( #2492, #7078, #8412, #5785 ) ) ;
#5551 = DIRECTION ( 'NONE',  ( 0.0000000000000000000, 0.0000000000000000000, -1.000000000000000000 ) ) ;
#5552 = DIRECTION ( 'NONE',  ( -0.0000000000000000000, -0.0000000000000000000, 1.000000000000000000 ) ) ;
#5553 = APPROVAL_PERSON_ORGANIZATION ( #7392, #6802, #7872 ) ;
#5554 = ORIENTED_EDGE ( 'NONE', *, *, #2570, .F. ) ;
#5555 = VERTEX_POINT ( 'NONE', #5485 ) ;
#5556 = AXIS2_PLACEMENT_3D ( 'NONE', #3013, #3806, #3309 ) ;
#5557 = CARTESIAN_POINT ( 'NONE',  ( 0.5832707099629760300, 0.2268432979619829900, 0.0000000000000000000 ) ) ;
#5558 = VERTEX_POINT ( 'NONE', #5565 ) ;
#5559 = DIRECTION ( 'NONE',  ( -0.0000000000000000000, -0.0000000000000000000, 1.000000000000000000 ) ) ;
#5560 = EDGE_CURVE ( 'NONE', #629, #1214, #8866, .T. ) ;
#5561 = ORGANIZATION ( 'UNSPECIFIED', 'UNSPECIFIED', '' ) ;
#5562 = ORIENTED_EDGE ( 'NONE', *, *, #1680, .T. ) ;
#5563 = AXIS2_PLACEMENT_3D ( 'NONE', #6529, #6539, #6558 ) ;
#5564 = DIRECTION ( 'NONE',  ( 0.0000000000000000000, 1.000000000000000000, -0.0000000000000000000 ) ) ;
#5565 = CARTESIAN_POINT ( 'NONE',  ( 0.5374999999999999800, 0.2700000000000001800, -0.1480000000000000500 ) ) ;
#5566 = CARTESIAN_POINT ( 'NONE',  ( 0.4974999999999998900, 0.5999999999999999800, -0.07250000000000000900 ) ) ;
#5567 = DIRECTION ( 'NONE',  ( 0.8934675157486069400, 0.4491278195592125500, 2.447117619705768500E-015 ) ) ;
#5568 = DIRECTION ( 'NONE',  ( -0.0000000000000000000, -0.0000000000000000000, 1.000000000000000000 ) ) ;
#5569 = ORIENTED_EDGE ( 'NONE', *, *, #2170, .F. ) ;
#5570 = ORIENTED_EDGE ( 'NONE', *, *, #7645, .F. ) ;
#5571 = EDGE_LOOP ( 'NONE', ( #742, #7819, #7192, #123 ) ) ;
#5572 = DIRECTION ( 'NONE',  ( -0.0000000000000000000, -0.0000000000000000000, 1.000000000000000000 ) ) ;
#5573 = VECTOR ( 'NONE', #6145, 39.37007874015748100 ) ;
#5574 = VERTEX_POINT ( 'NONE', #4563 ) ;
#5575 = EDGE_CURVE ( 'NONE', #1923, #8110, #9069, .T. ) ;
#5576 = DIRECTION ( 'NONE',  ( 0.0000000000000000000, -0.0000000000000000000, -1.000000000000000000 ) ) ;
#5577 = ORIENTED_EDGE ( 'NONE', *, *, #9152, .T. ) ;
#5578 = FACE_OUTER_BOUND ( 'NONE', #1628, .T. ) ;
#5579 = ORIENTED_EDGE ( 'NONE', *, *, #831, .F. ) ;
#5580 = DIRECTION ( 'NONE',  ( 0.0000000000000000000, 0.0000000000000000000, 1.000000000000000000 ) ) ;
#5581 = APPROVAL ( #4305, 'UNSPECIFIED' ) ;
#5582 = CARTESIAN_POINT ( 'NONE',  ( 0.4374999999999998900, 0.5999999999999999800, -0.2974999999999999900 ) ) ;
#5583 = VERTEX_POINT ( 'NONE', #5592 ) ;
#5584 = DIRECTION ( 'NONE',  ( 0.0000000000000000000, 0.0000000000000000000, 1.000000000000000000 ) ) ;
#5585 = EDGE_CURVE ( 'NONE', #7285, #4003, #3567, .T. ) ;
#5586 = CARTESIAN_POINT ( 'NONE',  ( 0.9974999999999999400, 0.3450000000000002000, -0.09750000000000000300 ) ) ;
#5587 = VECTOR ( 'NONE', #2934, 39.37007874015748100 ) ;
#5588 = ORIENTED_EDGE ( 'NONE', *, *, #4846, .T. ) ;
#5589 = ADVANCED_FACE ( 'NONE', ( #3334 ), #6563, .F. ) ;
#5590 = VERTEX_POINT ( 'NONE', #2086 ) ;
#5591 = DIRECTION ( 'NONE',  ( 0.8934675157486070600, 0.4491278195592125500, 2.447117620129859400E-015 ) ) ;
#5592 = CARTESIAN_POINT ( 'NONE',  ( 0.7974999999999998800, 0.5180000000000000200, -0.2210000000000000000 ) ) ;
#5593 = ORIENTED_EDGE ( 'NONE', *, *, #6532, .F. ) ;
#5594 = VECTOR ( 'NONE', #7813, 39.37007874015748100 ) ;
#5595 = ORIENTED_EDGE ( 'NONE', *, *, #2865, .T. ) ;
#5596 = CARTESIAN_POINT ( 'NONE',  ( 0.0000000000000000000, 0.5999999999999999800, -0.1090000000000000800 ) ) ;
#5597 = DIRECTION ( 'NONE',  ( 0.0000000000000000000, -1.000000000000000000, 0.0000000000000000000 ) ) ;
#5598 = LINE ( 'NONE', #3986, #1541 ) ;
#5599 = DIRECTION ( 'NONE',  ( -0.0000000000000000000, 0.0000000000000000000, 1.000000000000000000 ) ) ;
#5600 = EDGE_CURVE ( 'NONE', #8081, #3745, #1220, .T. ) ;
#5601 = CARTESIAN_POINT ( 'NONE',  ( 0.2412000000003445000, 0.04250000000010532200, -0.02500000000007963900 ) ) ;
#5602 = AXIS2_PLACEMENT_3D ( 'NONE', #4360, #9124, #5113 ) ;
#5603 = FACE_OUTER_BOUND ( 'NONE', #1303, .T. ) ;
#5604 = CIRCLE ( 'NONE', #2875, 0.03141014465218178200 ) ;
#5605 = CYLINDRICAL_SURFACE ( 'NONE', #8292, 0.03200000000000033400 ) ;
#5606 = DIRECTION ( 'NONE',  ( 0.0000000000000000000, -1.000000000000000000, 0.0000000000000000000 ) ) ;
#5607 = DIRECTION ( 'NONE',  ( 1.000000000000000000, 0.0000000000000000000, -0.0000000000000000000 ) ) ;
#5608 = AXIS2_PLACEMENT_3D ( 'NONE', #689, #1821, #7455 ) ;
#5609 = VECTOR ( 'NONE', #2511, 39.37007874015748100 ) ;
#5610 = CIRCLE ( 'NONE', #6668, 0.03141014465217188000 ) ;
#5611 = ORIENTED_EDGE ( 'NONE', *, *, #3531, .F. ) ;
#5612 = EDGE_CURVE ( 'NONE', #3336, #4974, #8669, .T. ) ;
#5613 = LINE ( 'NONE', #1038, #8958 ) ;
#5614 = DIRECTION ( 'NONE',  ( -7.695514003109069900E-012, -1.000000000000000000, 9.451375437536511700E-013 ) ) ;
#5615 = AXIS2_PLACEMENT_3D ( 'NONE', #2826, #2548, #2559 ) ;
#5616 = CARTESIAN_POINT ( 'NONE',  ( 0.3462132034356151800, 0.1190000000003127600, -3.687994791446755500E-013 ) ) ;
#5617 = DIRECTION ( 'NONE',  ( -0.0000000000000000000, 0.0000000000000000000, -1.000000000000000000 ) ) ;
#5618 = PLANE ( 'NONE',  #3641 ) ;
#5619 = LINE ( 'NONE', #4410, #3190 ) ;
#5620 = CIRCLE ( 'NONE', #8963, 0.006870969142662229500 ) ;
#5621 = LINE ( 'NONE', #1705, #5850 ) ;
#5622 = DIRECTION ( 'NONE',  ( 0.0000000000000000000, 0.0000000000000000000, 1.000000000000000000 ) ) ;
#5623 = ORIENTED_EDGE ( 'NONE', *, *, #445, .T. ) ;
#5624 = DIRECTION ( 'NONE',  ( -1.106190048102486900E-013, -1.000000000000000000, -9.125743083008812900E-014 ) ) ;
#5625 = ORIENTED_EDGE ( 'NONE', *, *, #9191, .F. ) ;
#5626 = DIRECTION ( 'NONE',  ( 1.000000000000000000, -0.0000000000000000000, -0.0000000000000000000 ) ) ;
#5627 = EDGE_CURVE ( 'NONE', #1118, #5078, #6938, .T. ) ;
#5628 = DIRECTION ( 'NONE',  ( 1.000000000000000000, 0.0000000000000000000, 0.0000000000000000000 ) ) ;
#5629 = ORIENTED_EDGE ( 'NONE', *, *, #8824, .F. ) ;
#5630 = PLANE ( 'NONE',  #7768 ) ;
#5631 = CARTESIAN_POINT ( 'NONE',  ( 0.4582132034360780200, 0.03750000000015968300, -0.02500000000054132200 ) ) ;
#5632 = LINE ( 'NONE', #4099, #5191 ) ;
#5633 = VECTOR ( 'NONE', #6963, 39.37007874015748100 ) ;
#5634 = FACE_OUTER_BOUND ( 'NONE', #142, .T. ) ;
#5635 = CARTESIAN_POINT ( 'NONE',  ( 0.3462132034362706000, 0.02550000000000075800, -3.349245640232386700E-013 ) ) ;
#5636 = ORIENTED_EDGE ( 'NONE', *, *, #8522, .T. ) ;
#5637 = ADVANCED_FACE ( 'NONE', ( #5301 ), #4967, .F. ) ;
#5638 = DATE_AND_TIME ( #7468, #9169 ) ;
#5639 = VERTEX_POINT ( 'NONE', #4983 ) ;
#5640 = CALENDAR_DATE ( 2019, 15, 10 ) ;
#5641 = LINE ( 'NONE', #3273, #5409 ) ;
#5642 = VECTOR ( 'NONE', #1120, 39.37007874015748100 ) ;
#5643 = ORIENTED_EDGE ( 'NONE', *, *, #3033, .T. ) ;
#5644 = CARTESIAN_POINT ( 'NONE',  ( 0.8374999999999999100, 0.5180000000000000200, -0.1489999999999998500 ) ) ;
#5645 = EDGE_CURVE ( 'NONE', #7203, #7748, #3077, .T. ) ;
#5646 = EDGE_CURVE ( 'NONE', #828, #2774, #4820, .T. ) ;
#5647 = CARTESIAN_POINT ( 'NONE',  ( 0.9374999999999998900, 0.5579999999999996100, -0.07249999999999996700 ) ) ;
#5648 = EDGE_LOOP ( 'NONE', ( #1920, #1882, #657, #1509 ) ) ;
#5649 = CARTESIAN_POINT ( 'NONE',  ( 0.7674999999979282800, 0.6712132034341641300, -0.05999999999894796400 ) ) ;
#5650 = VECTOR ( 'NONE', #2470, 39.37007874015748100 ) ;
#5651 = LINE ( 'NONE', #8446, #2107 ) ;
#5652 = DIRECTION ( 'NONE',  ( 1.000000000000000000, 1.106190048103626400E-013, -4.316932971474123400E-014 ) ) ;
#5653 = VERTEX_POINT ( 'NONE', #5697 ) ;
#5654 = DIRECTION ( 'NONE',  ( 0.0000000000000000000, -0.0000000000000000000, 1.000000000000000000 ) ) ;
#5655 = CARTESIAN_POINT ( 'NONE',  ( 0.4974999999999998900, 0.3450000000000002000, -0.09750000000000005900 ) ) ;
#5656 = ORIENTED_EDGE ( 'NONE', *, *, #160, .T. ) ;
#5657 = EDGE_CURVE ( 'NONE', #5075, #2978, #8282, .T. ) ;
#5658 = VERTEX_POINT ( 'NONE', #2016 ) ;
#5659 = VECTOR ( 'NONE', #9247, 39.37007874015748100 ) ;
#5660 = ORIENTED_EDGE ( 'NONE', *, *, #7657, .F. ) ;
#5661 = VERTEX_POINT ( 'NONE', #7390 ) ;
#5662 = CARTESIAN_POINT ( 'NONE',  ( 0.0000000000000000000, 0.0000000000000000000, -0.01000000000000000000 ) ) ;
#5663 = VERTEX_POINT ( 'NONE', #779 ) ;
#5664 = DIRECTION ( 'NONE',  ( 0.0000000000000000000, -1.000000000000000000, -1.352399996863497400E-015 ) ) ;
#5665 = ORIENTED_EDGE ( 'NONE', *, *, #8367, .T. ) ;
#5666 = VERTEX_POINT ( 'NONE', #4711 ) ;
#5667 = CARTESIAN_POINT ( 'NONE',  ( 0.9974999999999999400, 0.2699999999999999100, -0.1490000000000000800 ) ) ;
#5668 = ORIENTED_EDGE ( 'NONE', *, *, #2124, .T. ) ;
#5669 = AXIS2_PLACEMENT_3D ( 'NONE', #5145, #7885, #5881 ) ;
#5670 = LOCAL_TIME ( 8, 51, 22.00000000000000000, #7500 ) ;
#5671 = ORIENTED_EDGE ( 'NONE', *, *, #3178, .T. ) ;
#5672 = CARTESIAN_POINT ( 'NONE',  ( 0.3674999999999998300, 0.2699999999999999100, -0.2210000000000000900 ) ) ;
#5673 = ORIENTED_EDGE ( 'NONE', *, *, #2972, .T. ) ;
#5674 = CARTESIAN_POINT ( 'NONE',  ( 0.7374999999999998200, 0.2699999999999999100, -0.2210000000000000900 ) ) ;
#5675 = DIRECTION ( 'NONE',  ( 0.0000000000000000000, -0.7071067811865451300, -0.7071067811865499000 ) ) ;
#5676 = ORIENTED_EDGE ( 'NONE', *, *, #5721, .F. ) ;
#5677 = VERTEX_POINT ( 'NONE', #5971 ) ;
#5678 =( CONVERSION_BASED_UNIT ( 'INCH', #6007 ) LENGTH_UNIT ( ) NAMED_UNIT ( #6003 ) );
#5679 = CARTESIAN_POINT ( 'NONE',  ( 0.8202132034361313600, 0.01600000000015627500, 0.008999999999328061100 ) ) ;
#5680 = DIRECTION ( 'NONE',  ( 1.000000000000000000, 0.0000000000000000000, 0.0000000000000000000 ) ) ;
#5681 = ORIENTED_EDGE ( 'NONE', *, *, #8350, .F. ) ;
#5682 = ADVANCED_FACE ( 'NONE', ( #4590 ), #481, .F. ) ;
#5683 = PLANE ( 'NONE',  #209 ) ;
#5684 = EDGE_CURVE ( 'NONE', #5910, #215, #8480, .T. ) ;
#5685 = VERTEX_POINT ( 'NONE', #3845 ) ;
#5686 = AXIS2_PLACEMENT_3D ( 'NONE', #4470, #3854, #3916 ) ;
#5687 = ORIENTED_EDGE ( 'NONE', *, *, #656, .F. ) ;
#5688 = LINE ( 'NONE', #8515, #1402 ) ;
#5689 = VERTEX_POINT ( 'NONE', #6700 ) ;
#5691 = CARTESIAN_POINT ( 'NONE',  ( 0.7374999999999998200, 0.5580000000000000500, -0.09750000000000040600 ) ) ;
#5690 = CARTESIAN_POINT ( 'NONE',  ( 0.5371370600051095200, 0.2719953808994902100, 0.0000000000000000000 ) ) ;
#5692 = CARTESIAN_POINT ( 'NONE',  ( 0.8974999999999999600, 0.5579999999999996100, -0.07249999999999998100 ) ) ;
#5693 = DIRECTION ( 'NONE',  ( -1.000000000000000000, 0.0000000000000000000, 0.0000000000000000000 ) ) ;
#5694 = DIRECTION ( 'NONE',  ( -0.0000000000000000000, -0.0000000000000000000, 1.000000000000000000 ) ) ;
#5695 = AXIS2_PLACEMENT_3D ( 'NONE', #2264, #2277, #1396 ) ;
#5696 = ORIENTED_EDGE ( 'NONE', *, *, #6585, .T. ) ;
#5697 = CARTESIAN_POINT ( 'NONE',  ( 0.3924999999999996800, 0.0000000000000000000, -0.2200000000000000000 ) ) ;
#5698 = LINE ( 'NONE', #2052, #7315 ) ;
#5699 = ORIENTED_EDGE ( 'NONE', *, *, #9092, .T. ) ;
#5700 = EDGE_CURVE ( 'NONE', #5548, #828, #8084, .T. ) ;
#5701 = EDGE_CURVE ( 'NONE', #5001, #2142, #714, .T. ) ;
#5702 = CARTESIAN_POINT ( 'NONE',  ( 0.8974999999999999600, 0.05000000000000014800, -0.07250000000000000900 ) ) ;
#5703 = ORIENTED_EDGE ( 'NONE', *, *, #109, .F. ) ;
#5704 = CARTESIAN_POINT ( 'NONE',  ( 0.6374999999999998400, 0.2699999999999999100, -0.1490000000000000800 ) ) ;
#5705 = DIRECTION ( 'NONE',  ( 0.0000000000000000000, 0.0000000000000000000, 1.000000000000000000 ) ) ;
#5706 = LINE ( 'NONE', #7178, #1922 ) ;
#5707 = ORIENTED_EDGE ( 'NONE', *, *, #5185, .F. ) ;
#5708 = CC_DESIGN_SECURITY_CLASSIFICATION ( #5230, ( #9372 ) ) ;
#5709 = DIRECTION ( 'NONE',  ( 0.0000000000000000000, -0.7071067811865499000, 0.7071067811865451300 ) ) ;
#5710 = MECHANICAL_CONTEXT ( 'NONE', #4970, 'mechanical' ) ;
#5711 = EDGE_CURVE ( 'NONE', #5001, #3789, #6296, .T. ) ;
#5712 = ORIENTED_EDGE ( 'NONE', *, *, #8098, .F. ) ;
#5713 = CARTESIAN_POINT ( 'NONE',  ( 0.7974999999999998800, 0.3450000000000001400, -0.1479999999999999900 ) ) ;
#5714 = FACE_OUTER_BOUND ( 'NONE', #6891, .T. ) ;
#5715 = LINE ( 'NONE', #3705, #3761 ) ;
#5716 = CARTESIAN_POINT ( 'NONE',  ( 0.8374999999999999100, 0.3450000000000002000, -0.2725000000000000200 ) ) ;
#5717 = PLANE ( 'NONE',  #6215 ) ;
#5718 = PERSON ( 'NAUO-PER2', 'UNSPECIFIED', 'UNSPECIFIED', ('UNSPECIFIED'), ('UNSPECIFIED'), ('UNSPECIFIED') ) ;
#5719 = DIRECTION ( 'NONE',  ( -0.0000000000000000000, -1.000000000000000000, -4.553079989440441700E-016 ) ) ;
#5720 = FACE_OUTER_BOUND ( 'NONE', #245, .T. ) ;
#5721 = EDGE_CURVE ( 'NONE', #3025, #441, #219, .T. ) ;
#5722 = VECTOR ( 'NONE', #4677, 39.37007874015748100 ) ;
#5723 = ORIENTED_EDGE ( 'NONE', *, *, #2472, .F. ) ;
#5724 = VERTEX_POINT ( 'NONE', #3901 ) ;
#5725 = VECTOR ( 'NONE', #1843, 39.37007874015748100 ) ;
#5726 = AXIS2_PLACEMENT_3D ( 'NONE', #7916, #3676, #8544 ) ;
#5727 = VERTEX_POINT ( 'NONE', #7426 ) ;
#5728 = ADVANCED_FACE ( 'NONE', ( #6076 ), #1170, .F. ) ;
#5729 = VECTOR ( 'NONE', #2490, 39.37007874015748100 ) ;
#5730 = ORIENTED_EDGE ( 'NONE', *, *, #7061, .T. ) ;
#5731 = VECTOR ( 'NONE', #7747, 39.37007874015748100 ) ;
#5732 = EDGE_LOOP ( 'NONE', ( #7318, #3376, #4695, #2854 ) ) ;
#5733 = CARTESIAN_POINT ( 'NONE',  ( 0.3924999999999996800, 0.05000000000000000300, -0.2200000000000000000 ) ) ;
#5734 = AXIS2_PLACEMENT_3D ( 'NONE', #805, #2478, #9359 ) ;
#5735 = CARTESIAN_POINT ( 'NONE',  ( 0.6974999999999999000, 0.5180000000000000200, -0.2610000000000000700 ) ) ;
#5736 = EDGE_CURVE ( 'NONE', #4857, #3968, #2085, .T. ) ;
#5737 = LINE ( 'NONE', #4742, #9061 ) ;
#5738 = CIRCLE ( 'NONE', #3878, 0.03099999999999998900 ) ;
#5739 = PERSON_AND_ORGANIZATION_ROLE ( 'classification_officer' ) ;
#5740 = DIRECTION ( 'NONE',  ( 1.000000000000000000, 0.0000000000000000000, 0.0000000000000000000 ) ) ;
#5741 = VECTOR ( 'NONE', #3136, 39.37007874015748100 ) ;
#5742 = DIRECTION ( 'NONE',  ( 1.000000000000000000, 0.0000000000000000000, 0.0000000000000000000 ) ) ;
#5743 = ORIENTED_EDGE ( 'NONE', *, *, #8495, .T. ) ;
#5744 = DIRECTION ( 'NONE',  ( -0.0000000000000000000, -0.0000000000000000000, 1.000000000000000000 ) ) ;
#5745 = VECTOR ( 'NONE', #7328, 39.37007874015748100 ) ;
#5746 = AXIS2_PLACEMENT_3D ( 'NONE', #6997, #1608, #1619 ) ;
#5747 = VECTOR ( 'NONE', #9311, 39.37007874015748100 ) ;
#5748 = VERTEX_POINT ( 'NONE', #7021 ) ;
#5749 = DIRECTION ( 'NONE',  ( 0.0000000000000000000, 0.0000000000000000000, -1.000000000000000000 ) ) ;
#5750 = EDGE_CURVE ( 'NONE', #7065, #6408, #4371, .T. ) ;
#5751 = ORIENTED_EDGE ( 'NONE', *, *, #8628, .T. ) ;
#5752 = APPROVAL_PERSON_ORGANIZATION ( #7581, #3236, #7214 ) ;
#5753 = ORIENTED_EDGE ( 'NONE', *, *, #7085, .T. ) ;
#5754 = DIRECTION ( 'NONE',  ( 1.000000000000000000, 0.0000000000000000000, 0.0000000000000000000 ) ) ;
#5755 = PERSON_AND_ORGANIZATION ( #9294, #7584 ) ;
#5756 = LINE ( 'NONE', #1552, #8875 ) ;
#5757 = VECTOR ( 'NONE', #8079, 39.37007874015748100 ) ;
#5758 = CARTESIAN_POINT ( 'NONE',  ( 0.4372132034358621700, 0.02550000000011331000, -0.02500000000042699300 ) ) ;
#5759 = DIRECTION ( 'NONE',  ( 0.0000000000000000000, 1.000000000000000000, 0.0000000000000000000 ) ) ;
#5760 = CARTESIAN_POINT ( 'NONE',  ( 0.8368350939836753900, 0.02111442786080829400, 0.003885572138562363300 ) ) ;
#5761 = CC_DESIGN_PERSON_AND_ORGANIZATION_ASSIGNMENT ( #3609, #1139, ( #1238 ) ) ;
#5762 = ORIENTED_EDGE ( 'NONE', *, *, #2377, .F. ) ;
#5763 = CARTESIAN_POINT ( 'NONE',  ( 0.3274999999999998500, 0.5999999999999999800, -0.1090000000000000800 ) ) ;
#5764 = DIRECTION ( 'NONE',  ( 0.0000000000000000000, 0.0000000000000000000, 1.000000000000000000 ) ) ;
#5765 = LINE ( 'NONE', #3816, #3812 ) ;
#5766 = EDGE_CURVE ( 'NONE', #1607, #6084, #5853, .T. ) ;
#5767 = CIRCLE ( 'NONE', #7334, 0.009815670203822599700 ) ;
#5768 = CARTESIAN_POINT ( 'NONE',  ( 0.8885380533012994200, 0.4133410318342099500, 0.0000000000000000000 ) ) ;
#5769 = ADVANCED_FACE ( 'NONE', ( #7461 ), #3681, .T. ) ;
#5770 = ORIENTED_EDGE ( 'NONE', *, *, #8147, .F. ) ;
#5771 = ORIENTED_EDGE ( 'NONE', *, *, #1639, .T. ) ;
#5772 = CARTESIAN_POINT ( 'NONE',  ( 0.8885380533012994200, 0.4231567020380508400, -0.01000000000000000000 ) ) ;
#5773 = APPROVAL_STATUS ( 'not_yet_approved' ) ;
#5774 = CARTESIAN_POINT ( 'NONE',  ( 1.042500000000000200, 0.05000000000000000300, -0.1499999999999999900 ) ) ;
#5775 = ORIENTED_EDGE ( 'NONE', *, *, #2311, .F. ) ;
#5776 = ADVANCED_FACE ( 'NONE', ( #7683 ), #242, .F. ) ;
#5777 = EDGE_CURVE ( 'NONE', #8508, #2605, #1576, .T. ) ;
#5778 = PRODUCT_DEFINITION_SHAPE ( 'NONE', 'NONE',  #9380 ) ;
#5779 = COORDINATED_UNIVERSAL_TIME_OFFSET ( 5, 0, .BEHIND. ) ;
#5780 = EDGE_LOOP ( 'NONE', ( #2410, #6362, #8154, #586 ) ) ;
#5781 = CC_DESIGN_PERSON_AND_ORGANIZATION_ASSIGNMENT ( #228, #5300, ( #3318 ) ) ;
#5782 = CARTESIAN_POINT ( 'NONE',  ( 0.5871969780444987700, 0.2474562053899773100, -0.01000000000000000000 ) ) ;
#5783 = CARTESIAN_POINT ( 'NONE',  ( 0.1462132034360717500, 0.03799999999996350700, 0.01499999999925937300 ) ) ;
#5784 = ORIENTED_EDGE ( 'NONE', *, *, #2303, .T. ) ;
#5785 = ORIENTED_EDGE ( 'NONE', *, *, #1918, .T. ) ;
#5786 = DIRECTION ( 'NONE',  ( -0.0000000000000000000, -0.0000000000000000000, 1.000000000000000000 ) ) ;
#5787 = ORIENTED_EDGE ( 'NONE', *, *, #8531, .T. ) ;
#5788 = DIRECTION ( 'NONE',  ( 0.0000000000000000000, -1.979599995408886100E-016, 1.000000000000000000 ) ) ;
#5789 = DIRECTION ( 'NONE',  ( 1.000000000000000000, -0.0000000000000000000, -0.0000000000000000000 ) ) ;
#5790 = EDGE_LOOP ( 'NONE', ( #8536, #3655, #5834, #7234 ) ) ;
#5791 = VERTEX_POINT ( 'NONE', #6114 ) ;
#5792 = EDGE_CURVE ( 'NONE', #1281, #3120, #7254, .T. ) ;
#5793 = DIRECTION ( 'NONE',  ( 4.313434190716670600E-014, -9.125743083152196300E-014, -1.000000000000000000 ) ) ;
#5794 = LINE ( 'NONE', #3849, #3840 ) ;
#5795 = ORIENTED_EDGE ( 'NONE', *, *, #2588, .F. ) ;
#5796 = DIRECTION ( 'NONE',  ( 1.000000000000000000, 0.0000000000000000000, -0.0000000000000000000 ) ) ;
#5797 = CARTESIAN_POINT ( 'NONE',  ( 0.8974999999999999600, 0.2699999999999999100, -0.2220000000000000600 ) ) ;
#5798 = ORIENTED_EDGE ( 'NONE', *, *, #8884, .F. ) ;
#5799 = APPLICATION_PROTOCOL_DEFINITION ( 'international standard', 'config_control_design', 1994, #452 ) ;
#5800 = DIRECTION ( 'NONE',  ( 0.0000000000000000000, -5.691349986800549600E-017, 1.000000000000000000 ) ) ;
#5801 = AXIS2_PLACEMENT_3D ( 'NONE', #1419, #1110, #1723 ) ;
#5802 = PLANE ( 'NONE',  #5081 ) ;
#5803 = CYLINDRICAL_SURFACE ( 'NONE', #2283, 0.01850000000000008900 ) ;
#5804 = EDGE_LOOP ( 'NONE', ( #3869, #4433, #5723, #3548 ) ) ;
#5805 = CARTESIAN_POINT ( 'NONE',  ( 0.5506336065353513200, 0.4162857328953860600, -0.01000000000000000000 ) ) ;
#5806 = EDGE_CURVE ( 'NONE', #2161, #1634, #9162, .T. ) ;
#5807 = ORIENTED_EDGE ( 'NONE', *, *, #2744, .T. ) ;
#5808 = EDGE_LOOP ( 'NONE', ( #5999, #4391, #8015, #2110 ) ) ;
#5809 = VECTOR ( 'NONE', #6064, 39.37007874015748100 ) ;
#5810 = ORIENTED_EDGE ( 'NONE', *, *, #7096, .T. ) ;
#5811 = DIRECTION ( 'NONE',  ( -1.107796627350074200E-013, -1.000000000000000000, -9.113442218021013500E-014 ) ) ;
#5812 = CARTESIAN_POINT ( 'NONE',  ( 0.8021601555077856300, 0.2268432979619844400, -0.01000000000000000000 ) ) ;
#5813 = AXIS2_PLACEMENT_3D ( 'NONE', #3390, #8298, #4112 ) ;
#5814 = CARTESIAN_POINT ( 'NONE',  ( 0.9974999999999999400, 0.2699999999999999100, -0.2210000000000000900 ) ) ;
#5815 = EDGE_CURVE ( 'NONE', #562, #5476, #3450, .T. ) ;
#5816 = EDGE_CURVE ( 'NONE', #4973, #2704, #5632, .T. ) ;
#5817 = CARTESIAN_POINT ( 'NONE',  ( 0.6974999999999999000, 0.5580000000000000500, -0.2610000000000000700 ) ) ;
#5818 = ADVANCED_FACE ( 'NONE', ( #1076 ), #4806, .T. ) ;
#5819 = CIRCLE ( 'NONE', #2672, 0.03999999999999998000 ) ;
#5820 = ORIENTED_EDGE ( 'NONE', *, *, #4577, .F. ) ;
#5821 = VERTEX_POINT ( 'NONE', #5772 ) ;
#5822 = LINE ( 'NONE', #1279, #7646 ) ;
#5823 = DIRECTION ( 'NONE',  ( 1.000000000000000000, 0.0000000000000000000, 0.0000000000000000000 ) ) ;
#5824 = DIRECTION ( 'NONE',  ( 1.000000000000000000, 0.0000000000000000000, 0.0000000000000000000 ) ) ;
#5825 = DIRECTION ( 'NONE',  ( -0.0000000000000000000, 0.0000000000000000000, 1.000000000000000000 ) ) ;
#5826 = DIRECTION ( 'NONE',  ( 1.000000000000000000, 0.0000000000000000000, -0.0000000000000000000 ) ) ;
#5827 = VECTOR ( 'NONE', #8607, 39.37007874015748100 ) ;
#5828 = CC_DESIGN_DATE_AND_TIME_ASSIGNMENT ( #2964, #6642, ( #3860 ) ) ;
#5829 = FACE_OUTER_BOUND ( 'NONE', #5426, .T. ) ;
#5830 = EDGE_LOOP ( 'NONE', ( #5369, #7869, #6919, #2908 ) ) ;
#5831 = VECTOR ( 'NONE', #4007, 39.37007874015748100 ) ;
#5832 = DIRECTION ( 'NONE',  ( -0.0000000000000000000, -0.0000000000000000000, 1.000000000000000000 ) ) ;
#5833 = APPROVAL_ROLE ( '' ) ;
#5834 = ORIENTED_EDGE ( 'NONE', *, *, #2045, .F. ) ;
#5835 = EDGE_CURVE ( 'NONE', #3652, #4552, #3202, .T. ) ;
#5836 = DIRECTION ( 'NONE',  ( 1.000000000000000000, 0.0000000000000000000, 0.0000000000000000000 ) ) ;
#5837 = CARTESIAN_POINT ( 'NONE',  ( 1.067500000000000100, 0.4749999999999999800, -0.3130000000000000600 ) ) ;
#5838 = CARTESIAN_POINT ( 'NONE',  ( 0.7974999999999998800, 0.05000000000000014800, -0.07250000000000002300 ) ) ;
#5839 = LINE ( 'NONE', #2920, #7446 ) ;
#5840 = FACE_OUTER_BOUND ( 'NONE', #994, .T. ) ;
#5841 = VECTOR ( 'NONE', #5395, 39.37007874015748100 ) ;
#5842 = CARTESIAN_POINT ( 'NONE',  ( 0.4582132034363839400, 0.03750000000012246300, 0.02499999999945186000 ) ) ;
#5843 = VERTEX_POINT ( 'NONE', #8204 ) ;
#5844 = ORIENTED_EDGE ( 'NONE', *, *, #2245, .T. ) ;
#5845 = DIRECTION ( 'NONE',  ( -0.0000000000000000000, -0.0000000000000000000, 1.000000000000000000 ) ) ;
#5846 = EDGE_CURVE ( 'NONE', #1291, #1416, #8571, .T. ) ;
#5847 = CARTESIAN_POINT ( 'NONE',  ( 0.5371370600051095200, 0.2405852362473084000, -0.01000000000000000000 ) ) ;
#5848 = FACE_OUTER_BOUND ( 'NONE', #2369, .T. ) ;
#5849 = LINE ( 'NONE', #7325, #3896 ) ;
#5850 = VECTOR ( 'NONE', #1664, 39.37007874015748100 ) ;
#5851 = DIRECTION ( 'NONE',  ( 0.0000000000000000000, -0.0000000000000000000, 1.000000000000000000 ) ) ;
#5852 = ORIENTED_EDGE ( 'NONE', *, *, #7491, .T. ) ;
#5853 = LINE ( 'NONE', #5582, #1838 ) ;
#5854 = FACE_OUTER_BOUND ( 'NONE', #3610, .T. ) ;
#5855 = ORIENTED_EDGE ( 'NONE', *, *, #497, .F. ) ;
#5856 = DIRECTION ( 'NONE',  ( 1.000000000000000000, 0.0000000000000000000, -0.0000000000000000000 ) ) ;
#5857 = VECTOR ( 'NONE', #7913, 39.37007874015748100 ) ;
#5858 = AXIS2_PLACEMENT_3D ( 'NONE', #2941, #2813, #4725 ) ;
#5859 = ORIENTED_EDGE ( 'NONE', *, *, #4148, .F. ) ;
#5860 = CALENDAR_DATE ( 2019, 15, 10 ) ;
#5861 = EDGE_CURVE ( 'NONE', #4667, #2560, #4928, .T. ) ;
#5862 = ORIENTED_EDGE ( 'NONE', *, *, #5377, .T. ) ;
#5863 = LOCAL_TIME ( 8, 51, 22.00000000000000000, #7691 ) ;
#5864 = PERSON_AND_ORGANIZATION_ROLE ( 'classification_officer' ) ;
#5865 = CIRCLE ( 'NONE', #3061, 0.01850000000000008900 ) ;
#5866 = CIRCLE ( 'NONE', #58, 0.03999999999999998000 ) ;
#5867 = EDGE_LOOP ( 'NONE', ( #5623, #5643, #5593, #5535 ) ) ;
#5868 = CARTESIAN_POINT ( 'NONE',  ( 0.6397108136348436100, 0.2719953808994843300, -0.01000000000000000000 ) ) ;
#5869 = ADVANCED_FACE ( 'NONE', ( #836 ), #2763, .T. ) ;
#5870 = ORIENTED_EDGE ( 'NONE', *, *, #6194, .T. ) ;
#5871 = ORIENTED_EDGE ( 'NONE', *, *, #7503, .F. ) ;
#5872 = CARTESIAN_POINT ( 'NONE',  ( 0.3361881571569164700, 0.04400000000003125700, -0.005999999999826682200 ) ) ;
#5873 = LINE ( 'NONE', #814, #3698 ) ;
#5874 = FACE_OUTER_BOUND ( 'NONE', #155, .T. ) ;
#5875 = CARTESIAN_POINT ( 'NONE',  ( 0.7398306497136468700, 0.0000000000000000000, -0.01000000000000000000 ) ) ;
#5876 = EDGE_CURVE ( 'NONE', #8494, #684, #1338, .T. ) ;
#5877 = ORIENTED_EDGE ( 'NONE', *, *, #9201, .F. ) ;
#5878 = CARTESIAN_POINT ( 'NONE',  ( 1.042500000000000200, 0.05000000000000000300, -0.2975000000000001000 ) ) ;
#5879 = CARTESIAN_POINT ( 'NONE',  ( 0.2412000000003259900, 0.04250000000009039600, -6.228613425554519900E-014 ) ) ;
#5880 = EDGE_LOOP ( 'NONE', ( #157, #6022, #6861, #884 ) ) ;
#5881 = DIRECTION ( 'NONE',  ( 0.0000000000000000000, -0.0000000000000000000, 1.000000000000000000 ) ) ;
#5882 = VECTOR ( 'NONE', #4451, 39.37007874015748100 ) ;
#5883 = DIRECTION ( 'NONE',  ( -1.000000000000000000, 0.0000000000000000000, -0.0000000000000000000 ) ) ;
#5884 = ORIENTED_EDGE ( 'NONE', *, *, #832, .F. ) ;
#5885 = CARTESIAN_POINT ( 'NONE',  ( 0.0000000000000000000, 0.4094147637527243400, -0.01000000000000000000 ) ) ;
#5886 = CC_DESIGN_DATE_AND_TIME_ASSIGNMENT ( #9095, #7195, ( #3917 ) ) ;
#5887 = EDGE_LOOP ( 'NONE', ( #5417, #502, #6423, #652 ) ) ;
#5888 = DIRECTION ( 'NONE',  ( 0.0000000000000000000, -0.0000000000000000000, 1.000000000000000000 ) ) ;
#5889 = VERTEX_POINT ( 'NONE', #7311 ) ;
#5890 = DIRECTION ( 'NONE',  ( 0.0000000000000000000, 1.000000000000000000, 0.0000000000000000000 ) ) ;
#5891 = DIRECTION ( 'NONE',  ( -0.0000000000000000000, -0.0000000000000000000, 1.000000000000000000 ) ) ;
#5892 = EDGE_CURVE ( 'NONE', #1214, #3677, #598, .T. ) ;
#5893 = VERTEX_POINT ( 'NONE', #1807 ) ;
#5894 = ORIENTED_EDGE ( 'NONE', *, *, #5861, .T. ) ;
#5895 = APPROVAL_DATE_TIME ( #7728, #3096 ) ;
#5896 = EDGE_LOOP ( 'NONE', ( #3846, #2539, #2024, #1564 ) ) ;
#5897 = DATE_TIME_ROLE ( 'classification_date' ) ;
#5898 = CARTESIAN_POINT ( 'NONE',  ( 0.8974999999999999600, 0.5180000000000000200, -0.2610000000000000700 ) ) ;
#5899 = DIRECTION ( 'NONE',  ( 1.000000000000000000, 1.106190048104581800E-013, 4.313434190715660800E-014 ) ) ;
#5900 = EDGE_CURVE ( 'NONE', #331, #1299, #2689, .T. ) ;
#5901 = ORIENTED_EDGE ( 'NONE', *, *, #4689, .F. ) ;
#5902 = ORIENTED_EDGE ( 'NONE', *, *, #4492, .T. ) ;
#5903 = AXIS2_PLACEMENT_3D ( 'NONE', #8705, #1536, #6753 ) ;
#5904 = CARTESIAN_POINT ( 'NONE',  ( 0.7374999999999998200, 0.2700000000000001800, -0.1480000000000000200 ) ) ;
#5905 = EDGE_LOOP ( 'NONE', ( #7513, #6344, #8912, #4640 ) ) ;
#5906 = CARTESIAN_POINT ( 'NONE',  ( 0.5374999999999999800, 0.2699999999999999100, -0.2220000000000000900 ) ) ;
#5907 = ORIENTED_EDGE ( 'NONE', *, *, #646, .T. ) ;
#5908 = CARTESIAN_POINT ( 'NONE',  ( 0.5897132034361306500, 0.02800000000004960000, -0.002999999999805979500 ) ) ;
#5909 = VECTOR ( 'NONE', #2775, 39.37007874015748100 ) ;
#5910 = VERTEX_POINT ( 'NONE', #596 ) ;
#5911 = AXIS2_PLACEMENT_3D ( 'NONE', #5534, #984, #4048 ) ;
#5912 = ADVANCED_FACE ( 'NONE', ( #4697 ), #4747, .T. ) ;
#5913 = ORIENTED_EDGE ( 'NONE', *, *, #6673, .T. ) ;
#5914 = EDGE_CURVE ( 'NONE', #1490, #2323, #2444, .T. ) ;
#5915 = CARTESIAN_POINT ( 'NONE',  ( 0.0000000000000000000, 0.4231567020380508400, -0.01000000000000000000 ) ) ;
#5916 = VERTEX_POINT ( 'NONE', #4395 ) ;
#5917 = AXIS2_PLACEMENT_3D ( 'NONE', #7798, #7841, #7855 ) ;
#5918 = DIRECTION ( 'NONE',  ( -1.000000000000000000, -1.108302649211572400E-013, 4.326239728263341400E-014 ) ) ;
#5919 = FACE_BOUND ( 'NONE', #5414, .T. ) ;
#5920 = ORIENTED_EDGE ( 'NONE', *, *, #556, .F. ) ;
#5921 = ORIENTED_EDGE ( 'NONE', *, *, #8853, .F. ) ;
#5922 = PRODUCT_DEFINITION_SHAPE ( 'NONE', 'NONE',  #3917 ) ;
#5923 = APPROVAL_ROLE ( '' ) ;
#5924 = DIRECTION ( 'NONE',  ( 0.0000000000000000000, 0.0000000000000000000, -1.000000000000000000 ) ) ;
#5925 = AXIS2_PLACEMENT_3D ( 'NONE', #5927, #6251, #6833 ) ;
#5926 = VERTEX_POINT ( 'NONE', #6412 ) ;
#5927 = CARTESIAN_POINT ( 'NONE',  ( 0.6990956183678620500, 0.2366589681657897700, -0.01000000000000000000 ) ) ;
#5928 = FACE_OUTER_BOUND ( 'NONE', #4415, .T. ) ;
#5929 = EDGE_LOOP ( 'NONE', ( #4527, #6008, #873, #8124 ) ) ;
#5930 = EDGE_CURVE ( 'NONE', #6084, #6095, #6179, .T. ) ;
#5931 = ORIENTED_EDGE ( 'NONE', *, *, #4375, .F. ) ;
#5932 = VECTOR ( 'NONE', #6189, 39.37007874015748100 ) ;
#5933 = CYLINDRICAL_SURFACE ( 'NONE', #8559, 0.06350000000000001500 ) ;
#5934 = VERTEX_POINT ( 'NONE', #7759 ) ;
#5935 = CYLINDRICAL_SURFACE ( 'NONE', #2869, 0.009815670203806754800 ) ;
#5936 = AXIS2_PLACEMENT_3D ( 'NONE', #201, #5584, #1004 ) ;
#5937 = DIRECTION ( 'NONE',  ( 0.0000000000000000000, 0.0000000000000000000, 1.000000000000000000 ) ) ;
#5938 = EDGE_CURVE ( 'NONE', #4509, #3562, #7987, .T. ) ;
#5939 = EDGE_CURVE ( 'NONE', #340, #443, #2203, .T. ) ;
#5940 = CARTESIAN_POINT ( 'NONE',  ( 0.5506336064154143700, 0.2268432979619855200, 0.0000000000000000000 ) ) ;
#5941 = CIRCLE ( 'NONE', #4637, 0.009815670203806345400 ) ;
#5942 = CIRCLE ( 'NONE', #4083, 0.009815670203803203800 ) ;
#5943 = DIRECTION ( 'NONE',  ( 1.000000000000000000, 0.0000000000000000000, 0.0000000000000000000 ) ) ;
#5944 = FACE_OUTER_BOUND ( 'NONE', #3523, .T. ) ;
#5945 = CARTESIAN_POINT ( 'NONE',  ( 0.8374999999999999100, 0.5579999999999999400, -0.2610000000000001200 ) ) ;
#5946 = DIRECTION ( 'NONE',  ( -0.0000000000000000000, -0.0000000000000000000, 1.000000000000000000 ) ) ;
#5947 = ORIENTED_EDGE ( 'NONE', *, *, #7722, .T. ) ;
#5948 = CARTESIAN_POINT ( 'NONE',  ( 0.7974999999999998800, 0.05000000000000000300, -0.2975000000000001000 ) ) ;
#5949 = PLANE ( 'NONE',  #1319 ) ;
#5950 = LINE ( 'NONE', #2648, #4001 ) ;
#5951 = EDGE_CURVE ( 'NONE', #7797, #2655, #6599, .T. ) ;
#5952 = ORIENTED_EDGE ( 'NONE', *, *, #7720, .F. ) ;
#5953 = DIRECTION ( 'NONE',  ( -1.000000000000000000, -0.0000000000000000000, 0.0000000000000000000 ) ) ;
#5954 = APPROVAL_STATUS ( 'not_yet_approved' ) ;
#5955 = FACE_OUTER_BOUND ( 'NONE', #6755, .T. ) ;
#5956 = EDGE_CURVE ( 'NONE', #5042, #331, #7785, .T. ) ;
#5957 = DIRECTION ( 'NONE',  ( 0.0000000000000000000, 0.0000000000000000000, 1.000000000000000000 ) ) ;
#5958 = DIRECTION ( 'NONE',  ( -0.0000000000000000000, 0.0000000000000000000, -1.000000000000000000 ) ) ;
#5959 = LINE ( 'NONE', #3399, #3782 ) ;
#5960 = LINE ( 'NONE', #279, #1955 ) ;
#5961 = LINE ( 'NONE', #8352, #4010 ) ;
#5962 = CARTESIAN_POINT ( 'NONE',  ( 0.5374999999999999800, 0.5579999999999996100, -0.07250000000000000900 ) ) ;
#5963 = VERTEX_POINT ( 'NONE', #4231 ) ;
#5964 = PLANE ( 'NONE',  #7983 ) ;
#5965 = ORGANIZATION ( 'NAUO-ORG6', 'UNSPECIFIED', 'UNSPECIFIED' ) ;
#5966 = CARTESIAN_POINT ( 'NONE',  ( 1.004362961706156500, 0.3063502266127573500, 0.0000000000000000000 ) ) ;
#5967 = CARTESIAN_POINT ( 'NONE',  ( 0.6374999999999998400, 0.2700000000000001800, -0.1480000000000000500 ) ) ;
#5968 = VECTOR ( 'NONE', #3180, 39.37007874015748100 ) ;
#5969 = FACE_OUTER_BOUND ( 'NONE', #4523, .T. ) ;
#5970 = DIRECTION ( 'NONE',  ( 1.000000000000000000, 0.0000000000000000000, 0.0000000000000000000 ) ) ;
#5971 = CARTESIAN_POINT ( 'NONE',  ( 0.5832707099629760300, 0.2268432979619829900, -0.01000000000000000000 ) ) ;
#5972 = ORIENTED_EDGE ( 'NONE', *, *, #2377, .T. ) ;
#5973 = CALENDAR_DATE ( 2019, 15, 10 ) ;
#5974 = CARTESIAN_POINT ( 'NONE',  ( 0.5624999999999998900, 0.5180000000000000200, -0.2610000000000001200 ) ) ;
#5975 = LOCAL_TIME ( 8, 51, 22.00000000000000000, #7800 ) ;
#5976 = LINE ( 'NONE', #537, #4501 ) ;
#5977 = AXIS2_PLACEMENT_3D ( 'NONE', #270, #4401, #4595 ) ;
#5978 = LINE ( 'NONE', #5295, #8007 ) ;
#5979 = DIRECTION ( 'NONE',  ( 1.000000000000000000, 0.0000000000000000000, 0.0000000000000000000 ) ) ;
#5980 = CARTESIAN_POINT ( 'NONE',  ( 0.3361881571569000900, 0.04400000000002975800, 0.006000000000173626900 ) ) ;
#5981 = EDGE_CURVE ( 'NONE', #4539, #2396, #5959, .T. ) ;
#5982 = ORIENTED_EDGE ( 'NONE', *, *, #5235, .T. ) ;
#5983 = SECURITY_CLASSIFICATION_LEVEL ( 'unclassified' ) ;
#5984 = VECTOR ( 'NONE', #5392, 39.37007874015748100 ) ;
#5985 = VECTOR ( 'NONE', #6763, 39.37007874015748100 ) ;
#5986 = ORIENTED_EDGE ( 'NONE', *, *, #8359, .F. ) ;
#5988 = DIRECTION ( 'NONE',  ( 0.0000000000000000000, 0.0000000000000000000, 1.000000000000000000 ) ) ;
#5987 = DIRECTION ( 'NONE',  ( -4.313434190716670600E-014, 9.125743083152196300E-014, 1.000000000000000000 ) ) ;
#5989 = ORIENTED_EDGE ( 'NONE', *, *, #4461, .T. ) ;
#5990 = AXIS2_PLACEMENT_3D ( 'NONE', #917, #951, #904 ) ;
#5991 = VERTEX_POINT ( 'NONE', #4821 ) ;
#5992 = ORIENTED_EDGE ( 'NONE', *, *, #7617, .F. ) ;
#5993 = EDGE_CURVE ( 'NONE', #254, #1519, #5737, .T. ) ;
#5994 = EDGE_CURVE ( 'NONE', #5991, #1168, #7564, .T. ) ;
#5995 = DIRECTION ( 'NONE',  ( -0.0000000000000000000, -0.0000000000000000000, 1.000000000000000000 ) ) ;
#5996 = VERTEX_POINT ( 'NONE', #811 ) ;
#5997 = CARTESIAN_POINT ( 'NONE',  ( 0.3361881571572882800, 0.01249999999994301000, -0.02500000000030747800 ) ) ;
#5998 = LOCAL_TIME ( 8, 51, 22.00000000000000000, #7818 ) ;
#5999 = ORIENTED_EDGE ( 'NONE', *, *, #881, .T. ) ;
#6000 = DIRECTION ( 'NONE',  ( 0.0000000000000000000, 0.0000000000000000000, 1.000000000000000000 ) ) ;
#6001 = PLANE ( 'NONE',  #2059 ) ;
#6002 = DIRECTION ( 'NONE',  ( 1.000000000000000000, 0.0000000000000000000, 0.0000000000000000000 ) ) ;
#6003 = DIMENSIONAL_EXPONENTS ( 1.000000000000000000, 0.0000000000000000000, 0.0000000000000000000, 0.0000000000000000000, 0.0000000000000000000, 0.0000000000000000000, 0.0000000000000000000 ) ;
#6004 = CARTESIAN_POINT ( 'NONE',  ( 0.8202132034361313600, 0.01600000000015627500, 0.008999999999328061100 ) ) ;
#6005 = CC_DESIGN_APPROVAL ( #5524, ( #4538 ) ) ;
#6006 = ORIENTED_EDGE ( 'NONE', *, *, #6343, .F. ) ;
#6007 = LENGTH_MEASURE_WITH_UNIT ( LENGTH_MEASURE( 0.02539999999999999900 ), #312 );
#6008 = ORIENTED_EDGE ( 'NONE', *, *, #8252, .F. ) ;
#6009 = PLANE ( 'NONE',  #3191 ) ;
#6010 = EDGE_CURVE ( 'NONE', #6531, #1433, #7356, .T. ) ;
#6011 = DIRECTION ( 'NONE',  ( 1.106190048102486900E-013, 1.000000000000000000, 9.125743083008812900E-014 ) ) ;
#6012 = ORIENTED_EDGE ( 'NONE', *, *, #3571, .F. ) ;
#6013 = ORIENTED_EDGE ( 'NONE', *, *, #8350, .T. ) ;
#6014 =( REPRESENTATION_RELATIONSHIP ('NONE','NONE', #1285, #7662 ) REPRESENTATION_RELATIONSHIP_WITH_TRANSFORMATION ( #4143 )SHAPE_REPRESENTATION_RELATIONSHIP( ) );
#6015 = VECTOR ( 'NONE', #3090, 39.37007874015748100 ) ;
#6016 = VERTEX_POINT ( 'NONE', #49 ) ;
#6017 = DIRECTION ( 'NONE',  ( 0.0000000000000000000, -4.553079989440441700E-016, 1.000000000000000000 ) ) ;
#6018 = EDGE_CURVE ( 'NONE', #6590, #6188, #1455, .T. ) ;
#6019 = CARTESIAN_POINT ( 'NONE',  ( 0.5374999999999999800, 0.3450000000000002000, -0.09750000000000003100 ) ) ;
#6020 = EDGE_LOOP ( 'NONE', ( #3855, #2055, #479, #9204 ) ) ;
#6021 = VECTOR ( 'NONE', #7941, 39.37007874015748100 ) ;
#6022 = ORIENTED_EDGE ( 'NONE', *, *, #4168, .T. ) ;
#6023 = CARTESIAN_POINT ( 'NONE',  ( 0.6974999999999999000, 0.5180000000000000200, -0.1489999999999998500 ) ) ;
#6024 = CARTESIAN_POINT ( 'NONE',  ( 0.4974999999999998900, 0.5580000000000000500, -0.07249999999999998100 ) ) ;
#6025 = EDGE_LOOP ( 'NONE', ( #7804, #7716, #7765, #7679 ) ) ;
#6026 = DIRECTION ( 'NONE',  ( 0.0000000000000000000, -1.000000000000000000, 1.352399996863497400E-015 ) ) ;
#6027 = AXIS2_PLACEMENT_3D ( 'NONE', #7399, #8305, #7525 ) ;
#6028 = VECTOR ( 'NONE', #3311, 39.37007874015748100 ) ;
#6029 = ORIENTED_EDGE ( 'NONE', *, *, #497, .T. ) ;
#6030 = DIRECTION ( 'NONE',  ( -0.0000000000000000000, 0.0000000000000000000, -1.000000000000000000 ) ) ;
#6031 = CARTESIAN_POINT ( 'NONE',  ( 0.3564999999999999800, 0.4749999999999999800, -0.3130000000000000600 ) ) ;
#6032 = EDGE_CURVE ( 'NONE', #6095, #2355, #3556, .T. ) ;
#6033 = DIRECTION ( 'NONE',  ( 0.0000000000000000000, 4.553079989440425900E-016, -1.000000000000000000 ) ) ;
#6034 = PLANE ( 'NONE',  #8251 ) ;
#6035 = CARTESIAN_POINT ( 'NONE',  ( 1.004362961706167100, 0.3637718973050384500, -0.01000000000000000000 ) ) ;
#6036 = AXIS2_PLACEMENT_3D ( 'NONE', #5733, #5764, #5796 ) ;
#6037 = PERSON ( 'NAUO-PER4', 'UNSPECIFIED', 'UNSPECIFIED', ('UNSPECIFIED'), ('UNSPECIFIED'), ('UNSPECIFIED') ) ;
#6038 = DIRECTION ( 'NONE',  ( 1.000000000000000000, 1.107994145790018800E-013, -4.321962980031988100E-014 ) ) ;
#6039 = LINE ( 'NONE', #5272, #6470 ) ;
#6040 = EDGE_LOOP ( 'NONE', ( #1184, #289, #104, #253, #733, #2235, #3603, #3240, #3624 ) ) ;
#6041 = LINE ( 'NONE', #952, #6472 ) ;
#6042 = CARTESIAN_POINT ( 'NONE',  ( 0.4974999999999998900, 0.3450000000000002000, -0.09750000000000005900 ) ) ;
#6043 = AXIS2_PLACEMENT_3D ( 'NONE', #8374, #8360, #2697 ) ;
#6044 = CARTESIAN_POINT ( 'NONE',  ( 0.5974999999999999200, 0.5180000000000000200, -0.2210000000000000600 ) ) ;
#6045 = DIRECTION ( 'NONE',  ( 4.313434190716670600E-014, -9.125743083152196300E-014, -1.000000000000000000 ) ) ;
#6046 = EDGE_CURVE ( 'NONE', #5228, #2762, #1706, .T. ) ;
#6047 = CIRCLE ( 'NONE', #5925, 0.009815670203806754800 ) ;
#6048 = LINE ( 'NONE', #2847, #9333 ) ;
#6049 = ORIENTED_EDGE ( 'NONE', *, *, #224, .F. ) ;
#6050 = VECTOR ( 'NONE', #821, 39.37007874015748100 ) ;
#6051 = EDGE_LOOP ( 'NONE', ( #1598, #9248, #3006, #8613 ) ) ;
#6052 = DIRECTION ( 'NONE',  ( -0.0000000000000000000, -0.0000000000000000000, 1.000000000000000000 ) ) ;
#6053 = CARTESIAN_POINT ( 'NONE',  ( 0.9374999999999998900, 0.5999999999999999800, -0.2974999999999999900 ) ) ;
#6054 = DIRECTION ( 'NONE',  ( 1.000000000000000000, -0.0000000000000000000, -0.0000000000000000000 ) ) ;
#6055 = CARTESIAN_POINT ( 'NONE',  ( 0.4582132034359982500, 0.03750000000017853600, -0.05764965543521797400 ) ) ;
#6056 = FACE_OUTER_BOUND ( 'NONE', #4329, .T. ) ;
#6057 = CC_DESIGN_APPROVAL ( #5581, ( #5104 ) ) ;
#6058 = CARTESIAN_POINT ( 'NONE',  ( 0.1478113162178109300, 0.08117688916757583000, -0.02500000000095082800 ) ) ;
#6059 = LINE ( 'NONE', #2370, #461 ) ;
#6060 = ORIENTED_EDGE ( 'NONE', *, *, #6365, .F. ) ;
#6061 = LINE ( 'NONE', #5704, #4120 ) ;
#6062 = EDGE_CURVE ( 'NONE', #8529, #7838, #7148, .T. ) ;
#6063 = DIRECTION ( 'NONE',  ( 4.313434190716670600E-014, -9.125743083152196300E-014, -1.000000000000000000 ) ) ;
#6064 = DIRECTION ( 'NONE',  ( 0.0000000000000000000, -3.691686477924679400E-015, -1.000000000000000000 ) ) ;
#6065 = ORIENTED_EDGE ( 'NONE', *, *, #3873, .F. ) ;
#6066 = DIRECTION ( 'NONE',  ( -0.0000000000000000000, 1.871128762783744900E-015, -1.000000000000000000 ) ) ;
#6067 = LINE ( 'NONE', #2232, #2071 ) ;
#6068 = LINE ( 'NONE', #3733, #208 ) ;
#6069 = CARTESIAN_POINT ( 'NONE',  ( 0.5832707099630101100, 0.4231567020380508400, 0.0000000000000000000 ) ) ;
#6070 = PLANE ( 'NONE',  #9293 ) ;
#6071 = VECTOR ( 'NONE', #8497, 39.37007874015748100 ) ;
#6072 = PLANE ( 'NONE',  #5903 ) ;
#6073 = ORIENTED_EDGE ( 'NONE', *, *, #8628, .F. ) ;
#6074 = ORIENTED_EDGE ( 'NONE', *, *, #6098, .F. ) ;
#6075 = EDGE_CURVE ( 'NONE', #7861, #7943, #3325, .T. ) ;
#6076 = FACE_OUTER_BOUND ( 'NONE', #6325, .T. ) ;
#6077 = CARTESIAN_POINT ( 'NONE',  ( 0.7974999999999998800, 0.3450000000000001400, -0.2220000000000000000 ) ) ;
#6078 = AXIS2_PLACEMENT_3D ( 'NONE', #4327, #6488, #2787 ) ;
#6079 = DIRECTION ( 'NONE',  ( 1.000000000000000000, -0.0000000000000000000, -0.0000000000000000000 ) ) ;
#6080 = FACE_OUTER_BOUND ( 'NONE', #8424, .T. ) ;
#6081 = VERTEX_POINT ( 'NONE', #4732 ) ;
#6082 = LINE ( 'NONE', #6636, #5857 ) ;
#6083 = DIRECTION ( 'NONE',  ( 1.000000000000000000, 0.0000000000000000000, 0.0000000000000000000 ) ) ;
#6084 = VERTEX_POINT ( 'NONE', #4977 ) ;
#6085 = DIRECTION ( 'NONE',  ( -1.000000000000000000, -1.106190048104503000E-013, 4.313434190744403800E-014 ) ) ;
#6086 = CARTESIAN_POINT ( 'NONE',  ( 0.4375000000000010000, 0.5579999999999996100, -0.03899999999999955600 ) ) ;
#6087 = ITEM_DEFINED_TRANSFORMATION ( 'NONE', 'NONE', #7319,  #2951 ) ;
#6088 = CONTEXT_DEPENDENT_SHAPE_REPRESENTATION ( #8032, #3781 ) ;
#6089 = VECTOR ( 'NONE', #130, 39.37007874015748100 ) ;
#6090 = LINE ( 'NONE', #7593, #3914 ) ;
#6091 = PLANE ( 'NONE',  #3491 ) ;
#6092 = DIRECTION ( 'NONE',  ( 4.313434190716670600E-014, -9.125743083152196300E-014, -1.000000000000000000 ) ) ;
#6093 = AXIS2_PLACEMENT_3D ( 'NONE', #6331, #6519, #1304 ) ;
#6094 = CARTESIAN_POINT ( 'NONE',  ( 0.8787223830974585400, 0.4133410318342099500, -0.01000000000000000000 ) ) ;
#6095 = VERTEX_POINT ( 'NONE', #4197 ) ;
#6096 = CARTESIAN_POINT ( 'NONE',  ( 0.0000000000000000000, 0.5999999999999999800, -0.3700000000000001600 ) ) ;
#6097 = CARTESIAN_POINT ( 'NONE',  ( 0.5871969780444987700, 0.2474562053899773100, -0.01000000000000000000 ) ) ;
#6098 = EDGE_CURVE ( 'NONE', #6095, #5279, #959, .T. ) ;
#6099 = AXIS2_PLACEMENT_3D ( 'NONE', #810, #835, #692 ) ;
#6100 = VECTOR ( 'NONE', #2330, 39.37007874015748100 ) ;
#6101 = CARTESIAN_POINT ( 'NONE',  ( 0.5506336065353099100, 0.3318709691426837100, 0.0000000000000000000 ) ) ;
#6102 = CIRCLE ( 'NONE', #465, 0.006870969142648501700 ) ;
#6103 = ORIENTED_EDGE ( 'NONE', *, *, #781, .T. ) ;
#6104 = EDGE_LOOP ( 'NONE', ( #57, #7172, #5222, #6144, #520, #801, #2454, #5351, #6336 ) ) ;
#6105 = AXIS2_PLACEMENT_3D ( 'NONE', #482, #2336, #8151 ) ;
#6106 = CARTESIAN_POINT ( 'NONE',  ( 0.4375000000000010000, 0.5999999999999999800, -0.3310000000000007400 ) ) ;
#6107 = VECTOR ( 'NONE', #9051, 39.37007874015748100 ) ;
#6108 = ORIENTED_EDGE ( 'NONE', *, *, #8014, .T. ) ;
#6109 = DIRECTION ( 'NONE',  ( 0.0000000000000000000, 1.352399996863497200E-015, -1.000000000000000000 ) ) ;
#6110 = ORIENTED_EDGE ( 'NONE', *, *, #8700, .F. ) ;
#6111 = EDGE_CURVE ( 'NONE', #7825, #1323, #6925, .T. ) ;
#6112 = VERTEX_POINT ( 'NONE', #5948 ) ;
#6113 = ORIENTED_EDGE ( 'NONE', *, *, #9139, .T. ) ;
#6114 = CARTESIAN_POINT ( 'NONE',  ( 0.4374999999999998900, 0.2700000000000001800, -0.1480000000000000800 ) ) ;
#6115 = ORIENTED_EDGE ( 'NONE', *, *, #3018, .F. ) ;
#6116 = CARTESIAN_POINT ( 'NONE',  ( 0.5734550397591692300, 0.4133410318342099500, -0.01000000000000000000 ) ) ;
#6117 = AXIS2_PLACEMENT_3D ( 'NONE', #5875, #4437, #9195 ) ;
#6118 = APPROVAL_PERSON_ORGANIZATION ( #7926, #3096, #1975 ) ;
#6119 = ORIENTED_EDGE ( 'NONE', *, *, #7708, .F. ) ;
#6120 = EDGE_CURVE ( 'NONE', #1000, #2655, #5289, .T. ) ;
#6121 = EDGE_CURVE ( 'NONE', #6138, #2933, #8658, .T. ) ;
#6122 = CARTESIAN_POINT ( 'NONE',  ( 0.1536499778721389700, 0.06956181146273769700, -0.02500000000006324900 ) ) ;
#6123 = ORIENTED_EDGE ( 'NONE', *, *, #2527, .F. ) ;
#6124 = CARTESIAN_POINT ( 'NONE',  ( 0.4974999999999998900, 0.3450000000000002000, -0.2725000000000000200 ) ) ;
#6125 = VECTOR ( 'NONE', #8848, 39.37007874015748100 ) ;
#6126 = VERTEX_POINT ( 'NONE', #4326 ) ;
#6127 = DIRECTION ( 'NONE',  ( -1.000000000000000000, -1.105907419003793000E-013, 4.313434190744408800E-014 ) ) ;
#6128 = CARTESIAN_POINT ( 'NONE',  ( 0.5974999999999999200, 0.2700000000000001800, -0.1480000000000000500 ) ) ;
#6129 = EDGE_LOOP ( 'NONE', ( #486, #462, #7995, #449, #8016, #381, #8063, #235, #6843, #6824 ) ) ;
#6130 = EDGE_CURVE ( 'NONE', #361, #2704, #701, .T. ) ;
#6131 = FACE_OUTER_BOUND ( 'NONE', #4172, .T. ) ;
#6132 = ORIENTED_EDGE ( 'NONE', *, *, #1959, .F. ) ;
#6133 = CARTESIAN_POINT ( 'NONE',  ( 0.4375000000000010000, 0.5580000000000000500, -0.3310000000000007400 ) ) ;
#6134 = CARTESIAN_POINT ( 'NONE',  ( 0.8974999999999999600, 0.2700000000000001800, -0.1480000000000000200 ) ) ;
#6135 = ADVANCED_FACE ( 'NONE', ( #2810 ), #3880, .F. ) ;
#6136 = DIRECTION ( 'NONE',  ( 1.000000000000000000, 0.0000000000000000000, 0.0000000000000000000 ) ) ;
#6137 = EDGE_LOOP ( 'NONE', ( #642, #2150, #1095, #8431 ) ) ;
#6138 = VERTEX_POINT ( 'NONE', #3864 ) ;
#6139 = VECTOR ( 'NONE', #4299, 39.37007874015748100 ) ;
#6140 = ORIENTED_EDGE ( 'NONE', *, *, #5364, .F. ) ;
#6141 = CARTESIAN_POINT ( 'NONE',  ( 0.7825288151001857900, 0.3318709691426853200, -0.01000000000000000000 ) ) ;
#6142 = CARTESIAN_POINT ( 'NONE',  ( 0.5506336065353099100, 0.3318709691426837100, -0.01000000000000000000 ) ) ;
#6143 = DIRECTION ( 'NONE',  ( -1.000000000000000000, -0.0000000000000000000, -0.0000000000000000000 ) ) ;
#6144 = ORIENTED_EDGE ( 'NONE', *, *, #8523, .F. ) ;
#6145 = DIRECTION ( 'NONE',  ( -0.0000000000000000000, 1.000000000000000000, -0.0000000000000000000 ) ) ;
#6146 = CARTESIAN_POINT ( 'NONE',  ( 0.4463421106199185200, 0.2268432979619847700, 0.0000000000000000000 ) ) ;
#6147 = VECTOR ( 'NONE', #2678, 39.37007874015748100 ) ;
#6148 = ORIENTED_EDGE ( 'NONE', *, *, #3226, .T. ) ;
#6149 = VERTEX_POINT ( 'NONE', #3581 ) ;
#6150 = LINE ( 'NONE', #1777, #5932 ) ;
#6151 = CARTESIAN_POINT ( 'NONE',  ( 0.5974999999999999200, 0.2699999999999999100, -0.2210000000000000900 ) ) ;
#6152 = DIRECTION ( 'NONE',  ( 1.000000000000000000, 0.0000000000000000000, -0.0000000000000000000 ) ) ;
#6153 = AXIS2_PLACEMENT_3D ( 'NONE', #3397, #948, #1257 ) ;
#6154 = DIRECTION ( 'NONE',  ( 0.0000000000000000000, -5.691349986800549600E-017, 1.000000000000000000 ) ) ;
#6155 = DIRECTION ( 'NONE',  ( -0.0000000000000000000, 0.0000000000000000000, 1.000000000000000000 ) ) ;
#6156 = LINE ( 'NONE', #4308, #4226 ) ;
#6157 = VERTEX_POINT ( 'NONE', #3933 ) ;
#6158 = EDGE_CURVE ( 'NONE', #1138, #516, #5053, .T. ) ;
#6159 = VECTOR ( 'NONE', #4715, 39.37007874015748100 ) ;
#6160 = CARTESIAN_POINT ( 'NONE',  ( 0.3674999999999998300, 0.2699999999999999100, -0.2210000000000000900 ) ) ;
#6161 = DIRECTION ( 'NONE',  ( -0.0000000000000000000, 0.0000000000000000000, 1.000000000000000000 ) ) ;
#6162 = FACE_OUTER_BOUND ( 'NONE', #226, .T. ) ;
#6163 = VECTOR ( 'NONE', #8311, 39.37007874015748100 ) ;
#6164 = ORIENTED_EDGE ( 'NONE', *, *, #3506, .T. ) ;
#6165 = LINE ( 'NONE', #7159, #75 ) ;
#6166 = ADVANCED_FACE ( 'NONE', ( #6491 ), #5179, .F. ) ;
#6167 = DIRECTION ( 'NONE',  ( -0.0000000000000000000, 1.000000000000000000, -0.0000000000000000000 ) ) ;
#6168 = EDGE_CURVE ( 'NONE', #9264, #1218, #2563, .T. ) ;
#6169 = EDGE_CURVE ( 'NONE', #2300, #7810, #4580, .T. ) ;
#6170 = DIRECTION ( 'NONE',  ( 0.0000000000000000000, -1.000000000000000000, -1.979599995408885400E-016 ) ) ;
#6171 = FACE_OUTER_BOUND ( 'NONE', #3989, .T. ) ;
#6172 = ORIENTED_EDGE ( 'NONE', *, *, #9091, .F. ) ;
#6173 = FACE_BOUND ( 'NONE', #2554, .T. ) ;
#6174 = CARTESIAN_POINT ( 'NONE',  ( 1.042500000000000200, 0.05000000000000000300, 0.0000000000000000000 ) ) ;
#6175 = ADVANCED_FACE ( 'NONE', ( #471 ), #2789, .F. ) ;
#6176 = CARTESIAN_POINT ( 'NONE',  ( 0.5506336065353513200, 0.4094147637527355600, 0.0000000000000000000 ) ) ;
#6177 = APPROVAL ( #9156, 'UNKNOWN' ) ;
#6178 = ADVANCED_FACE ( 'NONE', ( #6287 ), #601, .F. ) ;
#6179 = LINE ( 'NONE', #6277, #4250 ) ;
#6180 = VECTOR ( 'NONE', #5742, 39.37007874015748100 ) ;
#6181 = VECTOR ( 'NONE', #1746, 39.37007874015748100 ) ;
#6182 = EDGE_CURVE ( 'NONE', #6517, #6786, #4362, .T. ) ;
#6183 = DIRECTION ( 'NONE',  ( -1.104077446996467300E-013, -1.000000000000000000, -9.125743083173441300E-014 ) ) ;
#6184 = DIRECTION ( 'NONE',  ( 1.000000000000000000, -0.0000000000000000000, -0.0000000000000000000 ) ) ;
#6185 = ORIENTED_EDGE ( 'NONE', *, *, #56, .F. ) ;
#6186 = COORDINATED_UNIVERSAL_TIME_OFFSET ( 5, 0, .BEHIND. ) ;
#6187 = CARTESIAN_POINT ( 'NONE',  ( 0.5506336064154143700, 0.2405852362473100100, -0.01000000000000000000 ) ) ;
#6188 = VERTEX_POINT ( 'NONE', #2752 ) ;
#6189 = DIRECTION ( 'NONE',  ( -0.0000000000000000000, 1.000000000000000000, -0.0000000000000000000 ) ) ;
#6190 = FACE_OUTER_BOUND ( 'NONE', #5400, .T. ) ;
#6191 = FACE_OUTER_BOUND ( 'NONE', #7524, .T. ) ;
#6192 = CARTESIAN_POINT ( 'NONE',  ( 0.6374999999999998400, 0.3450000000000002000, -0.2725000000000000200 ) ) ;
#6193 = PLANE ( 'NONE',  #7458 ) ;
#6194 = EDGE_CURVE ( 'NONE', #6658, #8600, #4811, .T. ) ;
#6195 = ORIENTED_EDGE ( 'NONE', *, *, #3741, .T. ) ;
#6196 = ADVANCED_FACE ( 'NONE', ( #2314 ), #2480, .F. ) ;
#6197 = CARTESIAN_POINT ( 'NONE',  ( 0.3046920839946409800, 0.04350263157900179100, -0.005999999999938688100 ) ) ;
#6198 = LOCAL_TIME ( 8, 51, 22.00000000000000000, #8002 ) ;
#6199 = ORIENTED_EDGE ( 'NONE', *, *, #2895, .F. ) ;
#6200 = AXIS2_PLACEMENT_3D ( 'NONE', #3640, #514, #5851 ) ;
#6201 = DIRECTION ( 'NONE',  ( 0.0000000000000000000, 1.352399996863497200E-015, -1.000000000000000000 ) ) ;
#6202 = COORDINATED_UNIVERSAL_TIME_OFFSET ( 5, 0, .BEHIND. ) ;
#6203 = CARTESIAN_POINT ( 'NONE',  ( 0.3046920839947126500, 0.04350263157910210000, -0.02499999999996927200 ) ) ;
#6204 = FACE_OUTER_BOUND ( 'NONE', #1539, .T. ) ;
#6205 = LINE ( 'NONE', #1414, #7802 ) ;
#6206 = CARTESIAN_POINT ( 'NONE',  ( 0.5802132034361060500, 0.01250000000018330200, -0.02500000000071015200 ) ) ;
#6207 = ORIENTED_EDGE ( 'NONE', *, *, #3468, .F. ) ;
#6208 = DIRECTION ( 'NONE',  ( 0.0000000000000000000, 0.0000000000000000000, -1.000000000000000000 ) ) ;
#6209 = CARTESIAN_POINT ( 'NONE',  ( 0.1597132034360574700, 0.05750000000003179700, 0.02499999999920544900 ) ) ;
#6210 = ORIENTED_EDGE ( 'NONE', *, *, #1842, .T. ) ;
#6211 = DIRECTION ( 'NONE',  ( 4.313434190716670600E-014, -9.125743083152196300E-014, -1.000000000000000000 ) ) ;
#6212 = PRODUCT_DEFINITION_SHAPE ( 'NONE', 'NONE',  #9377 ) ;
#6213 = CARTESIAN_POINT ( 'NONE',  ( 1.014178631909972200, 0.0000000000000000000, -0.01000000000000000000 ) ) ;
#6214 = LINE ( 'NONE', #9153, #4281 ) ;
#6215 = AXIS2_PLACEMENT_3D ( 'NONE', #6581, #8660, #2149 ) ;
#6216 = ORIENTED_EDGE ( 'NONE', *, *, #7617, .T. ) ;
#6217 = ORIENTED_EDGE ( 'NONE', *, *, #6240, .T. ) ;
#6218 = ORIENTED_EDGE ( 'NONE', *, *, #5516, .F. ) ;
#6219 = EDGE_CURVE ( 'NONE', #3336, #5663, #207, .T. ) ;
#6220 = ORIENTED_EDGE ( 'NONE', *, *, #5472, .F. ) ;
#6221 = ORIENTED_EDGE ( 'NONE', *, *, #2957, .F. ) ;
#6222 = ORIENTED_EDGE ( 'NONE', *, *, #3807, .F. ) ;
#6223 = CARTESIAN_POINT ( 'NONE',  ( 0.5837132034361299800, 0.01600000000007792400, -0.009000000000524883300 ) ) ;
#6224 = APPROVAL_DATE_TIME ( #8020, #1836 ) ;
#6225 = VERTEX_POINT ( 'NONE', #2243 ) ;
#6226 = CARTESIAN_POINT ( 'NONE',  ( 0.3274999999999998500, 0.5999999999999999800, -0.2610000000000000700 ) ) ;
#6227 = AXIS2_PLACEMENT_3D ( 'NONE', #6096, #1503, #1514 ) ;
#6228 = PLANE ( 'NONE',  #2862 ) ;
#6229 = EDGE_CURVE ( 'NONE', #8110, #3498, #9344, .T. ) ;
#6230 = ORIENTED_EDGE ( 'NONE', *, *, #7206, .T. ) ;
#6231 = PRODUCT_DEFINITION_SHAPE ( 'NONE', 'NONE',  #9373 ) ;
#6232 = DIRECTION ( 'NONE',  ( 0.0000000000000000000, 1.000000000000000000, 0.0000000000000000000 ) ) ;
#6233 = ORIENTED_EDGE ( 'NONE', *, *, #4285, .T. ) ;
#6234 = CARTESIAN_POINT ( 'NONE',  ( 1.004362961706132000, 0.4133410318342107300, -0.01000000000000000000 ) ) ;
#6235 = DIRECTION ( 'NONE',  ( 0.0000000000000000000, -1.352399996863497400E-015, -1.000000000000000000 ) ) ;
#6236 = PRODUCT_DEFINITION ( 'UNKNOWN', '', #8465, #2980 ) ;
#6237 = ORIENTED_EDGE ( 'NONE', *, *, #3314, .F. ) ;
#6238 = VECTOR ( 'NONE', #6647, 39.37007874015748100 ) ;
#6239 = ORIENTED_EDGE ( 'NONE', *, *, #7630, .F. ) ;
#6240 = EDGE_CURVE ( 'NONE', #5791, #1179, #6067, .T. ) ;
#6241 = CARTESIAN_POINT ( 'NONE',  ( 0.5371370600051254000, 0.3780046191005195800, -0.01000000000000000000 ) ) ;
#6242 = ADVANCED_FACE ( 'NONE', ( #1830 ), #3207, .F. ) ;
#6243 = CARTESIAN_POINT ( 'NONE',  ( 0.1332132034361295500, 0.03799999999997313900, -0.01500000000005434000 ) ) ;
#6244 = EDGE_LOOP ( 'NONE', ( #2986, #1007, #5784, #1633 ) ) ;
#6245 = ORIENTED_EDGE ( 'NONE', *, *, #8824, .T. ) ;
#6246 = ORIENTED_EDGE ( 'NONE', *, *, #1604, .T. ) ;
#6247 = CARTESIAN_POINT ( 'NONE',  ( 0.6083006689826734300, 0.2719953808994843300, 0.0000000000000000000 ) ) ;
#6248 = ORIENTED_EDGE ( 'NONE', *, *, #6690, .T. ) ;
#6249 = LINE ( 'NONE', #7648, #6021 ) ;
#6250 = VERTEX_POINT ( 'NONE', #2088 ) ;
#6251 = DIRECTION ( 'NONE',  ( -0.0000000000000000000, 0.0000000000000000000, 1.000000000000000000 ) ) ;
#6252 = EDGE_CURVE ( 'NONE', #8633, #963, #4124, .T. ) ;
#6253 = CARTESIAN_POINT ( 'NONE',  ( 0.1332132034360717600, 0.03800000000002202300, 0.01499999999989807900 ) ) ;
#6254 = SECURITY_CLASSIFICATION ( '', '', #1482 ) ;
#6255 = EDGE_LOOP ( 'NONE', ( #8710, #6646, #4399, #5486 ) ) ;
#6256 = LINE ( 'NONE', #4668, #6028 ) ;
#6257 = ORIENTED_EDGE ( 'NONE', *, *, #2695, .F. ) ;
#6258 = CARTESIAN_POINT ( 'NONE',  ( 1.067500000000000100, 0.2699999999999999100, -0.2210000000000000900 ) ) ;
#6259 = CARTESIAN_POINT ( 'NONE',  ( 0.3924999999999996800, 0.0000000000000000000, -0.2200000000000000000 ) ) ;
#6260 = CARTESIAN_POINT ( 'NONE',  ( 0.1488389218505743700, 0.06550000000013132800, 0.005999999999337408600 ) ) ;
#6261 = VECTOR ( 'NONE', #7082, 39.37007874015748100 ) ;
#6262 = VERTEX_POINT ( 'NONE', #190 ) ;
#6263 = ORIENTED_EDGE ( 'NONE', *, *, #8711, .T. ) ;
#6264 = LINE ( 'NONE', #604, #4340 ) ;
#6265 = EDGE_CURVE ( 'NONE', #7412, #9065, #9154, .T. ) ;
#6266 = DIRECTION ( 'NONE',  ( 0.0000000000000000000, 0.0000000000000000000, 1.000000000000000000 ) ) ;
#6267 = ADVANCED_FACE ( 'NONE', ( #5848 ), #4434, .F. ) ;
#6268 = SHAPE_REPRESENTATION ( '345 Part_No Mounting Lugs', ( #2951 ), #3973 ) ;
#6269 = CARTESIAN_POINT ( 'NONE',  ( 0.5374999999999999800, 0.5180000000000000200, -0.1089999999999999000 ) ) ;
#6270 = LINE ( 'NONE', #5243, #7867 ) ;
#6271 = DESIGN_CONTEXT ( 'detailed design', #3559, 'design' ) ;
#6272 = CYLINDRICAL_SURFACE ( 'NONE', #220, 0.03100000000000002400 ) ;
#6273 = DIRECTION ( 'NONE',  ( -0.0000000000000000000, 0.0000000000000000000, 1.000000000000000000 ) ) ;
#6274 = FACE_OUTER_BOUND ( 'NONE', #8038, .T. ) ;
#6275 = CARTESIAN_POINT ( 'NONE',  ( 0.8974999999999999600, 0.3450000000000001400, -0.2220000000000000000 ) ) ;
#6276 = AXIS2_PLACEMENT_3D ( 'NONE', #2177, #2133, #2125 ) ;
#6277 = CARTESIAN_POINT ( 'NONE',  ( 0.4374999999999998900, 0.3907500000000009300, -0.05174999999999963700 ) ) ;
#6278 = DIRECTION ( 'NONE',  ( 1.773123980790257100E-012, 1.000000000000000000, 9.128979070792861800E-014 ) ) ;
#6279 = EDGE_CURVE ( 'NONE', #9245, #8339, #8962, .T. ) ;
#6280 = VECTOR ( 'NONE', #3088, 39.37007874015748100 ) ;
#6281 = DIRECTION ( 'NONE',  ( 1.000000000000000000, 0.0000000000000000000, -0.0000000000000000000 ) ) ;
#6282 = FACE_OUTER_BOUND ( 'NONE', #3134, .T. ) ;
#6283 = EDGE_LOOP ( 'NONE', ( #8626, #5947, #2169, #2734 ) ) ;
#6284 = LINE ( 'NONE', #5442, #1827 ) ;
#6285 = DIRECTION ( 'NONE',  ( -0.0000000000000000000, -1.000000000000000000, -0.0000000000000000000 ) ) ;
#6286 = ADVANCED_FACE ( 'NONE', ( #5390 ), #259, .F. ) ;
#6287 = FACE_OUTER_BOUND ( 'NONE', #6346, .T. ) ;
#6288 = CARTESIAN_POINT ( 'NONE',  ( 0.5832707099629760300, 0.2268432979619829900, -0.01000000000000000000 ) ) ;
#6289 = FACE_OUTER_BOUND ( 'NONE', #4129, .T. ) ;
#6290 = LINE ( 'NONE', #1732, #2075 ) ;
#6291 = DIRECTION ( 'NONE',  ( 0.0000000000000000000, 0.0000000000000000000, -1.000000000000000000 ) ) ;
#6292 = EDGE_CURVE ( 'NONE', #8600, #579, #3441, .T. ) ;
#6293 = EDGE_CURVE ( 'NONE', #3920, #8133, #3895, .T. ) ;
#6294 = VERTEX_POINT ( 'NONE', #9265 ) ;
#6295 = DIRECTION ( 'NONE',  ( -1.000000000000000000, -0.0000000000000000000, -0.0000000000000000000 ) ) ;
#6296 = LINE ( 'NONE', #7022, #7891 ) ;
#6297 = VECTOR ( 'NONE', #877, 39.37007874015748100 ) ;
#6298 = ORIENTED_EDGE ( 'NONE', *, *, #3033, .F. ) ;
#6299 = CARTESIAN_POINT ( 'NONE',  ( 0.4675000000030232700, 0.6712132034360658300, -0.3100000000001086300 ) ) ;
#6300 = LINE ( 'NONE', #9206, #485 ) ;
#6301 = ORIENTED_EDGE ( 'NONE', *, *, #3991, .T. ) ;
#6302 = CC_DESIGN_PERSON_AND_ORGANIZATION_ASSIGNMENT ( #8196, #2212, ( #3860 ) ) ;
#6303 = ORIENTED_EDGE ( 'NONE', *, *, #4224, .T. ) ;
#6304 = APPROVAL_DATE_TIME ( #8090, #8821 ) ;
#6305 = DIRECTION ( 'NONE',  ( 1.000000000000000000, 0.0000000000000000000, 0.0000000000000000000 ) ) ;
#6306 = VERTEX_POINT ( 'NONE', #4708 ) ;
#6307 = DATE_AND_TIME ( #8092, #488 ) ;
#6308 = LINE ( 'NONE', #1890, #2341 ) ;
#6309 = EDGE_CURVE ( 'NONE', #353, #3608, #5619, .T. ) ;
#6310 = LINE ( 'NONE', #6905, #7693 ) ;
#6311 = ORIENTED_EDGE ( 'NONE', *, *, #8686, .F. ) ;
#6312 = CARTESIAN_POINT ( 'NONE',  ( 0.0000000000000000000, 0.2268432979619829900, -0.01000000000000000000 ) ) ;
#6313 = ORIENTED_EDGE ( 'NONE', *, *, #846, .T. ) ;
#6314 = DIRECTION ( 'NONE',  ( -1.182309098773882400E-013, -0.8944271909998698900, 0.4472135955000500800 ) ) ;
#6315 = CYLINDRICAL_SURFACE ( 'NONE', #6830, 0.009815670203803203800 ) ;
#6316 = VERTEX_POINT ( 'NONE', #5176 ) ;
#6317 = LINE ( 'NONE', #4896, #240 ) ;
#6318 = EDGE_CURVE ( 'NONE', #8890, #2323, #7033, .T. ) ;
#6319 = ORIENTED_EDGE ( 'NONE', *, *, #3437, .F. ) ;
#6320 = AXIS2_PLACEMENT_3D ( 'NONE', #8746, #468, #3637 ) ;
#6321 = ORIENTED_EDGE ( 'NONE', *, *, #2895, .T. ) ;
#6322 = LINE ( 'NONE', #5100, #8113 ) ;
#6323 = VERTEX_POINT ( 'NONE', #1020 ) ;
#6324 = ORIENTED_EDGE ( 'NONE', *, *, #4577, .T. ) ;
#6325 = EDGE_LOOP ( 'NONE', ( #2006, #5687, #3908, #4467 ) ) ;
#6326 = DIRECTION ( 'NONE',  ( -0.0000000000000000000, 1.000000000000000000, 1.707404996040165000E-016 ) ) ;
#6327 = DIRECTION ( 'NONE',  ( -1.000000000000000000, 7.695514003114026500E-012, 5.225410333486496900E-012 ) ) ;
#6328 = AXIS2_PLACEMENT_3D ( 'NONE', #5002, #5709, #5675 ) ;
#6329 = ORIENTED_EDGE ( 'NONE', *, *, #1388, .F. ) ;
#6330 = ADVANCED_FACE ( 'NONE', ( #6810 ), #1039, .F. ) ;
#6331 = CARTESIAN_POINT ( 'NONE',  ( 0.4374999999999998900, 0.5999999999999999800, -0.2974999999999999900 ) ) ;
#6332 = EDGE_CURVE ( 'NONE', #1785, #2933, #4919, .T. ) ;
#6333 = COORDINATED_UNIVERSAL_TIME_OFFSET ( 5, 0, .BEHIND. ) ;
#6334 = VERTEX_POINT ( 'NONE', #756 ) ;
#6335 = CARTESIAN_POINT ( 'NONE',  ( 0.0000000000000000000, 0.4231567020380325200, -0.01000000000000000000 ) ) ;
#6336 = ORIENTED_EDGE ( 'NONE', *, *, #4489, .T. ) ;
#6337 = ADVANCED_FACE ( 'NONE', ( #1064 ), #6595, .F. ) ;
#6338 = DIRECTION ( 'NONE',  ( -1.000000000000000000, -0.0000000000000000000, -0.0000000000000000000 ) ) ;
#6339 = ORIENTED_EDGE ( 'NONE', *, *, #3741, .F. ) ;
#6340 = CARTESIAN_POINT ( 'NONE',  ( 0.4374999999999998900, 0.05000000000000014800, -0.07250000000000005100 ) ) ;
#6341 = LINE ( 'NONE', #1699, #6125 ) ;
#6342 = ORIENTED_EDGE ( 'NONE', *, *, #1475, .F. ) ;
#6343 = EDGE_CURVE ( 'NONE', #5248, #4487, #1327, .T. ) ;
#6344 = ORIENTED_EDGE ( 'NONE', *, *, #529, .F. ) ;
#6345 = DIRECTION ( 'NONE',  ( -1.000000000000000000, -0.0000000000000000000, -0.0000000000000000000 ) ) ;
#6346 = EDGE_LOOP ( 'NONE', ( #318, #9122, #2577, #2805 ) ) ;
#6347 = VECTOR ( 'NONE', #7119, 39.37007874015748100 ) ;
#6348 = ORIENTED_EDGE ( 'NONE', *, *, #8405, .F. ) ;
#6349 = CARTESIAN_POINT ( 'NONE',  ( 0.7374999999999998200, 0.5180000000000000200, -0.2610000000000000700 ) ) ;
#6350 = PRODUCT_DEFINITION_FORMATION_WITH_SPECIFIED_SOURCE ( 'ANY', '', #248, .NOT_KNOWN. ) ;
#6351 = DIRECTION ( 'NONE',  ( -0.0000000000000000000, 1.000000000000000000, 1.707404996040165000E-016 ) ) ;
#6352 = ORIENTED_EDGE ( 'NONE', *, *, #3354, .F. ) ;
#6353 = DIRECTION ( 'NONE',  ( 7.695808612430578300E-012, -1.000000000000000000, -9.453018302633165800E-013 ) ) ;
#6354 = EDGE_CURVE ( 'NONE', #3735, #6650, #2930, .T. ) ;
#6355 = ADVANCED_FACE ( 'NONE', ( #8175 ), #378, .F. ) ;
#6356 = LINE ( 'NONE', #4729, #6566 ) ;
#6357 = ORIENTED_EDGE ( 'NONE', *, *, #4566, .F. ) ;
#6358 = CARTESIAN_POINT ( 'NONE',  ( 0.4974999999999998900, 0.5579999999999996100, -0.07250000000000000900 ) ) ;
#6359 = DIRECTION ( 'NONE',  ( -1.000000000000000000, -0.0000000000000000000, 0.0000000000000000000 ) ) ;
#6360 = DIRECTION ( 'NONE',  ( 1.000000000000000000, 0.0000000000000000000, -0.0000000000000000000 ) ) ;
#6361 = VECTOR ( 'NONE', #8525, 39.37007874015748100 ) ;
#6362 = ORIENTED_EDGE ( 'NONE', *, *, #3042, .F. ) ;
#6363 = DIRECTION ( 'NONE',  ( -1.000000000000000000, 0.0000000000000000000, 0.0000000000000000000 ) ) ;
#6364 = VECTOR ( 'NONE', #3619, 39.37007874015748100 ) ;
#6365 = EDGE_CURVE ( 'NONE', #2364, #4310, #591, .T. ) ;
#6366 = CARTESIAN_POINT ( 'NONE',  ( 0.6083006689826734300, 0.2719953808994843300, -0.01000000000000000000 ) ) ;
#6367 = ORIENTED_EDGE ( 'NONE', *, *, #958, .F. ) ;
#6368 = AXIS2_PLACEMENT_3D ( 'NONE', #6815, #2406, #7504 ) ;
#6369 = DIRECTION ( 'NONE',  ( -0.5773502691893495100, 0.5773502691897569600, 0.5773502691897707300 ) ) ;
#6370 = ADVANCED_FACE ( 'NONE', ( #6385 ), #1, .T. ) ;
#6371 = VECTOR ( 'NONE', #8383, 39.37007874015748100 ) ;
#6372 = VERTEX_POINT ( 'NONE', #232 ) ;
#6373 = VECTOR ( 'NONE', #5559, 39.37007874015748100 ) ;
#6374 = VERTEX_POINT ( 'NONE', #5165 ) ;
#6375 = CARTESIAN_POINT ( 'NONE',  ( 1.067500000000000100, 0.5999999999999999800, -0.3130000000000000600 ) ) ;
#6376 = FACE_OUTER_BOUND ( 'NONE', #9196, .T. ) ;
#6377 = CIRCLE ( 'NONE', #956, 0.006870969142662229500 ) ;
#6378 = ORIENTED_EDGE ( 'NONE', *, *, #1453, .T. ) ;
#6379 = EDGE_CURVE ( 'NONE', #2798, #765, #4471, .T. ) ;
#6380 = LINE ( 'NONE', #6259, #4465 ) ;
#6381 =( NAMED_UNIT ( * ) SI_UNIT ( $, .STERADIAN. ) SOLID_ANGLE_UNIT ( ) );
#6382 = AXIS2_PLACEMENT_3D ( 'NONE', #7471, #7403, #7425 ) ;
#6383 = DIRECTION ( 'NONE',  ( 0.0000000000000000000, 1.000000000000000000, 0.0000000000000000000 ) ) ;
#6384 = DIRECTION ( 'NONE',  ( 0.0000000000000000000, 1.000000000000000000, 4.553079989440424900E-016 ) ) ;
#6385 = FACE_OUTER_BOUND ( 'NONE', #3696, .T. ) ;
#6386 = FACE_OUTER_BOUND ( 'NONE', #7198, .T. ) ;
#6387 = AXIS2_PLACEMENT_3D ( 'NONE', #328, #6017, #5088 ) ;
#6388 = CARTESIAN_POINT ( 'NONE',  ( 0.9374999999999998900, 0.3450000000000001400, -0.1479999999999999900 ) ) ;
#6389 = DIRECTION ( 'NONE',  ( 1.000000000000000000, 0.0000000000000000000, 0.0000000000000000000 ) ) ;
#6390 = EDGE_CURVE ( 'NONE', #4850, #3632, #2435, .T. ) ;
#6391 = CARTESIAN_POINT ( 'NONE',  ( 0.7089112885716689600, 0.4133410318342099500, -0.01000000000000000000 ) ) ;
#6392 = VECTOR ( 'NONE', #5, 39.37007874015748100 ) ;
#6393 = VECTOR ( 'NONE', #1861, 39.37007874015748100 ) ;
#6394 = VERTEX_POINT ( 'NONE', #5114 ) ;
#6395 = VECTOR ( 'NONE', #8131, 39.37007874015748100 ) ;
#6396 = CARTESIAN_POINT ( 'NONE',  ( 0.8374999999999999100, 0.05000000000000014800, -0.2975000000000001000 ) ) ;
#6397 = ORIENTED_EDGE ( 'NONE', *, *, #7491, .F. ) ;
#6398 = AXIS2_PLACEMENT_3D ( 'NONE', #7721, #5832, #366 ) ;
#6399 = AXIS2_PLACEMENT_3D ( 'NONE', #6299, #1808, #6985 ) ;
#6400 = CARTESIAN_POINT ( 'NONE',  ( 0.7496463199174502300, 0.3181290308573484500, 0.0000000000000000000 ) ) ;
#6401 = VECTOR ( 'NONE', #1697, 39.37007874015748100 ) ;
#6402 = VECTOR ( 'NONE', #6597, 39.37007874015748100 ) ;
#6403 = CARTESIAN_POINT ( 'NONE',  ( 1.004362961706168200, 0.4231567020380508400, -0.01000000000000000000 ) ) ;
#6404 = VERTEX_POINT ( 'NONE', #4965 ) ;
#6405 = EDGE_CURVE ( 'NONE', #2990, #7935, #2191, .T. ) ;
#6406 = EDGE_CURVE ( 'NONE', #3920, #5991, #4243, .T. ) ;
#6407 = CARTESIAN_POINT ( 'NONE',  ( 0.8624999999999999300, 0.5180000000000000200, -0.2610000000000000700 ) ) ;
#6408 = VERTEX_POINT ( 'NONE', #4570 ) ;
#6409 = APPROVAL_DATE_TIME ( #8195, #581 ) ;
#6410 = APPROVAL_PERSON_ORGANIZATION ( #8196, #4841, #1420 ) ;
#6411 = APPLICATION_CONTEXT ( 'configuration controlled 3d designs of mechanical parts and assemblies' ) ;
#6412 = CARTESIAN_POINT ( 'NONE',  ( 0.7260887114283308700, 0.2337142671046477700, 0.0000000000000000000 ) ) ;
#6413 = VECTOR ( 'NONE', #2185, 39.37007874015748100 ) ;
#6414 = VECTOR ( 'NONE', #5918, 39.37007874015748100 ) ;
#6415 = CARTESIAN_POINT ( 'NONE',  ( 0.5374999999999999800, 0.2699999999999999100, -0.2220000000000000900 ) ) ;
#6416 = ADVANCED_FACE ( 'NONE', ( #6171 ), #9254, .T. ) ;
#6417 = CARTESIAN_POINT ( 'NONE',  ( 1.147500000000000200, 0.0000000000000000000, -0.3699999999999999400 ) ) ;
#6418 = CARTESIAN_POINT ( 'NONE',  ( 0.8974999999999999600, 0.3450000000000002000, -0.09750000000000001700 ) ) ;
#6419 = EDGE_CURVE ( 'NONE', #402, #748, #5950, .T. ) ;
#6420 = EDGE_LOOP ( 'NONE', ( #751, #9000, #4907, #153 ) ) ;
#6421 = EDGE_CURVE ( 'NONE', #6334, #3054, #1944, .T. ) ;
#6422 = VECTOR ( 'NONE', #1185, 39.37007874015748100 ) ;
#6423 = ORIENTED_EDGE ( 'NONE', *, *, #7746, .T. ) ;
#6424 = EDGE_LOOP ( 'NONE', ( #8222, #7200, #4665, #255 ) ) ;
#6425 = CARTESIAN_POINT ( 'NONE',  ( 0.4374999999999998900, 0.5580000000000000500, -0.2974999999999999900 ) ) ;
#6426 = DIRECTION ( 'NONE',  ( 0.0000000000000000000, -1.979599995408886100E-016, 1.000000000000000000 ) ) ;
#6427 = VERTEX_POINT ( 'NONE', #2565 ) ;
#6428 = DIRECTION ( 'NONE',  ( 0.0000000000000000000, 0.0000000000000000000, 1.000000000000000000 ) ) ;
#6429 = ORIENTED_EDGE ( 'NONE', *, *, #352, .T. ) ;
#6430 = CARTESIAN_POINT ( 'NONE',  ( 0.8974999999999999600, 0.05000000000000000300, -0.2975000000000001000 ) ) ;
#6431 = ORIENTED_EDGE ( 'NONE', *, *, #8599, .T. ) ;
#6432 = DIRECTION ( 'NONE',  ( -0.0000000000000000000, -0.0000000000000000000, 1.000000000000000000 ) ) ;
#6433 = APPROVAL_PERSON_ORGANIZATION ( #8221, #1836, #8474 ) ;
#6434 = ORIENTED_EDGE ( 'NONE', *, *, #429, .T. ) ;
#6435 = DIRECTION ( 'NONE',  ( 0.0000000000000000000, 0.0000000000000000000, 1.000000000000000000 ) ) ;
#6436 = ORIENTED_EDGE ( 'NONE', *, *, #646, .F. ) ;
#6437 = ORIENTED_EDGE ( 'NONE', *, *, #8551, .T. ) ;
#6438 = ORIENTED_EDGE ( 'NONE', *, *, #3934, .F. ) ;
#6439 = APPROVAL_STATUS ( 'not_yet_approved' ) ;
#6440 = DIRECTION ( 'NONE',  ( 0.0000000000000000000, -0.0000000000000000000, -1.000000000000000000 ) ) ;
#6442 = CARTESIAN_POINT ( 'NONE',  ( 0.5974999999999999200, 0.5580000000000000500, -0.2610000000000001200 ) ) ;
#6441 = PLANE ( 'NONE',  #750 ) ;
#6443 = CARTESIAN_POINT ( 'NONE',  ( 0.5506336065353354400, 0.2337142671046477700, 0.0000000000000000000 ) ) ;
#6444 = EDGE_CURVE ( 'NONE', #2063, #5347, #7555, .T. ) ;
#6445 = ORIENTED_EDGE ( 'NONE', *, *, #8208, .F. ) ;
#6446 = CIRCLE ( 'NONE', #8365, 0.02650000000004710000 ) ;
#6447 = ORIENTED_EDGE ( 'NONE', *, *, #1063, .F. ) ;
#6448 = CARTESIAN_POINT ( 'NONE',  ( 0.5057269153529095900, 0.3780046191005195800, -0.01000000000000000000 ) ) ;
#6449 = CARTESIAN_POINT ( 'NONE',  ( 0.3674999999999998300, 0.5600000000000002800, -0.1490000000000000800 ) ) ;
#6450 = DIRECTION ( 'NONE',  ( 0.0000000000000000000, -1.871128762783746500E-015, -1.000000000000000000 ) ) ;
#6451 = PLANE ( 'NONE',  #6036 ) ;
#6452 = ORIENTED_EDGE ( 'NONE', *, *, #1842, .F. ) ;
#6453 = VECTOR ( 'NONE', #5693, 39.37007874015748100 ) ;
#6454 = ORIENTED_EDGE ( 'NONE', *, *, #3255, .F. ) ;
#6455 = EDGE_CURVE ( 'NONE', #4650, #8432, #7777, .T. ) ;
#6456 = EDGE_CURVE ( 'NONE', #6730, #402, #9052, .T. ) ;
#6457 = CARTESIAN_POINT ( 'NONE',  ( 0.6374999999999998400, 0.3450000000000002000, -0.2725000000000000200 ) ) ;
#6458 = ADVANCED_FACE ( 'NONE', ( #3774 ), #5280, .F. ) ;
#6459 = CARTESIAN_POINT ( 'NONE',  ( 0.4974999999999998900, 0.05000000000000000300, -0.09750000000000005900 ) ) ;
#6460 = ORIENTED_EDGE ( 'NONE', *, *, #4653, .T. ) ;
#6461 = ADVANCED_FACE ( 'NONE', ( #5499 ), #1344, .F. ) ;
#6462 = DIRECTION ( 'NONE',  ( 1.000000000000000000, 0.0000000000000000000, 0.0000000000000000000 ) ) ;
#6463 = LINE ( 'NONE', #6922, #671 ) ;
#6464 = ORIENTED_EDGE ( 'NONE', *, *, #679, .F. ) ;
#6465 = CC_DESIGN_DATE_AND_TIME_ASSIGNMENT ( #1085, #3721, ( #4538 ) ) ;
#6466 = PLANE ( 'NONE',  #4749 ) ;
#6467 = PERSON_AND_ORGANIZATION_ROLE ( 'creator' ) ;
#6468 = EDGE_CURVE ( 'NONE', #2533, #4915, #8843, .T. ) ;
#6469 = CARTESIAN_POINT ( 'NONE',  ( 0.8974999999999999600, 0.3450000000000002000, -0.09750000000000001700 ) ) ;
#6470 = VECTOR ( 'NONE', #5321, 39.37007874015748100 ) ;
#6471 = VERTEX_POINT ( 'NONE', #1417 ) ;
#6472 = VECTOR ( 'NONE', #1006, 39.37007874015748100 ) ;
#6473 = CARTESIAN_POINT ( 'NONE',  ( 0.5974999999999999200, 0.05000000000000000300, -0.3700000000000000000 ) ) ;
#6474 = LINE ( 'NONE', #1559, #2790 ) ;
#6475 = EDGE_CURVE ( 'NONE', #2994, #27, #3313, .T. ) ;
#6476 = CARTESIAN_POINT ( 'NONE',  ( 0.1478113162178204800, 0.08117688916753536300, 0.005999999999078975600 ) ) ;
#6477 = VECTOR ( 'NONE', #1755, 39.37007874015748100 ) ;
#6478 = ORIENTED_EDGE ( 'NONE', *, *, #5377, .F. ) ;
#6479 = CIRCLE ( 'NONE', #418, 0.009815670203804980100 ) ;
#6480 = AXIS2_PLACEMENT_3D ( 'NONE', #6247, #1749, #6932 ) ;
#6481 = CARTESIAN_POINT ( 'NONE',  ( 0.7923444853039821600, 0.3826670498449319900, -0.01000000000000000000 ) ) ;
#6482 = CARTESIAN_POINT ( 'NONE',  ( 0.6083006689826734300, 0.2405852362473140900, -0.01000000000000000000 ) ) ;
#6483 = LINE ( 'NONE', #761, #6280 ) ;
#6484 = LINE ( 'NONE', #5691, #6918 ) ;
#6485 = ORIENTED_EDGE ( 'NONE', *, *, #429, .F. ) ;
#6486 = CARTESIAN_POINT ( 'NONE',  ( 1.004362961706134300, 0.2366589681657897700, -0.01000000000000000000 ) ) ;
#6487 = LINE ( 'NONE', #6415, #6920 ) ;
#6488 = DIRECTION ( 'NONE',  ( -0.0000000000000000000, -0.0000000000000000000, 1.000000000000000000 ) ) ;
#6489 = DIRECTION ( 'NONE',  ( -1.000000000000000000, -0.0000000000000000000, -0.0000000000000000000 ) ) ;
#6490 = EDGE_CURVE ( 'NONE', #6994, #2637, #7140, .T. ) ;
#6491 = FACE_OUTER_BOUND ( 'NONE', #9021, .T. ) ;
#6492 = VECTOR ( 'NONE', #4050, 39.37007874015748100 ) ;
#6493 = APPROVAL_ROLE ( '' ) ;
#6494 = VECTOR ( 'NONE', #2595, 39.37007874015748100 ) ;
#6495 = CARTESIAN_POINT ( 'NONE',  ( 0.3924999999999996800, 0.0000000000000000000, 0.0000000000000000000 ) ) ;
#6496 = VERTEX_POINT ( 'NONE', #5101 ) ;
#6497 = ADVANCED_FACE ( 'NONE', ( #1198 ), #2597, .F. ) ;
#6498 = DIRECTION ( 'NONE',  ( 0.0000000000000000000, 0.0000000000000000000, 1.000000000000000000 ) ) ;
#6499 = B_SPLINE_CURVE_WITH_KNOTS ( 'NONE', 3,
 ( #1556, #1553, #1523, #1447, #1436, #1430, #1407, #1394, #1384, #1373, #1347, #1333, #1325, #1321, #1297, #1289, #1262, #1259, #1209, #1197, #1098, #1012, #1003, #804, #762, #665, #649, #613, #538, #372, #252 ),
 .UNSPECIFIED., .F., .F.,
 ( 4, 3, 3, 3, 3, 3, 3, 3, 3, 3, 4 ),
 ( 0.0000000000000000000, 5.233620568080398700E-005, 0.0001047874954388850400, 0.0001557065020560907700, 0.0002062781427685517600, 0.0002571365325206936000, 0.0003081498766862677100, 0.0003591088885007325300, 0.0004097935516868225100, 0.0004603708514526594500, 0.0004820687617915826600 ),
 .UNSPECIFIED. ) ;
#6500 = VECTOR ( 'NONE', #4638, 39.37007874015748100 ) ;
#6501 = AXIS2_PLACEMENT_3D ( 'NONE', #7517, #6548, #5086 ) ;
#6502 = LINE ( 'NONE', #6838, #6297 ) ;
#6503 = VECTOR ( 'NONE', #3802, 39.37007874015748100 ) ;
#6504 = DIRECTION ( 'NONE',  ( -1.000000000000000000, -1.106190048104503000E-013, 4.313434190744403800E-014 ) ) ;
#6505 = EDGE_CURVE ( 'NONE', #6157, #1323, #950, .T. ) ;
#6506 = VERTEX_POINT ( 'NONE', #1517 ) ;
#6507 = ORIENTED_EDGE ( 'NONE', *, *, #8947, .F. ) ;
#6508 = CARTESIAN_POINT ( 'NONE',  ( 0.3674999999999998300, 0.2699999999999999100, -0.1490000000000000800 ) ) ;
#6509 = DATE_AND_TIME ( #8288, #721 ) ;
#6510 = CARTESIAN_POINT ( 'NONE',  ( 0.7923444853039821600, 0.3826670498449319900, 0.0000000000000000000 ) ) ;
#6511 = CALENDAR_DATE ( 2019, 15, 10 ) ;
#6512 = CARTESIAN_POINT ( 'NONE',  ( 0.5374999999999999800, 0.3450000000000001400, -0.2220000000000000600 ) ) ;
#6513 = FACE_OUTER_BOUND ( 'NONE', #6020, .T. ) ;
#6514 = FACE_OUTER_BOUND ( 'NONE', #1114, .T. ) ;
#6515 = PLANE ( 'NONE',  #6200 ) ;
#6516 = CC_DESIGN_PERSON_AND_ORGANIZATION_ASSIGNMENT ( #7296, #5041, ( #5104 ) ) ;
#6517 = VERTEX_POINT ( 'NONE', #1468 ) ;
#6518 = DIRECTION ( 'NONE',  ( -1.000000000000000000, 0.0000000000000000000, 0.0000000000000000000 ) ) ;
#6519 = DIRECTION ( 'NONE',  ( 0.0000000000000000000, 1.707404996040164500E-016, -1.000000000000000000 ) ) ;
#6520 = FACE_OUTER_BOUND ( 'NONE', #9216, .T. ) ;
#6521 = EDGE_CURVE ( 'NONE', #5663, #5121, #6689, .T. ) ;
#6522 = FACE_OUTER_BOUND ( 'NONE', #274, .T. ) ;
#6523 = CARTESIAN_POINT ( 'NONE',  ( 0.3674999999999998300, 0.2699999999999999100, -0.2210000000000000900 ) ) ;
#6524 = DIRECTION ( 'NONE',  ( 1.000000000000000000, 0.0000000000000000000, -0.0000000000000000000 ) ) ;
#6525 = ORIENTED_EDGE ( 'NONE', *, *, #8343, .T. ) ;
#6526 = ORIENTED_EDGE ( 'NONE', *, *, #2274, .T. ) ;
#6527 = SECURITY_CLASSIFICATION_LEVEL ( 'unclassified' ) ;
#6528 = CARTESIAN_POINT ( 'NONE',  ( 0.6990956183678279600, 0.4133410318342097800, -0.01000000000000000000 ) ) ;
#6529 = CARTESIAN_POINT ( 'NONE',  ( 0.9547938271769670400, 0.2965345564089693600, 0.0000000000000000000 ) ) ;
#6530 = LINE ( 'NONE', #9292, #8313 ) ;
#6531 = VERTEX_POINT ( 'NONE', #500 ) ;
#6532 = EDGE_CURVE ( 'NONE', #963, #3513, #8651, .T. ) ;
#6533 = ORIENTED_EDGE ( 'NONE', *, *, #3979, .F. ) ;
#6534 = AXIS2_PLACEMENT_3D ( 'NONE', #6553, #2108, #7244 ) ;
#6535 = ORIENTED_EDGE ( 'NONE', *, *, #6182, .T. ) ;
#6536 = PERSON ( 'UNSPECIFIED', 'UNSPECIFIED', 'UNSPECIFIED', ('UNSPECIFIED'), ('UNSPECIFIED'), ('UNSPECIFIED') ) ;
#6537 = DIRECTION ( 'NONE',  ( 0.0000000000000000000, 0.0000000000000000000, 1.000000000000000000 ) ) ;
#6538 = EDGE_LOOP ( 'NONE', ( #4866, #8665, #5110, #2711 ) ) ;
#6539 = DIRECTION ( 'NONE',  ( -0.0000000000000000000, 0.0000000000000000000, 1.000000000000000000 ) ) ;
#6540 = DIRECTION ( 'NONE',  ( 0.0000000000000000000, 0.0000000000000000000, -1.000000000000000000 ) ) ;
#6541 = DATE_AND_TIME ( #8324, #758 ) ;
#6542 = ORIENTED_EDGE ( 'NONE', *, *, #9208, .T. ) ;
#6543 = CARTESIAN_POINT ( 'NONE',  ( 0.5374999999999999800, 0.05000000000000014800, -0.2975000000000001000 ) ) ;
#6544 = ADVANCED_FACE ( 'NONE', ( #8270 ), #980, .F. ) ;
#6545 = EDGE_LOOP ( 'NONE', ( #2842, #3983, #2567, #1765 ) ) ;
#6546 = ORIENTED_EDGE ( 'NONE', *, *, #4639, .T. ) ;
#6547 = EDGE_CURVE ( 'NONE', #2816, #6650, #5045, .T. ) ;
#6548 = DIRECTION ( 'NONE',  ( -4.313434190721100800E-014, -9.113775290979954700E-014, 1.000000000000000000 ) ) ;
#6549 = LINE ( 'NONE', #901, #273 ) ;
#6550 = ORIENTED_EDGE ( 'NONE', *, *, #944, .F. ) ;
#6551 = CARTESIAN_POINT ( 'NONE',  ( 0.5974999999999999200, 0.3450000000000002000, -0.09750000000000003100 ) ) ;
#6552 = AXIS2_PLACEMENT_3D ( 'NONE', #2485, #8429, #8404 ) ;
#6553 = CARTESIAN_POINT ( 'NONE',  ( 0.3784999999999999500, 0.4749999999999999800, -0.3130000000000000600 ) ) ;
#6554 = VERTEX_POINT ( 'NONE', #6784 ) ;
#6555 =( REPRESENTATION_RELATIONSHIP ('NONE','NONE', #1285, #7662 ) REPRESENTATION_RELATIONSHIP_WITH_TRANSFORMATION ( #8490 )SHAPE_REPRESENTATION_RELATIONSHIP( ) );
#6556 = DIRECTION ( 'NONE',  ( -0.0000000000000000000, -0.0000000000000000000, 1.000000000000000000 ) ) ;
#6557 = AXIS2_PLACEMENT_3D ( 'NONE', #393, #1779, #1354 ) ;
#6558 = DIRECTION ( 'NONE',  ( 1.000000000000000000, 0.0000000000000000000, 0.0000000000000000000 ) ) ;
#6559 = LINE ( 'NONE', #8380, #2630 ) ;
#6560 = ORIENTED_EDGE ( 'NONE', *, *, #8780, .F. ) ;
#6561 = DIRECTION ( 'NONE',  ( 0.0000000000000000000, 0.0000000000000000000, 1.000000000000000000 ) ) ;
#6562 = EDGE_CURVE ( 'NONE', #2323, #3489, #2551, .T. ) ;
#6563 = PLANE ( 'NONE',  #5374 ) ;
#6564 = ORIENTED_EDGE ( 'NONE', *, *, #8405, .T. ) ;
#6565 = CARTESIAN_POINT ( 'NONE',  ( 1.042500000000000200, 0.05000000000000000300, -0.2975000000000001000 ) ) ;
#6566 = VECTOR ( 'NONE', #6841, 39.37007874015748100 ) ;
#6567 = EDGE_LOOP ( 'NONE', ( #7365, #8025, #4894, #6740 ) ) ;
#6568 = DIRECTION ( 'NONE',  ( -0.0000000000000000000, 0.0000000000000000000, 1.000000000000000000 ) ) ;
#6569 = DIRECTION ( 'NONE',  ( 0.0000000000000000000, -1.871128762783745300E-015, 1.000000000000000000 ) ) ;
#6570 = CARTESIAN_POINT ( 'NONE',  ( 0.3674999999999998300, 0.2699999999999999100, -0.2210000000000000900 ) ) ;
#6571 = AXIS2_PLACEMENT_3D ( 'NONE', #8590, #4468, #9219 ) ;
#6572 = DIRECTION ( 'NONE',  ( 0.0000000000000000000, -3.691686477924679400E-015, -1.000000000000000000 ) ) ;
#6573 = EDGE_CURVE ( 'NONE', #4548, #1128, #4569, .T. ) ;
#6574 = EDGE_CURVE ( 'NONE', #6374, #4854, #6483, .T. ) ;
#6575 = LINE ( 'NONE', #5344, #8153 ) ;
#6576 = ORIENTED_EDGE ( 'NONE', *, *, #7396, .T. ) ;
#6577 = FACE_OUTER_BOUND ( 'NONE', #5732, .T. ) ;
#6578 = DIRECTION ( 'NONE',  ( 1.000000000000000000, 0.0000000000000000000, 0.0000000000000000000 ) ) ;
#6579 = CARTESIAN_POINT ( 'NONE',  ( 0.9374999999999998900, 0.2700000000000001800, -0.1480000000000000200 ) ) ;
#6580 = CARTESIAN_POINT ( 'NONE',  ( 0.6083006689826779800, 0.4094147637527243400, 0.0000000000000000000 ) ) ;
#6581 = CARTESIAN_POINT ( 'NONE',  ( 0.0000000000000000000, 0.0000000000000000000, -0.01000000000000000000 ) ) ;
#6582 = VECTOR ( 'NONE', #2708, 39.37007874015748100 ) ;
#6583 = ORIENTED_EDGE ( 'NONE', *, *, #4045, .F. ) ;
#6584 = LINE ( 'NONE', #5471, #2421 ) ;
#6585 = EDGE_CURVE ( 'NONE', #5299, #2637, #8067, .T. ) ;
#6586 = DIRECTION ( 'NONE',  ( 0.0000000000000000000, 1.707404996040164500E-016, -1.000000000000000000 ) ) ;
#6587 = ADVANCED_FACE ( 'NONE', ( #4353 ), #1113, .F. ) ;
#6588 = LINE ( 'NONE', #6874, #7972 ) ;
#6589 = VECTOR ( 'NONE', #1252, 39.37007874015748100 ) ;
#6590 = VERTEX_POINT ( 'NONE', #3063 ) ;
#6591 = CIRCLE ( 'NONE', #4271, 0.03141014465221592800 ) ;
#6592 = CARTESIAN_POINT ( 'NONE',  ( 0.3462132034364808800, 0.01250000000000706300, -0.006000000000270334200 ) ) ;
#6593 = ADVANCED_FACE ( 'NONE', ( #4115 ), #2061, .F. ) ;
#6594 = DIRECTION ( 'NONE',  ( -0.0000000000000000000, 0.0000000000000000000, -1.000000000000000000 ) ) ;
#6595 = CYLINDRICAL_SURFACE ( 'NONE', #7812, 0.009815670203841039800 ) ;
#6596 = AXIS2_PLACEMENT_3D ( 'NONE', #4484, #5856, #5958 ) ;
#6597 = DIRECTION ( 'NONE',  ( -0.0000000000000000000, 0.7071067811865451300, 0.7071067811865499000 ) ) ;
#6598 = ADVANCED_FACE ( 'NONE', ( #6056 ), #7660, .T. ) ;
#6599 = LINE ( 'NONE', #6053, #4008 ) ;
#6600 = CIRCLE ( 'NONE', #1800, 0.02649999999999999200 ) ;
#6601 = DIRECTION ( 'NONE',  ( 0.0000000000000000000, -3.691686477924679400E-015, -1.000000000000000000 ) ) ;
#6602 = CIRCLE ( 'NONE', #334, 0.03141014465215624000 ) ;
#6603 = AXIS2_PLACEMENT_3D ( 'NONE', #3942, #3925, #3966 ) ;
#6604 = CARTESIAN_POINT ( 'NONE',  ( 0.9374999999999998900, 0.2699999999999999100, -0.2210000000000000900 ) ) ;
#6605 = CARTESIAN_POINT ( 'NONE',  ( 0.3674999999999998300, 0.5600000000000002800, -0.2210000000000000900 ) ) ;
#6606 = ORIENTED_EDGE ( 'NONE', *, *, #7436, .F. ) ;
#6607 = PERSON_AND_ORGANIZATION ( #2342, #8390 ) ;
#6608 = EDGE_CURVE ( 'NONE', #412, #9302, #9340, .T. ) ;
#6609 = ORGANIZATION ( 'NAUO-ORG13', 'UNSPECIFIED', 'UNSPECIFIED' ) ;
#6610 = PERSON_AND_ORGANIZATION_ROLE ( 'classification_officer' ) ;
#6611 = AXIS2_PLACEMENT_3D ( 'NONE', #3762, #4840, #4781 ) ;
#6612 = VECTOR ( 'NONE', #1459, 39.37007874015748100 ) ;
#6613 = CARTESIAN_POINT ( 'NONE',  ( 0.3674999999999998300, 0.2699999999999999100, -0.1490000000000000800 ) ) ;
#6614 = LINE ( 'NONE', #2163, #1966 ) ;
#6615 = VERTEX_POINT ( 'NONE', #2772 ) ;
#6616 = AXIS2_PLACEMENT_3D ( 'NONE', #1461, #8777, #1472 ) ;
#6617 = DIRECTION ( 'NONE',  ( 0.0000000000000000000, -1.000000000000000000, -1.979599995408886100E-016 ) ) ;
#6618 = CALENDAR_DATE ( 2019, 15, 10 ) ;
#6619 = VECTOR ( 'NONE', #212, 39.37007874015748100 ) ;
#6620 = DIRECTION ( 'NONE',  ( 0.0000000000000000000, 0.0000000000000000000, -1.000000000000000000 ) ) ;
#6621 = LINE ( 'NONE', #7978, #7278 ) ;
#6622 = EDGE_CURVE ( 'NONE', #6672, #2251, #196, .T. ) ;
#6623 = VERTEX_POINT ( 'NONE', #2112 ) ;
#6624 = EDGE_CURVE ( 'NONE', #2251, #3467, #5839, .T. ) ;
#6625 = ORIENTED_EDGE ( 'NONE', *, *, #3178, .F. ) ;
#6626 = DIRECTION ( 'NONE',  ( -0.0000000000000000000, -0.0000000000000000000, 1.000000000000000000 ) ) ;
#6627 = FACE_OUTER_BOUND ( 'NONE', #4646, .T. ) ;
#6628 = CARTESIAN_POINT ( 'NONE',  ( 0.8924643213828183900, 0.0000000000000000000, -0.01000000000000000000 ) ) ;
#6629 = ORIENTED_EDGE ( 'NONE', *, *, #973, .F. ) ;
#6630 = ADVANCED_FACE ( 'NONE', ( #1824 ), #2776, .F. ) ;
#6631 = CARTESIAN_POINT ( 'NONE',  ( 1.067500000000000100, 0.4749999999999999800, -0.3450000000000004200 ) ) ;
#6632 = CC_DESIGN_APPROVAL ( #6177, ( #5230 ) ) ;
#6633 = ORIENTED_EDGE ( 'NONE', *, *, #4478, .F. ) ;
#6634 = DIRECTION ( 'NONE',  ( 0.0000000000000000000, -1.000000000000000000, 0.0000000000000000000 ) ) ;
#6635 = EDGE_LOOP ( 'NONE', ( #1239, #8001, #8280, #8557 ) ) ;
#6636 = CARTESIAN_POINT ( 'NONE',  ( 0.8374999999999999100, 0.5999999999999999800, -0.2974999999999999900 ) ) ;
#6637 = EDGE_CURVE ( 'NONE', #5653, #39, #9147, .T. ) ;
#6638 = DIRECTION ( 'NONE',  ( 1.106190048102565800E-013, 1.000000000000000000, -9.125743083151719200E-014 ) ) ;
#6639 = ORIENTED_EDGE ( 'NONE', *, *, #1370, .T. ) ;
#6640 = COORDINATED_UNIVERSAL_TIME_OFFSET ( 5, 0, .BEHIND. ) ;
#6641 = EDGE_LOOP ( 'NONE', ( #5554, #2391, #4087, #3601 ) ) ;
#6642 = DATE_TIME_ROLE ( 'classification_date' ) ;
#6643 = PLANE ( 'NONE',  #3602 ) ;
#6644 = EDGE_CURVE ( 'NONE', #5661, #2774, #2801, .T. ) ;
#6645 = ORIENTED_EDGE ( 'NONE', *, *, #6405, .T. ) ;
#6646 = ORIENTED_EDGE ( 'NONE', *, *, #8947, .T. ) ;
#6647 = DIRECTION ( 'NONE',  ( -1.000000000000000000, 0.0000000000000000000, 0.0000000000000000000 ) ) ;
#6648 = DIRECTION ( 'NONE',  ( 1.000000000000000000, -0.0000000000000000000, -0.0000000000000000000 ) ) ;
#6649 = ORIENTED_EDGE ( 'NONE', *, *, #4017, .T. ) ;
#6650 = VERTEX_POINT ( 'NONE', #2531 ) ;
#6651 = DIRECTION ( 'NONE',  ( 7.965038160976482400E-014, 0.8944271909999642600, 0.4472135954998610100 ) ) ;
#6652 = VECTOR ( 'NONE', #2187, 39.37007874015748100 ) ;
#6653 = EDGE_LOOP ( 'NONE', ( #4500, #6649, #1204, #3867 ) ) ;
#6654 = DIRECTION ( 'NONE',  ( 0.0000000000000000000, 0.0000000000000000000, -1.000000000000000000 ) ) ;
#6655 = AXIS2_PLACEMENT_3D ( 'NONE', #8317, #175, #632 ) ;
#6656 = EDGE_CURVE ( 'NONE', #1002, #6895, #5383, .T. ) ;
#6657 = CARTESIAN_POINT ( 'NONE',  ( 0.1478113162178109300, 0.08117688916757583000, -0.02500000000095082800 ) ) ;
#6658 = VERTEX_POINT ( 'NONE', #2413 ) ;
#6659 = CARTESIAN_POINT ( 'NONE',  ( 0.8374999999999999100, 0.2699999999999999100, -0.2210000000000000900 ) ) ;
#6660 = AXIS2_PLACEMENT_3D ( 'NONE', #4922, #4855, #4819 ) ;
#6661 = DIRECTION ( 'NONE',  ( -1.000000000000000000, -1.107505943377398600E-013, 4.314658571074449100E-014 ) ) ;
#6662 = LINE ( 'NONE', #1377, #156 ) ;
#6663 = ORIENTED_EDGE ( 'NONE', *, *, #4430, .T. ) ;
#6664 = CARTESIAN_POINT ( 'NONE',  ( 0.09500000000053320000, 0.03800000000002152400, -0.01499999999992375800 ) ) ;
#6665 = DIRECTION ( 'NONE',  ( -0.5773502691888519100, -0.5773502691901997200, 0.5773502691898255700 ) ) ;
#6666 = APPROVAL_ROLE ( '' ) ;
#6667 = PLANE ( 'NONE',  #7373 ) ;
#6668 = AXIS2_PLACEMENT_3D ( 'NONE', #3142, #2497, #3065 ) ;
#6669 = ORIENTED_EDGE ( 'NONE', *, *, #4976, .F. ) ;
#6670 = CARTESIAN_POINT ( 'NONE',  ( 0.7923444853039846000, 0.2366589681657876300, -0.01000000000000000000 ) ) ;
#6671 = LINE ( 'NONE', #6288, #4328 ) ;
#6672 = VERTEX_POINT ( 'NONE', #2520 ) ;
#6673 = EDGE_CURVE ( 'NONE', #3525, #4509, #1314, .T. ) ;
#6674 = CARTESIAN_POINT ( 'NONE',  ( 0.5506336065353354400, 0.2337142671046477700, -0.01000000000000000000 ) ) ;
#6675 = CARTESIAN_POINT ( 'NONE',  ( 0.1597132034361821700, 0.05750000000009773000, 0.005999999999102195700 ) ) ;
#6676 = LINE ( 'NONE', #2871, #8256 ) ;
#6677 = VECTOR ( 'NONE', #1516, 39.37007874015748100 ) ;
#6678 = APPROVAL ( #7110, 'UNSPECIFIED' ) ;
#6679 = DIRECTION ( 'NONE',  ( 1.000000000000000000, 0.0000000000000000000, 0.0000000000000000000 ) ) ;
#6680 = EDGE_CURVE ( 'NONE', #3411, #3161, #7236, .T. ) ;
#6681 = DIRECTION ( 'NONE',  ( -0.0000000000000000000, -1.000000000000000000, -0.0000000000000000000 ) ) ;
#6682 = DIRECTION ( 'NONE',  ( -1.000000000000000000, 1.597387298905711700E-030, -8.537024980200836600E-016 ) ) ;
#6683 = VECTOR ( 'NONE', #8951, 39.37007874015748100 ) ;
#6684 = CARTESIAN_POINT ( 'NONE',  ( 0.5871969780444987700, 0.4025437946100565700, -0.01000000000000000000 ) ) ;
#6685 = PLANE ( 'NONE',  #9089 ) ;
#6686 = ORIENTED_EDGE ( 'NONE', *, *, #3398, .F. ) ;
#6687 = LINE ( 'NONE', #3819, #941 ) ;
#6688 = LINE ( 'NONE', #2339, #3045 ) ;
#6689 = LINE ( 'NONE', #1548, #4799 ) ;
#6690 = EDGE_CURVE ( 'NONE', #4162, #5916, #3663, .T. ) ;
#6691 = LINE ( 'NONE', #7355, #4802 ) ;
#6692 = ORIENTED_EDGE ( 'NONE', *, *, #3834, .T. ) ;
#6693 = APPROVAL_STATUS ( 'not_yet_approved' ) ;
#6694 = CC_DESIGN_SECURITY_CLASSIFICATION ( #6254, ( #9382 ) ) ;
#6695 = FACE_OUTER_BOUND ( 'NONE', #4230, .T. ) ;
#6696 = DIRECTION ( 'NONE',  ( -0.0000000000000000000, -1.000000000000000000, -4.553079989440441700E-016 ) ) ;
#6697 = ADVANCED_FACE ( 'NONE', ( #7026 ), #1995, .F. ) ;
#6698 = DIRECTION ( 'NONE',  ( 0.0000000000000000000, 0.0000000000000000000, -1.000000000000000000 ) ) ;
#6699 = VECTOR ( 'NONE', #4431, 39.37007874015748100 ) ;
#6700 = CARTESIAN_POINT ( 'NONE',  ( 0.7260887114283308700, 0.2337142671046477700, -0.01000000000000000000 ) ) ;
#6701 = VECTOR ( 'NONE', #4175, 39.37007874015748100 ) ;
#6702 = VECTOR ( 'NONE', #8019, 39.37007874015748100 ) ;
#6703 = DIRECTION ( 'NONE',  ( 1.000000000000000000, -0.0000000000000000000, -0.0000000000000000000 ) ) ;
#6704 = ORIENTED_EDGE ( 'NONE', *, *, #1768, .T. ) ;
#6705 = DIRECTION ( 'NONE',  ( 0.0000000000000000000, -1.000000000000000000, -1.979599995408886100E-016 ) ) ;
#6706 = PLANE ( 'NONE',  #9326 ) ;
#6707 = EDGE_CURVE ( 'NONE', #2859, #8508, #1054, .T. ) ;
#6708 = VECTOR ( 'NONE', #3879, 39.37007874015748100 ) ;
#6709 = VECTOR ( 'NONE', #1565, 39.37007874015748100 ) ;
#6710 = LINE ( 'NONE', #5263, #2828 ) ;
#6711 = CARTESIAN_POINT ( 'NONE',  ( 0.7974999999999998800, 0.2700000000000001800, -0.1480000000000000200 ) ) ;
#6712 = ORIENTED_EDGE ( 'NONE', *, *, #8768, .F. ) ;
#6713 = CARTESIAN_POINT ( 'NONE',  ( 0.9449781569731790000, 0.2668421540424528200, -0.01000000000000000000 ) ) ;
#6714 = ITEM_DEFINED_TRANSFORMATION ( 'NONE', 'NONE', #1160,  #2951 ) ;
#6715 = DIRECTION ( 'NONE',  ( 0.0000000000000000000, 1.000000000000000000, 0.0000000000000000000 ) ) ;
#6716 = LINE ( 'NONE', #841, #726 ) ;
#6717 = PERSON ( 'NAUO-PER7', 'UNSPECIFIED', 'UNSPECIFIED', ('UNSPECIFIED'), ('UNSPECIFIED'), ('UNSPECIFIED') ) ;
#6718 = AXIS2_PLACEMENT_3D ( 'NONE', #1084, #2021, #2793 ) ;
#6719 = FACE_OUTER_BOUND ( 'NONE', #9096, .T. ) ;
#6720 = DIRECTION ( 'NONE',  ( -1.000000000000000000, -0.0000000000000000000, 0.0000000000000000000 ) ) ;
#6721 = EDGE_CURVE ( 'NONE', #7237, #9086, #1558, .T. ) ;
#6722 = ORIENTED_EDGE ( 'NONE', *, *, #1014, .T. ) ;
#6723 = DIRECTION ( 'NONE',  ( -0.0000000000000000000, 1.000000000000000000, -0.0000000000000000000 ) ) ;
#6724 = LINE ( 'NONE', #4022, #8304 ) ;
#6725 = ORIENTED_EDGE ( 'NONE', *, *, #6490, .T. ) ;
#6726 = FACE_OUTER_BOUND ( 'NONE', #3381, .T. ) ;
#6727 = ORIENTED_EDGE ( 'NONE', *, *, #7582, .F. ) ;
#6728 = ORIENTED_EDGE ( 'NONE', *, *, #5472, .T. ) ;
#6729 = AXIS2_PLACEMENT_3D ( 'NONE', #4851, #3417, #8328 ) ;
#6730 = VERTEX_POINT ( 'NONE', #1858 ) ;
#6731 = CARTESIAN_POINT ( 'NONE',  ( 0.1478508375904385200, 0.06415691169076616400, 0.005999999999323695600 ) ) ;
#6732 = EDGE_CURVE ( 'NONE', #8527, #4150, #6499, .T. ) ;
#6733 = DIRECTION ( 'NONE',  ( -1.000000000000000000, -0.0000000000000000000, 0.0000000000000000000 ) ) ;
#6734 = LINE ( 'NONE', #3058, #746 ) ;
#6735 = EDGE_CURVE ( 'NONE', #3241, #4650, #8555, .T. ) ;
#6736 = EDGE_LOOP ( 'NONE', ( #3030, #5270, #1942, #6962 ) ) ;
#6737 = APPROVAL_PERSON_ORGANIZATION ( #8512, #581, #5833 ) ;
#6738 = ORIENTED_EDGE ( 'NONE', *, *, #9092, .F. ) ;
#6739 = DIRECTION ( 'NONE',  ( 0.0000000000000000000, -0.0000000000000000000, -1.000000000000000000 ) ) ;
#6740 = ORIENTED_EDGE ( 'NONE', *, *, #8193, .T. ) ;
#6741 = ADVANCED_FACE ( 'NONE', ( #6801 ), #4681, .T. ) ;
#6742 = DIRECTION ( 'NONE',  ( -0.0000000000000000000, -1.000000000000000000, -4.553079989440441700E-016 ) ) ;
#6743 = CARTESIAN_POINT ( 'NONE',  ( 0.3924999999999996800, 0.05000000000000000300, -0.3700000000000000000 ) ) ;
#6744 = DIRECTION ( 'NONE',  ( 1.000000000000000000, 0.0000000000000000000, 0.0000000000000000000 ) ) ;
#6745 = SECURITY_CLASSIFICATION ( '', '', #8010 ) ;
#6746 = ORIENTED_EDGE ( 'NONE', *, *, #8608, .F. ) ;
#6747 = ORIENTED_EDGE ( 'NONE', *, *, #5014, .T. ) ;
#6748 = PERSON_AND_ORGANIZATION ( #6536, #5561 ) ;
#6749 = VERTEX_POINT ( 'NONE', #6077 ) ;
#6750 = CARTESIAN_POINT ( 'NONE',  ( 0.1462132034362549900, 0.02800000000000870500, -0.02500000000003101100 ) ) ;
#6751 = DIRECTION ( 'NONE',  ( -0.0000000000000000000, 0.0000000000000000000, 1.000000000000000000 ) ) ;
#6752 = EDGE_CURVE ( 'NONE', #6262, #1031, #2922, .T. ) ;
#6753 = DIRECTION ( 'NONE',  ( -0.0000000000000000000, 0.0000000000000000000, 1.000000000000000000 ) ) ;
#6754 = CARTESIAN_POINT ( 'NONE',  ( 0.4375000000000010000, 0.5579999999999996100, -0.03899999999999955600 ) ) ;
#6755 = EDGE_LOOP ( 'NONE', ( #3678, #3141, #6855, #2518 ) ) ;
#6756 = EDGE_LOOP ( 'NONE', ( #7643, #7087, #7052, #7036 ) ) ;
#6757 = CARTESIAN_POINT ( 'NONE',  ( 0.8615449602408067300, 0.0000000000000000000, -0.01000000000000000000 ) ) ;
#6758 = VECTOR ( 'NONE', #67, 39.37007874015748100 ) ;
#6759 = ORIENTED_EDGE ( 'NONE', *, *, #7460, .F. ) ;
#6760 = DIRECTION ( 'NONE',  ( -0.0000000000000000000, -1.352399996863497200E-015, -1.000000000000000000 ) ) ;
#6761 = EDGE_CURVE ( 'NONE', #7599, #5791, #816, .T. ) ;
#6762 = CARTESIAN_POINT ( 'NONE',  ( 0.8974999999999999600, 0.2700000000000001800, -0.1480000000000000200 ) ) ;
#6763 = DIRECTION ( 'NONE',  ( 1.000000000000000000, 0.0000000000000000000, 8.537024980200836600E-016 ) ) ;
#6764 = AXIS2_PLACEMENT_3D ( 'NONE', #6771, #5953, #1357 ) ;
#6765 = DIRECTION ( 'NONE',  ( -1.000000000000000000, 0.0000000000000000000, 0.0000000000000000000 ) ) ;
#6766 = EDGE_LOOP ( 'NONE', ( #1313, #2849, #834, #20 ) ) ;
#6767 = DIRECTION ( 'NONE',  ( 1.000000000000000000, 0.0000000000000000000, 0.0000000000000000000 ) ) ;
#6768 = ADVANCED_FACE ( 'NONE', ( #6376 ), #9290, .F. ) ;
#6769 = LINE ( 'NONE', #7714, #5136 ) ;
#6770 = ORIENTED_EDGE ( 'NONE', *, *, #9318, .T. ) ;
#6771 = CARTESIAN_POINT ( 'NONE',  ( 0.6374999999999998400, 0.5180000000000000200, -0.1089999999999998900 ) ) ;
#6772 = CARTESIAN_POINT ( 'NONE',  ( 0.8624999999999999300, 0.5180000000000000200, -0.1089999999999998600 ) ) ;
#6773 = ADVANCED_BREP_SHAPE_REPRESENTATION ( '', ( #1848, #2951 ), #4958 ) ;
#6774 = CARTESIAN_POINT ( 'NONE',  ( 0.5374999999999999800, 0.3450000000000002000, -0.2725000000000000200 ) ) ;
#6775 = ORIENTED_EDGE ( 'NONE', *, *, #2729, .T. ) ;
#6776 = AXIS2_PLACEMENT_3D ( 'NONE', #842, #3433, #3963 ) ;
#6777 = LINE ( 'NONE', #1161, #8348 ) ;
#6778 = VERTEX_POINT ( 'NONE', #5354 ) ;
#6779 = CARTESIAN_POINT ( 'NONE',  ( 0.4375000000000010000, -0.07355680662945861300, -0.3310000000000007400 ) ) ;
#6780 = DIRECTION ( 'NONE',  ( 1.000000000000000000, 0.0000000000000000000, 0.0000000000000000000 ) ) ;
#6781 = EDGE_CURVE ( 'NONE', #9090, #2142, #580, .T. ) ;
#6782 = PRODUCT_DEFINITION_SHAPE ( 'NONE', 'NONE',  #9383 ) ;
#6783 = AXIS2_PLACEMENT_3D ( 'NONE', #4406, #4127, #4138 ) ;
#6784 = CARTESIAN_POINT ( 'NONE',  ( 0.9974999999999999400, 0.3450000000000001400, -0.1479999999999999900 ) ) ;
#6785 = FACE_BOUND ( 'NONE', #2130, .T. ) ;
#6786 = VERTEX_POINT ( 'NONE', #2682 ) ;
#6787 = VECTOR ( 'NONE', #3638, 39.37007874015748100 ) ;
#6788 = AXIS2_PLACEMENT_3D ( 'NONE', #8510, #7128, #5987 ) ;
#6789 = CARTESIAN_POINT ( 'NONE',  ( 0.7974999999999998800, 0.3450000000000001400, -0.1479999999999999900 ) ) ;
#6790 = EDGE_CURVE ( 'NONE', #1031, #7420, #6588, .T. ) ;
#6791 = DIRECTION ( 'NONE',  ( -0.0000000000000000000, -0.0000000000000000000, 1.000000000000000000 ) ) ;
#6792 = CARTESIAN_POINT ( 'NONE',  ( 0.3924999999999996800, 0.0000000000000000000, -0.3700000000000000000 ) ) ;
#6793 = LINE ( 'NONE', #6312, #806 ) ;
#6794 = ORIENTED_EDGE ( 'NONE', *, *, #6574, .F. ) ;
#6795 = CIRCLE ( 'NONE', #9130, 0.009815670203806754800 ) ;
#6796 = CARTESIAN_POINT ( 'NONE',  ( 0.4582132034358415400, 0.06550000000022999900, -6.764055632312715900E-013 ) ) ;
#6797 = ADVANCED_FACE ( 'NONE', ( #4462 ), #1376, .F. ) ;
#6798 = ADVANCED_FACE ( 'NONE', ( #6162 ), #71, .T. ) ;
#6799 = DIRECTION ( 'NONE',  ( 0.0000000000000000000, -3.691686477924679400E-015, -1.000000000000000000 ) ) ;
#6800 = CARTESIAN_POINT ( 'NONE',  ( 0.3522132034362707200, 0.02550000000000009900, -3.781840282839836800E-013 ) ) ;
#6801 = FACE_OUTER_BOUND ( 'NONE', #7888, .T. ) ;
#6802 = APPROVAL ( #2835, 'UNSPECIFIED' ) ;
#6803 = LINE ( 'NONE', #1390, #5170 ) ;
#6804 = DIRECTION ( 'NONE',  ( 1.000000000000000000, 0.0000000000000000000, 0.0000000000000000000 ) ) ;
#6805 = ADVANCED_FACE ( 'NONE', ( #4233 ), #4158, .F. ) ;
#6806 = CIRCLE ( 'NONE', #5264, 0.03999999999999998000 ) ;
#6807 = DIRECTION ( 'NONE',  ( -1.000000000000000000, 0.0000000000000000000, 0.0000000000000000000 ) ) ;
#6808 = EDGE_CURVE ( 'NONE', #8441, #7420, #7771, .T. ) ;
#6809 = CARTESIAN_POINT ( 'NONE',  ( 0.4374999999999998900, 0.5999999999999999800, -0.2974999999999999900 ) ) ;
#6810 = FACE_OUTER_BOUND ( 'NONE', #8009, .T. ) ;
#6811 = DIRECTION ( 'NONE',  ( 1.000000000000000000, 0.0000000000000000000, 0.0000000000000000000 ) ) ;
#6812 = CARTESIAN_POINT ( 'NONE',  ( 0.7825288151001857900, 0.3416866393464817500, -0.01000000000000000000 ) ) ;
#6813 = ORIENTED_EDGE ( 'NONE', *, *, #5341, .T. ) ;
#6814 = FACE_OUTER_BOUND ( 'NONE', #4058, .T. ) ;
#6815 = CARTESIAN_POINT ( 'NONE',  ( 0.5371370600050839900, 0.3632811137948581700, -0.01000000000000000000 ) ) ;
#6816 = ORIENTED_EDGE ( 'NONE', *, *, #6018, .T. ) ;
#6817 = EDGE_CURVE ( 'NONE', #8106, #2728, #8167, .T. ) ;
#6818 = VECTOR ( 'NONE', #1137, 39.37007874015748100 ) ;
#6819 = AXIS2_PLACEMENT_3D ( 'NONE', #2374, #8752, #4663 ) ;
#6820 = DIRECTION ( 'NONE',  ( 1.000000000000000000, 0.0000000000000000000, 0.0000000000000000000 ) ) ;
#6821 = LINE ( 'NONE', #7062, #837 ) ;
#6822 = ORIENTED_EDGE ( 'NONE', *, *, #8449, .F. ) ;
#6823 = LINE ( 'NONE', #9253, #2693 ) ;
#6824 = ORIENTED_EDGE ( 'NONE', *, *, #4057, .T. ) ;
#6825 = LOCAL_TIME ( 8, 51, 22.00000000000000000, #8577 ) ;
#6826 = CARTESIAN_POINT ( 'NONE',  ( 0.5374999999999999800, 0.3450000000000001400, -0.1480000000000000200 ) ) ;
#6827 = COORDINATED_UNIVERSAL_TIME_OFFSET ( 5, 0, .BEHIND. ) ;
#6828 = LINE ( 'NONE', #5037, #2458 ) ;
#6829 = LINE ( 'NONE', #4352, #2955 ) ;
#6830 = AXIS2_PLACEMENT_3D ( 'NONE', #3783, #2970, #4085 ) ;
#6831 = PLANE ( 'NONE',  #7414 ) ;
#6832 = ORIENTED_EDGE ( 'NONE', *, *, #539, .F. ) ;
#6833 = DIRECTION ( 'NONE',  ( 1.000000000000000000, 0.0000000000000000000, 0.0000000000000000000 ) ) ;
#6834 = PLANE ( 'NONE',  #4755 ) ;
#6835 = EDGE_CURVE ( 'NONE', #6334, #7450, #5941, .T. ) ;
#6836 = LOCAL_TIME ( 8, 51, 22.00000000000000000, #8587 ) ;
#6837 = CIRCLE ( 'NONE', #4262, 0.03200000000000033400 ) ;
#6838 = CARTESIAN_POINT ( 'NONE',  ( 0.3924999999999996800, 0.05000000000000000300, -0.07250000000000002300 ) ) ;
#6839 = CIRCLE ( 'NONE', #6534, 0.03100000000000002400 ) ;
#6840 = DIRECTION ( 'NONE',  ( -0.0000000000000000000, -0.0000000000000000000, 1.000000000000000000 ) ) ;
#6841 = DIRECTION ( 'NONE',  ( -0.0000000000000000000, 1.000000000000000000, 1.707404996040165000E-016 ) ) ;
#6842 = CARTESIAN_POINT ( 'NONE',  ( 0.1344495932427529600, 0.06550000000011525800, -0.006000000000344093800 ) ) ;
#6843 = ORIENTED_EDGE ( 'NONE', *, *, #108, .F. ) ;
#6844 = CARTESIAN_POINT ( 'NONE',  ( 0.8374999999999999100, 0.5579999999999996100, -0.07249999999999998100 ) ) ;
#6845 = PLANE ( 'NONE',  #8586 ) ;
#6846 = LINE ( 'NONE', #80, #869 ) ;
#6847 = ADVANCED_FACE ( 'NONE', ( #3994 ), #3220, .F. ) ;
#6848 = EDGE_LOOP ( 'NONE', ( #6110, #2725, #9094, #8314 ) ) ;
#6849 = EDGE_CURVE ( 'NONE', #8142, #6506, #7547, .T. ) ;
#6850 = ORIENTED_EDGE ( 'NONE', *, *, #5806, .F. ) ;
#6851 = CARTESIAN_POINT ( 'NONE',  ( 0.7624999999999998400, 0.5180000000000000200, -0.2610000000000000700 ) ) ;
#6852 = ORIENTED_EDGE ( 'NONE', *, *, #7784, .T. ) ;
#6853 = CARTESIAN_POINT ( 'NONE',  ( 0.7260887114283308700, 0.0000000000000000000, -0.01000000000000000000 ) ) ;
#6854 = DIRECTION ( 'NONE',  ( -1.104077446996467300E-013, -1.000000000000000000, -9.125743083173441300E-014 ) ) ;
#6855 = ORIENTED_EDGE ( 'NONE', *, *, #5657, .F. ) ;
#6856 = ORIENTED_EDGE ( 'NONE', *, *, #5497, .F. ) ;
#6857 = CARTESIAN_POINT ( 'NONE',  ( 0.5374999999999999800, 0.2700000000000001800, -0.1480000000000000500 ) ) ;
#6858 = CARTESIAN_POINT ( 'NONE',  ( 0.6374999999999998400, 0.2700000000000001800, -0.1480000000000000500 ) ) ;
#6859 = AXIS2_PLACEMENT_3D ( 'NONE', #2590, #7665, #3406 ) ;
#6860 = DATE_AND_TIME ( #8603, #1123 ) ;
#6861 = ORIENTED_EDGE ( 'NONE', *, *, #1527, .F. ) ;
#6862 = CARTESIAN_POINT ( 'NONE',  ( 1.042500000000000200, 0.0000000000000000000, -0.3700000000000000000 ) ) ;
#6863 = CARTESIAN_POINT ( 'NONE',  ( 0.1478113162177457600, 0.08117688916748980200, 0.02499999999906038800 ) ) ;
#6864 = EDGE_CURVE ( 'NONE', #3525, #7143, #1936, .T. ) ;
#6865 = EDGE_CURVE ( 'NONE', #4408, #3025, #9242, .T. ) ;
#6866 = DIRECTION ( 'NONE',  ( 0.0000000000000000000, 0.0000000000000000000, 1.000000000000000000 ) ) ;
#6867 = ORIENTED_EDGE ( 'NONE', *, *, #292, .F. ) ;
#6868 = ORIENTED_EDGE ( 'NONE', *, *, #8680, .F. ) ;
#6869 = ADVANCED_FACE ( 'NONE', ( #1681 ), #9059, .F. ) ;
#6870 = DIRECTION ( 'NONE',  ( 0.0000000000000000000, -1.000000000000000000, 0.0000000000000000000 ) ) ;
#6871 = ORIENTED_EDGE ( 'NONE', *, *, #4891, .F. ) ;
#6872 = CARTESIAN_POINT ( 'NONE',  ( -1.123269580619662000E-014, 0.3181290308573219100, -0.01000000000000000000 ) ) ;
#6873 = DIRECTION ( 'NONE',  ( 1.000000000000000000, 1.109813247426091100E-013, -4.313434190775515200E-014 ) ) ;
#6874 = CARTESIAN_POINT ( 'NONE',  ( 0.4375000000000010000, -0.07355680662945861300, -0.03900000000000072900 ) ) ;
#6875 = EDGE_CURVE ( 'NONE', #3405, #3822, #5490, .T. ) ;
#6876 = VERTEX_POINT ( 'NONE', #9049 ) ;
#6877 = CARTESIAN_POINT ( 'NONE',  ( 0.6374999999999998400, 0.05000000000000000300, -0.3700000000000000000 ) ) ;
#6878 = DIRECTION ( 'NONE',  ( 0.0000000000000000000, -3.691686477924679400E-015, -1.000000000000000000 ) ) ;
#6879 = DIRECTION ( 'NONE',  ( 0.0000000000000000000, -1.000000000000000000, -1.979599995408885400E-016 ) ) ;
#6880 = CIRCLE ( 'NONE', #6571, 0.006870969142663527000 ) ;
#6881 = ORIENTED_EDGE ( 'NONE', *, *, #9176, .F. ) ;
#6882 = CARTESIAN_POINT ( 'NONE',  ( 0.3674999999999998300, 0.2699999999999999100, -0.2210000000000000900 ) ) ;
#6883 = ADVANCED_FACE ( 'NONE', ( #5720 ), #5274, .F. ) ;
#6884 = ORIENTED_EDGE ( 'NONE', *, *, #647, .T. ) ;
#6885 = CIRCLE ( 'NONE', #152, 0.009815670203841039800 ) ;
#6886 = VERTEX_POINT ( 'NONE', #2136 ) ;
#6887 = PLANE ( 'NONE',  #8029 ) ;
#6888 = DIRECTION ( 'NONE',  ( -1.000000000000000000, -1.106651386322328400E-013, 4.300131101138190300E-014 ) ) ;
#6889 = DIRECTION ( 'NONE',  ( -0.0000000000000000000, -0.0000000000000000000, 1.000000000000000000 ) ) ;
#6890 = DIRECTION ( 'NONE',  ( 1.000000000000000000, 0.0000000000000000000, 0.0000000000000000000 ) ) ;
#6891 = EDGE_LOOP ( 'NONE', ( #1391, #2022, #4412, #1764 ) ) ;
#6892 = DIRECTION ( 'NONE',  ( 0.0000000000000000000, 1.000000000000000000, -0.0000000000000000000 ) ) ;
#6893 = ADVANCED_FACE ( 'NONE', ( #3539 ), #8118, .F. ) ;
#6894 = LINE ( 'NONE', #7275, #8447 ) ;
#6895 = VERTEX_POINT ( 'NONE', #5692 ) ;
#6896 = DIRECTION ( 'NONE',  ( -0.0000000000000000000, -0.0000000000000000000, 1.000000000000000000 ) ) ;
#6897 = CARTESIAN_POINT ( 'NONE',  ( 0.5624999999999998900, 0.5580000000000000500, -0.2610000000000001200 ) ) ;
#6898 = AXIS2_PLACEMENT_3D ( 'NONE', #1046, #965, #947 ) ;
#6899 = CARTESIAN_POINT ( 'NONE',  ( 0.9374999999999998900, 0.5180000000000000200, -0.2610000000000000700 ) ) ;
#6900 = CARTESIAN_POINT ( 'NONE',  ( 0.4372132034359191300, 0.04722792206150582700, -0.02499999999988335500 ) ) ;
#6901 = LINE ( 'NONE', #3503, #5031 ) ;
#6902 = EDGE_CURVE ( 'NONE', #2703, #7412, #1438, .T. ) ;
#6903 = LINE ( 'NONE', #787, #6677 ) ;
#6904 = ADVANCED_FACE ( 'NONE', ( #7131 ), #6907, .T. ) ;
#6905 = CARTESIAN_POINT ( 'NONE',  ( 0.7974999999999998800, 0.5580000000000000500, -0.2974999999999999900 ) ) ;
#6906 = CARTESIAN_POINT ( 'NONE',  ( 0.3462132034364621700, 0.01250000000001020400, -2.786484953537548400E-013 ) ) ;
#6907 = CYLINDRICAL_SURFACE ( 'NONE', #286, 0.03999999999999998000 ) ;
#6908 = ADVANCED_FACE ( 'NONE', ( #8832 ), #3041, .T. ) ;
#6909 = VECTOR ( 'NONE', #5131, 39.37007874015748100 ) ;
#6910 = VERTEX_POINT ( 'NONE', #2668 ) ;
#6911 = LINE ( 'NONE', #3229, #2792 ) ;
#6912 = CARTESIAN_POINT ( 'NONE',  ( 1.042500000000000200, 0.05000000000000000300, -0.3700000000000000000 ) ) ;
#6913 = EDGE_CURVE ( 'NONE', #6615, #6886, #5035, .T. ) ;
#6914 = EDGE_CURVE ( 'NONE', #1748, #3196, #1187, .T. ) ;
#6915 = CARTESIAN_POINT ( 'NONE',  ( 0.9974999999999999400, 0.05000000000000000300, -0.3700000000000000000 ) ) ;
#6916 = CARTESIAN_POINT ( 'NONE',  ( 0.5624999999999998900, 0.5580000000000000500, -0.07249999999999998100 ) ) ;
#6917 = VECTOR ( 'NONE', #4833, 39.37007874015748100 ) ;
#6918 = VECTOR ( 'NONE', #6450, 39.37007874015748100 ) ;
#6919 = ORIENTED_EDGE ( 'NONE', *, *, #4116, .T. ) ;
#6920 = VECTOR ( 'NONE', #6384, 39.37007874015748100 ) ;
#6921 = CARTESIAN_POINT ( 'NONE',  ( 0.5802132034365066200, 0.03750000000017285300, 0.02499999999985672000 ) ) ;
#6922 = CARTESIAN_POINT ( 'NONE',  ( 0.6374999999999998400, 0.3450000000000002000, -0.09750000000000003100 ) ) ;
#6923 = CC_DESIGN_PERSON_AND_ORGANIZATION_ASSIGNMENT ( #6607, #8579, ( #4538 ) ) ;
#6924 = CARTESIAN_POINT ( 'NONE',  ( 0.4374999999999998900, 0.2699999999999999100, -0.2220000000000000900 ) ) ;
#6925 = LINE ( 'NONE', #5265, #3066 ) ;
#6926 = ADVANCED_FACE ( 'NONE', ( #8642 ), #7358, .T. ) ;
#6927 = VECTOR ( 'NONE', #3935, 39.37007874015748100 ) ;
#6928 = EDGE_LOOP ( 'NONE', ( #3599, #2012, #2122, #2385, #6263, #8418, #4515, #4423, #98, #283, #898, #2495, #3542, #3959 ) ) ;
#6929 = ORIENTED_EDGE ( 'NONE', *, *, #6468, .F. ) ;
#6930 = VECTOR ( 'NONE', #8452, 39.37007874015748100 ) ;
#6931 = EDGE_CURVE ( 'NONE', #428, #353, #4793, .T. ) ;
#6932 = DIRECTION ( 'NONE',  ( 1.000000000000000000, 0.0000000000000000000, 0.0000000000000000000 ) ) ;
#6933 = DIRECTION ( 'NONE',  ( -1.000000000000000000, -1.109813247426091100E-013, 4.313434190793115000E-014 ) ) ;
#6934 = VERTEX_POINT ( 'NONE', #7380 ) ;
#6935 = CONTEXT_DEPENDENT_SHAPE_REPRESENTATION ( #7307, #6212 ) ;
#6936 = DIRECTION ( 'NONE',  ( -0.0000000000000000000, -1.000000000000000000, -4.553079989440441700E-016 ) ) ;
#6937 = CARTESIAN_POINT ( 'NONE',  ( 0.4365264404161153800, 0.4133410318342099500, -0.01000000000000000000 ) ) ;
#6938 = LINE ( 'NONE', #4944, #968 ) ;
#6939 = LINE ( 'NONE', #8134, #6709 ) ;
#6940 = LINE ( 'NONE', #3897, #3079 ) ;
#6941 = ADVANCED_FACE ( 'NONE', ( #8458 ), #8496, .F. ) ;
#6942 = DIRECTION ( 'NONE',  ( 0.0000000000000000000, -3.691686477924679400E-015, -1.000000000000000000 ) ) ;
#6943 = EDGE_CURVE ( 'NONE', #3824, #2704, #6474, .T. ) ;
#6944 = ORIENTED_EDGE ( 'NONE', *, *, #4528, .F. ) ;
#6945 = ORGANIZATION ( 'NAUO-ORG2', 'UNSPECIFIED', 'UNSPECIFIED' ) ;
#6946 = AXIS2_PLACEMENT_3D ( 'NONE', #840, #6152, #1640 ) ;
#6947 = APPROVAL_DATE_TIME ( #8678, #1037 ) ;
#6948 = LINE ( 'NONE', #1875, #5309 ) ;
#6949 = ADVANCED_FACE ( 'NONE', ( #682 ), #1569, .F. ) ;
#6950 = LINE ( 'NONE', #3900, #8493 ) ;
#6951 = CARTESIAN_POINT ( 'NONE',  ( 0.8374999999999999100, 0.5180000000000000200, -0.2210000000000000000 ) ) ;
#6952 = ORIENTED_EDGE ( 'NONE', *, *, #4375, .T. ) ;
#6953 =( LENGTH_UNIT ( ) NAMED_UNIT ( * ) SI_UNIT ( $, .METRE. ) );
#6954 = LINE ( 'NONE', #760, #8498 ) ;
#6955 = LINE ( 'NONE', #7571, #5092 ) ;
#6956 = CARTESIAN_POINT ( 'NONE',  ( 0.6974999999999999000, 0.2699999999999999100, -0.2210000000000000900 ) ) ;
#6957 = ADVANCED_FACE ( 'NONE', ( #4562 ), #326, .T. ) ;
#6958 = EDGE_LOOP ( 'NONE', ( #7120, #8598 ) ) ;
#6959 = CARTESIAN_POINT ( 'NONE',  ( 0.7974999999999998800, 0.3450000000000002000, -0.2725000000000000200 ) ) ;
#6960 = EDGE_CURVE ( 'NONE', #4849, #3464, #8059, .T. ) ;
#6961 = ORIENTED_EDGE ( 'NONE', *, *, #4817, .F. ) ;
#6962 = ORIENTED_EDGE ( 'NONE', *, *, #1987, .T. ) ;
#6963 = DIRECTION ( 'NONE',  ( -0.0000000000000000000, -0.0000000000000000000, 1.000000000000000000 ) ) ;
#6964 = LINE ( 'NONE', #4872, #4848 ) ;
#6965 = CARTESIAN_POINT ( 'NONE',  ( 0.5506336065353513200, 0.4162857328953860600, -0.01000000000000000000 ) ) ;
#6966 = ORIENTED_EDGE ( 'NONE', *, *, #4350, .F. ) ;
#6967 = DIRECTION ( 'NONE',  ( 0.0000000000000000000, -1.871128762783746500E-015, -1.000000000000000000 ) ) ;
#6968 = COORDINATED_UNIVERSAL_TIME_OFFSET ( 5, 0, .BEHIND. ) ;
#6969 = ORIENTED_EDGE ( 'NONE', *, *, #3964, .F. ) ;
#6970 = CARTESIAN_POINT ( 'NONE',  ( 0.5940679471871620500, 0.2474562053899773100, -0.01000000000000000000 ) ) ;
#6971 = ORIENTED_EDGE ( 'NONE', *, *, #8003, .T. ) ;
#6972 = EDGE_CURVE ( 'NONE', #6886, #2713, #4832, .T. ) ;
#6973 = VERTEX_POINT ( 'NONE', #8966 ) ;
#6974 = PERSON_AND_ORGANIZATION ( #6536, #5561 ) ;
#6975 = ORIENTED_EDGE ( 'NONE', *, *, #73, .F. ) ;
#6976 = ADVANCED_FACE ( 'NONE', ( #2296 ), #1745, .F. ) ;
#6977 = DIRECTION ( 'NONE',  ( -0.0000000000000000000, 0.0000000000000000000, 1.000000000000000000 ) ) ;
#6978 = PLANE ( 'NONE',  #7621 ) ;
#6979 = CC_DESIGN_DATE_AND_TIME_ASSIGNMENT ( #8789, #417, ( #5104 ) ) ;
#6980 = DIRECTION ( 'NONE',  ( 1.000000000000000000, 1.107505943377398600E-013, -4.313434190744386700E-014 ) ) ;
#6981 = VERTEX_POINT ( 'NONE', #949 ) ;
#6982 = CARTESIAN_POINT ( 'NONE',  ( 0.5371370600050839900, 0.2867188862052003600, -0.01000000000000000000 ) ) ;
#6983 = LINE ( 'NONE', #2422, #1018 ) ;
#6984 = ORIENTED_EDGE ( 'NONE', *, *, #7598, .T. ) ;
#6985 = DIRECTION ( 'NONE',  ( -6.447059470106050400E-012, -1.000000000000000000, 1.353036704141093900E-013 ) ) ;
#6986 = CARTESIAN_POINT ( 'NONE',  ( 0.7660875675088116800, 0.3826670498449319900, 0.0000000000000000000 ) ) ;
#6987 = EDGE_CURVE ( 'NONE', #838, #2560, #6270, .T. ) ;
#6988 = CARTESIAN_POINT ( 'NONE',  ( 0.3784999999999999500, 0.4749999999999999800, -0.3440000000000000800 ) ) ;
#6989 = CARTESIAN_POINT ( 'NONE',  ( 0.5575045756779735100, 0.3250000000000201600, -0.01000000000000000000 ) ) ;
#6990 = ORIENTED_EDGE ( 'NONE', *, *, #556, .T. ) ;
#6991 = ORIENTED_EDGE ( 'NONE', *, *, #1235, .T. ) ;
#6992 = DIRECTION ( 'NONE',  ( -1.000000000000000000, -0.0000000000000000000, -0.0000000000000000000 ) ) ;
#6993 = LINE ( 'NONE', #250, #8714 ) ;
#6994 = VERTEX_POINT ( 'NONE', #8648 ) ;
#6995 = CARTESIAN_POINT ( 'NONE',  ( 0.0000000000000000000, 0.0000000000000000000, 0.0000000000000000000 ) ) ;
#6996 = EDGE_CURVE ( 'NONE', #6910, #2248, #6047, .T. ) ;
#6997 = CARTESIAN_POINT ( 'NONE',  ( 0.4974999999999998900, 0.5180000000000000200, -0.2610000000000001200 ) ) ;
#6998 = AXIS2_PLACEMENT_3D ( 'NONE', #8500, #5826, #1274 ) ;
#6999 = ORIENTED_EDGE ( 'NONE', *, *, #3165, .T. ) ;
#7000 = DIRECTION ( 'NONE',  ( -4.313434190716670600E-014, 9.125743083152196300E-014, 1.000000000000000000 ) ) ;
#7001 = FACE_OUTER_BOUND ( 'NONE', #3811, .T. ) ;
#7002 = ORIENTED_EDGE ( 'NONE', *, *, #6062, .F. ) ;
#7003 = ADVANCED_FACE ( 'NONE', ( #8260 ), #5630, .F. ) ;
#7004 = DIRECTION ( 'NONE',  ( -0.0000000000000000000, 0.0000000000000000000, 1.000000000000000000 ) ) ;
#7005 = AXIS2_PLACEMENT_3D ( 'NONE', #6772, #5447, #2209 ) ;
#7006 = CARTESIAN_POINT ( 'NONE',  ( 0.6974999999999999000, 0.3450000000000002000, -0.09750000000000003100 ) ) ;
#7007 = FACE_BOUND ( 'NONE', #1361, .T. ) ;
#7008 = ORIENTED_EDGE ( 'NONE', *, *, #2616, .T. ) ;
#7009 = FACE_OUTER_BOUND ( 'NONE', #4516, .T. ) ;
#7010 = CARTESIAN_POINT ( 'NONE',  ( 0.7374999999999998200, 0.3450000000000001400, -0.2220000000000000000 ) ) ;
#7011 = EDGE_CURVE ( 'NONE', #5421, #5241, #4104, .T. ) ;
#7012 = CARTESIAN_POINT ( 'NONE',  ( 0.8675000000020715000, 0.6712132034341641300, -0.3100000000010519900 ) ) ;
#7013 = AXIS2_PLACEMENT_3D ( 'NONE', #5151, #1272, #1352 ) ;
#7014 = CARTESIAN_POINT ( 'NONE',  ( 0.7260887114283308700, 0.0000000000000000000, -0.01000000000000000000 ) ) ;
#7015 = VECTOR ( 'NONE', #6760, 39.37007874015748100 ) ;
#7016 = ORIENTED_EDGE ( 'NONE', *, *, #8416, .T. ) ;
#7017 = DIRECTION ( 'NONE',  ( -1.000000000000000000, -0.0000000000000000000, -9.518634124265725100E-017 ) ) ;
#7018 = LINE ( 'NONE', #5337, #1050 ) ;
#7019 = ORIENTED_EDGE ( 'NONE', *, *, #7170, .F. ) ;
#7020 = AXIS2_PLACEMENT_3D ( 'NONE', #8228, #1273, #5468 ) ;
#7021 = CARTESIAN_POINT ( 'NONE',  ( 0.5506336064154143700, 0.2405852362473100100, 0.0000000000000000000 ) ) ;
#7022 = CARTESIAN_POINT ( 'NONE',  ( 0.5837132034361040000, 0.01600000000000120800, 0.008999999999495250300 ) ) ;
#7023 = CARTESIAN_POINT ( 'NONE',  ( 0.9624999999999999100, 0.5180000000000000200, -0.2610000000000000700 ) ) ;
#7024 = EDGE_CURVE ( 'NONE', #4441, #5843, #187, .T. ) ;
#7025 = DIRECTION ( 'NONE',  ( 0.0000000000000000000, -1.352399996863497400E-015, -1.000000000000000000 ) ) ;
#7026 = FACE_OUTER_BOUND ( 'NONE', #5867, .T. ) ;
#7027 = CARTESIAN_POINT ( 'NONE',  ( 0.8615449602408067300, 0.0000000000000000000, -0.01000000000000000000 ) ) ;
#7028 = DIRECTION ( 'NONE',  ( -0.0000000000000000000, 0.0000000000000000000, 1.000000000000000000 ) ) ;
#7029 = VECTOR ( 'NONE', #1104, 39.37007874015748100 ) ;
#7030 = ORIENTED_EDGE ( 'NONE', *, *, #1908, .T. ) ;
#7031 = LINE ( 'NONE', #5847, #2925 ) ;
#7032 = ADVANCED_FACE ( 'NONE', ( #9332 ), #8411, .F. ) ;
#7033 = LINE ( 'NONE', #233, #8565 ) ;
#7034 = AXIS2_PLACEMENT_3D ( 'NONE', #8560, #1362, #6594 ) ;
#7035 = CYLINDRICAL_SURFACE ( 'NONE', #2643, 0.009815670203840902800 ) ;
#7036 = ORIENTED_EDGE ( 'NONE', *, *, #3484, .T. ) ;
#7037 = ORIENTED_EDGE ( 'NONE', *, *, #1571, .F. ) ;
#7038 = FACE_OUTER_BOUND ( 'NONE', #8707, .T. ) ;
#7039 = PLANE ( 'NONE',  #9023 ) ;
#7040 = EDGE_CURVE ( 'NONE', #8503, #5724, #2051, .T. ) ;
#7041 = EDGE_CURVE ( 'NONE', #3511, #1096, #1811, .T. ) ;
#7042 = ORIENTED_EDGE ( 'NONE', *, *, #9208, .F. ) ;
#7043 = DIRECTION ( 'NONE',  ( 0.0000000000000000000, 1.000000000000000000, 0.0000000000000000000 ) ) ;
#7044 = VECTOR ( 'NONE', #8473, 39.37007874015748100 ) ;
#7045 = LINE ( 'NONE', #8353, #7257 ) ;
#7046 = DIRECTION ( 'NONE',  ( 1.000000000000000200, 7.695819387939327300E-012, -5.225478417167782200E-012 ) ) ;
#7047 = VERTEX_POINT ( 'NONE', #8838 ) ;
#7048 = DIRECTION ( 'NONE',  ( 0.0000000000000000000, -4.553079989440441700E-016, 1.000000000000000000 ) ) ;
#7049 = VECTOR ( 'NONE', #908, 39.37007874015748100 ) ;
#7050 = DIRECTION ( 'NONE',  ( -1.000000000000000000, 0.0000000000000000000, 0.0000000000000000000 ) ) ;
#7051 = PLANE ( 'NONE',  #4691 ) ;
#7052 = ORIENTED_EDGE ( 'NONE', *, *, #3646, .F. ) ;
#7053 = ORIENTED_EDGE ( 'NONE', *, *, #2100, .T. ) ;
#7054 = ADVANCED_FACE ( 'NONE', ( #5603 ), #9230, .F. ) ;
#7056 = CARTESIAN_POINT ( 'NONE',  ( 0.8615449602408067300, 0.0000000000000000000, 0.0000000000000000000 ) ) ;
#7055 = CARTESIAN_POINT ( 'NONE',  ( 0.7974999999999998800, 0.2700000000000001800, -0.1480000000000000200 ) ) ;
#7057 = COORDINATED_UNIVERSAL_TIME_OFFSET ( 5, 0, .BEHIND. ) ;
#7058 = DIRECTION ( 'NONE',  ( -1.000000000000000000, -4.153954829891640800E-015, 0.0000000000000000000 ) ) ;
#7059 = ORIENTED_EDGE ( 'NONE', *, *, #1857, .T. ) ;
#7060 = LINE ( 'NONE', #3798, #5200 ) ;
#7061 = EDGE_CURVE ( 'NONE', #2364, #2610, #3649, .T. ) ;
#7062 = CARTESIAN_POINT ( 'NONE',  ( 0.6374999999999998400, 0.5999999999999999800, -0.2974999999999999900 ) ) ;
#7063 = FACE_OUTER_BOUND ( 'NONE', #4455, .T. ) ;
#7064 = PLANE ( 'NONE',  #8926 ) ;
#7065 = VERTEX_POINT ( 'NONE', #4786 ) ;
#7066 = DIRECTION ( 'NONE',  ( 0.0000000000000000000, 1.352399996863497200E-015, -1.000000000000000000 ) ) ;
#7067 = CIRCLE ( 'NONE', #612, 0.07650000000013598700 ) ;
#7068 = CIRCLE ( 'NONE', #5602, 0.009815670203795690700 ) ;
#7069 = CARTESIAN_POINT ( 'NONE',  ( 0.8924643213828183900, 0.3831578459575294400, -0.01000000000000000000 ) ) ;
#7070 = ORIENTED_EDGE ( 'NONE', *, *, #9236, .T. ) ;
#7071 = AXIS2_PLACEMENT_3D ( 'NONE', #3098, #3419, #3289 ) ;
#7072 = ORIENTED_EDGE ( 'NONE', *, *, #815, .F. ) ;
#7073 = DIRECTION ( 'NONE',  ( 0.0000000000000000000, 0.0000000000000000000, 1.000000000000000000 ) ) ;
#7074 = CYLINDRICAL_SURFACE ( 'NONE', #7005, 0.03999999999999998000 ) ;
#7075 = ORIENTED_EDGE ( 'NONE', *, *, #7146, .F. ) ;
#7076 = CARTESIAN_POINT ( 'NONE',  ( 0.7923444853039846000, 0.2366589681657876300, -0.01000000000000000000 ) ) ;
#7077 = ORIENTED_EDGE ( 'NONE', *, *, #6444, .T. ) ;
#7078 = ORIENTED_EDGE ( 'NONE', *, *, #3080, .T. ) ;
#7079 = ORIENTED_EDGE ( 'NONE', *, *, #7895, .F. ) ;
#7080 = CARTESIAN_POINT ( 'NONE',  ( 0.0000000000000000000, 0.0000000000000000000, 0.0000000000000000000 ) ) ;
#7081 = CARTESIAN_POINT ( 'NONE',  ( 0.7398306497136468700, 0.2337142671046477700, 0.0000000000000000000 ) ) ;
#7082 = DIRECTION ( 'NONE',  ( 0.0000000000000000000, 1.000000000000000000, 4.553079989440424900E-016 ) ) ;
#7083 = EDGE_LOOP ( 'NONE', ( #5237, #1481, #8808, #2039 ) ) ;
#7084 = CARTESIAN_POINT ( 'NONE',  ( 0.3674999999999998300, 0.2699999999999999100, -0.2210000000000000900 ) ) ;
#7085 = EDGE_CURVE ( 'NONE', #8783, #8454, #1544, .T. ) ;
#7086 = PERSON_AND_ORGANIZATION ( #6536, #5561 ) ;
#7087 = ORIENTED_EDGE ( 'NONE', *, *, #7920, .F. ) ;
#7088 = AXIS2_PLACEMENT_3D ( 'NONE', #4103, #4107, #4117 ) ;
#7089 = CARTESIAN_POINT ( 'NONE',  ( 0.9449781569731658900, 0.3831578454992597400, -0.01000000000000000000 ) ) ;
#7090 = ORIENTED_EDGE ( 'NONE', *, *, #6332, .F. ) ;
#7091 = DIRECTION ( 'NONE',  ( 0.0000000000000000000, 0.0000000000000000000, 1.000000000000000000 ) ) ;
#7092 = DIRECTION ( 'NONE',  ( -1.000000000000000000, -0.0000000000000000000, -0.0000000000000000000 ) ) ;
#7093 = AXIS2_PLACEMENT_3D ( 'NONE', #4217, #2236, #384 ) ;
#7094 = VERTEX_POINT ( 'NONE', #4601 ) ;
#7095 = CARTESIAN_POINT ( 'NONE',  ( 0.6974999999999999000, 0.2700000000000001800, -0.1480000000000000500 ) ) ;
#7096 = EDGE_CURVE ( 'NONE', #8538, #8904, #5375, .T. ) ;
#7097 = EDGE_CURVE ( 'NONE', #9110, #5404, #3872, .T. ) ;
#7098 = DIRECTION ( 'NONE',  ( 1.000000000000000000, 0.0000000000000000000, -0.0000000000000000000 ) ) ;
#7099 = ADVANCED_FACE ( 'NONE', ( #7141 ), #3315, .T. ) ;
#7100 = VERTEX_POINT ( 'NONE', #5966 ) ;
#7101 = VERTEX_POINT ( 'NONE', #5439 ) ;
#7102 = LINE ( 'NONE', #7201, #5240 ) ;
#7103 = ORIENTED_EDGE ( 'NONE', *, *, #2924, .F. ) ;
#7104 = DIRECTION ( 'NONE',  ( -1.000000000000000000, 0.0000000000000000000, -0.0000000000000000000 ) ) ;
#7105 = DIRECTION ( 'NONE',  ( -0.0000000000000000000, 0.0000000000000000000, 1.000000000000000000 ) ) ;
#7106 = ORIENTED_EDGE ( 'NONE', *, *, #3571, .T. ) ;
#7107 = CC_DESIGN_DATE_AND_TIME_ASSIGNMENT ( #8873, #528, ( #5230 ) ) ;
#7108 = ORIENTED_EDGE ( 'NONE', *, *, #1292, .F. ) ;
#7109 = CARTESIAN_POINT ( 'NONE',  ( 0.0000000000000000000, 0.4231567020380064300, -0.01000000000000000000 ) ) ;
#7110 = APPROVAL_STATUS ( 'not_yet_approved' ) ;
#7111 = EDGE_CURVE ( 'NONE', #3936, #1256, #1448, .T. ) ;
#7112 = CARTESIAN_POINT ( 'NONE',  ( 0.3924999999999996800, 0.05000000000000000300, -0.09750000000000001700 ) ) ;
#7113 = PLANE ( 'NONE',  #5380 ) ;
#7114 = VECTOR ( 'NONE', #6054, 39.37007874015748100 ) ;
#7115 = VERTEX_POINT ( 'NONE', #5945 ) ;
#7116 = ORIENTED_EDGE ( 'NONE', *, *, #4492, .F. ) ;
#7117 = VECTOR ( 'NONE', #10, 39.37007874015748100 ) ;
#7118 = ORIENTED_EDGE ( 'NONE', *, *, #2100, .F. ) ;
#7119 = DIRECTION ( 'NONE',  ( -1.000000000000000000, 0.0000000000000000000, 0.0000000000000000000 ) ) ;
#7120 = ORIENTED_EDGE ( 'NONE', *, *, #2972, .F. ) ;
#7121 = EDGE_CURVE ( 'NONE', #5666, #7501, #1200, .T. ) ;
#7122 = AXIS2_PLACEMENT_3D ( 'NONE', #5254, #648, #5970 ) ;
#7123 = DIRECTION ( 'NONE',  ( -4.313434190716670600E-014, 9.125743083152196300E-014, 1.000000000000000000 ) ) ;
#7124 = LINE ( 'NONE', #4554, #5482 ) ;
#7125 = ORIENTED_EDGE ( 'NONE', *, *, #5846, .T. ) ;
#7126 = LINE ( 'NONE', #4043, #5269 ) ;
#7127 = DIRECTION ( 'NONE',  ( 0.0000000000000000000, -1.000000000000000000, -5.691349986800549600E-017 ) ) ;
#7128 = DIRECTION ( 'NONE',  ( -1.000000000000000000, -1.106190048104581800E-013, -4.313434190715660800E-014 ) ) ;
#7129 = CARTESIAN_POINT ( 'NONE',  ( 0.9975000000000001600, 0.5579999999999996100, -0.03900000000000025700 ) ) ;
#7130 = DIRECTION ( 'NONE',  ( 0.0000000000000000000, 0.7071067811865451300, -0.7071067811865499000 ) ) ;
#7131 = FACE_OUTER_BOUND ( 'NONE', #1317, .T. ) ;
#7132 = LINE ( 'NONE', #7055, #5275 ) ;
#7133 = EDGE_CURVE ( 'NONE', #7101, #2877, #9140, .T. ) ;
#7134 = LINE ( 'NONE', #3109, #3305 ) ;
#7135 = APPLICATION_PROTOCOL_DEFINITION ( 'international standard', 'config_control_design', 1994, #3500 ) ;
#7136 = AXIS2_PLACEMENT_3D ( 'NONE', #5997, #4744, #4750 ) ;
#7137 = DIRECTION ( 'NONE',  ( -0.0000000000000000000, 1.000000000000000000, 1.707404996040165000E-016 ) ) ;
#7138 = ADVANCED_FACE ( 'NONE', ( #953 ), #124, .F. ) ;
#7139 = PLANE ( 'NONE',  #6788 ) ;
#7140 = CIRCLE ( 'NONE', #146, 0.02625691779517380600 ) ;
#7141 = FACE_OUTER_BOUND ( 'NONE', #3697, .T. ) ;
#7142 = ORIENTED_EDGE ( 'NONE', *, *, #6343, .T. ) ;
#7143 = VERTEX_POINT ( 'NONE', #5251 ) ;
#7144 = VECTOR ( 'NONE', #7058, 39.37007874015748100 ) ;
#7145 = VERTEX_POINT ( 'NONE', #4984 ) ;
#7146 = EDGE_CURVE ( 'NONE', #8503, #3618, #6691, .T. ) ;
#7147 = DIRECTION ( 'NONE',  ( 0.0000000000000000000, 1.000000000000000000, 0.0000000000000000000 ) ) ;
#7148 = LINE ( 'NONE', #4856, #1207 ) ;
#7149 = LINE ( 'NONE', #2896, #3326 ) ;
#7150 = DIRECTION ( 'NONE',  ( 1.000000000000000000, 0.0000000000000000000, 0.0000000000000000000 ) ) ;
#7151 = LINE ( 'NONE', #8254, #3327 ) ;
#7152 = CARTESIAN_POINT ( 'NONE',  ( 0.5506336064154143700, 0.2268432979619855200, -0.01000000000000000000 ) ) ;
#7153 = CARTESIAN_POINT ( 'NONE',  ( 0.9374999999999998900, 0.3450000000000001400, -0.1479999999999999900 ) ) ;
#7154 = ORIENTED_EDGE ( 'NONE', *, *, #4057, .F. ) ;
#7155 = DATE_AND_TIME ( #8862, #1463 ) ;
#7156 = CC_DESIGN_APPROVAL ( #6678, ( #6236 ) ) ;
#7157 = VECTOR ( 'NONE', #4630, 39.37007874015748100 ) ;
#7158 = FACE_OUTER_BOUND ( 'NONE', #1372, .T. ) ;
#7159 = CARTESIAN_POINT ( 'NONE',  ( 0.3924999999999996800, 0.05000000000000000300, -0.1499999999999999900 ) ) ;
#7160 = EDGE_CURVE ( 'NONE', #5685, #5323, #8466, .T. ) ;
#7161 = CARTESIAN_POINT ( 'NONE',  ( 0.5624999999999998900, 0.5580000000000000500, -0.2975000000000000400 ) ) ;
#7162 = EDGE_LOOP ( 'NONE', ( #4385, #1953, #4439, #1335 ) ) ;
#7163 = COORDINATED_UNIVERSAL_TIME_OFFSET ( 5, 0, .BEHIND. ) ;
#7164 = ORIENTED_EDGE ( 'NONE', *, *, #9128, .F. ) ;
#7165 = DATE_AND_TIME ( #8874, #1476 ) ;
#7166 = SECURITY_CLASSIFICATION_LEVEL ( 'unclassified' ) ;
#7167 = FACE_OUTER_BOUND ( 'NONE', #747, .T. ) ;
#7168 = CYLINDRICAL_SURFACE ( 'NONE', #5415, 0.02172792206135787400 ) ;
#7169 = DIRECTION ( 'NONE',  ( -1.101525363025879200E-013, -1.000000000000000000, -9.125743083012044100E-014 ) ) ;
#7170 = EDGE_CURVE ( 'NONE', #3936, #1245, #2802, .T. ) ;
#7171 = VERTEX_POINT ( 'NONE', #6442 ) ;
#7172 = ORIENTED_EDGE ( 'NONE', *, *, #6656, .F. ) ;
#7173 = APPROVAL ( #6693, 'UNKNOWN' ) ;
#7174 = FACE_OUTER_BOUND ( 'NONE', #3338, .T. ) ;
#7175 = LINE ( 'NONE', #4798, #3362 ) ;
#7176 = CARTESIAN_POINT ( 'NONE',  ( 0.4974999999999998900, 0.05000000000000000300, -0.1499999999999999900 ) ) ;
#7177 = CARTESIAN_POINT ( 'NONE',  ( 0.4974999999999998900, 0.3450000000000001400, -0.1480000000000000200 ) ) ;
#7178 = CARTESIAN_POINT ( 'NONE',  ( 1.042500000000000200, 0.05000000000000000300, -0.2200000000000000000 ) ) ;
#7179 = ORIENTED_EDGE ( 'NONE', *, *, #5185, .T. ) ;
#7180 = CARTESIAN_POINT ( 'NONE',  ( 0.8374999999999999100, 0.3450000000000001400, -0.2220000000000000000 ) ) ;
#7181 = ORIENTED_EDGE ( 'NONE', *, *, #56, .T. ) ;
#7182 = PLANE ( 'NONE',  #4251 ) ;
#7183 = EDGE_LOOP ( 'NONE', ( #8688, #7493, #2387, #7090, #7981, #4609, #5175, #5676 ) ) ;
#7184 = ADVANCED_FACE ( 'NONE', ( #8271 ), #5322, .F. ) ;
#7185 = DATE_AND_TIME ( #8894, #1494 ) ;
#7186 = ORIENTED_EDGE ( 'NONE', *, *, #2937, .F. ) ;
#7187 = EDGE_CURVE ( 'NONE', #5666, #4816, #6484, .T. ) ;
#7188 = DIRECTION ( 'NONE',  ( 1.000000000000000000, 0.0000000000000000000, 0.0000000000000000000 ) ) ;
#7189 = DIRECTION ( 'NONE',  ( 0.0000000000000000000, -1.000000000000000000, -5.691349986800549600E-017 ) ) ;
#7190 = VERTEX_POINT ( 'NONE', #5783 ) ;
#7191 = CARTESIAN_POINT ( 'NONE',  ( 0.5374999999999999800, 0.5999999999999999800, -0.07250000000000000900 ) ) ;
#7192 = ORIENTED_EDGE ( 'NONE', *, *, #2423, .F. ) ;
#7193 = COORDINATED_UNIVERSAL_TIME_OFFSET ( 5, 0, .BEHIND. ) ;
#7194 = EDGE_LOOP ( 'NONE', ( #2348, #7019, #5239, #6301 ) ) ;
#7195 = DATE_TIME_ROLE ( 'creation_date' ) ;
#7196 = AXIS2_PLACEMENT_3D ( 'NONE', #6982, #2641, #2090 ) ;
#7197 = EDGE_CURVE ( 'NONE', #5228, #3970, #8652, .T. ) ;
#7198 = EDGE_LOOP ( 'NONE', ( #8281, #1088, #1956, #3954 ) ) ;
#7199 = LINE ( 'NONE', #8792, #3138 ) ;
#7200 = ORIENTED_EDGE ( 'NONE', *, *, #8539, .F. ) ;
#7201 = CARTESIAN_POINT ( 'NONE',  ( 0.8615449602408067300, 0.4133410318342007900, -0.01000000000000000000 ) ) ;
#7202 = DIRECTION ( 'NONE',  ( 0.0000000000000000000, 0.0000000000000000000, 1.000000000000000000 ) ) ;
#7203 = VERTEX_POINT ( 'NONE', #5348 ) ;
#7204 = LINE ( 'NONE', #5596, #8915 ) ;
#7205 = ORIENTED_EDGE ( 'NONE', *, *, #29, .T. ) ;
#7206 = EDGE_CURVE ( 'NONE', #5358, #4441, #4571, .T. ) ;
#7207 = EDGE_CURVE ( 'NONE', #2713, #7440, #2553, .T. ) ;
#7208 = CARTESIAN_POINT ( 'NONE',  ( 0.3462132034364621700, 0.01250000000001020400, -2.786484953537548400E-013 ) ) ;
#7209 = ORIENTED_EDGE ( 'NONE', *, *, #4981, .T. ) ;
#7210 = DIRECTION ( 'NONE',  ( -1.000000000000000000, 0.0000000000000000000, -8.537024980200836600E-016 ) ) ;
#7211 = LINE ( 'NONE', #5885, #3156 ) ;
#7212 = VERTEX_POINT ( 'NONE', #2569 ) ;
#7213 = CC_DESIGN_SECURITY_CLASSIFICATION ( #6745, ( #9379 ) ) ;
#7214 = APPROVAL_ROLE ( '' ) ;
#7215 = EDGE_CURVE ( 'NONE', #3161, #5339, #198, .T. ) ;
#7216 = CARTESIAN_POINT ( 'NONE',  ( 0.5940679471871620500, 0.2405852362473140900, 0.0000000000000000000 ) ) ;
#7217 = DIRECTION ( 'NONE',  ( -0.0000000000000000000, -0.0000000000000000000, 1.000000000000000000 ) ) ;
#7218 = ADVANCED_FACE ( 'NONE', ( #6282 ), #2535, .F. ) ;
#7219 = DIRECTION ( 'NONE',  ( 1.000000000000000000, 0.0000000000000000000, 0.0000000000000000000 ) ) ;
#7220 = LINE ( 'NONE', #9270, #5368 ) ;
#7221 = ORIENTED_EDGE ( 'NONE', *, *, #3630, .F. ) ;
#7222 = CARTESIAN_POINT ( 'NONE',  ( 0.6974999999999999000, 0.5180000000000000200, -0.1089999999999998900 ) ) ;
#7223 = ORIENTED_EDGE ( 'NONE', *, *, #2156, .T. ) ;
#7224 = FACE_OUTER_BOUND ( 'NONE', #1752, .T. ) ;
#7225 = CARTESIAN_POINT ( 'NONE',  ( 0.4525771644665798100, 0.03186396103082687900, -0.05764965543516183100 ) ) ;
#7226 = CARTESIAN_POINT ( 'NONE',  ( 0.7825288151001857900, 0.3318709691426853200, 0.0000000000000000000 ) ) ;
#7227 = VECTOR ( 'NONE', #4276, 39.37007874015748100 ) ;
#7228 = EDGE_CURVE ( 'NONE', #5590, #9370, #6059, .T. ) ;
#7229 = DIRECTION ( 'NONE',  ( -1.000000000000000000, 0.0000000000000000000, 0.0000000000000000000 ) ) ;
#7230 = VECTOR ( 'NONE', #7217, 39.37007874015748100 ) ;
#7231 = ORIENTED_EDGE ( 'NONE', *, *, #2180, .T. ) ;
#7232 = LINE ( 'NONE', #1702, #3427 ) ;
#7233 = AXIS2_PLACEMENT_3D ( 'NONE', #1605, #9251, #9220 ) ;
#7234 = ORIENTED_EDGE ( 'NONE', *, *, #5004, .T. ) ;
#7235 = CARTESIAN_POINT ( 'NONE',  ( 0.6974999999999999000, 0.5999999999999999800, -0.07249999999999999500 ) ) ;
#7236 = LINE ( 'NONE', #2246, #8739 ) ;
#7237 = VERTEX_POINT ( 'NONE', #2709 ) ;
#7238 = FACE_OUTER_BOUND ( 'NONE', #4986, .T. ) ;
#7239 = ORIENTED_EDGE ( 'NONE', *, *, #2710, .F. ) ;
#7240 = VERTEX_POINT ( 'NONE', #1642 ) ;
#7241 = LINE ( 'NONE', #7826, #5172 ) ;
#7242 = CARTESIAN_POINT ( 'NONE',  ( 0.9974999999999999400, 0.05000000000000000300, -0.09750000000000000300 ) ) ;
#7243 = ORIENTED_EDGE ( 'NONE', *, *, #251, .T. ) ;
#7244 = DIRECTION ( 'NONE',  ( 0.0000000000000000000, 0.0000000000000000000, 1.000000000000000000 ) ) ;
#7245 = EDGE_CURVE ( 'NONE', #8683, #5748, #2062, .T. ) ;
#7246 = VECTOR ( 'NONE', #914, 39.37007874015748100 ) ;
#7247 = VECTOR ( 'NONE', #8173, 39.37007874015748100 ) ;
#7248 = APPROVAL_STATUS ( 'not_yet_approved' ) ;
#7249 = LINE ( 'NONE', #2023, #3443 ) ;
#7250 = CARTESIAN_POINT ( 'NONE',  ( 0.6374999999999998400, 0.3450000000000001400, -0.2220000000000000000 ) ) ;
#7251 = DIRECTION ( 'NONE',  ( -0.0000000000000000000, 1.000000000000000000, -0.0000000000000000000 ) ) ;
#7252 = ORIENTED_EDGE ( 'NONE', *, *, #1149, .F. ) ;
#7253 = CARTESIAN_POINT ( 'NONE',  ( 0.8374999999999999100, 0.5580000000000000500, -0.1089999999999998600 ) ) ;
#7254 = LINE ( 'NONE', #1065, #5398 ) ;
#7255 = AXIS2_PLACEMENT_3D ( 'NONE', #3428, #7616, #1152 ) ;
#7256 = PLANE ( 'NONE',  #3892 ) ;
#7257 = VECTOR ( 'NONE', #285, 39.37007874015748100 ) ;
#7258 = EDGE_LOOP ( 'NONE', ( #4034, #4139, #3636, #8520 ) ) ;
#7259 = VECTOR ( 'NONE', #8839, 39.37007874015748100 ) ;
#7260 = CARTESIAN_POINT ( 'NONE',  ( 0.5974999999999999200, 0.5579999999999996100, -0.07250000000000000900 ) ) ;
#7261 = EDGE_CURVE ( 'NONE', #6427, #7750, #4118, .T. ) ;
#7262 = CARTESIAN_POINT ( 'NONE',  ( 0.4374999999999998900, 0.2700000000000001800, -0.1480000000000000800 ) ) ;
#7263 = ORIENTED_EDGE ( 'NONE', *, *, #4338, .F. ) ;
#7264 = CARTESIAN_POINT ( 'NONE',  ( 0.6974999999999999000, 0.2700000000000001800, -0.1490000000000000800 ) ) ;
#7265 = APPROVAL_PERSON_ORGANIZATION ( #8976, #2494, #557 ) ;
#7266 = CARTESIAN_POINT ( 'NONE',  ( 0.8974999999999999600, 0.05000000000000000300, -0.09750000000000001700 ) ) ;
#7267 = PERSON_AND_ORGANIZATION ( #1534, #8979 ) ;
#7268 = LINE ( 'NONE', #6862, #1588 ) ;
#7269 = LINE ( 'NONE', #7776, #5410 ) ;
#7270 = CARTESIAN_POINT ( 'NONE',  ( 0.9374999999999998900, 0.3450000000000001400, -0.1479999999999999900 ) ) ;
#7271 = ADVANCED_FACE ( 'NONE', ( #2307, #9341, #5840, #3888 ), #718, .F. ) ;
#7272 = CC_DESIGN_APPROVAL ( #6802, ( #6350 ) ) ;
#7273 = ORIENTED_EDGE ( 'NONE', *, *, #4309, .T. ) ;
#7274 = DIRECTION ( 'NONE',  ( 1.000000000000000000, 0.0000000000000000000, 0.0000000000000000000 ) ) ;
#7275 = CARTESIAN_POINT ( 'NONE',  ( 0.6374999999999998400, 0.2699999999999999100, -0.2210000000000000900 ) ) ;
#7276 = VECTOR ( 'NONE', #6109, 39.37007874015748100 ) ;
#7277 = EDGE_CURVE ( 'NONE', #1191, #9291, #7448, .T. ) ;
#7278 = VECTOR ( 'NONE', #2171, 39.37007874015748100 ) ;
#7279 = CARTESIAN_POINT ( 'NONE',  ( 0.7974999999999998800, 0.2700000000000001800, -0.1490000000000000800 ) ) ;
#7280 = ORIENTED_EDGE ( 'NONE', *, *, #206, .F. ) ;
#7281 = ORIENTED_EDGE ( 'NONE', *, *, #2710, .T. ) ;
#7282 = ORIENTED_EDGE ( 'NONE', *, *, #1648, .T. ) ;
#7283 = SECURITY_CLASSIFICATION_LEVEL ( 'unclassified' ) ;
#7284 = LINE ( 'NONE', #1949, #2723 ) ;
#7285 = VERTEX_POINT ( 'NONE', #6069 ) ;
#7286 = EDGE_CURVE ( 'NONE', #2248, #6778, #3664, .T. ) ;
#7287 = ORIENTED_EDGE ( 'NONE', *, *, #5914, .T. ) ;
#7288 = AXIS2_PLACEMENT_3D ( 'NONE', #853, #6161, #1643 ) ;
#7289 = DIRECTION ( 'NONE',  ( -0.0000000000000000000, -0.0000000000000000000, 1.000000000000000000 ) ) ;
#7290 = ORIENTED_EDGE ( 'NONE', *, *, #2510, .F. ) ;
#7291 = CARTESIAN_POINT ( 'NONE',  ( 0.8202132034360819500, 0.01600000000011329900, -0.009000000000728678600 ) ) ;
#7292 = DIRECTION ( 'NONE',  ( 1.000000000000000000, -0.0000000000000000000, -0.0000000000000000000 ) ) ;
#7293 = VERTEX_POINT ( 'NONE', #4141 ) ;
#7294 = ORIENTED_EDGE ( 'NONE', *, *, #923, .T. ) ;
#7295 = CARTESIAN_POINT ( 'NONE',  ( 0.4374999999999998900, 0.5999999999999999800, -0.2974999999999999900 ) ) ;
#7296 = PERSON_AND_ORGANIZATION ( #6536, #5561 ) ;
#7297 = ORIENTED_EDGE ( 'NONE', *, *, #6182, .F. ) ;
#7298 = CARTESIAN_POINT ( 'NONE',  ( 0.5974999999999999200, 0.2699999999999999100, -0.2220000000000000900 ) ) ;
#7299 = DIRECTION ( 'NONE',  ( 4.313434190716670600E-014, -9.125743083152196300E-014, -1.000000000000000000 ) ) ;
#7300 = AXIS2_PLACEMENT_3D ( 'NONE', #982, #1231, #1258 ) ;
#7301 = ORIENTED_EDGE ( 'NONE', *, *, #3509, .F. ) ;
#7302 = EDGE_CURVE ( 'NONE', #3545, #441, #5610, .T. ) ;
#7303 = VERTEX_POINT ( 'NONE', #1186 ) ;
#7304 = AXIS2_PLACEMENT_3D ( 'NONE', #5461, #5481, #5197 ) ;
#7305 = CARTESIAN_POINT ( 'NONE',  ( 0.4463421106199380000, 0.4133410318342099500, -0.01000000000000000000 ) ) ;
#7306 = ORIENTED_EDGE ( 'NONE', *, *, #2216, .F. ) ;
#7307 =( REPRESENTATION_RELATIONSHIP ('NONE','NONE', #1285, #7662 ) REPRESENTATION_RELATIONSHIP_WITH_TRANSFORMATION ( #7572 )SHAPE_REPRESENTATION_RELATIONSHIP( ) );
#7308 = LINE ( 'NONE', #2049, #9018 ) ;
#7309 = VERTEX_POINT ( 'NONE', #1226 ) ;
#7310 = DIRECTION ( 'NONE',  ( -0.0000000000000000000, -0.0000000000000000000, 1.000000000000000000 ) ) ;
#7311 = CARTESIAN_POINT ( 'NONE',  ( 0.8517292900370139200, 0.4231567020380064300, 0.0000000000000000000 ) ) ;
#7312 = ADVANCED_FACE ( 'NONE', ( #7238 ), #2438, .F. ) ;
#7313 = EDGE_CURVE ( 'NONE', #5934, #4667, #5384, .T. ) ;
#7314 = ORIENTED_EDGE ( 'NONE', *, *, #4763, .T. ) ;
#7315 = VECTOR ( 'NONE', #9369, 39.37007874015748100 ) ;
#7316 = ORIENTED_EDGE ( 'NONE', *, *, #3422, .F. ) ;
#7317 = CARTESIAN_POINT ( 'NONE',  ( 0.0000000000000000000, 0.2268432979619829900, -0.01000000000000000000 ) ) ;
#7318 = ORIENTED_EDGE ( 'NONE', *, *, #4976, .T. ) ;
#7319 = AXIS2_PLACEMENT_3D ( 'NONE', #8320, #4135, #8939 ) ;
#7320 = ORIENTED_EDGE ( 'NONE', *, *, #2472, .T. ) ;
#7321 = EDGE_CURVE ( 'NONE', #2210, #2463, #1825, .T. ) ;
#7322 = EDGE_CURVE ( 'NONE', #5313, #6016, #9149, .T. ) ;
#7323 = LINE ( 'NONE', #6579, #5475 ) ;
#7324 = ORIENTED_EDGE ( 'NONE', *, *, #7146, .T. ) ;
#7325 = CARTESIAN_POINT ( 'NONE',  ( 1.014178631909940200, 0.2366589681657828000, -0.01000000000000000000 ) ) ;
#7326 = CARTESIAN_POINT ( 'NONE',  ( 0.6974999999999999000, 0.5580000000000000500, -0.07249999999999996700 ) ) ;
#7327 = PLANE ( 'NONE',  #2911 ) ;
#7328 = DIRECTION ( 'NONE',  ( 0.0000000000000000000, 1.000000000000000000, -0.0000000000000000000 ) ) ;
#7329 = DIRECTION ( 'NONE',  ( 0.0000000000000000000, -0.0000000000000000000, -1.000000000000000000 ) ) ;
#7330 = VECTOR ( 'NONE', #6498, 39.37007874015748100 ) ;
#7331 = EDGE_LOOP ( 'NONE', ( #101, #7590, #7557, #7497 ) ) ;
#7332 = VECTOR ( 'NONE', #3494, 39.37007874015748100 ) ;
#7333 = EDGE_CURVE ( 'NONE', #9116, #1622, #3434, .T. ) ;
#7334 = AXIS2_PLACEMENT_3D ( 'NONE', #8761, #4672, #30 ) ;
#7335 = ADVANCED_FACE ( 'NONE', ( #8556 ), #4914, .F. ) ;
#7336 = DIRECTION ( 'NONE',  ( 4.313434190716670600E-014, -9.125743083152196300E-014, -1.000000000000000000 ) ) ;
#7337 = VECTOR ( 'NONE', #4765, 39.37007874015748100 ) ;
#7338 = FACE_OUTER_BOUND ( 'NONE', #6641, .T. ) ;
#7339 = ORIENTED_EDGE ( 'NONE', *, *, #6456, .F. ) ;
#7340 = FACE_OUTER_BOUND ( 'NONE', #5571, .T. ) ;
#7341 = CARTESIAN_POINT ( 'NONE',  ( 0.3361881571568977600, 0.04400000000001326500, 1.737455323970471400E-013 ) ) ;
#7342 = DIRECTION ( 'NONE',  ( 0.0000000000000000000, 0.0000000000000000000, 1.000000000000000000 ) ) ;
#7343 = DIRECTION ( 'NONE',  ( 1.000000000000000000, 0.0000000000000000000, 0.0000000000000000000 ) ) ;
#7344 = PLANE ( 'NONE',  #8303 ) ;
#7345 = CARTESIAN_POINT ( 'NONE',  ( 0.5940679471871664900, 0.4094147637527243400, -0.01000000000000000000 ) ) ;
#7346 = ADVANCED_FACE ( 'NONE', ( #1056 ), #1756, .F. ) ;
#7347 = DIRECTION ( 'NONE',  ( 1.000000000000000000, 0.0000000000000000000, 0.0000000000000000000 ) ) ;
#7348 = VECTOR ( 'NONE', #1801, 39.37007874015748100 ) ;
#7349 = ORIENTED_EDGE ( 'NONE', *, *, #6018, .F. ) ;
#7350 = CARTESIAN_POINT ( 'NONE',  ( 0.5832707099630101100, 0.4133410318342099500, -0.01000000000000000000 ) ) ;
#7351 = LINE ( 'NONE', #7730, #5503 ) ;
#7352 = PRODUCT_DEFINITION_SHAPE ( 'NONE', 'NONE',  #5104 ) ;
#7353 = DIMENSIONAL_EXPONENTS ( 1.000000000000000000, 0.0000000000000000000, 0.0000000000000000000, 0.0000000000000000000, 0.0000000000000000000, 0.0000000000000000000, 0.0000000000000000000 ) ;
#7354 = CARTESIAN_POINT ( 'NONE',  ( 1.107499999999999900, 0.5999999999999999800, -0.2610000000000000700 ) ) ;
#7355 = CARTESIAN_POINT ( 'NONE',  ( 0.5974999999999999200, 0.05000000000000000300, -0.1499999999999999900 ) ) ;
#7356 = LINE ( 'NONE', #5448, #5507 ) ;
#7357 = VECTOR ( 'NONE', #3501, 39.37007874015748100 ) ;
#7358 = PLANE ( 'NONE',  #1350 ) ;
#7359 = DIRECTION ( 'NONE',  ( 0.0000000000000000000, -1.000000000000000000, 0.0000000000000000000 ) ) ;
#7360 = LINE ( 'NONE', #7996, #6702 ) ;
#7361 = DIRECTION ( 'NONE',  ( 0.7071067811865499000, 0.7071067811865451300, 0.0000000000000000000 ) ) ;
#7362 = ORIENTED_EDGE ( 'NONE', *, *, #7321, .T. ) ;
#7363 = CALENDAR_DATE ( 2019, 15, 10 ) ;
#7364 = EDGE_CURVE ( 'NONE', #854, #4170, #6803, .T. ) ;
#7365 = ORIENTED_EDGE ( 'NONE', *, *, #239, .T. ) ;
#7366 = PERSON_AND_ORGANIZATION_ROLE ( 'classification_officer' ) ;
#7367 = LINE ( 'NONE', #7225, #5522 ) ;
#7368 = VECTOR ( 'NONE', #6681, 39.37007874015748100 ) ;
#7369 = DIRECTION ( 'NONE',  ( 0.0000000000000000000, -1.000000000000000000, 1.352399996863497400E-015 ) ) ;
#7370 = ORIENTED_EDGE ( 'NONE', *, *, #3604, .F. ) ;
#7371 = CARTESIAN_POINT ( 'NONE',  ( 0.5624999999999998900, 0.5180000000000000200, -0.1089999999999999000 ) ) ;
#7372 = EDGE_LOOP ( 'NONE', ( #4084, #3723, #6535, #1658, #6434, #8021, #7809, #2749, #6233, #7386, #3374 ) ) ;
#7373 = AXIS2_PLACEMENT_3D ( 'NONE', #6757, #1442, #793 ) ;
#7374 = FACE_OUTER_BOUND ( 'NONE', #857, .T. ) ;
#7375 = CIRCLE ( 'NONE', #3451, 0.006870969142663527000 ) ;
#7376 = DIRECTION ( 'NONE',  ( -1.855594863617711000E-013, -1.000000000000000000, -9.112871476490624500E-014 ) ) ;
#7377 = EDGE_CURVE ( 'NONE', #4170, #4548, #2923, .T. ) ;
#7378 = EDGE_CURVE ( 'NONE', #6112, #361, #8741, .T. ) ;
#7379 = ORIENTED_EDGE ( 'NONE', *, *, #8978, .T. ) ;
#7380 = CARTESIAN_POINT ( 'NONE',  ( 0.5506336065353513200, 0.4094147637527355600, -0.01000000000000000000 ) ) ;
#7381 = CARTESIAN_POINT ( 'NONE',  ( 1.042500000000000200, 0.05000000000000000300, -0.2725000000000000800 ) ) ;
#7382 = VECTOR ( 'NONE', #4056, 39.37007874015748100 ) ;
#7383 = DIRECTION ( 'NONE',  ( -0.0000000000000000000, -0.0000000000000000000, 1.000000000000000000 ) ) ;
#7384 = VECTOR ( 'NONE', #3972, 39.37007874015748100 ) ;
#7385 = SECURITY_CLASSIFICATION ( '', '', #5214 ) ;
#7386 = ORIENTED_EDGE ( 'NONE', *, *, #815, .T. ) ;
#7387 = ORIENTED_EDGE ( 'NONE', *, *, #3211, .T. ) ;
#7388 = EDGE_CURVE ( 'NONE', #681, #866, #817, .T. ) ;
#7389 = CARTESIAN_POINT ( 'NONE',  ( 0.3361881571572565300, 0.02550000000001320700, -0.006000000000084568800 ) ) ;
#7390 = CARTESIAN_POINT ( 'NONE',  ( 0.3176904633948247600, 0.04370789473691360400, 0.005999999999964094000 ) ) ;
#7391 = ORIENTED_EDGE ( 'NONE', *, *, #3662, .F. ) ;
#7392 = PERSON_AND_ORGANIZATION ( #6536, #5561 ) ;
#7393 = ORIENTED_EDGE ( 'NONE', *, *, #8457, .F. ) ;
#7394 = DATE_TIME_ROLE ( 'classification_date' ) ;
#7395 = CARTESIAN_POINT ( 'NONE',  ( 1.147500000000000200, 0.0000000000000000000, -0.3699999999999999400 ) ) ;
#7396 = EDGE_CURVE ( 'NONE', #3841, #9126, #4682, .T. ) ;
#7397 = EDGE_LOOP ( 'NONE', ( #8778, #9037, #8810, #9317 ) ) ;
#7398 = AXIS2_PLACEMENT_3D ( 'NONE', #2501, #7586, #3308 ) ;
#7399 = CARTESIAN_POINT ( 'NONE',  ( 0.8517292900370104800, 0.2366589681657806600, -0.01000000000000000000 ) ) ;
#7400 = SHAPE_DEFINITION_REPRESENTATION ( #5922, #6268 ) ;
#7401 = ORIENTED_EDGE ( 'NONE', *, *, #6914, .F. ) ;
#7402 = CARTESIAN_POINT ( 'NONE',  ( 0.5374999999999999800, 0.3450000000000002000, -0.2725000000000000200 ) ) ;
#7403 = DIRECTION ( 'NONE',  ( 0.0000000000000000000, 0.0000000000000000000, -1.000000000000000000 ) ) ;
#7404 = EDGE_LOOP ( 'NONE', ( #2182, #2450, #2361, #3097 ) ) ;
#7405 = CARTESIAN_POINT ( 'NONE',  ( 1.004362961706132000, 0.4133410318342107300, 0.0000000000000000000 ) ) ;
#7406 = LINE ( 'NONE', #2286, #3617 ) ;
#7407 = ORIENTED_EDGE ( 'NONE', *, *, #2230, .F. ) ;
#7408 = CARTESIAN_POINT ( 'NONE',  ( 0.4365264404161153800, 0.2366589681657897700, 0.0000000000000000000 ) ) ;
#7409 = AXIS2_PLACEMENT_3D ( 'NONE', #5178, #5159, #3174 ) ;
#7410 = DIRECTION ( 'NONE',  ( -4.313434190719257400E-014, 9.123748451147547100E-014, 1.000000000000000000 ) ) ;
#7411 = EDGE_CURVE ( 'NONE', #6973, #711, #582, .T. ) ;
#7412 = VERTEX_POINT ( 'NONE', #3477 ) ;
#7413 = CARTESIAN_POINT ( 'NONE',  ( 0.8332132034355109700, 0.03000000000017636100, -0.009000000000644537600 ) ) ;
#7414 = AXIS2_PLACEMENT_3D ( 'NONE', #6508, #4288, #4306 ) ;
#7415 = DIRECTION ( 'NONE',  ( -0.0000000000000000000, 0.0000000000000000000, 1.000000000000000000 ) ) ;
#7416 = CIRCLE ( 'NONE', #3844, 0.02650000000004710000 ) ;
#7417 = ORIENTED_EDGE ( 'NONE', *, *, #1216, .T. ) ;
#7418 = DIRECTION ( 'NONE',  ( 0.0000000000000000000, -1.000000000000000000, 0.0000000000000000000 ) ) ;
#7419 = PLANE ( 'NONE',  #4220 ) ;
#7420 = VERTEX_POINT ( 'NONE', #3439 ) ;
#7421 = CARTESIAN_POINT ( 'NONE',  ( 0.5371370600050839900, 0.3632811137948581700, -0.01000000000000000000 ) ) ;
#7422 = FACE_BOUND ( 'NONE', #5252, .T. ) ;
#7423 = ORIENTED_EDGE ( 'NONE', *, *, #1355, .F. ) ;
#7424 = EDGE_CURVE ( 'NONE', #1060, #7906, #6377, .T. ) ;
#7425 = DIRECTION ( 'NONE',  ( -1.000000000000000000, 0.0000000000000000000, -0.0000000000000000000 ) ) ;
#7426 = CARTESIAN_POINT ( 'NONE',  ( 1.014178631909972200, 0.3637718973050384500, -0.01000000000000000000 ) ) ;
#7427 = CARTESIAN_POINT ( 'NONE',  ( 0.1471562039110511400, 0.06260917075209779200, 0.005499660448004838900 ) ) ;
#7428 = CARTESIAN_POINT ( 'NONE',  ( 0.4374999999999998900, 0.2699999999999999100, -0.1490000000000000800 ) ) ;
#7429 = CARTESIAN_POINT ( 'NONE',  ( 0.7398306497136468700, 0.2337142671046477700, -0.01000000000000000000 ) ) ;
#7430 = VECTOR ( 'NONE', #1176, 39.37007874015748100 ) ;
#7431 = EDGE_LOOP ( 'NONE', ( #6195, #5405, #5394, #5385 ) ) ;
#7432 = UNCERTAINTY_MEASURE_WITH_UNIT (LENGTH_MEASURE( 1.000000000000000100E-005 ), #2556, 'distance_accuracy_value', 'NONE');
#7433 = VECTOR ( 'NONE', #4218, 39.37007874015748100 ) ;
#7434 = PRODUCT_DEFINITION_FORMATION_WITH_SPECIFIED_SOURCE ( 'ANY', '', #771, .NOT_KNOWN. ) ;
#7435 = DIRECTION ( 'NONE',  ( -0.0000000000000000000, -0.0000000000000000000, 1.000000000000000000 ) ) ;
#7436 = EDGE_CURVE ( 'NONE', #8547, #8793, #8370, .T. ) ;
#7437 = CARTESIAN_POINT ( 'NONE',  ( 0.5974999999999999200, 0.5180000000000000200, -0.2610000000000001200 ) ) ;
#7438 = VECTOR ( 'NONE', #8740, 39.37007874015748100 ) ;
#7439 = FACE_OUTER_BOUND ( 'NONE', #7083, .T. ) ;
#7440 = VERTEX_POINT ( 'NONE', #9259 ) ;
#7441 = FACE_OUTER_BOUND ( 'NONE', #4757, .T. ) ;
#7442 = DIRECTION ( 'NONE',  ( -0.9169493006160912600, -0.2821382463436674600, 0.2821382463434919400 ) ) ;
#7443 = CARTESIAN_POINT ( 'NONE',  ( 0.8332132034357101500, 0.03400000000013539400, 0.004999999999357552200 ) ) ;
#7444 = ORIENTED_EDGE ( 'NONE', *, *, #8359, .T. ) ;
#7445 = CARTESIAN_POINT ( 'NONE',  ( 0.8974999999999999600, 0.05000000000000000300, -0.3700000000000000000 ) ) ;
#7446 = VECTOR ( 'NONE', #2817, 39.37007874015748100 ) ;
#7447 = EDGE_CURVE ( 'NONE', #6262, #8081, #4463, .T. ) ;
#7448 = CIRCLE ( 'NONE', #5746, 0.03999999999999998000 ) ;
#7449 = VERTEX_POINT ( 'NONE', #8299 ) ;
#7450 = VERTEX_POINT ( 'NONE', #8162 ) ;
#7451 = VECTOR ( 'NONE', #5652, 39.37007874015748100 ) ;
#7452 = DIRECTION ( 'NONE',  ( 0.0000000000000000000, 1.000000000000000000, 0.0000000000000000000 ) ) ;
#7453 = VECTOR ( 'NONE', #4537, 39.37007874015748100 ) ;
#7454 = CYLINDRICAL_SURFACE ( 'NONE', #541, 0.009815670203840902800 ) ;
#7455 = DIRECTION ( 'NONE',  ( -1.000000000000000000, -1.106452213969334700E-013, 4.315566958495218100E-014 ) ) ;
#7456 = FACE_OUTER_BOUND ( 'NONE', #6129, .T. ) ;
#7457 = DIRECTION ( 'NONE',  ( -0.0000000000000000000, 0.0000000000000000000, 1.000000000000000000 ) ) ;
#7458 = AXIS2_PLACEMENT_3D ( 'NONE', #8386, #724, #555 ) ;
#7459 = ORIENTED_EDGE ( 'NONE', *, *, #5700, .F. ) ;
#7460 = EDGE_CURVE ( 'NONE', #1622, #1512, #2181, .T. ) ;
#7461 = FACE_OUTER_BOUND ( 'NONE', #8592, .T. ) ;
#7462 = LINE ( 'NONE', #4076, #1839 ) ;
#7463 = AXIS2_PLACEMENT_3D ( 'NONE', #1105, #1062, #1163 ) ;
#7464 = LINE ( 'NONE', #8945, #3684 ) ;
#7465 = DIRECTION ( 'NONE',  ( -1.189163988687022500E-013, 1.000000000000000000, 0.0000000000000000000 ) ) ;
#7466 = ADVANCED_FACE ( 'NONE', ( #2428 ), #3996, .F. ) ;
#7467 = VERTEX_POINT ( 'NONE', #5838 ) ;
#7468 = CALENDAR_DATE ( 2019, 15, 10 ) ;
#7469 = PLANE ( 'NONE',  #2347 ) ;
#7470 = LOCAL_TIME ( 8, 51, 22.00000000000000000, #9170 ) ;
#7471 = CARTESIAN_POINT ( 'NONE',  ( 0.0000000000000000000, 0.5999999999999999800, 0.0000000000000000000 ) ) ;
#7472 = FACE_OUTER_BOUND ( 'NONE', #2546, .T. ) ;
#7473 = VECTOR ( 'NONE', #4955, 39.37007874015748100 ) ;
#7474 = EDGE_CURVE ( 'NONE', #2210, #5078, #7773, .T. ) ;
#7475 = ORIENTED_EDGE ( 'NONE', *, *, #5212, .F. ) ;
#7476 = ADVANCED_FACE ( 'NONE', ( #4236 ), #6643, .F. ) ;
#7477 = DIRECTION ( 'NONE',  ( 1.000000000000000000, 0.0000000000000000000, 0.0000000000000000000 ) ) ;
#7478 = LINE ( 'NONE', #7010, #1359 ) ;
#7479 = ORIENTED_EDGE ( 'NONE', *, *, #5900, .F. ) ;
#7480 = LINE ( 'NONE', #7808, #8990 ) ;
#7481 = DIRECTION ( 'NONE',  ( -1.000000000000000000, 0.0000000000000000000, 0.0000000000000000000 ) ) ;
#7482 = CARTESIAN_POINT ( 'NONE',  ( 0.9374999999999998900, 0.2700000000000001800, -0.1490000000000000800 ) ) ;
#7483 = ORIENTED_EDGE ( 'NONE', *, *, #8617, .F. ) ;
#7484 = AXIS2_PLACEMENT_3D ( 'NONE', #2984, #7991, #3756 ) ;
#7485 = ORIENTED_EDGE ( 'NONE', *, *, #6419, .F. ) ;
#7486 = DIRECTION ( 'NONE',  ( 1.000000000000000000, 0.0000000000000000000, -0.0000000000000000000 ) ) ;
#7487 = ADVANCED_FACE ( 'NONE', ( #9244 ), #4495, .F. ) ;
#7488 = DIRECTION ( 'NONE',  ( -1.000000000000000000, -1.106190048104502900E-013, 4.313434190744403800E-014 ) ) ;
#7489 = EDGE_CURVE ( 'NONE', #2537, #8602, #7549, .T. ) ;
#7490 = LINE ( 'NONE', #7381, #1611 ) ;
#7491 = EDGE_CURVE ( 'NONE', #1563, #5574, #5942, .T. ) ;
#7492 = EDGE_LOOP ( 'NONE', ( #4899, #5931, #7756, #82 ) ) ;
#7493 = ORIENTED_EDGE ( 'NONE', *, *, #2141, .F. ) ;
#7494 = DIRECTION ( 'NONE',  ( -0.0000000000000000000, -0.0000000000000000000, 1.000000000000000000 ) ) ;
#7495 = EDGE_LOOP ( 'NONE', ( #7719, #7709, #7689, #7653 ) ) ;
#7496 = DIRECTION ( 'NONE',  ( 1.000000000000000000, 0.0000000000000000000, -0.0000000000000000000 ) ) ;
#7497 = ORIENTED_EDGE ( 'NONE', *, *, #8148, .T. ) ;
#7498 = CARTESIAN_POINT ( 'NONE',  ( 0.7260887114283308700, 0.4133410318342099500, 0.0000000000000000000 ) ) ;
#7499 = ORIENTED_EDGE ( 'NONE', *, *, #7411, .T. ) ;
#7500 = COORDINATED_UNIVERSAL_TIME_OFFSET ( 5, 0, .BEHIND. ) ;
#7501 = VERTEX_POINT ( 'NONE', #7883 ) ;
#7502 = CARTESIAN_POINT ( 'NONE',  ( 0.0000000000000000000, 0.2405852362473140900, -0.01000000000000000000 ) ) ;
#7503 = EDGE_CURVE ( 'NONE', #257, #9264, #1684, .T. ) ;
#7504 = DIRECTION ( 'NONE',  ( 1.000000000000000000, 0.0000000000000000000, 0.0000000000000000000 ) ) ;
#7505 = ORIENTED_EDGE ( 'NONE', *, *, #3314, .T. ) ;
#7506 = PRODUCT_DEFINITION_SHAPE ( 'NONE', 'NONE',  #9379 ) ;
#7507 = ORIENTED_EDGE ( 'NONE', *, *, #7905, .F. ) ;
#7508 = DIRECTION ( 'NONE',  ( -0.0000000000000000000, 0.0000000000000000000, -1.000000000000000000 ) ) ;
#7509 = CARTESIAN_POINT ( 'NONE',  ( 0.5506336065353099100, 0.3250000000000201600, 0.0000000000000000000 ) ) ;
#7510 = PLANE ( 'NONE',  #6382 ) ;
#7511 = AXIS2_PLACEMENT_3D ( 'NONE', #7968, #6626, #7150 ) ;
#7512 = DIRECTION ( 'NONE',  ( -1.000000000000000000, 0.0000000000000000000, 0.0000000000000000000 ) ) ;
#7513 = ORIENTED_EDGE ( 'NONE', *, *, #3694, .T. ) ;
#7514 = VECTOR ( 'NONE', #2018, 39.37007874015748100 ) ;
#7515 = ORIENTED_EDGE ( 'NONE', *, *, #3873, .T. ) ;
#7516 = CARTESIAN_POINT ( 'NONE',  ( 0.7923444853039846000, 0.2366589681657876300, 0.0000000000000000000 ) ) ;
#7517 = CARTESIAN_POINT ( 'NONE',  ( 0.4582132034359479600, 0.1190000000002015000, 0.005999999998813712900 ) ) ;
#7518 = ADVANCED_FACE ( 'NONE', ( #7338 ), #3541, .T. ) ;
#7519 = CARTESIAN_POINT ( 'NONE',  ( 0.7398306497136468700, 0.3826670624473477700, 0.0000000000000000000 ) ) ;
#7520 = DIRECTION ( 'NONE',  ( 1.000000000000000000, 0.0000000000000000000, 0.0000000000000000000 ) ) ;
#7521 = ORIENTED_EDGE ( 'NONE', *, *, #3621, .F. ) ;
#7522 = AXIS2_PLACEMENT_3D ( 'NONE', #1406, #4421, #2832 ) ;
#7523 = VECTOR ( 'NONE', #6556, 39.37007874015748100 ) ;
#7524 = EDGE_LOOP ( 'NONE', ( #4966, #1109, #3820, #6172 ) ) ;
#7525 = DIRECTION ( 'NONE',  ( 1.000000000000000000, 0.0000000000000000000, 0.0000000000000000000 ) ) ;
#7526 = EDGE_CURVE ( 'NONE', #3371, #2403, #5492, .T. ) ;
#7527 = DIRECTION ( 'NONE',  ( 1.000000000000000000, 0.0000000000000000000, 0.0000000000000000000 ) ) ;
#7528 = DIRECTION ( 'NONE',  ( -0.0000000000000000000, -1.000000000000000000, -4.553079989440441700E-016 ) ) ;
#7529 = ORIENTED_EDGE ( 'NONE', *, *, #2036, .F. ) ;
#7530 = FACE_OUTER_BOUND ( 'NONE', #9224, .T. ) ;
#7531 = ORIENTED_EDGE ( 'NONE', *, *, #7040, .F. ) ;
#7532 = ORIENTED_EDGE ( 'NONE', *, *, #6624, .F. ) ;
#7533 = VECTOR ( 'NONE', #5946, 39.37007874015748100 ) ;
#7534 = ADVANCED_FACE ( 'NONE', ( #1440 ), #8011, .F. ) ;
#7535 = AXIS2_PLACEMENT_3D ( 'NONE', #5083, #5800, #7127 ) ;
#7536 = DIRECTION ( 'NONE',  ( -0.0000000000000000000, 0.0000000000000000000, -1.000000000000000000 ) ) ;
#7537 = EDGE_CURVE ( 'NONE', #3977, #6778, #8834, .T. ) ;
#7538 = EDGE_CURVE ( 'NONE', #8846, #428, #7132, .T. ) ;
#7539 = CARTESIAN_POINT ( 'NONE',  ( 0.0000000000000000000, 0.3063502266127573500, -0.01000000000000000000 ) ) ;
#7540 = DIRECTION ( 'NONE',  ( 0.0000000000000000000, -4.553079989440441700E-016, 1.000000000000000000 ) ) ;
#7541 = LINE ( 'NONE', #5498, #7330 ) ;
#7542 = ORIENTED_EDGE ( 'NONE', *, *, #9012, .T. ) ;
#7543 = VECTOR ( 'NONE', #2417, 39.37007874015748100 ) ;
#7544 = CARTESIAN_POINT ( 'NONE',  ( 0.4375000000000010000, 0.5579999999999996100, -0.03900000000000072900 ) ) ;
#7545 = PLANE ( 'NONE',  #3764 ) ;
#7546 = DIRECTION ( 'NONE',  ( 0.8934675157486069400, 0.4491278195592125500, 2.447117619705768500E-015 ) ) ;
#7547 = LINE ( 'NONE', #5260, #2179 ) ;
#7548 = CC_DESIGN_PERSON_AND_ORGANIZATION_ASSIGNMENT ( #5076, #5864, ( #5230 ) ) ;
#7549 = LINE ( 'NONE', #8927, #7973 ) ;
#7550 = CARTESIAN_POINT ( 'NONE',  ( 1.067500000000000100, 0.5600000000000002800, -0.2210000000000000900 ) ) ;
#7551 = VECTOR ( 'NONE', #7602, 39.37007874015748100 ) ;
#7552 = EDGE_CURVE ( 'NONE', #5996, #8538, #1938, .T. ) ;
#7553 = DIRECTION ( 'NONE',  ( 0.0000000000000000000, -3.691686477924679400E-015, -1.000000000000000000 ) ) ;
#7554 = DIRECTION ( 'NONE',  ( -0.4491278195592125500, 0.8934675157486070600, 1.009083829474507700E-013 ) ) ;
#7555 = LINE ( 'NONE', #3011, #1692 ) ;
#7556 = CARTESIAN_POINT ( 'NONE',  ( 0.7398306497136468700, 0.3416866393464885200, -0.01000000000000000000 ) ) ;
#7557 = ORIENTED_EDGE ( 'NONE', *, *, #1029, .F. ) ;
#7558 = LINE ( 'NONE', #7738, #5731 ) ;
#7559 = CARTESIAN_POINT ( 'NONE',  ( 0.6974999999999999000, 0.5579999999999999400, -0.2975000000000001000 ) ) ;
#7560 = DIRECTION ( 'NONE',  ( 0.0000000000000000000, -1.000000000000000000, -5.691349986800549600E-017 ) ) ;
#7561 = ORIENTED_EDGE ( 'NONE', *, *, #1337, .F. ) ;
#7562 = EDGE_CURVE ( 'NONE', #8925, #2728, #3766, .T. ) ;
#7563 = ADVANCED_FACE ( 'NONE', ( #3043 ), #8460, .F. ) ;
#7564 = CIRCLE ( 'NONE', #3206, 0.009815670203796511200 ) ;
#7565 = AXIS2_PLACEMENT_3D ( 'NONE', #1296, #5883, #1331 ) ;
#7566 = VECTOR ( 'NONE', #1767, 39.37007874015748100 ) ;
#7567 = CARTESIAN_POINT ( 'NONE',  ( 0.7974999999999998800, 0.5999999999999999800, -0.07249999999999998100 ) ) ;
#7568 = FACE_OUTER_BOUND ( 'NONE', #2261, .T. ) ;
#7569 = ORIENTED_EDGE ( 'NONE', *, *, #147, .F. ) ;
#7570 = DIRECTION ( 'NONE',  ( -0.0000000000000000000, 0.0000000000000000000, -1.000000000000000000 ) ) ;
#7571 = CARTESIAN_POINT ( 'NONE',  ( 0.8974999999999999600, 0.5999999999999999800, -0.2974999999999999900 ) ) ;
#7572 = ITEM_DEFINED_TRANSFORMATION ( 'NONE', 'NONE', #8612,  #2951 ) ;
#7573 = FACE_OUTER_BOUND ( 'NONE', #1844, .T. ) ;
#7574 = CARTESIAN_POINT ( 'NONE',  ( 0.9374999999999998900, 0.05000000000000000300, -0.3700000000000000000 ) ) ;
#7575 = LINE ( 'NONE', #3026, #3796 ) ;
#7576 = CARTESIAN_POINT ( 'NONE',  ( 0.5734550397591692300, 0.0000000000000000000, 0.0000000000000000000 ) ) ;
#7577 = AXIS2_PLACEMENT_3D ( 'NONE', #6965, #8327, #856 ) ;
#7578 = DIRECTION ( 'NONE',  ( 1.000000000000000000, 0.0000000000000000000, 0.0000000000000000000 ) ) ;
#7579 = EDGE_LOOP ( 'NONE', ( #8130, #2513, #2192, #4767 ) ) ;
#7580 = ADVANCED_FACE ( 'NONE', ( #5038 ), #7344, .F. ) ;
#7581 = PERSON_AND_ORGANIZATION ( #2029, #9273 ) ;
#7582 = EDGE_CURVE ( 'NONE', #7984, #2443, #6687, .T. ) ;
#7583 = ORIENTED_EDGE ( 'NONE', *, *, #5993, .F. ) ;
#7584 = ORGANIZATION ( 'NAUO-ORG9', 'UNSPECIFIED', 'UNSPECIFIED' ) ;
#7585 = LINE ( 'NONE', #3744, #3804 ) ;
#7586 = DIRECTION ( 'NONE',  ( -0.0000000000000000000, 0.0000000000000000000, 1.000000000000000000 ) ) ;
#7587 = CARTESIAN_POINT ( 'NONE',  ( 0.9374999999999998900, 0.3450000000000002000, -0.09750000000000000300 ) ) ;
#7588 = LINE ( 'NONE', #3034, #3805 ) ;
#7589 = ADVANCED_FACE ( 'NONE', ( #8645 ), #8263, .T. ) ;
#7590 = ORIENTED_EDGE ( 'NONE', *, *, #5273, .F. ) ;
#7591 = CARTESIAN_POINT ( 'NONE',  ( 1.042500000000000200, 0.05000000000000000300, -0.3700000000000000000 ) ) ;
#7592 = AXIS2_PLACEMENT_3D ( 'NONE', #47, #182, #121 ) ;
#7593 = CARTESIAN_POINT ( 'NONE',  ( 0.4974999999999998900, 0.3450000000000002000, -0.2725000000000000200 ) ) ;
#7594 = LINE ( 'NONE', #3482, #5539 ) ;
#7595 = DIRECTION ( 'NONE',  ( 0.0000000000000000000, 0.0000000000000000000, 1.000000000000000000 ) ) ;
#7596 = ORIENTED_EDGE ( 'NONE', *, *, #8436, .F. ) ;
#7597 = LINE ( 'NONE', #5420, #1741 ) ;
#7598 = EDGE_CURVE ( 'NONE', #2161, #3498, #2791, .T. ) ;
#7599 = VERTEX_POINT ( 'NONE', #1284 ) ;
#7600 = ORIENTED_EDGE ( 'NONE', *, *, #9301, .T. ) ;
#7601 = CARTESIAN_POINT ( 'NONE',  ( 0.5734550397591692300, 0.0000000000000000000, -0.01000000000000000000 ) ) ;
#7602 = DIRECTION ( 'NONE',  ( -0.0000000000000000000, -0.0000000000000000000, 1.000000000000000000 ) ) ;
#7603 = ORIENTED_EDGE ( 'NONE', *, *, #1768, .F. ) ;
#7604 = DIRECTION ( 'NONE',  ( -0.0000000000000000000, 0.0000000000000000000, 1.000000000000000000 ) ) ;
#7605 = CC_DESIGN_PERSON_AND_ORGANIZATION_ASSIGNMENT ( #6974, #7787, ( #6236 ) ) ;
#7606 = PERSON_AND_ORGANIZATION ( #6536, #5561 ) ;
#7607 = ORIENTED_EDGE ( 'NONE', *, *, #4116, .F. ) ;
#7608 = DIRECTION ( 'NONE',  ( -4.313434190716670600E-014, 9.125743083152196300E-014, 1.000000000000000000 ) ) ;
#7609 = EDGE_CURVE ( 'NONE', #6994, #4496, #683, .T. ) ;
#7610 = ORIENTED_EDGE ( 'NONE', *, *, #7784, .F. ) ;
#7611 = CARTESIAN_POINT ( 'NONE',  ( 0.9374999999999998900, 0.5580000000000000500, -0.1089999999999998600 ) ) ;
#7612 = ADVANCED_FACE ( 'NONE', ( #4565 ), #6272, .F. ) ;
#7613 = ORIENTED_EDGE ( 'NONE', *, *, #6046, .T. ) ;
#7614 = CARTESIAN_POINT ( 'NONE',  ( 0.3674999999999998300, 0.5600000000000002800, -0.1490000000000000800 ) ) ;
#7615 = CARTESIAN_POINT ( 'NONE',  ( 0.3361881571570623500, 0.04399999999995390900, 0.02500000000024027100 ) ) ;
#7616 = DIRECTION ( 'NONE',  ( -0.0000000000000000000, 0.0000000000000000000, 1.000000000000000000 ) ) ;
#7617 = EDGE_CURVE ( 'NONE', #8633, #9302, #8062, .T. ) ;
#7618 = ORIENTED_EDGE ( 'NONE', *, *, #9339, .F. ) ;
#7619 = DIRECTION ( 'NONE',  ( 1.000000000000000000, 0.0000000000000000000, -0.0000000000000000000 ) ) ;
#7620 = CC_DESIGN_APPROVAL ( #7173, ( #6254 ) ) ;
#7621 = AXIS2_PLACEMENT_3D ( 'NONE', #1802, #8315, #4130 ) ;
#7622 = VECTOR ( 'NONE', #8736, 39.37007874015748100 ) ;
#7623 = ORIENTED_EDGE ( 'NONE', *, *, #6111, .T. ) ;
#7624 = ADVANCED_FACE ( 'NONE', ( #4347 ), #6441, .T. ) ;
#7625 = ORIENTED_EDGE ( 'NONE', *, *, #8147, .T. ) ;
#7626 = LINE ( 'NONE', #9105, #4079 ) ;
#7627 = EDGE_LOOP ( 'NONE', ( #5536, #5525, #5483, #5432 ) ) ;
#7628 = DIRECTION ( 'NONE',  ( 0.0000000000000000000, 0.0000000000000000000, -1.000000000000000000 ) ) ;
#7629 = CARTESIAN_POINT ( 'NONE',  ( 0.1332179208370646600, 0.05800000000009638400, 0.02499999999918332100 ) ) ;
#7630 = EDGE_CURVE ( 'NONE', #7501, #7467, #2299, .T. ) ;
#7631 = ORIENTED_EDGE ( 'NONE', *, *, #2099, .F. ) ;
#7632 =( NAMED_UNIT ( * ) PLANE_ANGLE_UNIT ( ) SI_UNIT ( $, .RADIAN. ) );
#7633 = DIRECTION ( 'NONE',  ( 0.0000000000000000000, -1.000000000000000000, 0.0000000000000000000 ) ) ;
#7634 = DIRECTION ( 'NONE',  ( -0.0000000000000000000, -0.0000000000000000000, 1.000000000000000000 ) ) ;
#7635 = LINE ( 'NONE', #2819, #5587 ) ;
#7636 = ORIENTED_EDGE ( 'NONE', *, *, #9114, .F. ) ;
#7637 = ORIENTED_EDGE ( 'NONE', *, *, #1429, .T. ) ;
#7638 = CARTESIAN_POINT ( 'NONE',  ( 1.004362961706152900, 0.2965345564089702500, -0.01000000000000000000 ) ) ;
#7639 = VERTEX_POINT ( 'NONE', #4378 ) ;
#7640 = PRODUCT_DEFINITION_SHAPE ( 'NONE', 'NONE',  #6236 ) ;
#7641 = AXIS2_PLACEMENT_3D ( 'NONE', #2806, #2742, #2691 ) ;
#7642 = VECTOR ( 'NONE', #7274, 39.37007874015748100 ) ;
#7643 = ORIENTED_EDGE ( 'NONE', *, *, #5627, .T. ) ;
#7644 = PLANE ( 'NONE',  #5813 ) ;
#7645 = EDGE_CURVE ( 'NONE', #4156, #1859, #448, .T. ) ;
#7646 = VECTOR ( 'NONE', #1103, 39.37007874015748100 ) ;
#7647 = CARTESIAN_POINT ( 'NONE',  ( 0.3674999999999998300, 0.2699999999999999100, -0.2210000000000000900 ) ) ;
#7648 = CARTESIAN_POINT ( 'NONE',  ( 0.5837132034361040000, 0.01600000000000120800, 0.008999999999495250300 ) ) ;
#7649 = DIRECTION ( 'NONE',  ( 0.0000000000000000000, 0.0000000000000000000, -1.000000000000000000 ) ) ;
#7650 = DIRECTION ( 'NONE',  ( -0.0000000000000000000, 1.000000000000000000, -0.0000000000000000000 ) ) ;
#7651 = VECTOR ( 'NONE', #5597, 39.37007874015748100 ) ;
#7652 = LINE ( 'NONE', #3738, #9141 ) ;
#7653 = ORIENTED_EDGE ( 'NONE', *, *, #7920, .T. ) ;
#7654 = VECTOR ( 'NONE', #3020, 39.37007874015748100 ) ;
#7655 = AXIS2_PLACEMENT_3D ( 'NONE', #7023, #6338, #4147 ) ;
#7656 = CARTESIAN_POINT ( 'NONE',  ( 0.8332132034356378700, 0.03400000000017637500, -0.009000000000629785500 ) ) ;
#7657 = EDGE_CURVE ( 'NONE', #6531, #8503, #192, .T. ) ;
#7658 = EDGE_CURVE ( 'NONE', #3329, #3586, #6048, .T. ) ;
#7659 = DIRECTION ( 'NONE',  ( 4.313434190719082600E-014, -9.137710875180577500E-014, -1.000000000000000000 ) ) ;
#7660 = CYLINDRICAL_SURFACE ( 'NONE', #7196, 0.03141014465215624000 ) ;
#7661 = VECTOR ( 'NONE', #2293, 39.37007874015748100 ) ;
#7662 = SHAPE_REPRESENTATION ( '345-292-001_345-293-124', ( #2951 ), #4958 ) ;
#7663 = LINE ( 'NONE', #4949, #3666 ) ;
#7664 = DIRECTION ( 'NONE',  ( -0.0000000000000000000, 0.0000000000000000000, -1.000000000000000000 ) ) ;
#7665 = DIRECTION ( 'NONE',  ( 1.000000000000000200, 6.447364854931461900E-012, -6.749026217967876900E-013 ) ) ;
#7666 = CARTESIAN_POINT ( 'NONE',  ( 0.9974999999999999400, 0.2700000000000001800, -0.1480000000000000200 ) ) ;
#7667 = DIRECTION ( 'NONE',  ( -1.000000000000000000, 0.0000000000000000000, -0.0000000000000000000 ) ) ;
#7668 = APPROVAL ( #3776, 'UNKNOWN' ) ;
#7669 = ADVANCED_FACE ( 'NONE', ( #5829 ), #7469, .T. ) ;
#7670 = DIRECTION ( 'NONE',  ( -1.000000000000000000, 0.0000000000000000000, -0.0000000000000000000 ) ) ;
#7671 = VECTOR ( 'NONE', #4155, 39.37007874015748100 ) ;
#7672 = VECTOR ( 'NONE', #9117, 39.37007874015748100 ) ;
#7673 = ORIENTED_EDGE ( 'NONE', *, *, #8416, .F. ) ;
#7674 = CYLINDRICAL_SURFACE ( 'NONE', #7463, 0.009815670203796511200 ) ;
#7675 = EDGE_CURVE ( 'NONE', #8783, #2680, #7868, .T. ) ;
#7676 = CARTESIAN_POINT ( 'NONE',  ( 0.6083006689826717700, 0.3780046191005523900, -0.01000000000000000000 ) ) ;
#7677 = DIRECTION ( 'NONE',  ( 0.0000000000000000000, 0.0000000000000000000, -1.000000000000000000 ) ) ;
#7678 = DIRECTION ( 'NONE',  ( 0.0000000000000000000, -1.000000000000000000, 0.0000000000000000000 ) ) ;
#7679 = ORIENTED_EDGE ( 'NONE', *, *, #5388, .T. ) ;
#7680 = PLANE ( 'NONE',  #6729 ) ;
#7681 = CARTESIAN_POINT ( 'NONE',  ( 0.4374999999999998900, 0.3450000000000002000, -0.2725000000000000200 ) ) ;
#7682 = CARTESIAN_POINT ( 'NONE',  ( 0.8924643213828183900, 0.2668421540424528200, -0.01000000000000000000 ) ) ;
#7683 = FACE_OUTER_BOUND ( 'NONE', #3753, .T. ) ;
#7684 = CARTESIAN_POINT ( 'NONE',  ( 0.0000000000000000000, 0.4231567020380325200, 0.0000000000000000000 ) ) ;
#7685 = VECTOR ( 'NONE', #4046, 39.37007874015748100 ) ;
#7686 = CYLINDRICAL_SURFACE ( 'NONE', #7511, 0.006870969142663527000 ) ;
#7687 = DIRECTION ( 'NONE',  ( -1.101525363025879200E-013, -1.000000000000000000, -9.125743083012044100E-014 ) ) ;
#7688 = EDGE_CURVE ( 'NONE', #1594, #7101, #7652, .T. ) ;
#7689 = ORIENTED_EDGE ( 'NONE', *, *, #617, .T. ) ;
#7690 = LOCAL_TIME ( 8, 51, 22.00000000000000000, #9362 ) ;
#7691 = COORDINATED_UNIVERSAL_TIME_OFFSET ( 5, 0, .BEHIND. ) ;
#7692 = VECTOR ( 'NONE', #4881, 39.37007874015748100 ) ;
#7693 = VECTOR ( 'NONE', #4055, 39.37007874015748100 ) ;
#7694 = DIRECTION ( 'NONE',  ( -0.0000000000000000000, -1.000000000000000000, -0.0000000000000000000 ) ) ;
#7695 = ORIENTED_EDGE ( 'NONE', *, *, #3894, .T. ) ;
#7696 = DIRECTION ( 'NONE',  ( 1.000000000000000000, 0.0000000000000000000, -0.0000000000000000000 ) ) ;
#7697 = CARTESIAN_POINT ( 'NONE',  ( 0.4974999999999998900, 0.5579999999999999400, -0.2975000000000001000 ) ) ;
#7698 = VERTEX_POINT ( 'NONE', #5044 ) ;
#7699 = DIRECTION ( 'NONE',  ( -7.695514003109069900E-012, -1.000000000000000000, 9.451375437536511700E-013 ) ) ;
#7700 = LINE ( 'NONE', #4182, #9180 ) ;
#7701 = ADVANCED_FACE ( 'NONE', ( #7439 ), #4713, .F. ) ;
#7702 = AXIS2_PLACEMENT_3D ( 'NONE', #6674, #8136, #4013 ) ;
#7703 = CIRCLE ( 'NONE', #3119, 0.009815670203840902800 ) ;
#7704 = CARTESIAN_POINT ( 'NONE',  ( 0.3674999999999998300, 0.2699999999999999100, -0.2210000000000000900 ) ) ;
#7705 = ORIENTED_EDGE ( 'NONE', *, *, #4831, .F. ) ;
#7706 = CARTESIAN_POINT ( 'NONE',  ( 0.6974999999999999000, 0.3450000000000002000, -0.2725000000000000200 ) ) ;
#7707 = CARTESIAN_POINT ( 'NONE',  ( 0.1597132034361263800, 0.05750000000012447200, -0.02500000000089755400 ) ) ;
#7708 = EDGE_CURVE ( 'NONE', #1968, #4825, #1814, .T. ) ;
#7709 = ORIENTED_EDGE ( 'NONE', *, *, #4753, .F. ) ;
#7710 = AXIS2_PLACEMENT_3D ( 'NONE', #974, #1175, #1189 ) ;
#7711 = CARTESIAN_POINT ( 'NONE',  ( 0.5974999999999999200, 0.2700000000000001800, -0.1480000000000000500 ) ) ;
#7712 = LINE ( 'NONE', #3794, #9188 ) ;
#7713 = EDGE_LOOP ( 'NONE', ( #7407, #4287, #2499, #5129, #768, #653, #9003, #891, #8703, #672, #6542, #7401, #6738, #170, #6533 ) ) ;
#7714 = CARTESIAN_POINT ( 'NONE',  ( 0.9624999999999999100, 0.5180000000000000200, -0.1489999999999998500 ) ) ;
#7715 = ORIENTED_EDGE ( 'NONE', *, *, #3042, .T. ) ;
#7716 = ORIENTED_EDGE ( 'NONE', *, *, #6194, .F. ) ;
#7717 = DIRECTION ( 'NONE',  ( 0.0000000000000000000, 0.0000000000000000000, -1.000000000000000000 ) ) ;
#7718 = AXIS2_PLACEMENT_3D ( 'NONE', #1116, #7508, #3368 ) ;
#7719 = ORIENTED_EDGE ( 'NONE', *, *, #7474, .F. ) ;
#7720 = EDGE_CURVE ( 'NONE', #5248, #4918, #5604, .T. ) ;
#7721 = CARTESIAN_POINT ( 'NONE',  ( 0.5371370600051095200, 0.2719953808994902100, -0.01000000000000000000 ) ) ;
#7722 = EDGE_CURVE ( 'NONE', #3173, #4548, #3651, .T. ) ;
#7723 = ORIENTED_EDGE ( 'NONE', *, *, #6608, .F. ) ;
#7724 = VERTEX_POINT ( 'NONE', #7395 ) ;
#7725 = ADVANCED_FACE ( 'NONE', ( #3425 ), #8732, .F. ) ;
#7726 = ORIENTED_EDGE ( 'NONE', *, *, #851, .T. ) ;
#7727 = CARTESIAN_POINT ( 'NONE',  ( 0.7398306497136468700, 0.3826670624473477700, -0.01000000000000000000 ) ) ;
#7728 = DATE_AND_TIME ( #11, #2128 ) ;
#7729 = EDGE_LOOP ( 'NONE', ( #4835, #4795, #4739, #4717 ) ) ;
#7730 = CARTESIAN_POINT ( 'NONE',  ( 0.2874999999999999800, 0.5999999999999999800, 0.0000000000000000000 ) ) ;
#7731 = CC_DESIGN_PERSON_AND_ORGANIZATION_ASSIGNMENT ( #3373, #3626, ( #6350 ) ) ;
#7732 = ORIENTED_EDGE ( 'NONE', *, *, #7160, .T. ) ;
#7733 = ORIENTED_EDGE ( 'NONE', *, *, #6252, .T. ) ;
#7734 = CARTESIAN_POINT ( 'NONE',  ( 0.0000000000000000000, 0.0000000000000000000, -0.01000000000000000000 ) ) ;
#7735 = ORIENTED_EDGE ( 'NONE', *, *, #5766, .T. ) ;
#7736 = CARTESIAN_POINT ( 'NONE',  ( 0.9675000000020715900, 0.6712132034341641300, -0.3100000000010519300 ) ) ;
#7737 = EDGE_CURVE ( 'NONE', #1416, #2142, #1547, .T. ) ;
#7738 = CARTESIAN_POINT ( 'NONE',  ( 0.0000000000000000000, 0.5999999999999999800, -0.2610000000000000700 ) ) ;
#7739 = DIRECTION ( 'NONE',  ( 0.0000000000000000000, -1.000000000000000000, -1.979599995408885400E-016 ) ) ;
#7740 = DIRECTION ( 'NONE',  ( -1.000000000000000000, -1.106651386322328400E-013, 4.300131101138190300E-014 ) ) ;
#7741 = EDGE_LOOP ( 'NONE', ( #8502, #2874, #133, #5445, #5894, #670, #5141, #2746, #7223 ) ) ;
#7742 = CARTESIAN_POINT ( 'NONE',  ( 0.7923444853039846000, 0.0000000000000000000, -0.01000000000000000000 ) ) ;
#7743 = FACE_OUTER_BOUND ( 'NONE', #1409, .T. ) ;
#7744 = ORIENTED_EDGE ( 'NONE', *, *, #7333, .T. ) ;
#7745 = DIRECTION ( 'NONE',  ( 1.000000000000000000, 0.0000000000000000000, 0.0000000000000000000 ) ) ;
#7746 = EDGE_CURVE ( 'NONE', #4213, #6496, #5376, .T. ) ;
#7747 = DIRECTION ( 'NONE',  ( 1.000000000000000000, 0.0000000000000000000, 0.0000000000000000000 ) ) ;
#7748 = VERTEX_POINT ( 'NONE', #7180 ) ;
#7749 = FACE_BOUND ( 'NONE', #3372, .T. ) ;
#7750 = VERTEX_POINT ( 'NONE', #4333 ) ;
#7751 = EDGE_LOOP ( 'NONE', ( #1874, #294, #7958, #6850, #6984, #1023, #8718, #1421 ) ) ;
#7752 = DIRECTION ( 'NONE',  ( -1.000000000000000000, 0.0000000000000000000, 0.0000000000000000000 ) ) ;
#7753 = CARTESIAN_POINT ( 'NONE',  ( 0.8332132034358986600, 0.01600000000014185600, -0.009000000000577608500 ) ) ;
#7754 = LINE ( 'NONE', #4059, #7956 ) ;
#7755 = VERTEX_POINT ( 'NONE', #6146 ) ;
#7756 = ORIENTED_EDGE ( 'NONE', *, *, #5711, .F. ) ;
#7757 = FACE_OUTER_BOUND ( 'NONE', #5830, .T. ) ;
#7758 = EDGE_CURVE ( 'NONE', #1575, #3478, #1308, .T. ) ;
#7759 = CARTESIAN_POINT ( 'NONE',  ( 0.3361881571572401500, 0.02549999999997940000, 0.005999999999915740300 ) ) ;
#7760 = DIRECTION ( 'NONE',  ( 1.000000000000000000, 0.0000000000000000000, 0.0000000000000000000 ) ) ;
#7761 = AXIS2_PLACEMENT_3D ( 'NONE', #7789, #7649, #7667 ) ;
#7762 = CARTESIAN_POINT ( 'NONE',  ( 1.067500000000000100, 0.5600000000000002800, -0.1490000000000000800 ) ) ;
#7763 = ADVANCED_FACE ( 'NONE', ( #8550 ), #4883, .T. ) ;
#7764 = LINE ( 'NONE', #7706, #8362 ) ;
#7765 = ORIENTED_EDGE ( 'NONE', *, *, #9271, .T. ) ;
#7766 = DIRECTION ( 'NONE',  ( -0.0000000000000000000, -0.0000000000000000000, 1.000000000000000000 ) ) ;
#7767 = FACE_OUTER_BOUND ( 'NONE', #5329, .T. ) ;
#7768 = AXIS2_PLACEMENT_3D ( 'NONE', #7681, #6426, #6705 ) ;
#7769 = CARTESIAN_POINT ( 'NONE',  ( 0.8374999999999999100, 0.2700000000000001800, -0.1480000000000000200 ) ) ;
#7770 = EDGE_CURVE ( 'NONE', #3572, #5097, #3175, .T. ) ;
#7771 = LINE ( 'NONE', #2948, #327 ) ;
#7772 = PLANE ( 'NONE',  #7761 ) ;
#7773 = CIRCLE ( 'NONE', #2013, 0.03141014465217447500 ) ;
#7774 = ORIENTED_EDGE ( 'NONE', *, *, #4753, .T. ) ;
#7775 = VECTOR ( 'NONE', #2053, 39.37007874015748100 ) ;
#7776 = CARTESIAN_POINT ( 'NONE',  ( 0.5802132034364446700, 0.01250000000018542700, 0.02499999999951851800 ) ) ;
#7777 = LINE ( 'NONE', #1760, #7348 ) ;
#7778 = AXIS2_PLACEMENT_3D ( 'NONE', #4869, #237, #5614 ) ;
#7779 = ORIENTED_EDGE ( 'NONE', *, *, #4073, .F. ) ;
#7780 = LINE ( 'NONE', #7429, #2194 ) ;
#7781 = CARTESIAN_POINT ( 'NONE',  ( 0.9975000000000000500, -0.07355680662945861300, -0.03900000000000025700 ) ) ;
#7782 = DIRECTION ( 'NONE',  ( 4.313434190716670600E-014, -9.125743083152196300E-014, -1.000000000000000000 ) ) ;
#7783 = EDGE_CURVE ( 'NONE', #5677, #6910, #6793, .T. ) ;
#7784 = EDGE_CURVE ( 'NONE', #783, #880, #4906, .T. ) ;
#7785 = LINE ( 'NONE', #6134, #9260 ) ;
#7786 = VECTOR ( 'NONE', #5109, 39.37007874015748100 ) ;
#7787 = PERSON_AND_ORGANIZATION_ROLE ( 'creator' ) ;
#7788 = VECTOR ( 'NONE', #2696, 39.37007874015748100 ) ;
#7789 = CARTESIAN_POINT ( 'NONE',  ( 0.3924999999999996800, 0.05000000000000000300, -0.1499999999999999900 ) ) ;
#7790 = ORIENTED_EDGE ( 'NONE', *, *, #6456, .T. ) ;
#7791 = APPROVAL_DATE_TIME ( #100, #8261 ) ;
#7792 = DIRECTION ( 'NONE',  ( 1.000000000000000000, 0.0000000000000000000, 0.0000000000000000000 ) ) ;
#7793 = EDGE_CURVE ( 'NONE', #99, #3936, #2915, .T. ) ;
#7794 = LINE ( 'NONE', #2272, #5745 ) ;
#7795 = AXIS2_PLACEMENT_3D ( 'NONE', #6019, #3159, #8121 ) ;
#7796 = FACE_OUTER_BOUND ( 'NONE', #2488, .T. ) ;
#7797 = VERTEX_POINT ( 'NONE', #5124 ) ;
#7798 = CARTESIAN_POINT ( 'NONE',  ( 1.004362961706134300, 0.2366589681657897700, 0.0000000000000000000 ) ) ;
#7799 = LOCAL_TIME ( 8, 51, 22.00000000000000000, #112 ) ;
#7800 = COORDINATED_UNIVERSAL_TIME_OFFSET ( 5, 0, .BEHIND. ) ;
#7801 = CIRCLE ( 'NONE', #5734, 0.006870969142657995000 ) ;
#7802 = VECTOR ( 'NONE', #8624, 39.37007874015748100 ) ;
#7803 = ADVANCED_FACE ( 'NONE', ( #573 ), #7139, .T. ) ;
#7804 = ORIENTED_EDGE ( 'NONE', *, *, #6292, .F. ) ;
#7805 = CARTESIAN_POINT ( 'NONE',  ( 0.8374999999999999100, 0.05000000000000000300, -0.1499999999999999900 ) ) ;
#7806 = LINE ( 'NONE', #9111, #5984 ) ;
#7807 = LINE ( 'NONE', #2353, #5985 ) ;
#7808 = CARTESIAN_POINT ( 'NONE',  ( 0.9974999999999999400, 0.3450000000000001400, -0.1479999999999999900 ) ) ;
#7809 = ORIENTED_EDGE ( 'NONE', *, *, #6914, .T. ) ;
#7810 = VERTEX_POINT ( 'NONE', #6400 ) ;
#7811 = PERSON_AND_ORGANIZATION_ROLE ( 'design_owner' ) ;
#7812 = AXIS2_PLACEMENT_3D ( 'NONE', #911, #745, #6679 ) ;
#7813 = DIRECTION ( 'NONE',  ( -0.0000000000000000000, 1.000000000000000000, -0.0000000000000000000 ) ) ;
#7814 = EDGE_LOOP ( 'NONE', ( #7834, #9199, #7297, #9019 ) ) ;
#7815 = ORIENTED_EDGE ( 'NONE', *, *, #4817, .T. ) ;
#7816 = CARTESIAN_POINT ( 'NONE',  ( 0.6374999999999998400, 0.05000000000000001000, -0.09750000000000003100 ) ) ;
#7817 = EDGE_CURVE ( 'NONE', #633, #7825, #2659, .T. ) ;
#7818 = COORDINATED_UNIVERSAL_TIME_OFFSET ( 5, 0, .BEHIND. ) ;
#7819 = ORIENTED_EDGE ( 'NONE', *, *, #5542, .T. ) ;
#7820 = DIRECTION ( 'NONE',  ( 0.0000000000000000000, 0.0000000000000000000, 1.000000000000000000 ) ) ;
#7821 = CARTESIAN_POINT ( 'NONE',  ( 0.7374999999999998200, 0.2699999999999999100, -0.2220000000000000600 ) ) ;
#7822 = ORIENTED_EDGE ( 'NONE', *, *, #3950, .T. ) ;
#7823 = DIRECTION ( 'NONE',  ( -4.313434190716670600E-014, 9.125743083152196300E-014, 1.000000000000000000 ) ) ;
#7824 = CARTESIAN_POINT ( 'NONE',  ( 0.4374999999999998900, 0.3450000000000001400, -0.1480000000000000200 ) ) ;
#7825 = VERTEX_POINT ( 'NONE', #8269 ) ;
#7826 = CARTESIAN_POINT ( 'NONE',  ( 0.9374999999999998900, 0.3450000000000001400, -0.2220000000000000000 ) ) ;
#7827 = EDGE_CURVE ( 'NONE', #2762, #8, #4673, .T. ) ;
#7828 = CARTESIAN_POINT ( 'NONE',  ( 0.8332132034360039100, 0.01600000000014971000, 0.008999999999400454600 ) ) ;
#7829 = EDGE_CURVE ( 'NONE', #3514, #6316, #8160, .T. ) ;
#7830 = DIRECTION ( 'NONE',  ( -0.0000000000000000000, 0.0000000000000000000, 1.000000000000000000 ) ) ;
#7831 = EDGE_LOOP ( 'NONE', ( #1574, #1617, #1685, #1868 ) ) ;
#7832 = CARTESIAN_POINT ( 'NONE',  ( 0.9624999999999999100, 0.5580000000000000500, -0.2610000000000000700 ) ) ;
#7833 = LINE ( 'NONE', #7402, #6015 ) ;
#7834 = ORIENTED_EDGE ( 'NONE', *, *, #4366, .F. ) ;
#7835 = CARTESIAN_POINT ( 'NONE',  ( 0.7089112885716689600, 0.2366589681657897700, -0.01000000000000000000 ) ) ;
#7836 = DIRECTION ( 'NONE',  ( 0.0000000000000000000, -1.000000000000000000, -1.871128762783744900E-015 ) ) ;
#7837 = CC_DESIGN_SECURITY_CLASSIFICATION ( #7385, ( #9376 ) ) ;
#7838 = VERTEX_POINT ( 'NONE', #7177 ) ;
#7839 = DATE_TIME_ROLE ( 'classification_date' ) ;
#7840 = EDGE_CURVE ( 'NONE', #2945, #9086, #6156, .T. ) ;
#7841 = DIRECTION ( 'NONE',  ( -0.0000000000000000000, 0.0000000000000000000, 1.000000000000000000 ) ) ;
#7842 = CIRCLE ( 'NONE', #686, 0.02172792206135787400 ) ;
#7843 = ORIENTED_EDGE ( 'NONE', *, *, #752, .T. ) ;
#7844 = CARTESIAN_POINT ( 'NONE',  ( 0.4374999999999998900, 0.3450000000000002000, -0.09750000000000005900 ) ) ;
#7845 = ADVANCED_FACE ( 'NONE', ( #317 ), #3031, .F. ) ;
#7846 = DIRECTION ( 'NONE',  ( 1.000000000000000000, 0.0000000000000000000, 0.0000000000000000000 ) ) ;
#7847 = ORIENTED_EDGE ( 'NONE', *, *, #1665, .F. ) ;
#7848 = CARTESIAN_POINT ( 'NONE',  ( 0.5374999999999999800, 0.5180000000000000200, -0.1489999999999998800 ) ) ;
#7849 = ADVANCED_FACE ( 'NONE', ( #2174 ), #5933, .F. ) ;
#7850 = LINE ( 'NONE', #5065, #5809 ) ;
#7851 = ORIENTED_EDGE ( 'NONE', *, *, #7562, .F. ) ;
#7852 = DIRECTION ( 'NONE',  ( 0.0000000000000000000, 0.0000000000000000000, 1.000000000000000000 ) ) ;
#7853 = CARTESIAN_POINT ( 'NONE',  ( 0.0000000000000000000, 0.5999999999999999800, -0.3700000000000001600 ) ) ;
#7854 = EDGE_CURVE ( 'NONE', #1670, #2166, #7764, .T. ) ;
#7855 = DIRECTION ( 'NONE',  ( 1.000000000000000000, 0.0000000000000000000, 0.0000000000000000000 ) ) ;
#7856 = AXIS2_PLACEMENT_3D ( 'NONE', #4011, #2468, #8825 ) ;
#7857 = CARTESIAN_POINT ( 'NONE',  ( 0.1462224658728161800, 0.05800000000000362500, 0.02499999999898963300 ) ) ;
#7858 = DIRECTION ( 'NONE',  ( 1.000000000000000000, 1.106190048104581800E-013, 4.313434190715660800E-014 ) ) ;
#7859 = VECTOR ( 'NONE', #4460, 39.37007874015748100 ) ;
#7860 = ORIENTED_EDGE ( 'NONE', *, *, #8978, .F. ) ;
#7861 = VERTEX_POINT ( 'NONE', #2720 ) ;
#7862 = LINE ( 'NONE', #4072, #4097 ) ;
#7863 = CARTESIAN_POINT ( 'NONE',  ( 0.8787223830974585400, 0.2366589681657897700, -0.01000000000000000000 ) ) ;
#7864 = CARTESIAN_POINT ( 'NONE',  ( 0.8624999999999999300, 0.5580000000000000500, -0.2610000000000000700 ) ) ;
#7865 = AXIS2_PLACEMENT_3D ( 'NONE', #2376, #3276, #6767 ) ;
#7866 = CARTESIAN_POINT ( 'NONE',  ( 0.7974999999999998800, 0.5579999999999999400, -0.2975000000000001000 ) ) ;
#7867 = VECTOR ( 'NONE', #5282, 39.37007874015748100 ) ;
#7868 = LINE ( 'NONE', #6449, #2054 ) ;
#7869 = ORIENTED_EDGE ( 'NONE', *, *, #9160, .F. ) ;
#7870 = EDGE_CURVE ( 'NONE', #8925, #386, #60, .T. ) ;
#7871 = LINE ( 'NONE', #6142, #6050 ) ;
#7872 = APPROVAL_ROLE ( '' ) ;
#7873 = DIRECTION ( 'NONE',  ( -4.313434190716670600E-014, 9.125743083152196300E-014, 1.000000000000000000 ) ) ;
#7874 = VECTOR ( 'NONE', #5359, 39.37007874015748100 ) ;
#7875 = VECTOR ( 'NONE', #3356, 39.37007874015748100 ) ;
#7876 = ORIENTED_EDGE ( 'NONE', *, *, #1079, .F. ) ;
#7877 = LINE ( 'NONE', #5132, #9343 ) ;
#7878 = AXIS2_PLACEMENT_3D ( 'NONE', #5805, #7932, #7986 ) ;
#7879 = DIRECTION ( 'NONE',  ( 0.0000000000000000000, 1.000000000000000000, 4.553079989440424900E-016 ) ) ;
#7880 = EDGE_CURVE ( 'NONE', #667, #7190, #3988, .T. ) ;
#7881 = CARTESIAN_POINT ( 'NONE',  ( 0.4582132034360780200, 0.03750000000015968300, -0.02500000000054132200 ) ) ;
#7882 = VECTOR ( 'NONE', #5019, 39.37007874015748100 ) ;
#7883 = CARTESIAN_POINT ( 'NONE',  ( 0.7974999999999998800, 0.5579999999999996100, -0.07249999999999999500 ) ) ;
#7884 = CYLINDRICAL_SURFACE ( 'NONE', #6398, 0.03141014465218178200 ) ;
#7885 = DIRECTION ( 'NONE',  ( 0.0000000000000000000, 1.000000000000000000, 0.0000000000000000000 ) ) ;
#7886 = CIRCLE ( 'NONE', #7013, 0.009815670203796920600 ) ;
#7887 = DIRECTION ( 'NONE',  ( 1.000000000000000000, 1.109813247426091100E-013, -4.313434190793115000E-014 ) ) ;
#7888 = EDGE_LOOP ( 'NONE', ( #7876, #583, #875, #7897, #624, #7914, #603, #7922, #574, #7966 ) ) ;
#7889 = ADVANCED_FACE ( 'NONE', ( #5714 ), #1669, .F. ) ;
#7890 = APPROVAL ( #5773, 'UNSPECIFIED' ) ;
#7891 = VECTOR ( 'NONE', #6665, 39.37007874015748100 ) ;
#7892 = DIRECTION ( 'NONE',  ( -0.0000000000000000000, -0.0000000000000000000, 1.000000000000000000 ) ) ;
#7893 = CIRCLE ( 'NONE', #6480, 0.03141014465217017300 ) ;
#7894 = FACE_OUTER_BOUND ( 'NONE', #3231, .T. ) ;
#7895 = EDGE_CURVE ( 'NONE', #4173, #1499, #1931, .T. ) ;
#7896 = DIRECTION ( 'NONE',  ( 0.0000000000000000000, -1.000000000000000000, -5.691349986800549600E-017 ) ) ;
#7897 = ORIENTED_EDGE ( 'NONE', *, *, #147, .T. ) ;
#7898 = CONTEXT_DEPENDENT_SHAPE_REPRESENTATION ( #6555, #6231 ) ;
#7899 = APPROVAL_PERSON_ORGANIZATION ( #228, #4311, #4545 ) ;
#7900 = PERSON_AND_ORGANIZATION_ROLE ( 'classification_officer' ) ;
#7901 = LINE ( 'NONE', #7544, #6089 ) ;
#7902 = VECTOR ( 'NONE', #3281, 39.37007874015748100 ) ;
#7903 = CARTESIAN_POINT ( 'NONE',  ( 0.3361881571575939800, 0.01250000000001155400, 0.02499999999979470700 ) ) ;
#7904 = EDGE_LOOP ( 'NONE', ( #5513, #1502, #5116, #2447, #4943, #396, #1690, #474, #314 ) ) ;
#7905 = EDGE_CURVE ( 'NONE', #4973, #2605, #7541, .T. ) ;
#7906 = VERTEX_POINT ( 'NONE', #6187 ) ;
#7907 = AXIS2_PLACEMENT_3D ( 'NONE', #5980, #1444, #6661 ) ;
#7908 = VECTOR ( 'NONE', #9127, 39.37007874015748100 ) ;
#7909 = CARTESIAN_POINT ( 'NONE',  ( 0.5832707099630101100, 0.4231567020380508400, -0.01000000000000000000 ) ) ;
#7910 = FACE_OUTER_BOUND ( 'NONE', #6653, .T. ) ;
#7911 = DIRECTION ( 'NONE',  ( -0.0000000000000000000, 0.0000000000000000000, 1.000000000000000000 ) ) ;
#7912 = ORIENTED_EDGE ( 'NONE', *, *, #6790, .F. ) ;
#7913 = DIRECTION ( 'NONE',  ( -0.0000000000000000000, 1.000000000000000000, 1.707404996040165000E-016 ) ) ;
#7914 = ORIENTED_EDGE ( 'NONE', *, *, #9012, .F. ) ;
#7915 = CIRCLE ( 'NONE', #3132, 0.03141014465215624000 ) ;
#7916 = CARTESIAN_POINT ( 'NONE',  ( 0.7359043816321273500, 0.4133410318342099500, -0.01000000000000000000 ) ) ;
#7917 = AXIS2_PLACEMENT_3D ( 'NONE', #8149, #258, #8166 ) ;
#7918 = EDGE_LOOP ( 'NONE', ( #2861, #3564, #9080, #5456, #9213, #5743, #5870, #6220, #6485, #6794, #4704, #5213 ) ) ;
#7919 = ORIENTED_EDGE ( 'NONE', *, *, #3861, .T. ) ;
#7920 = EDGE_CURVE ( 'NONE', #7094, #5078, #9036, .T. ) ;
#7921 = CARTESIAN_POINT ( 'NONE',  ( 0.5837132034361299800, 0.01600000000007792400, -0.009000000000524883300 ) ) ;
#7922 = ORIENTED_EDGE ( 'NONE', *, *, #6732, .F. ) ;
#7923 = DIRECTION ( 'NONE',  ( -1.000000000000000000, -0.0000000000000000000, -0.0000000000000000000 ) ) ;
#7924 = EDGE_LOOP ( 'NONE', ( #7695, #7280, #442, #260 ) ) ;
#7925 = VERTEX_POINT ( 'NONE', #3768 ) ;
#7926 = PERSON_AND_ORGANIZATION ( #6536, #5561 ) ;
#7927 = ORIENTED_EDGE ( 'NONE', *, *, #7562, .T. ) ;
#7928 = DATE_TIME_ROLE ( 'classification_date' ) ;
#7929 = AXIS2_PLACEMENT_3D ( 'NONE', #4051, #7892, #3620 ) ;
#7930 = CARTESIAN_POINT ( 'NONE',  ( 0.3176904633949870200, 0.04370789473688459200, 0.02500000000001981200 ) ) ;
#7931 = ADVANCED_FACE ( 'NONE', ( #1432 ), #2755, .F. ) ;
#7932 = DIRECTION ( 'NONE',  ( -0.0000000000000000000, -0.0000000000000000000, 1.000000000000000000 ) ) ;
#7933 = EDGE_CURVE ( 'NONE', #4519, #1191, #7124, .T. ) ;
#7934 = ORIENTED_EDGE ( 'NONE', *, *, #4477, .F. ) ;
#7935 = VERTEX_POINT ( 'NONE', #4567 ) ;
#7936 = DIRECTION ( 'NONE',  ( 0.0000000000000000000, -1.000000000000000000, 1.352399996863497400E-015 ) ) ;
#7937 = LINE ( 'NONE', #6921, #2137 ) ;
#7938 = ORIENTED_EDGE ( 'NONE', *, *, #445, .F. ) ;
#7939 = CARTESIAN_POINT ( 'NONE',  ( 0.8517292900370139200, 0.4231567020380064300, -0.01000000000000000000 ) ) ;
#7940 = PLANE ( 'NONE',  #7034 ) ;
#7941 = DIRECTION ( 'NONE',  ( -1.106190048102486900E-013, -1.000000000000000000, -9.125743083008812900E-014 ) ) ;
#7942 = CARTESIAN_POINT ( 'NONE',  ( 0.9374999999999998900, 0.2700000000000001800, -0.1480000000000000200 ) ) ;
#7943 = VERTEX_POINT ( 'NONE', #2393 ) ;
#7944 = DIRECTION ( 'NONE',  ( -1.000000000000000000, 0.0000000000000000000, -0.0000000000000000000 ) ) ;
#7945 = CIRCLE ( 'NONE', #8518, 0.03999999999999998000 ) ;
#7946 = ORIENTED_EDGE ( 'NONE', *, *, #4927, .T. ) ;
#7947 = EDGE_CURVE ( 'NONE', #4746, #5639, #3292, .T. ) ;
#7948 = EDGE_CURVE ( 'NONE', #5916, #866, #3759, .T. ) ;
#7949 = DIRECTION ( 'NONE',  ( 0.0000000000000000000, 1.000000000000000000, 4.553079989440424900E-016 ) ) ;
#7950 = VERTEX_POINT ( 'NONE', #1543 ) ;
#7951 = FACE_BOUND ( 'NONE', #4626, .T. ) ;
#7952 = ORIENTED_EDGE ( 'NONE', *, *, #4891, .T. ) ;
#7953 = APPROVAL_ROLE ( '' ) ;
#7954 = EDGE_CURVE ( 'NONE', #5118, #8336, #6901, .T. ) ;
#7955 = DIRECTION ( 'NONE',  ( 0.0000000000000000000, 1.707404996040164500E-016, -1.000000000000000000 ) ) ;
#7956 = VECTOR ( 'NONE', #6866, 39.37007874015748100 ) ;
#7957 = ORIENTED_EDGE ( 'NONE', *, *, #224, .T. ) ;
#7958 = ORIENTED_EDGE ( 'NONE', *, *, #1540, .F. ) ;
#7959 = VECTOR ( 'NONE', #6170, 39.37007874015748100 ) ;
#7960 = CARTESIAN_POINT ( 'NONE',  ( 0.5802132034361391400, 0.03750000000024183300, -0.02500000000014356400 ) ) ;
#7961 = CARTESIAN_POINT ( 'NONE',  ( 0.7374999999999998200, 0.2699999999999999100, -0.2210000000000000900 ) ) ;
#7962 = CARTESIAN_POINT ( 'NONE',  ( 0.7496463199174502300, 0.3083133606535453700, -0.01000000000000000000 ) ) ;
#7963 = DIRECTION ( 'NONE',  ( 0.0000000000000000000, -1.000000000000000000, 0.0000000000000000000 ) ) ;
#7964 = CARTESIAN_POINT ( 'NONE',  ( 0.9974999999999999400, 0.2700000000000001800, -0.1480000000000000200 ) ) ;
#7965 = VECTOR ( 'NONE', #1192, 39.37007874015748100 ) ;
#7966 = ORIENTED_EDGE ( 'NONE', *, *, #8182, .F. ) ;
#7967 = LINE ( 'NONE', #4705, #6159 ) ;
#7968 = CARTESIAN_POINT ( 'NONE',  ( 0.5506336065353099100, 0.3250000000000201600, -0.01000000000000000000 ) ) ;
#7969 = CARTESIAN_POINT ( 'NONE',  ( 0.3674999999999998300, 0.2699999999999999100, -0.2210000000000000900 ) ) ;
#7970 = ADVANCED_FACE ( 'NONE', ( #3037 ), #8453, .T. ) ;
#7971 = ORIENTED_EDGE ( 'NONE', *, *, #3991, .F. ) ;
#7972 = VECTOR ( 'NONE', #1150, 39.37007874015748100 ) ;
#7973 = VECTOR ( 'NONE', #496, 39.37007874015748100 ) ;
#7974 = ORIENTED_EDGE ( 'NONE', *, *, #6468, .T. ) ;
#7975 = CYLINDRICAL_SURFACE ( 'NONE', #6660, 0.03141014465217017300 ) ;
#7976 = CARTESIAN_POINT ( 'NONE',  ( 0.3564999999999999800, 0.4749999999999999800, -0.3440000000000000800 ) ) ;
#7977 = AXIS2_PLACEMENT_3D ( 'NONE', #3363, #1624, #1586 ) ;
#7978 = CARTESIAN_POINT ( 'NONE',  ( 0.3924999999999996800, 0.05000000000000000300, -0.09750000000000000300 ) ) ;
#7979 = EDGE_CURVE ( 'NONE', #8885, #1265, #8826, .T. ) ;
#7980 = VECTOR ( 'NONE', #4877, 39.37007874015748100 ) ;
#7981 = ORIENTED_EDGE ( 'NONE', *, *, #1275, .T. ) ;
#7982 = APPROVAL_STATUS ( 'not_yet_approved' ) ;
#7983 = AXIS2_PLACEMENT_3D ( 'NONE', #2914, #3069, #4661 ) ;
#7984 = VERTEX_POINT ( 'NONE', #7816 ) ;
#7985 = VECTOR ( 'NONE', #7481, 39.37007874015748100 ) ;
#7986 = DIRECTION ( 'NONE',  ( 1.000000000000000000, 0.0000000000000000000, 0.0000000000000000000 ) ) ;
#7987 = LINE ( 'NONE', #6631, #90 ) ;
#7988 = VECTOR ( 'NONE', #4419, 39.37007874015748100 ) ;
#7989 = CARTESIAN_POINT ( 'NONE',  ( 0.9374999999999998900, 0.5999999999999999800, -0.07249999999999996700 ) ) ;
#7990 = VECTOR ( 'NONE', #70, 39.37007874015748100 ) ;
#7991 = DIRECTION ( 'NONE',  ( -4.313434190716670600E-014, 9.125743083152196300E-014, 1.000000000000000000 ) ) ;
#7992 = EDGE_CURVE ( 'NONE', #4497, #1483, #4784, .T. ) ;
#7993 = DIRECTION ( 'NONE',  ( 0.0000000000000000000, 0.0000000000000000000, -1.000000000000000000 ) ) ;
#7994 = EDGE_CURVE ( 'NONE', #5843, #5677, #930, .T. ) ;
#7995 = ORIENTED_EDGE ( 'NONE', *, *, #2230, .T. ) ;
#7996 = CARTESIAN_POINT ( 'NONE',  ( 0.6374999999999998400, 0.5579999999999996100, -0.09749999999999964300 ) ) ;
#7997 = DATE_AND_TIME ( #351, #2453 ) ;
#7998 = LINE ( 'NONE', #1694, #5968 ) ;
#7999 = CYLINDRICAL_SURFACE ( 'NONE', #8438, 0.009815670203804980100 ) ;
#8000 = SECURITY_CLASSIFICATION ( '', '', #2113 ) ;
#8001 = ORIENTED_EDGE ( 'NONE', *, *, #4608, .F. ) ;
#8002 = COORDINATED_UNIVERSAL_TIME_OFFSET ( 5, 0, .BEHIND. ) ;
#8003 = EDGE_CURVE ( 'NONE', #2244, #2757, #7937, .T. ) ;
#8004 = DIRECTION ( 'NONE',  ( -0.7071067811860770600, -0.7071067811870178600, -3.402816250966922700E-014 ) ) ;
#8005 = VECTOR ( 'NONE', #8673, 39.37007874015748100 ) ;
#8006 = EDGE_CURVE ( 'NONE', #1433, #6306, #6676, .T. ) ;
#8007 = VECTOR ( 'NONE', #8649, 39.37007874015748100 ) ;
#8008 = DIRECTION ( 'NONE',  ( 0.0000000000000000000, 0.0000000000000000000, 1.000000000000000000 ) ) ;
#8009 = EDGE_LOOP ( 'NONE', ( #48, #897, #2730, #4504 ) ) ;
#8010 = SECURITY_CLASSIFICATION_LEVEL ( 'unclassified' ) ;
#8011 = PLANE ( 'NONE',  #6501 ) ;
#8012 = LINE ( 'NONE', #8859, #128 ) ;
#8013 = ORIENTED_EDGE ( 'NONE', *, *, #8097, .T. ) ;
#8014 = EDGE_CURVE ( 'NONE', #8494, #2166, #8637, .T. ) ;
#8015 = ORIENTED_EDGE ( 'NONE', *, *, #5028, .F. ) ;
#8016 = ORIENTED_EDGE ( 'NONE', *, *, #690, .F. ) ;
#8017 = CARTESIAN_POINT ( 'NONE',  ( 0.3674999999999998300, 0.5600000000000002800, -0.2210000000000000900 ) ) ;
#8018 = ORIENTED_EDGE ( 'NONE', *, *, #8993, .F. ) ;
#8019 = DIRECTION ( 'NONE',  ( -0.0000000000000000000, 1.871128762783744900E-015, -1.000000000000000000 ) ) ;
#8020 = DATE_AND_TIME ( #389, #2491 ) ;
#8021 = ORIENTED_EDGE ( 'NONE', *, *, #2352, .T. ) ;
#8022 = ORIENTED_EDGE ( 'NONE', *, *, #3387, .T. ) ;
#8023 = CARTESIAN_POINT ( 'NONE',  ( 0.3924999999999996800, 0.05000000000000000300, -0.3700000000000000000 ) ) ;
#8024 = AXIS2_PLACEMENT_3D ( 'NONE', #2152, #475, #8735 ) ;
#8025 = ORIENTED_EDGE ( 'NONE', *, *, #7215, .F. ) ;
#8026 = EDGE_CURVE ( 'NONE', #7240, #7599, #677, .T. ) ;
#8027 = ORIENTED_EDGE ( 'NONE', *, *, #6735, .F. ) ;
#8028 = CARTESIAN_POINT ( 'NONE',  ( 1.004362961706167100, 0.3539562271012334200, -0.01000000000000000000 ) ) ;
#8029 = AXIS2_PLACEMENT_3D ( 'NONE', #7084, #7628, #7670 ) ;
#8030 = VERTEX_POINT ( 'NONE', #7253 ) ;
#8031 = VERTEX_POINT ( 'NONE', #7266 ) ;
#8032 =( REPRESENTATION_RELATIONSHIP ('NONE','NONE', #1285, #7662 ) REPRESENTATION_RELATIONSHIP_WITH_TRANSFORMATION ( #6714 )SHAPE_REPRESENTATION_RELATIONSHIP( ) );
#8033 = AXIS2_PLACEMENT_3D ( 'NONE', #2448, #3538, #3680 ) ;
#8034 = FACE_OUTER_BOUND ( 'NONE', #2961, .T. ) ;
#8035 = ORIENTED_EDGE ( 'NONE', *, *, #6562, .F. ) ;
#8036 = CARTESIAN_POINT ( 'NONE',  ( 0.6990956183678620500, 0.2366589681657897700, 0.0000000000000000000 ) ) ;
#8037 = EDGE_CURVE ( 'NONE', #3371, #2703, #2532, .T. ) ;
#8038 = EDGE_LOOP ( 'NONE', ( #3485, #390, #4622, #3592 ) ) ;
#8039 = VECTOR ( 'NONE', #5143, 39.37007874015748100 ) ;
#8040 = ORIENTED_EDGE ( 'NONE', *, *, #4736, .T. ) ;
#8041 = DIRECTION ( 'NONE',  ( -0.0000000000000000000, 0.0000000000000000000, -1.000000000000000000 ) ) ;
#8042 = CC_DESIGN_DATE_AND_TIME_ASSIGNMENT ( #8519, #3524, ( #6236 ) ) ;
#8043 = CARTESIAN_POINT ( 'NONE',  ( 0.5057269153529278000, 0.2867188862052003600, -0.01000000000000000000 ) ) ;
#8044 = ORIENTED_EDGE ( 'NONE', *, *, #4017, .F. ) ;
#8045 = EDGE_CURVE ( 'NONE', #2473, #5158, #8053, .T. ) ;
#8046 = FACE_OUTER_BOUND ( 'NONE', #6255, .T. ) ;
#8047 = ORIENTED_EDGE ( 'NONE', *, *, #6075, .F. ) ;
#8048 = DIRECTION ( 'NONE',  ( 1.000000000000000000, 0.0000000000000000000, 0.0000000000000000000 ) ) ;
#8049 = DIRECTION ( 'NONE',  ( -1.108302649210491000E-013, 1.000000000000000000, 9.125743083174395500E-014 ) ) ;
#8050 = ADVANCED_FACE ( 'NONE', ( #2290 ), #4094, .T. ) ;
#8051 = DIRECTION ( 'NONE',  ( 1.000000000000000000, 0.0000000000000000000, -0.0000000000000000000 ) ) ;
#8052 = CARTESIAN_POINT ( 'NONE',  ( 0.6374999999999998400, 0.05000000000000014800, -0.2975000000000001000 ) ) ;
#8053 = LINE ( 'NONE', #5361, #6261 ) ;
#8054 = ORIENTED_EDGE ( 'NONE', *, *, #5043, .F. ) ;
#8055 = CIRCLE ( 'NONE', #3414, 0.006870969142657995000 ) ;
#8056 = EDGE_CURVE ( 'NONE', #5821, #3135, #6039, .T. ) ;
#8057 = DIRECTION ( 'NONE',  ( -1.000000000000000000, -1.106190048104503000E-013, 4.313434190744403800E-014 ) ) ;
#8058 = CC_DESIGN_DATE_AND_TIME_ASSIGNMENT ( #1849, #7394, ( #6254 ) ) ;
#8059 = LINE ( 'NONE', #519, #2541 ) ;
#8060 = DIRECTION ( 'NONE',  ( 0.0000000000000000000, -3.691686477924679400E-015, -1.000000000000000000 ) ) ;
#8061 = CARTESIAN_POINT ( 'NONE',  ( 0.3361881571574317200, 0.01249999999995224700, 0.005999999999738443700 ) ) ;
#8062 = LINE ( 'NONE', #5133, #6477 ) ;
#8063 = ORIENTED_EDGE ( 'NONE', *, *, #1028, .F. ) ;
#8064 = LINE ( 'NONE', #6857, #450 ) ;
#8065 = DIRECTION ( 'NONE',  ( -1.106190048102486900E-013, -1.000000000000000000, -9.125743083008812900E-014 ) ) ;
#8066 =( BOUNDED_CURVE ( )  B_SPLINE_CURVE ( 3, ( #470, #495, #3438, #3448 ),
 .UNSPECIFIED., .F., .T. ) 
 B_SPLINE_CURVE_WITH_KNOTS ( ( 4, 4 ),
 ( 4.675343470583615400, 4.712388980381247100 ),
 .UNSPECIFIED. ) 
 CURVE ( )  GEOMETRIC_REPRESENTATION_ITEM ( )  RATIONAL_B_SPLINE_CURVE ( ( 1.000000000000000000, 0.9998856391200716700, 0.9998856391200716700, 1.000000000000000000 ) ) 
 REPRESENTATION_ITEM ( '' )  );
#8067 = LINE ( 'NONE', #3092, #2306 ) ;
#8068 = VECTOR ( 'NONE', #4215, 39.37007874015748100 ) ;
#8069 = VERTEX_POINT ( 'NONE', #6044 ) ;
#8070 = DIRECTION ( 'NONE',  ( 1.000000000000000000, 0.0000000000000000000, 0.0000000000000000000 ) ) ;
#8071 = EDGE_CURVE ( 'NONE', #6126, #3822, #9327, .T. ) ;
#8072 = LINE ( 'NONE', #6956, #4357 ) ;
#8073 = DIRECTION ( 'NONE',  ( -0.0000000000000000000, -0.0000000000000000000, 1.000000000000000000 ) ) ;
#8074 = DIRECTION ( 'NONE',  ( -4.313434190716670600E-014, 9.125743083152196300E-014, 1.000000000000000000 ) ) ;
#8075 = VECTOR ( 'NONE', #1678, 39.37007874015748100 ) ;
#8076 = LINE ( 'NONE', #4735, #4125 ) ;
#8077 = CARTESIAN_POINT ( 'NONE',  ( 1.042500000000000200, 0.05000000000000000300, 0.0000000000000000000 ) ) ;
#8078 = LINE ( 'NONE', #2498, #4365 ) ;
#8079 = DIRECTION ( 'NONE',  ( 0.0000000000000000000, -1.000000000000000000, 0.0000000000000000000 ) ) ;
#8080 = DIRECTION ( 'NONE',  ( 0.0000000000000000000, 1.000000000000000000, 4.553079989440424900E-016 ) ) ;
#8081 = VERTEX_POINT ( 'NONE', #6358 ) ;
#8082 = EDGE_CURVE ( 'NONE', #5279, #3264, #176, .T. ) ;
#8083 = ORIENTED_EDGE ( 'NONE', *, *, #8119, .T. ) ;
#8084 = LINE ( 'NONE', #4002, #2571 ) ;
#8085 = LINE ( 'NONE', #6872, #715 ) ;
#8086 = DIRECTION ( 'NONE',  ( 4.313434190716670600E-014, -9.125743083152196300E-014, -1.000000000000000000 ) ) ;
#8087 = LINE ( 'NONE', #4416, #4592 ) ;
#8088 = ORIENTED_EDGE ( 'NONE', *, *, #3767, .F. ) ;
#8089 = CARTESIAN_POINT ( 'NONE',  ( 0.6990956183678620500, 0.2268432979619829900, -0.01000000000000000000 ) ) ;
#8090 = DATE_AND_TIME ( #487, #2579 ) ;
#8091 = AXIS2_PLACEMENT_3D ( 'NONE', #1892, #2665, #7745 ) ;
#8092 = CALENDAR_DATE ( 2019, 15, 10 ) ;
#8093 = LINE ( 'NONE', #2664, #2096 ) ;
#8094 = CARTESIAN_POINT ( 'NONE',  ( 0.7374999999999998200, 0.05000000000000014800, -0.2975000000000001000 ) ) ;
#8095 = LINE ( 'NONE', #9034, #5642 ) ;
#8096 = CARTESIAN_POINT ( 'NONE',  ( 0.1463625602678715100, 0.05950258177665826400, 0.001664990124749475800 ) ) ;
#8097 = EDGE_CURVE ( 'NONE', #6623, #8885, #2042, .T. ) ;
#8098 = EDGE_CURVE ( 'NONE', #3350, #9030, #5819, .T. ) ;
#8099 = ORIENTED_EDGE ( 'NONE', *, *, #2045, .T. ) ;
#8100 = CARTESIAN_POINT ( 'NONE',  ( 0.7398306497136468700, 0.0000000000000000000, -0.01000000000000000000 ) ) ;
#8101 = ORIENTED_EDGE ( 'NONE', *, *, #4703, .T. ) ;
#8102 = CARTESIAN_POINT ( 'NONE',  ( 0.5371370600050839900, 0.2867188862052003600, -0.01000000000000000000 ) ) ;
#8103 = LINE ( 'NONE', #2943, #4611 ) ;
#8104 = DIRECTION ( 'NONE',  ( 0.0000000000000000000, 0.0000000000000000000, 1.000000000000000000 ) ) ;
#8105 = LINE ( 'NONE', #2619, #4388 ) ;
#8106 = VERTEX_POINT ( 'NONE', #6510 ) ;
#8107 = DIRECTION ( 'NONE',  ( -0.0000000000000000000, 0.0000000000000000000, 1.000000000000000000 ) ) ;
#8108 = CC_DESIGN_APPROVAL ( #7668, ( #6745 ) ) ;
#8109 = ORIENTED_EDGE ( 'NONE', *, *, #4736, .F. ) ;
#8110 = VERTEX_POINT ( 'NONE', #4584 ) ;
#8111 = PLANE ( 'NONE',  #4192 ) ;
#8112 = EDGE_CURVE ( 'NONE', #9046, #386, #9134, .T. ) ;
#8113 = VECTOR ( 'NONE', #3412, 39.37007874015748100 ) ;
#8114 = CARTESIAN_POINT ( 'NONE',  ( 1.067500000000000100, 0.2699999999999999100, -0.2210000000000000900 ) ) ;
#8115 = ORIENTED_EDGE ( 'NONE', *, *, #8275, .T. ) ;
#8116 = ORIENTED_EDGE ( 'NONE', *, *, #6849, .F. ) ;
#8117 = CARTESIAN_POINT ( 'NONE',  ( 0.3674999999999998300, 0.2699999999999999100, -0.1490000000000000800 ) ) ;
#8118 = PLANE ( 'NONE',  #8354 ) ;
#8119 = EDGE_CURVE ( 'NONE', #5689, #8524, #1803, .T. ) ;
#8120 = EDGE_LOOP ( 'NONE', ( #1917, #2010, #4505, #4916, #6813, #5277, #6822, #1695, #6686 ) ) ;
#8121 = DIRECTION ( 'NONE',  ( -0.0000000000000000000, 0.0000000000000000000, -1.000000000000000000 ) ) ;
#8122 = AXIS2_PLACEMENT_3D ( 'NONE', #3458, #4157, #741 ) ;
#8123 = PERSON_AND_ORGANIZATION ( #6536, #5561 ) ;
#8124 = ORIENTED_EDGE ( 'NONE', *, *, #3593, .T. ) ;
#8125 = CARTESIAN_POINT ( 'NONE',  ( 0.5374999999999999800, 0.2700000000000001800, -0.1480000000000000500 ) ) ;
#8126 = DIRECTION ( 'NONE',  ( 0.0000000000000000000, -1.979599995408886100E-016, 1.000000000000000000 ) ) ;
#8127 = CARTESIAN_POINT ( 'NONE',  ( 0.4374999999999998900, 0.5999999999999999800, -0.2974999999999999900 ) ) ;
#8128 = CARTESIAN_POINT ( 'NONE',  ( 0.1462132034359785400, 0.05766671432744910300, -0.02483335716458084900 ) ) ;
#8129 = CARTESIAN_POINT ( 'NONE',  ( 0.4582132034360780200, 0.03750000000015968300, -0.02500000000054132200 ) ) ;
#8130 = ORIENTED_EDGE ( 'NONE', *, *, #7388, .F. ) ;
#8131 = DIRECTION ( 'NONE',  ( 0.0000000000000000000, 1.000000000000000000, -0.0000000000000000000 ) ) ;
#8132 = VECTOR ( 'NONE', #107, 39.37007874015748100 ) ;
#8133 = VERTEX_POINT ( 'NONE', #9214 ) ;
#8134 = CARTESIAN_POINT ( 'NONE',  ( 0.3674999999999998300, 0.2699999999999999100, -0.1490000000000000800 ) ) ;
#8135 = AXIS2_PLACEMENT_3D ( 'NONE', #1147, #4982, #4926 ) ;
#8136 = DIRECTION ( 'NONE',  ( -0.0000000000000000000, -0.0000000000000000000, 1.000000000000000000 ) ) ;
#8137 = EDGE_CURVE ( 'NONE', #1214, #6149, #7220, .T. ) ;
#8138 = ORIENTED_EDGE ( 'NONE', *, *, #1029, .T. ) ;
#8139 = DIRECTION ( 'NONE',  ( 1.000000000000000000, 0.0000000000000000000, 0.0000000000000000000 ) ) ;
#8140 = CARTESIAN_POINT ( 'NONE',  ( 0.8332132034356054500, 0.03000000000013538400, 0.004999999999337609800 ) ) ;
#8141 = LINE ( 'NONE', #7769, #777 ) ;
#8142 = VERTEX_POINT ( 'NONE', #8542 ) ;
#8143 = AXIS2_PLACEMENT_3D ( 'NONE', #4367, #4356, #5754 ) ;
#8144 = VERTEX_POINT ( 'NONE', #3814 ) ;
#8145 = FACE_OUTER_BOUND ( 'NONE', #7579, .T. ) ;
#8146 = EDGE_LOOP ( 'NONE', ( #4062, #3493, #3476, #3456 ) ) ;
#8147 = EDGE_CURVE ( 'NONE', #2719, #3464, #1298, .T. ) ;
#8148 = EDGE_CURVE ( 'NONE', #7724, #2227, #3416, .T. ) ;
#8149 = CARTESIAN_POINT ( 'NONE',  ( 0.9187212391779922000, 0.3831578459575294400, -0.01000000000000000000 ) ) ;
#8150 = DIRECTION ( 'NONE',  ( 0.0000000000000000000, 0.0000000000000000000, 1.000000000000000000 ) ) ;
#8151 = DIRECTION ( 'NONE',  ( 0.0000000000000000000, 1.352399996863497400E-015, -1.000000000000000000 ) ) ;
#8152 = CARTESIAN_POINT ( 'NONE',  ( 0.6624999999999999800, 0.5180000000000000200, -0.1489999999999998500 ) ) ;
#8153 = VECTOR ( 'NONE', #6432, 39.37007874015748100 ) ;
#8154 = ORIENTED_EDGE ( 'NONE', *, *, #912, .F. ) ;
#8155 = LINE ( 'NONE', #4438, #7959 ) ;
#8156 = CC_DESIGN_PERSON_AND_ORGANIZATION_ASSIGNMENT ( #1254, #8504, ( #6350 ) ) ;
#8157 = EDGE_CURVE ( 'NONE', #1128, #3968, #1538, .T. ) ;
#8158 = CARTESIAN_POINT ( 'NONE',  ( 0.8374999999999999100, 0.5180000000000000200, -0.1089999999999998600 ) ) ;
#8159 = CARTESIAN_POINT ( 'NONE',  ( 0.7974999999999998800, 0.2699999999999999100, -0.2210000000000000900 ) ) ;
#8160 = LINE ( 'NONE', #9058, #4454 ) ;
#8161 = ORIENTED_EDGE ( 'NONE', *, *, #5125, .F. ) ;
#8162 = CARTESIAN_POINT ( 'NONE',  ( 1.014178631909940200, 0.2366589681657828000, -0.01000000000000000000 ) ) ;
#8163 = LINE ( 'NONE', #4655, #319 ) ;
#8164 = DIRECTION ( 'NONE',  ( -0.0000000000000000000, -0.0000000000000000000, 1.000000000000000000 ) ) ;
#8165 = ADVANCED_FACE ( 'NONE', ( #8935, #7007, #3168, #1042, #8546, #6785, #4897 ), #7419, .T. ) ;
#8166 = DIRECTION ( 'NONE',  ( 1.000000000000000000, 0.0000000000000000000, 0.0000000000000000000 ) ) ;
#8168 = ADVANCED_FACE ( 'NONE', ( #2907 ), #2650, .T. ) ;
#8167 = CIRCLE ( 'NONE', #2076, 0.02625691779516779700 ) ;
#8169 = EDGE_CURVE ( 'NONE', #2063, #8904, #796, .T. ) ;
#8170 = VECTOR ( 'NONE', #1073, 39.37007874015748100 ) ;
#8171 = VECTOR ( 'NONE', #3171, 39.37007874015748100 ) ;
#8172 = AXIS2_PLACEMENT_3D ( 'NONE', #4760, #126, #5504 ) ;
#8173 = DIRECTION ( 'NONE',  ( -0.0000000000000000000, 1.000000000000000000, -0.0000000000000000000 ) ) ;
#8174 = CARTESIAN_POINT ( 'NONE',  ( 0.4974999999999998900, 0.2700000000000001800, -0.1480000000000000800 ) ) ;
#8175 = FACE_OUTER_BOUND ( 'NONE', #1613, .T. ) ;
#8176 = VERTEX_POINT ( 'NONE', #4996 ) ;
#8177 = LINE ( 'NONE', #7502, #7985 ) ;
#8178 = DIRECTION ( 'NONE',  ( -1.000000000000000000, -0.0000000000000000000, -0.0000000000000000000 ) ) ;
#8179 = AXIS2_PLACEMENT_3D ( 'NONE', #3546, #8983, #5319 ) ;
#8180 = CARTESIAN_POINT ( 'NONE',  ( 0.2412000000003259900, 0.04250000000009039600, -6.228613425554519900E-014 ) ) ;
#8181 = DIRECTION ( 'NONE',  ( -1.000000000000000000, -0.0000000000000000000, -0.0000000000000000000 ) ) ;
#8182 = EDGE_CURVE ( 'NONE', #8142, #7698, #4664, .T. ) ;
#8183 = VECTOR ( 'NONE', #1058, 39.37007874015748100 ) ;
#8184 = ORIENTED_EDGE ( 'NONE', *, *, #6379, .T. ) ;
#8185 = VECTOR ( 'NONE', #4019, 39.37007874015748100 ) ;
#8186 = LINE ( 'NONE', #8100, #6395 ) ;
#8187 = DIRECTION ( 'NONE',  ( 0.0000000000000000000, 0.0000000000000000000, 1.000000000000000000 ) ) ;
#8188 = ORIENTED_EDGE ( 'NONE', *, *, #2628, .F. ) ;
#8189 = CARTESIAN_POINT ( 'NONE',  ( 0.4372132034362268800, 0.04722792206140189600, 0.02500000000027947600 ) ) ;
#8190 = CIRCLE ( 'NONE', #7865, 0.02625691779518036400 ) ;
#8191 = LINE ( 'NONE', #2131, #4493 ) ;
#8192 = DIRECTION ( 'NONE',  ( -0.0000000000000000000, 0.0000000000000000000, 1.000000000000000000 ) ) ;
#8193 = EDGE_CURVE ( 'NONE', #3411, #3545, #6575, .T. ) ;
#8194 = ORIENTED_EDGE ( 'NONE', *, *, #8495, .F. ) ;
#8195 = DATE_AND_TIME ( #616, #2712 ) ;
#8196 = PERSON_AND_ORGANIZATION ( #3072, #618 ) ;
#8197 = LINE ( 'NONE', #1602, #1976 ) ;
#8198 = LINE ( 'NONE', #3715, #6414 ) ;
#8199 = DIRECTION ( 'NONE',  ( 4.313434190716670600E-014, -9.125743083152196300E-014, -1.000000000000000000 ) ) ;
#8200 = CARTESIAN_POINT ( 'NONE',  ( 0.6974999999999999000, 0.3450000000000002000, -0.09750000000000003100 ) ) ;
#8201 = AXIS2_PLACEMENT_3D ( 'NONE', #1033, #6327, #1840 ) ;
#8202 = PLANE ( 'NONE',  #1871 ) ;
#8203 = ORIENTED_EDGE ( 'NONE', *, *, #6865, .F. ) ;
#8204 = CARTESIAN_POINT ( 'NONE',  ( 0.5734550397591692300, 0.2366589681657897700, -0.01000000000000000000 ) ) ;
#8205 = CARTESIAN_POINT ( 'NONE',  ( 0.4374999999999998900, 0.5579999999999996100, -0.07250000000000000900 ) ) ;
#8206 = EDGE_CURVE ( 'NONE', #3118, #542, #4444, .T. ) ;
#8207 = CIRCLE ( 'NONE', #5608, 0.06350000000000001500 ) ;
#8208 = EDGE_CURVE ( 'NONE', #6981, #1096, #561, .T. ) ;
#8209 = ADVANCED_FACE ( 'NONE', ( #2165 ), #8677, .T. ) ;
#8210 = ORIENTED_EDGE ( 'NONE', *, *, #9250, .T. ) ;
#8211 = DIRECTION ( 'NONE',  ( 1.000000000000000000, 1.107994145790018800E-013, -4.321962980031988100E-014 ) ) ;
#8212 = ORIENTED_EDGE ( 'NONE', *, *, #6046, .F. ) ;
#8213 = CARTESIAN_POINT ( 'NONE',  ( 0.3924999999999996800, 0.05000000000000000300, -0.3700000000000000000 ) ) ;
#8214 = ADVANCED_FACE ( 'NONE', ( #4212 ), #1683, .F. ) ;
#8215 = ORIENTED_EDGE ( 'NONE', *, *, #8253, .F. ) ;
#8216 = CARTESIAN_POINT ( 'NONE',  ( 0.7089112885716689600, 0.0000000000000000000, 0.0000000000000000000 ) ) ;
#8217 = CARTESIAN_POINT ( 'NONE',  ( 0.8332132034355813600, 0.03400000000016674400, 0.008999999999401547500 ) ) ;
#8218 = ORIENTED_EDGE ( 'NONE', *, *, #2064, .T. ) ;
#8219 = DIRECTION ( 'NONE',  ( -1.000000000000000000, 0.0000000000000000000, -0.0000000000000000000 ) ) ;
#8220 = EDGE_CURVE ( 'NONE', #9086, #9370, #2409, .T. ) ;
#8221 = PERSON_AND_ORGANIZATION ( #6536, #5561 ) ;
#8222 = ORIENTED_EDGE ( 'NONE', *, *, #6521, .T. ) ;
#8223 = CARTESIAN_POINT ( 'NONE',  ( 0.3674999999999998300, 0.5600000000000002800, -0.2210000000000000900 ) ) ;
#8224 = CARTESIAN_POINT ( 'NONE',  ( -0.0000000000000000000, 0.4231567020380064300, 0.0000000000000000000 ) ) ;
#8225 = ORIENTED_EDGE ( 'NONE', *, *, #9331, .F. ) ;
#8226 = ORIENTED_EDGE ( 'NONE', *, *, #7011, .F. ) ;
#8227 = ADVANCED_FACE ( 'NONE', ( #5928 ), #5107, .F. ) ;
#8228 = CARTESIAN_POINT ( 'NONE',  ( 0.3674999999999998300, 0.5600000000000002800, -0.2210000000000000900 ) ) ;
#8229 = ORIENTED_EDGE ( 'NONE', *, *, #3413, .F. ) ;
#8230 = DIRECTION ( 'NONE',  ( -0.0000000000000000000, 0.0000000000000000000, -1.000000000000000000 ) ) ;
#8231 = CARTESIAN_POINT ( 'NONE',  ( 0.4974999999999998900, 0.2699999999999999100, -0.2210000000000000900 ) ) ;
#8232 = DIRECTION ( 'NONE',  ( -0.0000000000000000000, 0.0000000000000000000, 1.000000000000000000 ) ) ;
#8233 = ORIENTED_EDGE ( 'NONE', *, *, #1429, .F. ) ;
#8234 = FACE_OUTER_BOUND ( 'NONE', #620, .T. ) ;
#8235 = ORIENTED_EDGE ( 'NONE', *, *, #6505, .T. ) ;
#8236 = DIRECTION ( 'NONE',  ( 0.0000000000000000000, 0.0000000000000000000, 1.000000000000000000 ) ) ;
#8237 = CARTESIAN_POINT ( 'NONE',  ( 1.042500000000000200, 0.05000000000000000300, -0.2725000000000000200 ) ) ;
#8238 = DIRECTION ( 'NONE',  ( -1.000000000000000000, -0.0000000000000000000, -0.0000000000000000000 ) ) ;
#8239 = ORIENTED_EDGE ( 'NONE', *, *, #6421, .F. ) ;
#8240 = ORIENTED_EDGE ( 'NONE', *, *, #3718, .F. ) ;
#8241 = AXIS2_PLACEMENT_3D ( 'NONE', #188, #115, #88 ) ;
#8242 = LINE ( 'NONE', #7781, #2514 ) ;
#8243 = ORIENTED_EDGE ( 'NONE', *, *, #2352, .F. ) ;
#8244 = CARTESIAN_POINT ( 'NONE',  ( 0.4374999999999998900, 0.5999999999999999800, -0.07250000000000000900 ) ) ;
#8245 = EDGE_CURVE ( 'NONE', #6112, #8508, #7754, .T. ) ;
#8246 = ORIENTED_EDGE ( 'NONE', *, *, #3243, .F. ) ;
#8247 = CARTESIAN_POINT ( 'NONE',  ( 0.8787223830974585400, 0.4133410318342099500, -0.01000000000000000000 ) ) ;
#8248 = ADVANCED_FACE ( 'NONE', ( #3981 ), #3750, .F. ) ;
#8249 = FACE_OUTER_BOUND ( 'NONE', #7814, .T. ) ;
#8250 = ORIENTED_EDGE ( 'NONE', *, *, #5444, .T. ) ;
#8251 = AXIS2_PLACEMENT_3D ( 'NONE', #6912, #6634, #6440 ) ;
#8252 = EDGE_CURVE ( 'NONE', #678, #1382, #5706, .T. ) ;
#8253 = EDGE_CURVE ( 'NONE', #1961, #353, #9226, .T. ) ;
#8254 = CARTESIAN_POINT ( 'NONE',  ( 0.0000000000000000000, 0.4231567020380325200, -0.01000000000000000000 ) ) ;
#8255 = DIRECTION ( 'NONE',  ( 0.0000000000000000000, -1.871128762783746500E-015, -1.000000000000000000 ) ) ;
#8256 = VECTOR ( 'NONE', #2891, 39.37007874015748100 ) ;
#8257 = ORIENTED_EDGE ( 'NONE', *, *, #3100, .T. ) ;
#8258 = FACE_OUTER_BOUND ( 'NONE', #8120, .T. ) ;
#8259 = CARTESIAN_POINT ( 'NONE',  ( 0.8202132034356995900, 0.03400000000013186200, -0.009000000000540181800 ) ) ;
#8260 = FACE_OUTER_BOUND ( 'NONE', #2607, .T. ) ;
#8261 = APPROVAL ( #593, 'UNKNOWN' ) ;
#8262 = ADVANCED_FACE ( 'NONE', ( #7530 ), #1423, .F. ) ;
#8263 = CYLINDRICAL_SURFACE ( 'NONE', #9138, 0.03150000000000006300 ) ;
#8264 = CARTESIAN_POINT ( 'NONE',  ( 1.147500000000000200, 0.5999999999999999800, -0.3699999999999999400 ) ) ;
#8265 = FACE_OUTER_BOUND ( 'NONE', #6104, .T. ) ;
#8266 = EDGE_CURVE ( 'NONE', #6323, #2473, #7323, .T. ) ;
#8267 = DIRECTION ( 'NONE',  ( 0.0000000000000000000, -0.7071067811865451300, -0.7071067811865499000 ) ) ;
#8268 = DIRECTION ( 'NONE',  ( 1.000000000000000000, 0.0000000000000000000, 0.0000000000000000000 ) ) ;
#8269 = CARTESIAN_POINT ( 'NONE',  ( 0.4974999999999998900, 0.05000000000000001000, -0.2725000000000000800 ) ) ;
#8270 = FACE_OUTER_BOUND ( 'NONE', #7918, .T. ) ;
#8271 = FACE_OUTER_BOUND ( 'NONE', #1528, .T. ) ;
#8272 = ORIENTED_EDGE ( 'NONE', *, *, #3299, .F. ) ;
#8273 = ORIENTED_EDGE ( 'NONE', *, *, #8798, .F. ) ;
#8274 = CIRCLE ( 'NONE', #76, 0.03999999999999998000 ) ;
#8275 = EDGE_CURVE ( 'NONE', #4674, #6394, #1662, .T. ) ;
#8276 = VECTOR ( 'NONE', #5061, 39.37007874015748100 ) ;
#8277 = CIRCLE ( 'NONE', #6764, 0.03999999999999998000 ) ;
#8278 = ORIENTED_EDGE ( 'NONE', *, *, #3907, .T. ) ;
#8279 = FACE_OUTER_BOUND ( 'NONE', #1276, .T. ) ;
#8280 = ORIENTED_EDGE ( 'NONE', *, *, #6574, .T. ) ;
#8281 = ORIENTED_EDGE ( 'NONE', *, *, #8729, .T. ) ;
#8282 = LINE ( 'NONE', #3083, #6500 ) ;
#8283 = VECTOR ( 'NONE', #3923, 39.37007874015748100 ) ;
#8284 = FACE_OUTER_BOUND ( 'NONE', #8461, .T. ) ;
#8285 = AXIS2_PLACEMENT_3D ( 'NONE', #8217, #3931, #8713 ) ;
#8286 = CARTESIAN_POINT ( 'NONE',  ( 0.3522132034356152400, 0.1190000000003134200, -3.690582851961220700E-013 ) ) ;
#8287 = ORIENTED_EDGE ( 'NONE', *, *, #5111, .T. ) ;
#8288 = CALENDAR_DATE ( 2019, 15, 10 ) ;
#8289 = CARTESIAN_POINT ( 'NONE',  ( 1.042500000000000200, 0.05000000000000000300, -0.3700000000000000000 ) ) ;
#8290 = EDGE_CURVE ( 'NONE', #6157, #3489, #8819, .T. ) ;
#8291 = LOCAL_TIME ( 8, 51, 22.00000000000000000, #725 ) ;
#8292 = AXIS2_PLACEMENT_3D ( 'NONE', #4031, #4240, #2451 ) ;
#8293 = FACE_OUTER_BOUND ( 'NONE', #510, .T. ) ;
#8294 = CARTESIAN_POINT ( 'NONE',  ( 0.3674999999999998300, 0.2699999999999999100, -0.2210000000000000900 ) ) ;
#8295 = DIRECTION ( 'NONE',  ( -0.0000000000000000000, 1.000000000000000000, -0.0000000000000000000 ) ) ;
#8296 = VECTOR ( 'NONE', #8164, 39.37007874015748100 ) ;
#8297 = DIRECTION ( 'NONE',  ( -1.000000000000000000, 0.0000000000000000000, 0.0000000000000000000 ) ) ;
#8298 = DIRECTION ( 'NONE',  ( 1.000000000000000000, 0.0000000000000000000, -0.0000000000000000000 ) ) ;
#8300 = DIRECTION ( 'NONE',  ( 1.000000000000000000, 0.0000000000000000000, 0.0000000000000000000 ) ) ;
#8299 = CARTESIAN_POINT ( 'NONE',  ( 0.6974999999999999000, 0.05000000000000014800, -0.07250000000000002300 ) ) ;
#8301 = ORIENTED_EDGE ( 'NONE', *, *, #8182, .T. ) ;
#8302 = CARTESIAN_POINT ( 'NONE',  ( 0.7974999999999998800, 0.3450000000000002000, -0.09750000000000001700 ) ) ;
#8303 = AXIS2_PLACEMENT_3D ( 'NONE', #9215, #7369, #7025 ) ;
#8304 = VECTOR ( 'NONE', #5454, 39.37007874015748100 ) ;
#8305 = DIRECTION ( 'NONE',  ( -0.0000000000000000000, 0.0000000000000000000, 1.000000000000000000 ) ) ;
#8306 = LINE ( 'NONE', #8934, #2845 ) ;
#8307 = EDGE_CURVE ( 'NONE', #6394, #4915, #5255, .T. ) ;
#8308 = ADVANCED_FACE ( 'NONE', ( #3522 ), #4318, .F. ) ;
#8309 = ORIENTED_EDGE ( 'NONE', *, *, #2365, .F. ) ;
#8310 = ORIENTED_EDGE ( 'NONE', *, *, #3979, .T. ) ;
#8311 = DIRECTION ( 'NONE',  ( 1.000000000000000000, 0.0000000000000000000, 0.0000000000000000000 ) ) ;
#8312 = CARTESIAN_POINT ( 'NONE',  ( 0.5802132034363435300, 0.03750000000003502600, 0.01249999999982564400 ) ) ;
#8313 = VECTOR ( 'NONE', #4559, 39.37007874015748900 ) ;
#8314 = ORIENTED_EDGE ( 'NONE', *, *, #3703, .F. ) ;
#8315 = DIRECTION ( 'NONE',  ( 0.0000000000000000000, -4.553079989440441700E-016, 1.000000000000000000 ) ) ;
#8316 = CC_DESIGN_APPROVAL ( #7890, ( #7434 ) ) ;
#8317 = CARTESIAN_POINT ( 'NONE',  ( 0.5940679471871664900, 0.4025437946100565700, 0.0000000000000000000 ) ) ;
#8318 = ORIENTED_EDGE ( 'NONE', *, *, #8870, .F. ) ;
#8319 = ORIENTED_EDGE ( 'NONE', *, *, #3978, .F. ) ;
#8320 = CARTESIAN_POINT ( 'NONE',  ( 0.5675000000020715700, 0.6712132034341641300, -0.3100000000010521000 ) ) ;
#8321 = EDGE_CURVE ( 'NONE', #3329, #4685, #8632, .T. ) ;
#8322 = CARTESIAN_POINT ( 'NONE',  ( 0.8885380533012653400, 0.2366589681657897700, -0.01000000000000000000 ) ) ;
#8323 = ORIENTED_EDGE ( 'NONE', *, *, #6637, .F. ) ;
#8324 = CALENDAR_DATE ( 2019, 15, 10 ) ;
#8325 = ORIENTED_EDGE ( 'NONE', *, *, #7817, .T. ) ;
#8326 = DIRECTION ( 'NONE',  ( 1.000000000000000000, 0.0000000000000000000, 0.0000000000000000000 ) ) ;
#8327 = DIRECTION ( 'NONE',  ( -0.0000000000000000000, 0.0000000000000000000, 1.000000000000000000 ) ) ;
#8328 = DIRECTION ( 'NONE',  ( 0.0000000000000000000, 0.0000000000000000000, -1.000000000000000000 ) ) ;
#8329 = DIRECTION ( 'NONE',  ( -0.0000000000000000000, -0.0000000000000000000, 1.000000000000000000 ) ) ;
#8330 = EDGE_CURVE ( 'NONE', #6554, #5360, #5020, .T. ) ;
#8331 = EDGE_LOOP ( 'NONE', ( #2466, #4859, #1747, #3280, #7532, #1071, #4325, #7732 ) ) ;
#8332 = CARTESIAN_POINT ( 'NONE',  ( 0.8924643213828183900, 0.3831578459575294400, 0.0000000000000000000 ) ) ;
#8333 = AXIS2_PLACEMENT_3D ( 'NONE', #2897, #4420, #9182 ) ;
#8334 = LINE ( 'NONE', #4006, #2621 ) ;
#8335 = ORIENTED_EDGE ( 'NONE', *, *, #7880, .F. ) ;
#8336 = VERTEX_POINT ( 'NONE', #5203 ) ;
#8337 = ORIENTED_EDGE ( 'NONE', *, *, #8208, .T. ) ;
#8338 = VECTOR ( 'NONE', #6363, 39.37007874015748100 ) ;
#8339 = VERTEX_POINT ( 'NONE', #5069 ) ;
#8340 = AXIS2_PLACEMENT_3D ( 'NONE', #5635, #6183, #6933 ) ;
#8341 = CARTESIAN_POINT ( 'NONE',  ( 0.6397108136348436100, 0.0000000000000000000, 0.0000000000000000000 ) ) ;
#8342 = CARTESIAN_POINT ( 'NONE',  ( 0.7974999999999998800, 0.2699999999999999100, -0.2220000000000000600 ) ) ;
#8343 = EDGE_CURVE ( 'NONE', #1179, #2680, #3027, .T. ) ;
#8344 = ORIENTED_EDGE ( 'NONE', *, *, #304, .T. ) ;
#8345 = DIRECTION ( 'NONE',  ( 1.000000000000000200, 7.695819387939327300E-012, -5.225478417167782200E-012 ) ) ;
#8346 = AXIS2_PLACEMENT_3D ( 'NONE', #8322, #7604, #7578 ) ;
#8347 = CARTESIAN_POINT ( 'NONE',  ( 0.7374999999999998200, 0.3450000000000001400, -0.1479999999999999900 ) ) ;
#8348 = VECTOR ( 'NONE', #6232, 39.37007874015748100 ) ;
#8349 = ORIENTED_EDGE ( 'NONE', *, *, #5014, .F. ) ;
#8350 = EDGE_CURVE ( 'NONE', #4156, #1067, #6894, .T. ) ;
#8351 = ADVANCED_FACE ( 'NONE', ( #8249 ), #4547, .F. ) ;
#8352 = CARTESIAN_POINT ( 'NONE',  ( 0.6974999999999999000, 0.2700000000000001800, -0.1480000000000000500 ) ) ;
#8353 = CARTESIAN_POINT ( 'NONE',  ( 0.3674999999999998300, 0.2699999999999999100, -0.1490000000000000800 ) ) ;
#8354 = AXIS2_PLACEMENT_3D ( 'NONE', #4893, #2157, #4853 ) ;
#8355 = CARTESIAN_POINT ( 'NONE',  ( 0.5837132034361040000, 0.01600000000000120800, 0.008999999999495250300 ) ) ;
#8356 = VECTOR ( 'NONE', #6703, 39.37007874015748100 ) ;
#8357 = ORIENTED_EDGE ( 'NONE', *, *, #369, .T. ) ;
#8358 = CARTESIAN_POINT ( 'NONE',  ( 0.5374999999999999800, 0.5580000000000000500, -0.2974999999999999900 ) ) ;
#8359 = EDGE_CURVE ( 'NONE', #7984, #2660, #6463, .T. ) ;
#8360 = DIRECTION ( 'NONE',  ( -0.0000000000000000000, -0.0000000000000000000, 1.000000000000000000 ) ) ;
#8361 = LINE ( 'NONE', #3553, #2652 ) ;
#8362 = VECTOR ( 'NONE', #7739, 39.37007874015748100 ) ;
#8363 = ORIENTED_EDGE ( 'NONE', *, *, #4447, .T. ) ;
#8364 = VECTOR ( 'NONE', #1897, 39.37007874015748100 ) ;
#8365 = AXIS2_PLACEMENT_3D ( 'NONE', #6675, #2255, #7376 ) ;
#8366 = EDGE_CURVE ( 'NONE', #1000, #8973, #2773, .T. ) ;
#8367 = EDGE_CURVE ( 'NONE', #681, #5889, #2523, .T. ) ;
#8368 = CARTESIAN_POINT ( 'NONE',  ( 0.5837132034357946900, 0.03400000000001546900, 0.008999999999674050000 ) ) ;
#8369 = VECTOR ( 'NONE', #3067, 39.37007874015748100 ) ;
#8370 = LINE ( 'NONE', #1672, #330 ) ;
#8371 = LINE ( 'NONE', #6160, #4917 ) ;
#8372 = DIRECTION ( 'NONE',  ( -7.695514003109069900E-012, -1.000000000000000000, 9.451375437536511700E-013 ) ) ;
#8373 = DIRECTION ( 'NONE',  ( 0.0000000000000000000, -3.691686477924679400E-015, -1.000000000000000000 ) ) ;
#8374 = CARTESIAN_POINT ( 'NONE',  ( 0.7825288151001857900, 0.3416866393464817500, -0.01000000000000000000 ) ) ;
#8375 = CARTESIAN_POINT ( 'NONE',  ( 0.8974999999999999600, 0.2700000000000001800, -0.1480000000000000200 ) ) ;
#8376 = VECTOR ( 'NONE', #86, 39.37007874015748100 ) ;
#8377 = FACE_OUTER_BOUND ( 'NONE', #638, .T. ) ;
#8378 = EDGE_CURVE ( 'NONE', #5677, #3687, #6671, .T. ) ;
#8379 = DIRECTION ( 'NONE',  ( -0.0000000000000000000, 1.000000000000000000, 1.707404996040165000E-016 ) ) ;
#8380 = CARTESIAN_POINT ( 'NONE',  ( 0.7974999999999998800, 0.3450000000000002000, -0.09750000000000001700 ) ) ;
#8381 = DIRECTION ( 'NONE',  ( -4.313434190716670600E-014, 9.125743083152196300E-014, 1.000000000000000000 ) ) ;
#8382 = VECTOR ( 'NONE', #1171, 39.37007874015748100 ) ;
#8383 = DIRECTION ( 'NONE',  ( 0.0000000000000000000, 0.0000000000000000000, 1.000000000000000000 ) ) ;
#8384 = LINE ( 'NONE', #7742, #4699 ) ;
#8385 = FACE_OUTER_BOUND ( 'NONE', #6424, .T. ) ;
#8386 = CARTESIAN_POINT ( 'NONE',  ( 0.4374999999999998900, 0.3450000000000001400, -0.2220000000000000600 ) ) ;
#8387 = DIRECTION ( 'NONE',  ( -0.0000000000000000000, 0.0000000000000000000, 1.000000000000000000 ) ) ;
#8388 = ORIENTED_EDGE ( 'NONE', *, *, #5792, .T. ) ;
#8389 = ADVANCED_FACE ( 'NONE', ( #8046 ), #4631, .F. ) ;
#8390 = ORGANIZATION ( 'NAUO-ORG5', 'UNSPECIFIED', 'UNSPECIFIED' ) ;
#8391 = AXIS2_PLACEMENT_3D ( 'NONE', #8347, #3239, #8902 ) ;
#8392 = APPROVAL_DATE_TIME ( #847, #463 ) ;
#8393 = VECTOR ( 'NONE', #8295, 39.37007874015748100 ) ;
#8394 = FACE_OUTER_BOUND ( 'NONE', #2750, .T. ) ;
#8395 = CARTESIAN_POINT ( 'NONE',  ( 0.6374999999999998400, 0.2700000000000001800, -0.1490000000000000800 ) ) ;
#8396 = DIRECTION ( 'NONE',  ( 4.313434190743394000E-014, 9.125743083153150500E-014, 1.000000000000000000 ) ) ;
#8397 = DIRECTION ( 'NONE',  ( 1.000000000000000000, 1.674882996115586600E-013, -4.326103531633504000E-014 ) ) ;
#8398 = ORIENTED_EDGE ( 'NONE', *, *, #6354, .T. ) ;
#8399 = LOCAL_TIME ( 8, 51, 22.00000000000000000, #858 ) ;
#8400 = DIRECTION ( 'NONE',  ( 1.000000000000000000, 0.0000000000000000000, 0.0000000000000000000 ) ) ;
#8401 = APPLICATION_CONTEXT ( 'configuration controlled 3d designs of mechanical parts and assemblies' ) ;
#8402 = VECTOR ( 'NONE', #599, 39.37007874015748100 ) ;
#8403 = VECTOR ( 'NONE', #7923, 39.37007874015748100 ) ;
#8404 = DIRECTION ( 'NONE',  ( 0.0000000000000000000, 0.0000000000000000000, -1.000000000000000000 ) ) ;
#8405 = EDGE_CURVE ( 'NONE', #1946, #3449, #169, .T. ) ;
#8406 = ORIENTED_EDGE ( 'NONE', *, *, #5458, .T. ) ;
#8407 = LINE ( 'NONE', #309, #2976 ) ;
#8408 = ORIENTED_EDGE ( 'NONE', *, *, #4131, .F. ) ;
#8409 = ORIENTED_EDGE ( 'NONE', *, *, #4029, .T. ) ;
#8410 = CARTESIAN_POINT ( 'NONE',  ( 0.7398306497136468700, 0.3416866393464885200, 0.0000000000000000000 ) ) ;
#8411 = PLANE ( 'NONE',  #8606 ) ;
#8412 = ORIENTED_EDGE ( 'NONE', *, *, #1828, .T. ) ;
#8413 = AXIS2_PLACEMENT_3D ( 'NONE', #5096, #4137, #5261 ) ;
#8414 = VERTEX_POINT ( 'NONE', #3213 ) ;
#8415 = EDGE_CURVE ( 'NONE', #4519, #8339, #4086, .T. ) ;
#8416 = EDGE_CURVE ( 'NONE', #6294, #5042, #6256, .T. ) ;
#8417 = DIRECTION ( 'NONE',  ( 0.0000000000000000000, 1.000000000000000000, 0.0000000000000000000 ) ) ;
#8418 = ORIENTED_EDGE ( 'NONE', *, *, #6168, .F. ) ;
#8419 = PERSON_AND_ORGANIZATION ( #6536, #5561 ) ;
#8420 = ORIENTED_EDGE ( 'NONE', *, *, #1918, .F. ) ;
#8421 = DIRECTION ( 'NONE',  ( 1.000000000000000000, 0.0000000000000000000, 0.0000000000000000000 ) ) ;
#8422 = CARTESIAN_POINT ( 'NONE',  ( 0.9624999999999999100, 0.5180000000000000200, -0.2210000000000000000 ) ) ;
#8423 = CC_DESIGN_SECURITY_CLASSIFICATION ( #8000, ( #9373 ) ) ;
#8424 = EDGE_LOOP ( 'NONE', ( #5463, #4044, #3009, #6378 ) ) ;
#8425 = ORIENTED_EDGE ( 'NONE', *, *, #679, .T. ) ;
#8426 = ORIENTED_EDGE ( 'NONE', *, *, #5914, .F. ) ;
#8427 = APPROVAL_STATUS ( 'not_yet_approved' ) ;
#8428 = EDGE_CURVE ( 'NONE', #2355, #494, #7850, .T. ) ;
#8429 = DIRECTION ( 'NONE',  ( 1.000000000000000000, 0.0000000000000000000, 0.0000000000000000000 ) ) ;
#8430 = ADVANCED_FACE ( 'NONE', ( #1795 ), #1715, .F. ) ;
#8431 = ORIENTED_EDGE ( 'NONE', *, *, #5575, .T. ) ;
#8432 = VERTEX_POINT ( 'NONE', #4766 ) ;
#8433 = LINE ( 'NONE', #1395, #6652 ) ;
#8434 = ORIENTED_EDGE ( 'NONE', *, *, #6817, .T. ) ;
#8435 = DIRECTION ( 'NONE',  ( -9.518634124265726300E-017, 0.0000000000000000000, 1.000000000000000000 ) ) ;
#8436 = EDGE_CURVE ( 'NONE', #1299, #6496, #3857, .T. ) ;
#8437 = CARTESIAN_POINT ( 'NONE',  ( 0.4582132034363839400, 0.03750000000012246300, 0.02499999999945186000 ) ) ;
#8438 = AXIS2_PLACEMENT_3D ( 'NONE', #3709, #8568, #5167 ) ;
#8439 = ORIENTED_EDGE ( 'NONE', *, *, #1977, .T. ) ;
#8440 = VECTOR ( 'NONE', #6744, 39.37007874015748100 ) ;
#8441 = VERTEX_POINT ( 'NONE', #2796 ) ;
#8442 = DIRECTION ( 'NONE',  ( -0.0000000000000000000, -0.0000000000000000000, 1.000000000000000000 ) ) ;
#8443 = ORIENTED_EDGE ( 'NONE', *, *, #3369, .T. ) ;
#8444 = DIRECTION ( 'NONE',  ( -1.000000000000000000, -0.0000000000000000000, -0.0000000000000000000 ) ) ;
#8445 = AXIS2_PLACEMENT_3D ( 'NONE', #1751, #7650, #7342 ) ;
#8446 = CARTESIAN_POINT ( 'NONE',  ( 0.7496463199174502300, 0.3318709691426852100, -0.01000000000000000000 ) ) ;
#8447 = VECTOR ( 'NONE', #5606, 39.37007874015748100 ) ;
#8448 = ORIENTED_EDGE ( 'NONE', *, *, #8905, .T. ) ;
#8449 = EDGE_CURVE ( 'NONE', #790, #8414, #7635, .T. ) ;
#8450 = APPLICATION_PROTOCOL_DEFINITION ( 'international standard', 'config_control_design', 1994, #3559 ) ;
#8451 = ADVANCED_FACE ( 'NONE', ( #7422, #9125 ), #3353, .T. ) ;
#8452 = DIRECTION ( 'NONE',  ( -1.101525363025879200E-013, -1.000000000000000000, -9.125743083012044100E-014 ) ) ;
#8453 = CYLINDRICAL_SURFACE ( 'NONE', #2148, 0.03999999999999998000 ) ;
#8454 = VERTEX_POINT ( 'NONE', #5763 ) ;
#8455 = LINE ( 'NONE', #1673, #3039 ) ;
#8456 = DIRECTION ( 'NONE',  ( 0.0000000000000000000, 4.553079989440425900E-016, -1.000000000000000000 ) ) ;
#8457 = EDGE_CURVE ( 'NONE', #5963, #6730, #8924, .T. ) ;
#8458 = FACE_OUTER_BOUND ( 'NONE', #8331, .T. ) ;
#8459 = CARTESIAN_POINT ( 'NONE',  ( 0.9547938271769670400, 0.3063502266127573500, 0.0000000000000000000 ) ) ;
#8460 = CYLINDRICAL_SURFACE ( 'NONE', #7878, 0.006870969142648501700 ) ;
#8461 = EDGE_LOOP ( 'NONE', ( #5577, #1268, #9313, #6645 ) ) ;
#8462 = FACE_OUTER_BOUND ( 'NONE', #2673, .T. ) ;
#8463 = ADVANCED_FACE ( 'NONE', ( #3635 ), #8720, .T. ) ;
#8464 = VECTOR ( 'NONE', #172, 39.37007874015748100 ) ;
#8465 = PRODUCT_DEFINITION_FORMATION_WITH_SPECIFIED_SOURCE ( 'ANY', '', #1238, .NOT_KNOWN. ) ;
#8466 = LINE ( 'NONE', #316, #3056 ) ;
#8467 = ORIENTED_EDGE ( 'NONE', *, *, #1388, .T. ) ;
#8468 = VECTOR ( 'NONE', #2223, 39.37007874015748100 ) ;
#8469 = EDGE_CURVE ( 'NONE', #5791, #3837, #1290, .T. ) ;
#8470 = CARTESIAN_POINT ( 'NONE',  ( 0.9974999999999999400, 0.2700000000000001800, -0.1490000000000000800 ) ) ;
#8471 = VECTOR ( 'NONE', #5480, 39.37007874015748100 ) ;
#8472 = LINE ( 'NONE', #179, #2811 ) ;
#8473 = DIRECTION ( 'NONE',  ( 1.000000000000000000, 1.108302649210530400E-013, -4.313434190793084700E-014 ) ) ;
#8474 = APPROVAL_ROLE ( '' ) ;
#8475 = LINE ( 'NONE', #8731, #210 ) ;
#8476 = DIRECTION ( 'NONE',  ( 1.000000000000000000, 0.0000000000000000000, 0.0000000000000000000 ) ) ;
#8477 = VERTEX_POINT ( 'NONE', #1301 ) ;
#8478 = DIRECTION ( 'NONE',  ( 1.000000000000000000, 0.0000000000000000000, 9.518634124265726300E-017 ) ) ;
#8479 = EDGE_CURVE ( 'NONE', #4408, #6225, #7211, .T. ) ;
#8480 = LINE ( 'NONE', #6684, #6708 ) ;
#8481 = CC_DESIGN_PERSON_AND_ORGANIZATION_ASSIGNMENT ( #7267, #3076, ( #6254 ) ) ;
#8482 = AXIS2_PLACEMENT_3D ( 'NONE', #7006, #7696, #3430 ) ;
#8483 = LINE ( 'NONE', #803, #1221 ) ;
#8484 = CARTESIAN_POINT ( 'NONE',  ( 1.147500000000000200, 0.0000000000000000000, 0.0000000000000000000 ) ) ;
#8485 = LINE ( 'NONE', #654, #5071 ) ;
#8486 = CARTESIAN_POINT ( 'NONE',  ( 0.8332132034360039100, 0.01600000000014971000, 0.008999999999400454600 ) ) ;
#8487 = DIRECTION ( 'NONE',  ( -0.0000000000000000000, 0.0000000000000000000, -1.000000000000000000 ) ) ;
#8488 = ORIENTED_EDGE ( 'NONE', *, *, #5939, .T. ) ;
#8489 = PLANE ( 'NONE',  #3470 ) ;
#8490 = ITEM_DEFINED_TRANSFORMATION ( 'NONE', 'NONE', #6859,  #2951 ) ;
#8491 = CONTEXT_DEPENDENT_SHAPE_REPRESENTATION ( #658, #5778 ) ;
#8492 = VECTOR ( 'NONE', #8959, 39.37007874015748100 ) ;
#8493 = VECTOR ( 'NONE', #3145, 39.37007874015748100 ) ;
#8494 = VERTEX_POINT ( 'NONE', #3093 ) ;
#8495 = EDGE_CURVE ( 'NONE', #1281, #6658, #5148, .T. ) ;
#8496 = PLANE ( 'NONE',  #2405 ) ;
#8497 = DIRECTION ( 'NONE',  ( 1.000000000000000000, 0.0000000000000000000, 0.0000000000000000000 ) ) ;
#8498 = VECTOR ( 'NONE', #5624, 39.37007874015748100 ) ;
#8499 = CIRCLE ( 'NONE', #4790, 0.07650000000013598700 ) ;
#8500 = CARTESIAN_POINT ( 'NONE',  ( 0.4374999999999998900, 0.3450000000000002000, -0.09750000000000005900 ) ) ;
#8501 = DIRECTION ( 'NONE',  ( -0.0000000000000000000, -1.000000000000000000, -0.0000000000000000000 ) ) ;
#8502 = ORIENTED_EDGE ( 'NONE', *, *, #4608, .T. ) ;
#8503 = VERTEX_POINT ( 'NONE', #3267 ) ;
#8504 = PERSON_AND_ORGANIZATION_ROLE ( 'design_supplier' ) ;
#8505 = AXIS2_PLACEMENT_3D ( 'NONE', #1682, #1592, #1590 ) ;
#8506 = CARTESIAN_POINT ( 'NONE',  ( 0.0000000000000000000, 0.5999999999999999800, 0.0000000000000000000 ) ) ;
#8507 = FACE_OUTER_BOUND ( 'NONE', #6567, .T. ) ;
#8508 = VERTEX_POINT ( 'NONE', #987 ) ;
#8509 = ADVANCED_FACE ( 'NONE', ( #7001 ), #1005, .F. ) ;
#8510 = CARTESIAN_POINT ( 'NONE',  ( 0.1332132034362550100, 0.02800000000002972300, -0.02500000000000642700 ) ) ;
#8511 = EDGE_CURVE ( 'NONE', #9370, #954, #1531, .T. ) ;
#8512 = PERSON_AND_ORGANIZATION ( #6536, #5561 ) ;
#8513 = ORIENTED_EDGE ( 'NONE', *, *, #5930, .T. ) ;
#8514 = VERTEX_POINT ( 'NONE', #637 ) ;
#8515 = CARTESIAN_POINT ( 'NONE',  ( 0.7374999999999998200, 0.2699999999999999100, -0.2220000000000000600 ) ) ;
#8516 = ORIENTED_EDGE ( 'NONE', *, *, #4338, .T. ) ;
#8517 = CARTESIAN_POINT ( 'NONE',  ( 0.1462162912680296200, 0.05783340005650342000, -0.02491670002910803500 ) ) ;
#8518 = AXIS2_PLACEMENT_3D ( 'NONE', #4284, #9057, #5022 ) ;
#8519 = DATE_AND_TIME ( #1009, #3126 ) ;
#8520 = ORIENTED_EDGE ( 'NONE', *, *, #1063, .T. ) ;
#8521 = DIRECTION ( 'NONE',  ( -0.0000000000000000000, -0.0000000000000000000, 1.000000000000000000 ) ) ;
#8522 = EDGE_CURVE ( 'NONE', #5748, #4918, #4889, .T. ) ;
#8523 = EDGE_CURVE ( 'NONE', #6250, #4968, #6777, .T. ) ;
#8524 = VERTEX_POINT ( 'NONE', #1174 ) ;
#8525 = DIRECTION ( 'NONE',  ( -4.313434190716670600E-014, 9.125743083152196300E-014, 1.000000000000000000 ) ) ;
#8526 = LINE ( 'NONE', #6863, #4867 ) ;
#8527 = VERTEX_POINT ( 'NONE', #6842 ) ;
#8528 = CC_DESIGN_DATE_AND_TIME_ASSIGNMENT ( #114, #4520, ( #6745 ) ) ;
#8529 = VERTEX_POINT ( 'NONE', #6042 ) ;
#8530 =( REPRESENTATION_RELATIONSHIP ('NONE','NONE', #1285, #7662 ) REPRESENTATION_RELATIONSHIP_WITH_TRANSFORMATION ( #1725 )SHAPE_REPRESENTATION_RELATIONSHIP( ) );
#8531 = EDGE_CURVE ( 'NONE', #3449, #4552, #2638, .T. ) ;
#8532 = DIRECTION ( 'NONE',  ( 0.0000000000000000000, 0.0000000000000000000, -1.000000000000000000 ) ) ;
#8533 = LINE ( 'NONE', #291, #8338 ) ;
#8534 = ORIENTED_EDGE ( 'NONE', *, *, #7170, .T. ) ;
#8535 = ORIENTED_EDGE ( 'NONE', *, *, #2800, .F. ) ;
#8536 = ORIENTED_EDGE ( 'NONE', *, *, #8330, .T. ) ;
#8537 = VECTOR ( 'NONE', #3277, 39.37007874015748100 ) ;
#8538 = VERTEX_POINT ( 'NONE', #773 ) ;
#8539 = EDGE_CURVE ( 'NONE', #4974, #5121, #4657, .T. ) ;
#8540 = DIRECTION ( 'NONE',  ( 0.0000000000000000000, 1.000000000000000000, 1.707404996040164500E-016 ) ) ;
#8541 = DIRECTION ( 'NONE',  ( -1.000000000000000000, 0.0000000000000000000, -0.0000000000000000000 ) ) ;
#8542 = CARTESIAN_POINT ( 'NONE',  ( 0.1478113162178109300, 0.08117688916757583000, -0.02500000000095082800 ) ) ;
#8543 = AXIS2_PLACEMENT_3D ( 'NONE', #21, #8920, #934 ) ;
#8544 = DIRECTION ( 'NONE',  ( 1.000000000000000000, 0.0000000000000000000, 0.0000000000000000000 ) ) ;
#8545 = ADVANCED_FACE ( 'NONE', ( #8145 ), #6667, .T. ) ;
#8546 = FACE_BOUND ( 'NONE', #335, .T. ) ;
#8547 = VERTEX_POINT ( 'NONE', #5232 ) ;
#8548 = FACE_OUTER_BOUND ( 'NONE', #8776, .T. ) ;
#8549 = PLANE ( 'NONE',  #8333 ) ;
#8550 = FACE_OUTER_BOUND ( 'NONE', #410, .T. ) ;
#8551 = EDGE_CURVE ( 'NONE', #6623, #7171, #785, .T. ) ;
#8552 = FACE_OUTER_BOUND ( 'NONE', #3234, .T. ) ;
#8553 = AXIS2_PLACEMENT_3D ( 'NONE', #4207, #1115, #1127 ) ;
#8554 = CARTESIAN_POINT ( 'NONE',  ( 0.9449781569731790000, 0.0000000000000000000, -0.01000000000000000000 ) ) ;
#8555 = LINE ( 'NONE', #1891, #4911 ) ;
#8556 = FACE_OUTER_BOUND ( 'NONE', #2420, .T. ) ;
#8557 = ORIENTED_EDGE ( 'NONE', *, *, #895, .F. ) ;
#8558 = LINE ( 'NONE', #6253, #585 ) ;
#8559 = AXIS2_PLACEMENT_3D ( 'NONE', #5879, #7336, #9033 ) ;
#8560 = CARTESIAN_POINT ( 'NONE',  ( 0.8974999999999999600, 0.3450000000000002000, -0.09750000000000001700 ) ) ;
#8561 = EDGE_CURVE ( 'NONE', #1968, #8885, #6356, .T. ) ;
#8562 = EDGE_CURVE ( 'NONE', #1245, #3938, #296, .T. ) ;
#8563 = DIRECTION ( 'NONE',  ( 0.0000000000000000000, 1.000000000000000000, -0.0000000000000000000 ) ) ;
#8564 = DIRECTION ( 'NONE',  ( -0.0000000000000000000, -0.0000000000000000000, 1.000000000000000000 ) ) ;
#8565 = VECTOR ( 'NONE', #1822, 39.37007874015748100 ) ;
#8566 = LINE ( 'NONE', #645, #827 ) ;
#8567 = ADVANCED_FACE ( 'NONE', ( #2153, #4435, #7951, #4204, #45, #7749, #5919 ), #6034, .T. ) ;
#8568 = DIRECTION ( 'NONE',  ( -0.0000000000000000000, -0.0000000000000000000, 1.000000000000000000 ) ) ;
#8569 = ORIENTED_EDGE ( 'NONE', *, *, #3561, .F. ) ;
#8570 = SECURITY_CLASSIFICATION ( '', '', #4364 ) ;
#8571 = LINE ( 'NONE', #829, #2940 ) ;
#8572 = VECTOR ( 'NONE', #6992, 39.37007874015748100 ) ;
#8573 = CARTESIAN_POINT ( 'NONE',  ( 0.9974999999999999400, 0.5999999999999999800, -0.2610000000000000700 ) ) ;
#8574 = VECTOR ( 'NONE', #8563, 39.37007874015748100 ) ;
#8575 = EDGE_CURVE ( 'NONE', #2978, #1923, #9217, .T. ) ;
#8576 = ORIENTED_EDGE ( 'NONE', *, *, #9211, .T. ) ;
#8577 = COORDINATED_UNIVERSAL_TIME_OFFSET ( 5, 0, .BEHIND. ) ;
#8578 = DATE_AND_TIME ( #1087, #3214 ) ;
#8579 = PERSON_AND_ORGANIZATION_ROLE ( 'classification_officer' ) ;
#8580 = LINE ( 'NONE', #3716, #4940 ) ;
#8581 = CIRCLE ( 'NONE', #4738, 0.009815670203803203800 ) ;
#8582 = ADVANCED_FACE ( 'NONE', ( #1913 ), #6685, .F. ) ;
#8583 = DIRECTION ( 'NONE',  ( 0.0000000000000000000, 1.000000000000000000, 4.553079989440425900E-016 ) ) ;
#8584 = EDGE_CURVE ( 'NONE', #2587, #866, #1652, .T. ) ;
#8585 = ORIENTED_EDGE ( 'NONE', *, *, #8618, .F. ) ;
#8586 = AXIS2_PLACEMENT_3D ( 'NONE', #2442, #3252, #8192 ) ;
#8587 = COORDINATED_UNIVERSAL_TIME_OFFSET ( 5, 0, .BEHIND. ) ;
#8588 = FACE_OUTER_BOUND ( 'NONE', #7904, .T. ) ;
#8589 = VECTOR ( 'NONE', #7896, 39.37007874015748100 ) ;
#8590 = CARTESIAN_POINT ( 'NONE',  ( 0.5506336065353099100, 0.3250000000000201600, -0.01000000000000000000 ) ) ;
#8591 = CARTESIAN_POINT ( 'NONE',  ( 0.9374999999999998900, 0.05000000000000001000, -0.09750000000000000300 ) ) ;
#8592 = EDGE_LOOP ( 'NONE', ( #8957, #3032, #5205, #4898 ) ) ;
#8593 = DIRECTION ( 'NONE',  ( -0.0000000000000000000, 0.0000000000000000000, -1.000000000000000000 ) ) ;
#8594 = LINE ( 'NONE', #64, #4963 ) ;
#8595 = DIRECTION ( 'NONE',  ( 0.0000000000000000000, 0.0000000000000000000, -1.000000000000000000 ) ) ;
#8596 = AXIS2_PLACEMENT_3D ( 'NONE', #2316, #6889, #2503 ) ;
#8597 = ORIENTED_EDGE ( 'NONE', *, *, #5154, .T. ) ;
#8598 = ORIENTED_EDGE ( 'NONE', *, *, #9041, .F. ) ;
#8599 = EDGE_CURVE ( 'NONE', #8030, #7943, #5698, .T. ) ;
#8600 = VERTEX_POINT ( 'NONE', #6197 ) ;
#8601 = DIRECTION ( 'NONE',  ( -1.000000000000000000, -0.0000000000000000000, -0.0000000000000000000 ) ) ;
#8602 = VERTEX_POINT ( 'NONE', #8573 ) ;
#8603 = CALENDAR_DATE ( 2019, 15, 10 ) ;
#8604 = ORIENTED_EDGE ( 'NONE', *, *, #480, .T. ) ;
#8605 = DATE_TIME_ROLE ( 'classification_date' ) ;
#8606 = AXIS2_PLACEMENT_3D ( 'NONE', #9336, #8230, #8657 ) ;
#8607 = DIRECTION ( 'NONE',  ( -0.0000000000000000000, 1.000000000000000000, -0.0000000000000000000 ) ) ;
#8608 = EDGE_CURVE ( 'NONE', #2227, #1863, #3515, .T. ) ;
#8609 = EDGE_LOOP ( 'NONE', ( #8088, #8188, #8116, #8301 ) ) ;
#8610 = ORIENTED_EDGE ( 'NONE', *, *, #4702, .F. ) ;
#8611 = CARTESIAN_POINT ( 'NONE',  ( 0.9374999999999998900, 0.3450000000000002000, -0.2725000000000000200 ) ) ;
#8612 = AXIS2_PLACEMENT_3D ( 'NONE', #7012, #2623, #7699 ) ;
#8613 = ORIENTED_EDGE ( 'NONE', *, *, #1355, .T. ) ;
#8614 = DIRECTION ( 'NONE',  ( -1.000000000000000000, -1.106190048104503000E-013, 4.313434190744403800E-014 ) ) ;
#8615 = CYLINDRICAL_SURFACE ( 'NONE', #4647, 0.03999999999999998000 ) ;
#8616 = ORIENTED_EDGE ( 'NONE', *, *, #3978, .T. ) ;
#8617 = EDGE_CURVE ( 'NONE', #854, #2463, #5466, .T. ) ;
#8618 = EDGE_CURVE ( 'NONE', #2473, #3572, #3742, .T. ) ;
#8619 = PLANE ( 'NONE',  #926 ) ;
#8620 = CARTESIAN_POINT ( 'NONE',  ( 0.3674999999999998300, 0.2699999999999999100, -0.2210000000000000900 ) ) ;
#8621 = CARTESIAN_POINT ( 'NONE',  ( 0.5374999999999999800, 0.3450000000000002000, -0.09750000000000003100 ) ) ;
#8622 = ORIENTED_EDGE ( 'NONE', *, *, #7261, .F. ) ;
#8623 = CARTESIAN_POINT ( 'NONE',  ( 0.5837132034361299800, 0.01600000000007792400, -0.009000000000524883300 ) ) ;
#8624 = DIRECTION ( 'NONE',  ( -1.000000000000000000, -0.0000000000000000000, -0.0000000000000000000 ) ) ;
#8625 = VECTOR ( 'NONE', #5007, 39.37007874015748100 ) ;
#8626 = ORIENTED_EDGE ( 'NONE', *, *, #5164, .F. ) ;
#8627 = DIRECTION ( 'NONE',  ( -1.000000000000000000, -4.153954829891640800E-015, 0.0000000000000000000 ) ) ;
#8628 = EDGE_CURVE ( 'NONE', #2798, #5299, #8809, .T. ) ;
#8629 = APPROVAL_ROLE ( '' ) ;
#8630 = CARTESIAN_POINT ( 'NONE',  ( 0.5802132034365066200, 0.03750000000017285300, 0.02499999999985672000 ) ) ;
#8631 = ORIENTED_EDGE ( 'NONE', *, *, #647, .F. ) ;
#8632 = LINE ( 'NONE', #5760, #1167 ) ;
#8633 = VERTEX_POINT ( 'NONE', #8591 ) ;
#8634 = ORIENTED_EDGE ( 'NONE', *, *, #8428, .F. ) ;
#8635 = DIRECTION ( 'NONE',  ( 1.000000000000000000, 0.0000000000000000000, 0.0000000000000000000 ) ) ;
#8636 = CARTESIAN_POINT ( 'NONE',  ( 0.3361881571572565300, 0.02550000000001320700, -0.006000000000084568800 ) ) ;
#8637 = LINE ( 'NONE', #507, #4556 ) ;
#8638 = ORIENTED_EDGE ( 'NONE', *, *, #6229, .T. ) ;
#8639 = VECTOR ( 'NONE', #795, 39.37007874015748100 ) ;
#8640 = CARTESIAN_POINT ( 'NONE',  ( 0.5940679471871664900, 0.4094147637527243400, -0.01000000000000000000 ) ) ;
#8641 = CARTESIAN_POINT ( 'NONE',  ( 0.1597132034361821700, 0.05750000000009773000, 0.005999999999102195700 ) ) ;
#8642 = FACE_OUTER_BOUND ( 'NONE', #477, .T. ) ;
#8643 = DIRECTION ( 'NONE',  ( -4.153954829891640800E-015, 1.000000000000000000, 0.0000000000000000000 ) ) ;
#8644 = DIRECTION ( 'NONE',  ( -1.000000000000000000, -0.0000000000000000000, -0.0000000000000000000 ) ) ;
#8645 = FACE_OUTER_BOUND ( 'NONE', #4585, .T. ) ;
#8646 = DIRECTION ( 'NONE',  ( 1.000000000000000000, 1.108302649210530400E-013, -4.313434190793084700E-014 ) ) ;
#8647 = LINE ( 'NONE', #2624, #1441 ) ;
#8648 = CARTESIAN_POINT ( 'NONE',  ( 0.9449781569731658900, 0.3831578454992597400, 0.0000000000000000000 ) ) ;
#8649 = DIRECTION ( 'NONE',  ( 0.0000000000000000000, 1.000000000000000000, -0.0000000000000000000 ) ) ;
#8650 = EDGE_CURVE ( 'NONE', #2142, #3623, #9025, .T. ) ;
#8651 = LINE ( 'NONE', #1132, #693 ) ;
#8652 = LINE ( 'NONE', #6203, #8068 ) ;
#8653 = ORIENTED_EDGE ( 'NONE', *, *, #3165, .F. ) ;
#8654 = APPROVAL_STATUS ( 'not_yet_approved' ) ;
#8655 = VECTOR ( 'NONE', #6896, 39.37007874015748100 ) ;
#8656 = CARTESIAN_POINT ( 'NONE',  ( 0.7374999999999998200, 0.2700000000000001800, -0.1480000000000000200 ) ) ;
#8657 = DIRECTION ( 'NONE',  ( -1.000000000000000000, 0.0000000000000000000, 0.0000000000000000000 ) ) ;
#8658 = CIRCLE ( 'NONE', #5208, 0.006870969142663253800 ) ;
#8659 = AXIS2_PLACEMENT_3D ( 'NONE', #4642, #7911, #4993 ) ;
#8660 = DIRECTION ( 'NONE',  ( -0.0000000000000000000, 0.0000000000000000000, 1.000000000000000000 ) ) ;
#8661 = LINE ( 'NONE', #7828, #6701 ) ;
#8662 = CARTESIAN_POINT ( 'NONE',  ( 0.5371370600051095200, 0.2405852362473084000, 0.0000000000000000000 ) ) ;
#8663 = LINE ( 'NONE', #7964, #5058 ) ;
#8664 = EDGE_CURVE ( 'NONE', #1386, #3371, #1154, .T. ) ;
#8665 = ORIENTED_EDGE ( 'NONE', *, *, #2228, .T. ) ;
#8666 = EDGE_CURVE ( 'NONE', #6316, #2655, #5247, .T. ) ;
#8667 = ORIENTED_EDGE ( 'NONE', *, *, #8562, .T. ) ;
#8668 = APPROVAL_PERSON_ORGANIZATION ( #1215, #1778, #3746 ) ;
#8669 = LINE ( 'NONE', #4800, #5067 ) ;
#8670 = CIRCLE ( 'NONE', #4060, 0.009815670203805868300 ) ;
#8671 = LINE ( 'NONE', #775, #1223 ) ;
#8672 = CARTESIAN_POINT ( 'NONE',  ( 0.5575045756779977200, 0.2337142671046477700, -0.01000000000000000000 ) ) ;
#8673 = DIRECTION ( 'NONE',  ( 1.000000000000000000, 0.0000000000000000000, 3.104372720073026700E-015 ) ) ;
#8674 = CC_DESIGN_APPROVAL ( #8261, ( #7385 ) ) ;
#8675 = ORIENTED_EDGE ( 'NONE', *, *, #7905, .T. ) ;
#8676 = APPROVAL_DATE_TIME ( #1228, #6177 ) ;
#8677 = PLANE ( 'NONE',  #5695 ) ;
#8678 = DATE_AND_TIME ( #1229, #3344 ) ;
#8679 = CYLINDRICAL_SURFACE ( 'NONE', #8445, 0.03099999999999998900 ) ;
#8680 = EDGE_CURVE ( 'NONE', #4674, #2533, #6885, .T. ) ;
#8681 = VECTOR ( 'NONE', #744, 39.37007874015748100 ) ;
#8682 = CARTESIAN_POINT ( 'NONE',  ( 1.042500000000000200, 0.0000000000000000000, -0.1499999999999999900 ) ) ;
#8683 = VERTEX_POINT ( 'NONE', #1336 ) ;
#8684 = SECURITY_CLASSIFICATION_LEVEL ( 'unclassified' ) ;
#8685 = FACE_OUTER_BOUND ( 'NONE', #8795, .T. ) ;
#8686 = EDGE_CURVE ( 'NONE', #8815, #2728, #4768, .T. ) ;
#8687 = DIRECTION ( 'NONE',  ( 1.000000000000000000, 1.108302649211572400E-013, -4.326239728263341400E-014 ) ) ;
#8688 = ORIENTED_EDGE ( 'NONE', *, *, #5043, .T. ) ;
#8689 = CARTESIAN_POINT ( 'NONE',  ( 0.7374999999999998200, 0.5999999999999999800, -0.07249999999999998100 ) ) ;
#8690 = ORIENTED_EDGE ( 'NONE', *, *, #4477, .T. ) ;
#8691 = VECTOR ( 'NONE', #3980, 39.37007874015748100 ) ;
#8692 = ORIENTED_EDGE ( 'NONE', *, *, #6130, .F. ) ;
#8693 = DIRECTION ( 'NONE',  ( 0.0000000000000000000, 0.0000000000000000000, 1.000000000000000000 ) ) ;
#8694 = PERSON_AND_ORGANIZATION ( #6536, #5561 ) ;
#8695 = ORIENTED_EDGE ( 'NONE', *, *, #6168, .T. ) ;
#8696 = ORIENTED_EDGE ( 'NONE', *, *, #6240, .F. ) ;
#8697 = AXIS2_PLACEMENT_3D ( 'NONE', #5872, #3755, #8397 ) ;
#8698 = DIRECTION ( 'NONE',  ( 1.000000000000000000, 0.0000000000000000000, 8.537024980200836600E-016 ) ) ;
#8699 = ORIENTED_EDGE ( 'NONE', *, *, #630, .T. ) ;
#8700 = EDGE_CURVE ( 'NONE', #7984, #4886, #3014, .T. ) ;
#8701 = ORIENTED_EDGE ( 'NONE', *, *, #2201, .T. ) ;
#8702 = APPROVAL_DATE_TIME ( #1264, #6678 ) ;
#8703 = ORIENTED_EDGE ( 'NONE', *, *, #7992, .T. ) ;
#8704 = AXIS2_PLACEMENT_3D ( 'NONE', #3167, #2256, #2289 ) ;
#8705 = CARTESIAN_POINT ( 'NONE',  ( 0.7923444853039821600, 0.0000000000000000000, -0.01000000000000000000 ) ) ;
#8706 = CARTESIAN_POINT ( 'NONE',  ( 0.6374999999999998400, 0.3450000000000002000, -0.09750000000000003100 ) ) ;
#8707 = EDGE_LOOP ( 'NONE', ( #6239, #4658, #8047, #1488, #8888, #2007, #1505, #1989, #4754 ) ) ;
#8708 = AXIS2_PLACEMENT_3D ( 'NONE', #2050, #2785, #1661 ) ;
#8709 = VECTOR ( 'NONE', #8150, 39.37007874015748100 ) ;
#8710 = ORIENTED_EDGE ( 'NONE', *, *, #5876, .T. ) ;
#8711 = EDGE_CURVE ( 'NONE', #5916, #1218, #666, .T. ) ;
#8712 = ORIENTED_EDGE ( 'NONE', *, *, #7895, .T. ) ;
#8713 = DIRECTION ( 'NONE',  ( 4.313434190716670600E-014, -9.125743083152196300E-014, -1.000000000000000000 ) ) ;
#8714 = VECTOR ( 'NONE', #5626, 39.37007874015748100 ) ;
#8715 = EDGE_LOOP ( 'NONE', ( #6712, #3247, #214, #177 ) ) ;
#8716 = CARTESIAN_POINT ( 'NONE',  ( 0.1464353983168770500, 0.06023401306888048100, -0.003297255666793164300 ) ) ;
#8717 = CC_DESIGN_PERSON_AND_ORGANIZATION_ASSIGNMENT ( #2989, #6467, ( #7434 ) ) ;
#8718 = ORIENTED_EDGE ( 'NONE', *, *, #5575, .F. ) ;
#8719 = EDGE_CURVE ( 'NONE', #1791, #6149, #8242, .T. ) ;
#8720 = CYLINDRICAL_SURFACE ( 'NONE', #5509, 0.009815670203796920600 ) ;
#8721 = ORIENTED_EDGE ( 'NONE', *, *, #6455, .F. ) ;
#8722 = DIRECTION ( 'NONE',  ( 0.0000000000000000000, 0.0000000000000000000, 1.000000000000000000 ) ) ;
#8723 = DIRECTION ( 'NONE',  ( 0.0000000000000000000, -1.000000000000000000, -4.553079989440441700E-016 ) ) ;
#8724 = CARTESIAN_POINT ( 'NONE',  ( 0.5057269153529095900, 0.3632811137948581700, 0.0000000000000000000 ) ) ;
#8725 = DIRECTION ( 'NONE',  ( 0.0000000000000000000, 0.0000000000000000000, 1.000000000000000000 ) ) ;
#8726 = VECTOR ( 'NONE', #9088, 39.37007874015748100 ) ;
#8727 = ORIENTED_EDGE ( 'NONE', *, *, #4964, .F. ) ;
#8728 = VECTOR ( 'NONE', #385, 39.37007874015748100 ) ;
#8729 = EDGE_CURVE ( 'NONE', #4850, #8031, #4543, .T. ) ;
#8730 = AXIS2_PLACEMENT_3D ( 'NONE', #4453, #9207, #5210 ) ;
#8731 = CARTESIAN_POINT ( 'NONE',  ( 1.067500000000000100, 0.5600000000000002800, -0.2210000000000000900 ) ) ;
#8732 = CYLINDRICAL_SURFACE ( 'NONE', #4884, 0.009815670203805868300 ) ;
#8733 = ORIENTED_EDGE ( 'NONE', *, *, #8469, .T. ) ;
#8734 = VECTOR ( 'NONE', #5549, 39.37007874015748100 ) ;
#8735 = DIRECTION ( 'NONE',  ( -1.000000000000000000, -1.106452213969334700E-013, 4.313434190744400600E-014 ) ) ;
#8736 = DIRECTION ( 'NONE',  ( -1.106190048102486900E-013, -1.000000000000000000, -9.125743083008812900E-014 ) ) ;
#8737 = AXIS2_PLACEMENT_3D ( 'NONE', #1381, #2608, #3466 ) ;
#8738 = DIRECTION ( 'NONE',  ( 0.0000000000000000000, 0.0000000000000000000, -1.000000000000000000 ) ) ;
#8739 = VECTOR ( 'NONE', #2913, 39.37007874015748100 ) ;
#8740 = DIRECTION ( 'NONE',  ( -0.0000000000000000000, -0.0000000000000000000, 1.000000000000000000 ) ) ;
#8741 = LINE ( 'NONE', #430, #6589 ) ;
#8742 = CARTESIAN_POINT ( 'NONE',  ( 0.9975000000000000500, 0.5579999999999996100, -0.07249999999999996700 ) ) ;
#8743 = EDGE_CURVE ( 'NONE', #4314, #2587, #420, .T. ) ;
#8744 = VECTOR ( 'NONE', #2953, 39.37007874015748100 ) ;
#8745 = AXIS2_PLACEMENT_3D ( 'NONE', #1240, #1364, #8760 ) ;
#8746 = CARTESIAN_POINT ( 'NONE',  ( 0.1536499778721389700, 0.06956181146273769700, -0.02500000000006324900 ) ) ;
#8747 = VECTOR ( 'NONE', #924, 39.37007874015748100 ) ;
#8748 = LINE ( 'NONE', #2302, #3337 ) ;
#8749 = CARTESIAN_POINT ( 'NONE',  ( 0.8787223830974585400, 0.0000000000000000000, 0.0000000000000000000 ) ) ;
#8750 = CARTESIAN_POINT ( 'NONE',  ( 0.0000000000000000000, 0.3181290308573566100, -0.01000000000000000000 ) ) ;
#8751 = VECTOR ( 'NONE', #1654, 39.37007874015748100 ) ;
#8752 = DIRECTION ( 'NONE',  ( -0.0000000000000000000, 0.0000000000000000000, 1.000000000000000000 ) ) ;
#8753 = ORIENTED_EDGE ( 'NONE', *, *, #7870, .T. ) ;
#8754 = EDGE_CURVE ( 'NONE', #9110, #7303, #6662, .T. ) ;
#8755 = VECTOR ( 'NONE', #6682, 39.37007874015748100 ) ;
#8756 = CARTESIAN_POINT ( 'NONE',  ( 0.3924999999999996800, 0.0000000000000000000, -0.1499999999999999900 ) ) ;
#8757 = VECTOR ( 'NONE', #5622, 39.37007874015748100 ) ;
#8758 = LINE ( 'NONE', #874, #7049 ) ;
#8759 = ORIENTED_EDGE ( 'NONE', *, *, #5497, .T. ) ;
#8760 = DIRECTION ( 'NONE',  ( -1.000000000000000000, -1.106651386322328400E-013, 4.313434190744747700E-014 ) ) ;
#8761 = CARTESIAN_POINT ( 'NONE',  ( 0.4463421106199380000, 0.4133410318342099500, 0.0000000000000000000 ) ) ;
#8762 = VECTOR ( 'NONE', #4198, 39.37007874015748100 ) ;
#8763 = AXIS2_PLACEMENT_3D ( 'NONE', #2222, #7343, #3016 ) ;
#8764 = LINE ( 'NONE', #7939, #3460 ) ;
#8765 = CIRCLE ( 'NONE', #1117, 0.02625691779516779700 ) ;
#8766 = CARTESIAN_POINT ( 'NONE',  ( 0.4374999999999998900, 0.05000000000000014800, -0.2975000000000001000 ) ) ;
#8767 = EDGE_CURVE ( 'NONE', #6876, #5001, #6249, .T. ) ;
#8768 = EDGE_CURVE ( 'NONE', #838, #4497, #7842, .T. ) ;
#8769 = ORIENTED_EDGE ( 'NONE', *, *, #4593, .F. ) ;
#8770 = CARTESIAN_POINT ( 'NONE',  ( 0.6974999999999999000, 0.05000000000000001000, -0.2725000000000000800 ) ) ;
#8771 = ADVANCED_FACE ( 'NONE', ( #2270 ), #5803, .F. ) ;
#8772 = FACE_OUTER_BOUND ( 'NONE', #1162, .T. ) ;
#8773 = DIRECTION ( 'NONE',  ( 0.0000000000000000000, 0.0000000000000000000, -1.000000000000000000 ) ) ;
#8774 = DIRECTION ( 'NONE',  ( -0.0000000000000000000, -0.0000000000000000000, 1.000000000000000000 ) ) ;
#8775 = FACE_OUTER_BOUND ( 'NONE', #2614, .T. ) ;
#8776 = EDGE_LOOP ( 'NONE', ( #3139, #7971, #2938, #9309 ) ) ;
#8777 = DIRECTION ( 'NONE',  ( 0.0000000000000000000, 0.0000000000000000000, -1.000000000000000000 ) ) ;
#8778 = ORIENTED_EDGE ( 'NONE', *, *, #1828, .F. ) ;
#8779 = DIRECTION ( 'NONE',  ( 1.106190048102486900E-013, 1.000000000000000000, 9.125743083008812900E-014 ) ) ;
#8780 = EDGE_CURVE ( 'NONE', #4508, #699, #7626, .T. ) ;
#8781 = CARTESIAN_POINT ( 'NONE',  ( 0.4974999999999998900, 0.05000000000000000300, -0.2975000000000001000 ) ) ;
#8782 = LINE ( 'NONE', #6779, #5215 ) ;
#8783 = VERTEX_POINT ( 'NONE', #3645 ) ;
#8784 = ORIENTED_EDGE ( 'NONE', *, *, #7880, .T. ) ;
#8785 = ORIENTED_EDGE ( 'NONE', *, *, #8664, .T. ) ;
#8786 = ORIENTED_EDGE ( 'NONE', *, *, #7396, .F. ) ;
#8787 = DIRECTION ( 'NONE',  ( -0.0000000000000000000, -1.000000000000000000, -0.0000000000000000000 ) ) ;
#8788 = DIRECTION ( 'NONE',  ( 0.0000000000000000000, 1.352399996863497200E-015, -1.000000000000000000 ) ) ;
#8789 = DATE_AND_TIME ( #1385, #3492 ) ;
#8790 = ORIENTED_EDGE ( 'NONE', *, *, #9318, .F. ) ;
#8791 = CARTESIAN_POINT ( 'NONE',  ( 1.014178631909940200, 0.2366589681657828000, 0.0000000000000000000 ) ) ;
#8792 = CARTESIAN_POINT ( 'NONE',  ( 0.9974999999999999400, 0.2699999999999999100, -0.2210000000000000900 ) ) ;
#8793 = VERTEX_POINT ( 'NONE', #6459 ) ;
#8794 = CARTESIAN_POINT ( 'NONE',  ( 0.2874999999999999800, 0.0000000000000000000, 0.0000000000000000000 ) ) ;
#8795 = EDGE_LOOP ( 'NONE', ( #7103, #8827, #5588, #2138, #1532, #7515, #7507, #9205, #661 ) ) ;
#8796 = CARTESIAN_POINT ( 'NONE',  ( 0.4974999999999998900, 0.5580000000000000500, -0.2610000000000001200 ) ) ;
#8797 = CARTESIAN_POINT ( 'NONE',  ( 0.6374999999999998400, 0.5580000000000000500, -0.2974999999999999900 ) ) ;
#8798 = EDGE_CURVE ( 'NONE', #8973, #6294, #3847, .T. ) ;
#8799 = ORIENTED_EDGE ( 'NONE', *, *, #7954, .T. ) ;
#8800 = CARTESIAN_POINT ( 'NONE',  ( 0.4372132034361879700, 0.02550000000005563400, 0.02499999999956864900 ) ) ;
#8801 = AXIS2_PLACEMENT_3D ( 'NONE', #8813, #3505, #8877 ) ;
#8802 = DIRECTION ( 'NONE',  ( 1.000000000000000000, -0.0000000000000000000, -0.0000000000000000000 ) ) ;
#8803 = FACE_OUTER_BOUND ( 'NONE', #1515, .T. ) ;
#8804 = ORIENTED_EDGE ( 'NONE', *, *, #3547, .T. ) ;
#8805 = ADVANCED_FACE ( 'NONE', ( #2026 ), #1727, .T. ) ;
#8806 = ADVANCED_FACE ( 'NONE', ( #9316 ), #2504, .F. ) ;
#8807 = AXIS2_PLACEMENT_3D ( 'NONE', #5506, #5568, #8268 ) ;
#8808 = ORIENTED_EDGE ( 'NONE', *, *, #3187, .F. ) ;
#8809 = LINE ( 'NONE', #1267, #3274 ) ;
#8810 = ORIENTED_EDGE ( 'NONE', *, *, #4702, .T. ) ;
#8811 = EDGE_CURVE ( 'NONE', #7698, #8527, #7416, .T. ) ;
#8812 = EDGE_CURVE ( 'NONE', #9090, #4685, #9118, .T. ) ;
#8813 = CARTESIAN_POINT ( 'NONE',  ( 0.4974999999999998900, 0.3450000000000002000, -0.09750000000000005900 ) ) ;
#8814 = CARTESIAN_POINT ( 'NONE',  ( 0.9449781569731658900, 0.3637718973050450000, -0.01000000000000000000 ) ) ;
#8815 = VERTEX_POINT ( 'NONE', #1340 ) ;
#8816 = ORIENTED_EDGE ( 'NONE', *, *, #8562, .F. ) ;
#8817 = DIRECTION ( 'NONE',  ( 1.000000000000000000, 0.0000000000000000000, 0.0000000000000000000 ) ) ;
#8818 = CARTESIAN_POINT ( 'NONE',  ( 0.3924999999999996800, 0.05000000000000000300, -0.1499999999999999900 ) ) ;
#8819 = LINE ( 'NONE', #1203, #3284 ) ;
#8820 = ORIENTED_EDGE ( 'NONE', *, *, #5077, .T. ) ;
#8821 = APPROVAL ( #7248, 'UNKNOWN' ) ;
#8822 = ADVANCED_FACE ( 'NONE', ( #1520 ), #7644, .T. ) ;
#8823 = DIRECTION ( 'NONE',  ( 0.0000000000000000000, -1.000000000000000000, 0.0000000000000000000 ) ) ;
#8824 = EDGE_CURVE ( 'NONE', #8441, #8454, #7204, .T. ) ;
#8825 = DIRECTION ( 'NONE',  ( 1.000000000000000000, 0.0000000000000000000, 0.0000000000000000000 ) ) ;
#8826 = LINE ( 'NONE', #2882, #5267 ) ;
#8827 = ORIENTED_EDGE ( 'NONE', *, *, #9091, .T. ) ;
#8828 = CARTESIAN_POINT ( 'NONE',  ( 0.5974999999999999200, 0.3450000000000002000, -0.09750000000000003100 ) ) ;
#8829 = LINE ( 'NONE', #3486, #3532 ) ;
#8830 = CARTESIAN_POINT ( 'NONE',  ( 0.5974999999999999200, 0.2700000000000001800, -0.1480000000000000500 ) ) ;
#8831 = CARTESIAN_POINT ( 'NONE',  ( 0.8374999999999999100, 0.2700000000000001800, -0.1480000000000000200 ) ) ;
#8832 = FACE_OUTER_BOUND ( 'NONE', #4962, .T. ) ;
#8833 = EDGE_CURVE ( 'NONE', #6126, #7309, #1784, .T. ) ;
#8834 = CIRCLE ( 'NONE', #5090, 0.009815670203806754800 ) ;
#8835 = ORIENTED_EDGE ( 'NONE', *, *, #7526, .T. ) ;
#8836 = LINE ( 'NONE', #1860, #5725 ) ;
#8837 = AXIS2_PLACEMENT_3D ( 'NONE', #7969, #8595, #4479 ) ;
#8838 = CARTESIAN_POINT ( 'NONE',  ( 0.7398306497136468700, 0.3416866393464885200, -0.01000000000000000000 ) ) ;
#8839 = DIRECTION ( 'NONE',  ( 1.000000000000000000, 0.0000000000000000000, 0.0000000000000000000 ) ) ;
#8840 = DIRECTION ( 'NONE',  ( -1.000000000000000000, -1.104980969135427500E-013, 4.316835273007209500E-014 ) ) ;
#8841 = CARTESIAN_POINT ( 'NONE',  ( 0.7374999999999998200, 0.5580000000000000500, -0.2974999999999999900 ) ) ;
#8842 = CARTESIAN_POINT ( 'NONE',  ( 0.5374999999999999800, 0.3450000000000001400, -0.1480000000000000200 ) ) ;
#8843 = LINE ( 'NONE', #1129, #1446 ) ;
#8844 = VECTOR ( 'NONE', #9133, 39.37007874015748100 ) ;
#8845 = ORIENTED_EDGE ( 'NONE', *, *, #2287, .T. ) ;
#8846 = VERTEX_POINT ( 'NONE', #2603 ) ;
#8847 = VECTOR ( 'NONE', #1999, 39.37007874015748100 ) ;
#8848 = DIRECTION ( 'NONE',  ( 0.0000000000000000000, -3.691686477924679400E-015, -1.000000000000000000 ) ) ;
#8849 = ADVANCED_FACE ( 'NONE', ( #1280 ), #7680, .F. ) ;
#8850 = AXIS2_PLACEMENT_3D ( 'NONE', #2433, #9082, #1771 ) ;
#8851 = CARTESIAN_POINT ( 'NONE',  ( 0.5371370600050839900, 0.3181290308573566100, -0.01000000000000000000 ) ) ;
#8852 = CARTESIAN_POINT ( 'NONE',  ( 0.5974999999999999200, 0.3450000000000002000, -0.2725000000000000200 ) ) ;
#8853 = EDGE_CURVE ( 'NONE', #1519, #2859, #6993, .T. ) ;
#8854 = VECTOR ( 'NONE', #5325, 39.37007874015748100 ) ;
#8855 = VECTOR ( 'NONE', #1393, 39.37007874015748100 ) ;
#8856 = AXIS2_PLACEMENT_3D ( 'NONE', #7638, #7634, #7520 ) ;
#8857 = VECTOR ( 'NONE', #2041, 39.37007874015748100 ) ;
#8858 = CARTESIAN_POINT ( 'NONE',  ( 0.5802132034362564900, 0.03750000000006306600, -0.01250000000013270400 ) ) ;
#8859 = CARTESIAN_POINT ( 'NONE',  ( 1.042500000000000200, 0.05000000000000000300, -0.2725000000000000200 ) ) ;
#8860 = DIRECTION ( 'NONE',  ( 0.0000000000000000000, 1.352399996863497400E-015, -1.000000000000000000 ) ) ;
#8861 = VERTEX_POINT ( 'NONE', #8950 ) ;
#8862 = CALENDAR_DATE ( 2019, 15, 10 ) ;
#8863 = DIRECTION ( 'NONE',  ( -0.0000000000000000000, 0.0000000000000000000, 1.000000000000000000 ) ) ;
#8864 = DIRECTION ( 'NONE',  ( -0.5773502691896269500, 0.5773502691896230700, 0.5773502691896269500 ) ) ;
#8865 = DIRECTION ( 'NONE',  ( 0.0000000000000000000, -1.000000000000000000, -1.979599995408885400E-016 ) ) ;
#8866 = LINE ( 'NONE', #4222, #7157 ) ;
#8867 = AXIS2_PLACEMENT_3D ( 'NONE', #2265, #1074, #2936 ) ;
#8868 = CIRCLE ( 'NONE', #1456, 0.02649999999999999200 ) ;
#8869 = DIRECTION ( 'NONE',  ( 0.0000000000000000000, -1.000000000000000000, -1.352399996863497400E-015 ) ) ;
#8870 = EDGE_CURVE ( 'NONE', #249, #282, #5357, .T. ) ;
#8871 = ORIENTED_EDGE ( 'NONE', *, *, #5094, .T. ) ;
#8872 = ADVANCED_FACE ( 'NONE', ( #5578 ), #4879, .T. ) ;
#8873 = DATE_AND_TIME ( #1474, #3574 ) ;
#8874 = CALENDAR_DATE ( 2019, 15, 10 ) ;
#8875 = VECTOR ( 'NONE', #6890, 39.37007874015748100 ) ;
#8876 = LINE ( 'NONE', #3863, #5757 ) ;
#8877 = DIRECTION ( 'NONE',  ( -0.0000000000000000000, 0.0000000000000000000, -1.000000000000000000 ) ) ;
#8878 = PLANE ( 'NONE',  #5303 ) ;
#8879 = APPROVAL ( #8427, 'UNSPECIFIED' ) ;
#8880 = PLANE ( 'NONE',  #5556 ) ;
#8881 = ORIENTED_EDGE ( 'NONE', *, *, #7538, .T. ) ;
#8882 =( CONVERSION_BASED_UNIT ( 'INCH', #3725 ) LENGTH_UNIT ( ) NAMED_UNIT ( #1437 ) );
#8883 = FACE_OUTER_BOUND ( 'NONE', #7924, .T. ) ;
#8884 = EDGE_CURVE ( 'NONE', #9030, #4968, #6769, .T. ) ;
#8885 = VERTEX_POINT ( 'NONE', #8358 ) ;
#8886 = LINE ( 'NONE', #5450, #1485 ) ;
#8887 = CARTESIAN_POINT ( 'NONE',  ( 0.5974999999999999200, 0.5180000000000000200, -0.1489999999999998500 ) ) ;
#8888 = ORIENTED_EDGE ( 'NONE', *, *, #7538, .F. ) ;
#8889 = DIRECTION ( 'NONE',  ( -0.0000000000000000000, -1.000000000000000000, -4.553079989440441700E-016 ) ) ;
#8890 = VERTEX_POINT ( 'NONE', #8985 ) ;
#8891 = CARTESIAN_POINT ( 'NONE',  ( 0.7496463199174502300, 0.3181290308573484500, -0.01000000000000000000 ) ) ;
#8892 = ORIENTED_EDGE ( 'NONE', *, *, #597, .T. ) ;
#8893 = EDGE_CURVE ( 'NONE', #3745, #3001, #8533, .T. ) ;
#8894 = CALENDAR_DATE ( 2019, 15, 10 ) ;
#8895 = ORIENTED_EDGE ( 'NONE', *, *, #8449, .T. ) ;
#8896 = SECURITY_CLASSIFICATION ( '', '', #8684 ) ;
#8897 = ADVANCED_FACE ( 'NONE', ( #2884 ), #1072, .F. ) ;
#8898 = ORIENTED_EDGE ( 'NONE', *, *, #7411, .F. ) ;
#8899 = APPROVAL_PERSON_ORGANIZATION ( #1504, #6678, #2732 ) ;
#8900 = ORIENTED_EDGE ( 'NONE', *, *, #3506, .F. ) ;
#8901 = CARTESIAN_POINT ( 'NONE',  ( 0.7825288151001877900, 0.3083133606535526400, -0.01000000000000000000 ) ) ;
#8902 = DIRECTION ( 'NONE',  ( 0.0000000000000000000, -1.352399996863497400E-015, -1.000000000000000000 ) ) ;
#8903 = DIRECTION ( 'NONE',  ( 0.0000000000000000000, -1.871128762783745300E-015, 1.000000000000000000 ) ) ;
#8904 = VERTEX_POINT ( 'NONE', #4214 ) ;
#8905 = EDGE_CURVE ( 'NONE', #27, #1575, #6559, .T. ) ;
#8906 = VECTOR ( 'NONE', #1591, 39.37007874015748100 ) ;
#8907 = ORIENTED_EDGE ( 'NONE', *, *, #1112, .T. ) ;
#8908 = DIRECTION ( 'NONE',  ( 0.0000000000000000000, 0.0000000000000000000, 1.000000000000000000 ) ) ;
#8909 = CARTESIAN_POINT ( 'NONE',  ( 0.1332132034362424300, 0.05750000000011540300, -0.02475000000106574900 ) ) ;
#8910 = ADVANCED_FACE ( 'NONE', ( #4649 ), #7064, .T. ) ;
#8911 = CARTESIAN_POINT ( 'NONE',  ( 1.042500000000000200, 0.05000000000000000300, -0.2975000000000001000 ) ) ;
#8912 = ORIENTED_EDGE ( 'NONE', *, *, #6309, .F. ) ;
#8913 = PLANE ( 'NONE',  #723 ) ;
#8914 = AXIS2_PLACEMENT_3D ( 'NONE', #2233, #1988, #1984 ) ;
#8915 = VECTOR ( 'NONE', #1013, 39.37007874015748100 ) ;
#8916 = ORIENTED_EDGE ( 'NONE', *, *, #1001, .T. ) ;
#8917 = CARTESIAN_POINT ( 'NONE',  ( 0.6374999999999998400, 0.5580000000000000500, -0.09750000000000043400 ) ) ;
#8918 = EDGE_CURVE ( 'NONE', #1636, #6994, #3146, .T. ) ;
#8919 = ADVANCED_BREP_SHAPE_REPRESENTATION ( '', ( #2028, #2951 ), #3973 ) ;
#8920 = DIRECTION ( 'NONE',  ( -0.0000000000000000000, -0.0000000000000000000, 1.000000000000000000 ) ) ;
#8921 = PLANE ( 'NONE',  #8391 ) ;
#8922 = ORIENTED_EDGE ( 'NONE', *, *, #122, .T. ) ;
#8923 = ORIENTED_EDGE ( 'NONE', *, *, #4858, .F. ) ;
#8924 = LINE ( 'NONE', #3287, #5362 ) ;
#8925 = VERTEX_POINT ( 'NONE', #8410 ) ;
#8926 = AXIS2_PLACEMENT_3D ( 'NONE', #5662, #1111, #6389 ) ;
#8927 = CARTESIAN_POINT ( 'NONE',  ( 0.9974999999999999400, 0.5600000000000002800, -0.2210000000000000900 ) ) ;
#8928 = DIRECTION ( 'NONE',  ( -0.8934675157486070600, -0.4491278195592125500, -2.447117620129859400E-015 ) ) ;
#8929 = CARTESIAN_POINT ( 'NONE',  ( 0.8374999999999999100, 0.3450000000000002000, -0.09750000000000001700 ) ) ;
#8930 = CARTESIAN_POINT ( 'NONE',  ( 0.1597132034360574700, 0.05750000000003179700, 0.02499999999920544900 ) ) ;
#8931 = EDGE_CURVE ( 'NONE', #562, #7950, #4426, .T. ) ;
#8932 = CARTESIAN_POINT ( 'NONE',  ( 0.2874999999999999800, 0.0000000000000000000, 0.0000000000000000000 ) ) ;
#8933 = EDGE_CURVE ( 'NONE', #8176, #1961, #8141, .T. ) ;
#8934 = CARTESIAN_POINT ( 'NONE',  ( 0.3674999999999998300, 0.2699999999999999100, -0.2210000000000000900 ) ) ;
#8935 = FACE_OUTER_BOUND ( 'NONE', #6137, .T. ) ;
#8936 = VERTEX_POINT ( 'NONE', #4248 ) ;
#8937 = ORIENTED_EDGE ( 'NONE', *, *, #6111, .F. ) ;
#8938 = VECTOR ( 'NONE', #9071, 39.37007874015748100 ) ;
#8939 = DIRECTION ( 'NONE',  ( -7.695514003109069900E-012, -1.000000000000000000, 9.451375437536511700E-013 ) ) ;
#8940 = CARTESIAN_POINT ( 'NONE',  ( 1.067500000000000100, 0.2699999999999999100, -0.2210000000000000900 ) ) ;
#8941 = VECTOR ( 'NONE', #8864, 39.37007874015748900 ) ;
#8942 = CC_DESIGN_PERSON_AND_ORGANIZATION_ASSIGNMENT ( #5755, #9267, ( #6745 ) ) ;
#8943 = VECTOR ( 'NONE', #5438, 39.37007874015748100 ) ;
#8944 = ORIENTED_EDGE ( 'NONE', *, *, #5225, .F. ) ;
#8945 = CARTESIAN_POINT ( 'NONE',  ( 0.5624999999999998900, 0.5180000000000000200, -0.2210000000000000600 ) ) ;
#8946 = VECTOR ( 'NONE', #3278, 39.37007874015748100 ) ;
#8947 = EDGE_CURVE ( 'NONE', #684, #5422, #287, .T. ) ;
#8948 = CARTESIAN_POINT ( 'NONE',  ( 0.5374999999999999800, 0.5180000000000000200, -0.2210000000000001100 ) ) ;
#8949 = CARTESIAN_POINT ( 'NONE',  ( 0.6374999999999998400, 0.3450000000000001400, -0.1480000000000000200 ) ) ;
#8950 = CARTESIAN_POINT ( 'NONE',  ( 0.2068417218040509200, 0.1108502649549974000, -0.006000000000713166600 ) ) ;
#8951 = DIRECTION ( 'NONE',  ( 1.000000000000000000, 0.0000000000000000000, 0.0000000000000000000 ) ) ;
#8952 = VECTOR ( 'NONE', #2589, 39.37007874015748100 ) ;
#8953 = CARTESIAN_POINT ( 'NONE',  ( -0.0000000000000000000, 0.3539562271012334200, 0.0000000000000000000 ) ) ;
#8954 = DIRECTION ( 'NONE',  ( 1.000000000000000000, 0.0000000000000000000, -0.0000000000000000000 ) ) ;
#8955 = PLANE ( 'NONE',  #5433 ) ;
#8956 = VECTOR ( 'NONE', #204, 39.37007874015748100 ) ;
#8957 = ORIENTED_EDGE ( 'NONE', *, *, #6490, .F. ) ;
#8958 = VECTOR ( 'NONE', #6572, 39.37007874015748100 ) ;
#8959 = DIRECTION ( 'NONE',  ( 1.000000000000000000, 0.0000000000000000000, 0.0000000000000000000 ) ) ;
#8960 = EDGE_CURVE ( 'NONE', #141, #5583, #7945, .T. ) ;
#8961 = ADVANCED_FACE ( 'NONE', ( #6131 ), #3536, .T. ) ;
#8962 = LINE ( 'NONE', #2273, #1567 ) ;
#8963 = AXIS2_PLACEMENT_3D ( 'NONE', #6443, #1379, #9223 ) ;
#8964 = LINE ( 'NONE', #6481, #5391 ) ;
#8965 = VECTOR ( 'NONE', #1635, 39.37007874015748100 ) ;
#8966 = CARTESIAN_POINT ( 'NONE',  ( 0.7923444853039846000, 0.3083133606535432600, -0.01000000000000000000 ) ) ;
#8967 = EDGE_LOOP ( 'NONE', ( #2378, #7306, #4074, #5355 ) ) ;
#8968 = VECTOR ( 'NONE', #1055, 39.37007874015748100 ) ;
#8969 = CIRCLE ( 'NONE', #194, 0.03141014465217188000 ) ;
#8970 = ORIENTED_EDGE ( 'NONE', *, *, #1233, .F. ) ;
#8971 = CARTESIAN_POINT ( 'NONE',  ( 0.6674999999979282000, 0.6712132034341641300, -0.05999999999894796400 ) ) ;
#8972 = LINE ( 'NONE', #8830, #3453 ) ;
#8973 = VERTEX_POINT ( 'NONE', #1148 ) ;
#8974 = CARTESIAN_POINT ( 'NONE',  ( 0.5802132034365066200, 0.03750000000017285300, 0.02499999999985672000 ) ) ;
#8975 = ORIENTED_EDGE ( 'NONE', *, *, #6931, .T. ) ;
#8976 = PERSON_AND_ORGANIZATION ( #6037, #1584 ) ;
#8977 = CARTESIAN_POINT ( 'NONE',  ( 0.6374999999999998400, 0.2699999999999999100, -0.2220000000000000600 ) ) ;
#8978 = EDGE_CURVE ( 'NONE', #4000, #2463, #2145, .T. ) ;
#8979 = ORGANIZATION ( 'NAUO-ORG12', 'UNSPECIFIED', 'UNSPECIFIED' ) ;
#8980 = AXIS2_PLACEMENT_3D ( 'NONE', #302, #315, #329 ) ;
#8981 = CIRCLE ( 'NONE', #5072, 0.06350000000000001500 ) ;
#8982 = PLANE ( 'NONE',  #2315 ) ;
#8983 = DIRECTION ( 'NONE',  ( -0.0000000000000000000, 0.0000000000000000000, 1.000000000000000000 ) ) ;
#8984 = VECTOR ( 'NONE', #1960, 39.37007874015748100 ) ;
#8985 = CARTESIAN_POINT ( 'NONE',  ( 0.4974999999999998900, 0.2699999999999999100, -0.2220000000000000900 ) ) ;
#8986 = ORIENTED_EDGE ( 'NONE', *, *, #691, .T. ) ;
#8987 = DIRECTION ( 'NONE',  ( -0.0000000000000000000, 0.0000000000000000000, -1.000000000000000000 ) ) ;
#8988 = LINE ( 'NONE', #1320, #3471 ) ;
#8989 = ADVANCED_FACE ( 'NONE', ( #7743 ), #2743, .F. ) ;
#8990 = VECTOR ( 'NONE', #5000, 39.37007874015748100 ) ;
#8991 = EDGE_CURVE ( 'NONE', #3195, #6138, #1905, .T. ) ;
#8992 = EDGE_CURVE ( 'NONE', #3643, #5934, #4194, .T. ) ;
#8993 = EDGE_CURVE ( 'NONE', #8793, #3745, #9212, .T. ) ;
#8994 = ORIENTED_EDGE ( 'NONE', *, *, #2288, .T. ) ;
#8995 = ORIENTED_EDGE ( 'NONE', *, *, #2570, .T. ) ;
#8996 = DIRECTION ( 'NONE',  ( -1.000000000000000000, 0.0000000000000000000, 0.0000000000000000000 ) ) ;
#8997 = LINE ( 'NONE', #8244, #5659 ) ;
#8998 = ORIENTED_EDGE ( 'NONE', *, *, #5077, .F. ) ;
#8999 = DIRECTION ( 'NONE',  ( -0.7071067811869850000, -0.7071067811861100300, -3.402816250878156200E-014 ) ) ;
#9000 = ORIENTED_EDGE ( 'NONE', *, *, #5981, .F. ) ;
#9001 = CC_DESIGN_PERSON_AND_ORGANIZATION_ASSIGNMENT ( #8694, #9129, ( #8570 ) ) ;
#9002 = PLANE ( 'NONE',  #2000 ) ;
#9003 = ORIENTED_EDGE ( 'NONE', *, *, #3780, .T. ) ;
#9004 = ORIENTED_EDGE ( 'NONE', *, *, #4530, .T. ) ;
#9005 = DIRECTION ( 'NONE',  ( 1.000000000000000200, 7.695819387939327300E-012, -5.225478417167782200E-012 ) ) ;
#9006 = EDGE_CURVE ( 'NONE', #3970, #402, #3961, .T. ) ;
#9007 = ORIENTED_EDGE ( 'NONE', *, *, #6293, .T. ) ;
#9008 = ADVANCED_FACE ( 'NONE', ( #1644 ), #9085, .F. ) ;
#9009 = APPROVAL_DATE_TIME ( #1626, #5581 ) ;
#9010 = ORIENTED_EDGE ( 'NONE', *, *, #3370, .T. ) ;
#9011 = CARTESIAN_POINT ( 'NONE',  ( 0.6974999999999999000, 0.2700000000000001800, -0.1480000000000000500 ) ) ;
#9012 = EDGE_CURVE ( 'NONE', #3504, #1277, #7308, .T. ) ;
#9013 = DIRECTION ( 'NONE',  ( -4.313434190716670600E-014, 9.125743083152196300E-014, 1.000000000000000000 ) ) ;
#9014 = ORIENTED_EDGE ( 'NONE', *, *, #1233, .T. ) ;
#9015 = AXIS2_PLACEMENT_3D ( 'NONE', #3488, #8387, #4225 ) ;
#9016 = EDGE_LOOP ( 'NONE', ( #2267, #6065, #2633, #1217 ) ) ;
#9017 = ORIENTED_EDGE ( 'NONE', *, *, #1798, .T. ) ;
#9018 = VECTOR ( 'NONE', #2807, 39.37007874015748100 ) ;
#9019 = ORIENTED_EDGE ( 'NONE', *, *, #4541, .F. ) ;
#9020 = EDGE_CURVE ( 'NONE', #3652, #254, #5688, .T. ) ;
#9021 = EDGE_LOOP ( 'NONE', ( #2996, #3454, #3871, #3732 ) ) ;
#9022 = CARTESIAN_POINT ( 'NONE',  ( 0.8374999999999999100, 0.3450000000000002000, -0.09750000000000001700 ) ) ;
#9023 = AXIS2_PLACEMENT_3D ( 'NONE', #5449, #7104, #7004 ) ;
#9024 = CARTESIAN_POINT ( 'NONE',  ( 0.5734550397591692300, 0.4133410318342099500, 0.0000000000000000000 ) ) ;
#9025 = LINE ( 'NONE', #7921, #8625 ) ;
#9026 = ORIENTED_EDGE ( 'NONE', *, *, #958, .T. ) ;
#9027 = AXIS2_PLACEMENT_3D ( 'NONE', #4719, #4780, #4623 ) ;
#9028 = ORIENTED_EDGE ( 'NONE', *, *, #4625, .F. ) ;
#9029 = VECTOR ( 'NONE', #2159, 39.37007874015748100 ) ;
#9030 = VERTEX_POINT ( 'NONE', #5130 ) ;
#9031 = DIRECTION ( 'NONE',  ( -0.0000000000000000000, 1.000000000000000000, -0.0000000000000000000 ) ) ;
#9032 = EDGE_CURVE ( 'NONE', #4314, #681, #7102, .T. ) ;
#9033 = DIRECTION ( 'NONE',  ( -1.000000000000000000, -1.106452213969334700E-013, 4.313434190744400600E-014 ) ) ;
#9034 = CARTESIAN_POINT ( 'NONE',  ( 0.4374999999999998900, 0.3450000000000002000, -0.09750000000000005900 ) ) ;
#9035 = ADVANCED_FACE ( 'NONE', ( #5455 ), #8615, .T. ) ;
#9036 = LINE ( 'NONE', #2985, #3528 ) ;
#9037 = ORIENTED_EDGE ( 'NONE', *, *, #6735, .T. ) ;
#9038 = LINE ( 'NONE', #4064, #7332 ) ;
#9039 = AXIS2_PLACEMENT_3D ( 'NONE', #3436, #8345, #4174 ) ;
#9040 = CARTESIAN_POINT ( 'NONE',  ( 0.5802132034365066200, 0.03750000000017285300, 0.02499999999985672000 ) ) ;
#9041 = EDGE_CURVE ( 'NONE', #3562, #7143, #1145, .T. ) ;
#9042 = EDGE_CURVE ( 'NONE', #6016, #7100, #3510, .T. ) ;
#9043 = VECTOR ( 'NONE', #4450, 39.37007874015748100 ) ;
#9044 = DIRECTION ( 'NONE',  ( -1.106190048102565800E-013, -1.000000000000000000, 9.125743083151719200E-014 ) ) ;
#9045 = VECTOR ( 'NONE', #8329, 39.37007874015748100 ) ;
#9046 = VERTEX_POINT ( 'NONE', #7226 ) ;
#9047 = LINE ( 'NONE', #7656, #3769 ) ;
#9048 = PERSON_AND_ORGANIZATION_ROLE ( 'creator' ) ;
#9049 = CARTESIAN_POINT ( 'NONE',  ( 0.5837132034357946900, 0.03400000000001546900, 0.008999999999674050000 ) ) ;
#9050 = DIRECTION ( 'NONE',  ( -0.0000000000000000000, -0.0000000000000000000, 1.000000000000000000 ) ) ;
#9051 = DIRECTION ( 'NONE',  ( 4.313434190716670600E-014, -9.125743083152196300E-014, -1.000000000000000000 ) ) ;
#9052 = LINE ( 'NONE', #1793, #3550 ) ;
#9053 = EDGE_CURVE ( 'NONE', #3487, #880, #4997, .T. ) ;
#9054 = ORIENTED_EDGE ( 'NONE', *, *, #9351, .T. ) ;
#9055 = LINE ( 'NONE', #7556, #8847 ) ;
#9056 = AXIS2_PLACEMENT_3D ( 'NONE', #7371, #6143, #3189 ) ;
#9057 = DIRECTION ( 'NONE',  ( 1.000000000000000000, -0.0000000000000000000, -0.0000000000000000000 ) ) ;
#9058 = CARTESIAN_POINT ( 'NONE',  ( 0.9974999999999999400, 0.5999999999999999800, -0.2974999999999999900 ) ) ;
#9059 = PLANE ( 'NONE',  #7020 ) ;
#9060 = CARTESIAN_POINT ( 'NONE',  ( 0.7923444853039846000, 0.3083133606535432600, -0.01000000000000000000 ) ) ;
#9061 = VECTOR ( 'NONE', #4670, 39.37007874015748100 ) ;
#9062 = CARTESIAN_POINT ( 'NONE',  ( 0.3361881571572882800, 0.01249999999994301000, -0.02500000000030747800 ) ) ;
#9063 = LINE ( 'NONE', #531, #7357 ) ;
#9064 = LINE ( 'NONE', #97, #6181 ) ;
#9065 = VERTEX_POINT ( 'NONE', #7260 ) ;
#9066 = LOCAL_TIME ( 8, 51, 22.00000000000000000, #1712 ) ;
#9067 = ADVANCED_FACE ( 'NONE', ( #8803 ), #3701, .T. ) ;
#9068 = CARTESIAN_POINT ( 'NONE',  ( 0.5057269153529278000, 0.0000000000000000000, -0.01000000000000000000 ) ) ;
#9069 = LINE ( 'NONE', #4466, #1466 ) ;
#9070 = LINE ( 'NONE', #8023, #7368 ) ;
#9071 = DIRECTION ( 'NONE',  ( -0.0000000000000000000, -0.0000000000000000000, 1.000000000000000000 ) ) ;
#9072 = ORIENTED_EDGE ( 'NONE', *, *, #6808, .F. ) ;
#9073 = ITEM_DEFINED_TRANSFORMATION ( 'NONE', 'NONE', #641,  #2951 ) ;
#9074 = APPROVAL_ROLE ( '' ) ;
#9075 = LINE ( 'NONE', #6473, #3578 ) ;
#9076 = AXIS2_PLACEMENT_3D ( 'NONE', #6664, #5529, #5382 ) ;
#9077 = LINE ( 'NONE', #9315, #1978 ) ;
#9078 = ADVANCED_FACE ( 'NONE', ( #899 ), #7940, .F. ) ;
#9079 = EDGE_CURVE ( 'NONE', #2858, #3339, #6880, .T. ) ;
#9080 = ORIENTED_EDGE ( 'NONE', *, *, #8811, .T. ) ;
#9081 = LINE ( 'NONE', #4210, #9282 ) ;
#9082 = DIRECTION ( 'NONE',  ( -0.2940858488377487400, 5.469045285049501100E-014, 0.9557790087218807100 ) ) ;
#9083 = ORIENTED_EDGE ( 'NONE', *, *, #5956, .F. ) ;
#9084 = FACE_OUTER_BOUND ( 'NONE', #870, .T. ) ;
#9085 = PLANE ( 'NONE',  #3671 ) ;
#9086 = VERTEX_POINT ( 'NONE', #2155 ) ;
#9087 = CARTESIAN_POINT ( 'NONE',  ( 0.1462132034362424200, 0.05750000000006573500, -0.02475000000072222200 ) ) ;
#9088 = DIRECTION ( 'NONE',  ( -0.0000000000000000000, 1.000000000000000000, -0.0000000000000000000 ) ) ;
#9089 = AXIS2_PLACEMENT_3D ( 'NONE', #5024, #4932, #181 ) ;
#9090 = VERTEX_POINT ( 'NONE', #7291 ) ;
#9091 = EDGE_CURVE ( 'NONE', #1627, #264, #2756, .T. ) ;
#9092 = EDGE_CURVE ( 'NONE', #579, #1748, #4761, .T. ) ;
#9093 = CARTESIAN_POINT ( 'NONE',  ( 0.8615449602408067300, 0.2366589681657806600, 0.0000000000000000000 ) ) ;
#9094 = ORIENTED_EDGE ( 'NONE', *, *, #1216, .F. ) ;
#9095 = DATE_AND_TIME ( #1757, #3821 ) ;
#9096 = EDGE_LOOP ( 'NONE', ( #1867, #1815, #2225, #2043 ) ) ;
#9097 = CARTESIAN_POINT ( 'NONE',  ( 0.4374999999999998900, 0.5999999999999999800, -0.07250000000000000900 ) ) ;
#9098 = ORIENTED_EDGE ( 'NONE', *, *, #4946, .T. ) ;
#9099 = CC_DESIGN_DATE_AND_TIME_ASSIGNMENT ( #7997, #1387, ( #7385 ) ) ;
#9100 = ORIENTED_EDGE ( 'NONE', *, *, #7720, .T. ) ;
#9101 = EDGE_LOOP ( 'NONE', ( #2295, #359, #910, #7843, #8363, #3153, #3421, #2162, #2238, #5026, #7106, #1914, #3629, #6546, #9192, #4892, #8184, #6357, #7919, #4065 ) ) ;
#9102 = ORIENTED_EDGE ( 'NONE', *, *, #6622, .F. ) ;
#9103 = MECHANICAL_CONTEXT ( 'NONE', #8401, 'mechanical' ) ;
#9104 = EDGE_CURVE ( 'NONE', #8, #6517, #8433, .T. ) ;
#9105 = CARTESIAN_POINT ( 'NONE',  ( 0.7923444853039821600, 0.0000000000000000000, -0.01000000000000000000 ) ) ;
#9106 = CARTESIAN_POINT ( 'NONE',  ( 0.1462224658728854300, 0.05800000000011161500, -0.02500000000108113700 ) ) ;
#9107 = CARTESIAN_POINT ( 'NONE',  ( 0.3674999999999998300, 0.2699999999999999100, -0.1490000000000000800 ) ) ;
#9108 = ORIENTED_EDGE ( 'NONE', *, *, #7322, .T. ) ;
#9109 = LINE ( 'NONE', #2392, #8906 ) ;
#9110 = VERTEX_POINT ( 'NONE', #8611 ) ;
#9111 = CARTESIAN_POINT ( 'NONE',  ( 1.042500000000000200, 0.05000000000000000300, -0.2975000000000001000 ) ) ;
#9113 = CARTESIAN_POINT ( 'NONE',  ( 0.5374999999999999800, 0.2699999999999999100, -0.2220000000000000900 ) ) ;
#9112 = CARTESIAN_POINT ( 'NONE',  ( 0.3924999999999996800, 0.05000000000000000300, -0.07250000000000000900 ) ) ;
#9114 = EDGE_CURVE ( 'NONE', #6749, #2859, #4534, .T. ) ;
#9115 = AXIS2_PLACEMENT_3D ( 'NONE', #7614, #3346, #8267 ) ;
#9116 = VERTEX_POINT ( 'NONE', #9249 ) ;
#9117 = DIRECTION ( 'NONE',  ( 1.000000000000000000, -0.0000000000000000000, -0.0000000000000000000 ) ) ;
#9118 = LINE ( 'NONE', #5679, #3628 ) ;
#9119 = VERTEX_POINT ( 'NONE', #5249 ) ;
#9120 = CARTESIAN_POINT ( 'NONE',  ( 0.8374999999999999100, 0.05000000000000014800, -0.07250000000000000900 ) ) ;
#9121 = ADVANCED_FACE ( 'NONE', ( #8034 ), #1427, .F. ) ;
#9122 = ORIENTED_EDGE ( 'NONE', *, *, #6130, .T. ) ;
#9123 = DIRECTION ( 'NONE',  ( 0.0000000000000000000, -5.691349986800549600E-017, 1.000000000000000000 ) ) ;
#9124 = DIRECTION ( 'NONE',  ( -0.0000000000000000000, 0.0000000000000000000, 1.000000000000000000 ) ) ;
#9125 = FACE_OUTER_BOUND ( 'NONE', #5473, .T. ) ;
#9126 = VERTEX_POINT ( 'NONE', #5962 ) ;
#9127 = DIRECTION ( 'NONE',  ( 0.0000000000000000000, 1.352399996863497200E-015, -1.000000000000000000 ) ) ;
#9128 = EDGE_CURVE ( 'NONE', #3464, #2537, #3265, .T. ) ;
#9129 = PERSON_AND_ORGANIZATION_ROLE ( 'classification_officer' ) ;
#9130 = AXIS2_PLACEMENT_3D ( 'NONE', #5324, #5372, #5397 ) ;
#9131 = DIRECTION ( 'NONE',  ( 0.0000000000000000000, -1.000000000000000000, -5.691349986800549600E-017 ) ) ;
#9132 = CARTESIAN_POINT ( 'NONE',  ( 0.5802132034365066200, 0.03750000000017285300, 0.02499999999985672000 ) ) ;
#9133 = DIRECTION ( 'NONE',  ( 1.000000000000000000, 0.0000000000000000000, 0.0000000000000000000 ) ) ;
#9134 = LINE ( 'NONE', #4600, #3642 ) ;
#9135 = ORIENTED_EDGE ( 'NONE', *, *, #173, .T. ) ;
#9136 = EDGE_LOOP ( 'NONE', ( #3918, #7423, #3520, #3393 ) ) ;
#9137 = VECTOR ( 'NONE', #1293, 39.37007874015748100 ) ;
#9138 = AXIS2_PLACEMENT_3D ( 'NONE', #3958, #7873, #4113 ) ;
#9139 = EDGE_CURVE ( 'NONE', #4150, #3504, #6446, .T. ) ;
#9140 = LINE ( 'NONE', #9307, #5046 ) ;
#9141 = VECTOR ( 'NONE', #4307, 39.37007874015748100 ) ;
#9142 = ORIENTED_EDGE ( 'NONE', *, *, #159, .T. ) ;
#9143 = FACE_OUTER_BOUND ( 'NONE', #1345, .T. ) ;
#9144 = CARTESIAN_POINT ( 'NONE',  ( 0.9374999999999998900, 0.2700000000000001800, -0.1480000000000000200 ) ) ;
#9145 = DIRECTION ( 'NONE',  ( -0.0000000000000000000, 0.0000000000000000000, 1.000000000000000000 ) ) ;
#9146 = ADVANCED_FACE ( 'NONE', ( #8234 ), #3788, .F. ) ;
#9147 = LINE ( 'NONE', #2653, #5609 ) ;
#9148 = CC_DESIGN_PERSON_AND_ORGANIZATION_ASSIGNMENT ( #883, #2008, ( #7434 ) ) ;
#9149 = LINE ( 'NONE', #1126, #7029 ) ;
#9150 = LINE ( 'NONE', #6141, #1562 ) ;
#9151 = DIRECTION ( 'NONE',  ( 1.000000000000000000, 0.0000000000000000000, 0.0000000000000000000 ) ) ;
#9152 = EDGE_CURVE ( 'NONE', #7935, #3135, #150, .T. ) ;
#9153 = CARTESIAN_POINT ( 'NONE',  ( 0.3462132034356175100, 0.1190000000002920900, 0.005999999999631081700 ) ) ;
#9154 = LINE ( 'NONE', #2151, #3670 ) ;
#9155 = LINE ( 'NONE', #6512, #7672 ) ;
#9156 = APPROVAL_STATUS ( 'not_yet_approved' ) ;
#9157 = CIRCLE ( 'NONE', #9179, 0.02172792206135787400 ) ;
#9158 = ORIENTED_EDGE ( 'NONE', *, *, #2424, .T. ) ;
#9159 = ADVANCED_FACE ( 'NONE', ( #409 ), #2014, .T. ) ;
#9160 = EDGE_CURVE ( 'NONE', #4386, #4825, #7833, .T. ) ;
#9161 = DIRECTION ( 'NONE',  ( 1.106190048101254200E-013, 1.000000000000000000, 9.127737715013462100E-014 ) ) ;
#9162 = LINE ( 'NONE', #8932, #8968 ) ;
#9163 = AXIS2_PLACEMENT_3D ( 'NONE', #3685, #551, #1343 ) ;
#9164 = VECTOR ( 'NONE', #5564, 39.37007874015748100 ) ;
#9165 = DIRECTION ( 'NONE',  ( -0.0000000000000000000, 0.0000000000000000000, -1.000000000000000000 ) ) ;
#9166 = VECTOR ( 'NONE', #8865, 39.37007874015748100 ) ;
#9167 = DIRECTION ( 'NONE',  ( 0.0000000000000000000, 1.000000000000000000, 0.0000000000000000000 ) ) ;
#9168 = ORIENTED_EDGE ( 'NONE', *, *, #5259, .T. ) ;
#9169 = LOCAL_TIME ( 8, 51, 22.00000000000000000, #1846 ) ;
#9170 = COORDINATED_UNIVERSAL_TIME_OFFSET ( 5, 0, .BEHIND. ) ;
#9171 = DIRECTION ( 'NONE',  ( -1.000000000000000000, -0.0000000000000000000, -0.0000000000000000000 ) ) ;
#9172 = VECTOR ( 'NONE', #8501, 39.37007874015748100 ) ;
#9173 = LINE ( 'NONE', #5667, #7473 ) ;
#9174 = DIRECTION ( 'NONE',  ( 0.0000000000000000000, -1.000000000000000000, -5.691349986800549600E-017 ) ) ;
#9175 = ORIENTED_EDGE ( 'NONE', *, *, #3300, .F. ) ;
#9176 = EDGE_CURVE ( 'NONE', #4816, #7750, #2260, .T. ) ;
#9177 = CARTESIAN_POINT ( 'NONE',  ( 1.014178631909940200, 0.0000000000000000000, -0.01000000000000000000 ) ) ;
#9178 = CARTESIAN_POINT ( 'NONE',  ( 1.014178631909972200, 0.4133410318341946300, -0.01000000000000000000 ) ) ;
#9179 = AXIS2_PLACEMENT_3D ( 'NONE', #8189, #8199, #8211 ) ;
#9180 = VECTOR ( 'NONE', #4077, 39.37007874015748100 ) ;
#9181 = CYLINDRICAL_SURFACE ( 'NONE', #2572, 0.03999999999999998000 ) ;
#9182 = DIRECTION ( 'NONE',  ( -0.0000000000000000000, 0.0000000000000000000, -1.000000000000000000 ) ) ;
#9183 = DIRECTION ( 'NONE',  ( -0.0000000000000000000, -0.0000000000000000000, 1.000000000000000000 ) ) ;
#9184 = ORIENTED_EDGE ( 'NONE', *, *, #5460, .F. ) ;
#9185 = VERTEX_POINT ( 'NONE', #6023 ) ;
#9186 = SECURITY_CLASSIFICATION_LEVEL ( 'unclassified' ) ;
#9187 = PLANE ( 'NONE',  #864 ) ;
#9188 = VECTOR ( 'NONE', #1341, 39.37007874015748100 ) ;
#9189 = ORIENTED_EDGE ( 'NONE', *, *, #9310, .F. ) ;
#9190 = DIRECTION ( 'NONE',  ( 1.000000000000000000, 0.0000000000000000000, 0.0000000000000000000 ) ) ;
#9191 = EDGE_CURVE ( 'NONE', #3712, #1066, #5794, .T. ) ;
#9192 = ORIENTED_EDGE ( 'NONE', *, *, #5612, .T. ) ;
#9193 = ORIENTED_EDGE ( 'NONE', *, *, #370, .T. ) ;
#9194 = CARTESIAN_POINT ( 'NONE',  ( 0.7374999999999998200, 0.5580000000000000500, -0.1089999999999998900 ) ) ;
#9195 = DIRECTION ( 'NONE',  ( -0.0000000000000000000, 0.0000000000000000000, 1.000000000000000000 ) ) ;
#9196 = EDGE_LOOP ( 'NONE', ( #2515, #4544, #4322, #8040 ) ) ;
#9197 = DIRECTION ( 'NONE',  ( -1.000000000000000000, 0.0000000000000000000, -0.0000000000000000000 ) ) ;
#9198 = APPROVAL_PERSON_ORGANIZATION ( #1885, #5581, #9074 ) ;
#9199 = ORIENTED_EDGE ( 'NONE', *, *, #2411, .T. ) ;
#9200 = EDGE_CURVE ( 'NONE', #202, #843, #3115, .T. ) ;
#9201 = EDGE_CURVE ( 'NONE', #5299, #5121, #4066, .T. ) ;
#9202 = DIRECTION ( 'NONE',  ( 1.000000000000000000, -0.0000000000000000000, -0.0000000000000000000 ) ) ;
#9203 = ADVANCED_FACE ( 'NONE', ( #1774 ), #6091, .F. ) ;
#9204 = ORIENTED_EDGE ( 'NONE', *, *, #370, .F. ) ;
#9205 = ORIENTED_EDGE ( 'NONE', *, *, #5816, .T. ) ;
#9206 = CARTESIAN_POINT ( 'NONE',  ( 1.107499999999999900, 0.5999999999999999800, -0.3700000000000001600 ) ) ;
#9207 = DIRECTION ( 'NONE',  ( -0.0000000000000000000, 0.0000000000000000000, 1.000000000000000000 ) ) ;
#9208 = EDGE_CURVE ( 'NONE', #5350, #3196, #9308, .T. ) ;
#9209 = ORIENTED_EDGE ( 'NONE', *, *, #304, .F. ) ;
#9210 =( REPRESENTATION_RELATIONSHIP ('NONE','NONE', #1285, #7662 ) REPRESENTATION_RELATIONSHIP_WITH_TRANSFORMATION ( #605 )SHAPE_REPRESENTATION_RELATIONSHIP( ) );
#9211 = EDGE_CURVE ( 'NONE', #443, #2719, #7406, .T. ) ;
#9212 = LINE ( 'NONE', #7176, #3734 ) ;
#9213 = ORIENTED_EDGE ( 'NONE', *, *, #690, .T. ) ;
#9214 = CARTESIAN_POINT ( 'NONE',  ( 0.8517292900370139200, 0.4231567020380064300, -0.01000000000000000000 ) ) ;
#9215 = CARTESIAN_POINT ( 'NONE',  ( 0.8374999999999999100, 0.3450000000000001400, -0.1479999999999999900 ) ) ;
#9216 = EDGE_LOOP ( 'NONE', ( #8695, #8900, #5707, #2651 ) ) ;
#9217 = LINE ( 'NONE', #2471, #3969 ) ;
#9218 = ORIENTED_EDGE ( 'NONE', *, *, #5861, .F. ) ;
#9219 = DIRECTION ( 'NONE',  ( 1.000000000000000000, 0.0000000000000000000, 0.0000000000000000000 ) ) ;
#9220 = DIRECTION ( 'NONE',  ( 1.000000000000000000, 7.203446383881649800E-015, 0.0000000000000000000 ) ) ;
#9221 = DIRECTION ( 'NONE',  ( -0.0000000000000000000, 0.0000000000000000000, 1.000000000000000000 ) ) ;
#9222 = AXIS2_PLACEMENT_3D ( 'NONE', #927, #1525, #1526 ) ;
#9223 = DIRECTION ( 'NONE',  ( 1.000000000000000000, 0.0000000000000000000, 0.0000000000000000000 ) ) ;
#9224 = EDGE_LOOP ( 'NONE', ( #1647, #1773, #4801, #2727 ) ) ;
#9225 = CARTESIAN_POINT ( 'NONE',  ( 0.7374999999999998200, 0.3450000000000002000, -0.09750000000000001700 ) ) ;
#9226 = LINE ( 'NONE', #4149, #9029 ) ;
#9227 = ORIENTED_EDGE ( 'NONE', *, *, #6010, .T. ) ;
#9228 = ORIENTED_EDGE ( 'NONE', *, *, #5560, .T. ) ;
#9229 = LINE ( 'NONE', #9354, #8691 ) ;
#9230 = PLANE ( 'NONE',  #84 ) ;
#9231 = DIRECTION ( 'NONE',  ( 0.0000000000000000000, 0.0000000000000000000, -1.000000000000000000 ) ) ;
#9232 = AXIS2_PLACEMENT_3D ( 'NONE', #8706, #4525, #3149 ) ;
#9233 = DIRECTION ( 'NONE',  ( -0.0000000000000000000, -0.0000000000000000000, 1.000000000000000000 ) ) ;
#9234 = VECTOR ( 'NONE', #3248, 39.37007874015748900 ) ;
#9235 = EDGE_LOOP ( 'NONE', ( #1424, #2998, #9102, #5219 ) ) ;
#9236 = EDGE_CURVE ( 'NONE', #8069, #3483, #9109, .T. ) ;
#9237 = ORIENTED_EDGE ( 'NONE', *, *, #122, .F. ) ;
#9238 = VECTOR ( 'NONE', #3657, 39.37007874015748100 ) ;
#9239 = AXIS2_PLACEMENT_3D ( 'NONE', #3639, #696, #9231 ) ;
#9240 = CARTESIAN_POINT ( 'NONE',  ( 0.4374999999999998900, 0.5580000000000000500, -0.2974999999999999900 ) ) ;
#9241 = ADVANCED_FACE ( 'NONE', ( #1511 ), #1270, .F. ) ;
#9242 = LINE ( 'NONE', #7345, #9043 ) ;
#9243 = PRODUCT_DEFINITION_SHAPE ( 'NONE', 'NONE',  #9375 ) ;
#9244 = FACE_OUTER_BOUND ( 'NONE', #1881, .T. ) ;
#9245 = VERTEX_POINT ( 'NONE', #8766 ) ;
#9246 = LINE ( 'NONE', #6094, #7551 ) ;
#9247 = DIRECTION ( 'NONE',  ( 0.0000000000000000000, -1.000000000000000000, -5.691349986800549600E-017 ) ) ;
#9248 = ORIENTED_EDGE ( 'NONE', *, *, #3286, .F. ) ;
#9249 = CARTESIAN_POINT ( 'NONE',  ( 0.7374999999999998200, 0.3450000000000002000, -0.09750000000000001700 ) ) ;
#9250 = EDGE_CURVE ( 'NONE', #6531, #730, #5349, .T. ) ;
#9251 = DIRECTION ( 'NONE',  ( 7.203446383881649800E-015, -1.000000000000000000, 0.0000000000000000000 ) ) ;
#9252 = EDGE_CURVE ( 'NONE', #5639, #7237, #3395, .T. ) ;
#9253 = CARTESIAN_POINT ( 'NONE',  ( 0.4365264404161153800, 0.0000000000000000000, 0.0000000000000000000 ) ) ;
#9254 = CYLINDRICAL_SURFACE ( 'NONE', #674, 0.006870969142663253800 ) ;
#9255 = VERTEX_POINT ( 'NONE', #830 ) ;
#9256 = PLANE ( 'NONE',  #1610 ) ;
#9257 = VECTOR ( 'NONE', #9338, 39.37007874015748100 ) ;
#9258 = CC_DESIGN_APPROVAL ( #8821, ( #8000 ) ) ;
#9259 = CARTESIAN_POINT ( 'NONE',  ( 0.1332132034363043800, 0.05750000000000761400, 0.02474999999908516000 ) ) ;
#9260 = VECTOR ( 'NONE', #4121, 39.37007874015748100 ) ;
#9261 = CIRCLE ( 'NONE', #3400, 0.009815670203811672700 ) ;
#9262 = LINE ( 'NONE', #7864, #5741 ) ;
#9263 = EDGE_CURVE ( 'NONE', #1627, #1378, #6983, .T. ) ;
#9264 = VERTEX_POINT ( 'NONE', #7516 ) ;
#9265 = CARTESIAN_POINT ( 'NONE',  ( 0.8974999999999999600, 0.5180000000000000200, -0.2210000000000000000 ) ) ;
#9266 = CONTEXT_DEPENDENT_SHAPE_REPRESENTATION ( #9210, #5173 ) ;
#9267 = PERSON_AND_ORGANIZATION_ROLE ( 'classification_officer' ) ;
#9268 = LINE ( 'NONE', #6565, #1717 ) ;
#9269 = CIRCLE ( 'NONE', #399, 0.01350000000002400300 ) ;
#9270 = CARTESIAN_POINT ( 'NONE',  ( 0.9974999999999999400, 0.5999999999999999800, -0.2974999999999999900 ) ) ;
#9271 = EDGE_CURVE ( 'NONE', #6658, #3104, #5128, .T. ) ;
#9272 = ORIENTED_EDGE ( 'NONE', *, *, #7187, .F. ) ;
#9273 = ORGANIZATION ( 'NAUO-ORG1', 'UNSPECIFIED', 'UNSPECIFIED' ) ;
#9274 = APPROVAL_DATE_TIME ( #1974, #7668 ) ;
#9275 = CIRCLE ( 'NONE', #6655, 0.006870969142667761500 ) ;
#9276 = CARTESIAN_POINT ( 'NONE',  ( 0.2412000000003445000, 0.04250000000010532200, -0.02500000000007963900 ) ) ;
#9277 = VECTOR ( 'NONE', #4542, 39.37007874015748100 ) ;
#9278 = CARTESIAN_POINT ( 'NONE',  ( 0.5974999999999999200, 0.3450000000000002000, -0.09750000000000003100 ) ) ;
#9279 = DIRECTION ( 'NONE',  ( -1.000000000000000000, 0.0000000000000000000, 0.0000000000000000000 ) ) ;
#9280 = ORIENTED_EDGE ( 'NONE', *, *, #597, .F. ) ;
#9281 = CARTESIAN_POINT ( 'NONE',  ( 0.5371370600050839900, 0.2867188862052003600, 0.0000000000000000000 ) ) ;
#9282 = VECTOR ( 'NONE', #4280, 39.37007874015748100 ) ;
#9283 = DIRECTION ( 'NONE',  ( -1.112975108527906100E-013, -1.000000000000000000, -9.114064631624117300E-014 ) ) ;
#9284 = VECTOR ( 'NONE', #5389, 39.37007874015748100 ) ;
#9285 = CARTESIAN_POINT ( 'NONE',  ( 0.7374999999999998200, 0.3450000000000002000, -0.09750000000000001700 ) ) ;
#9286 = EDGE_LOOP ( 'NONE', ( #2635, #2820, #1106, #1309 ) ) ;
#9287 = EDGE_CURVE ( 'NONE', #2537, #4201, #7199, .T. ) ;
#9289 = CARTESIAN_POINT ( 'NONE',  ( 0.4374999999999998900, 0.5579999999999996100, -0.07250000000000000900 ) ) ;
#9288 = DIRECTION ( 'NONE',  ( -0.0000000000000000000, 1.000000000000000000, -0.0000000000000000000 ) ) ;
#9290 = PLANE ( 'NONE',  #1535 ) ;
#9291 = VERTEX_POINT ( 'NONE', #868 ) ;
#9292 = CARTESIAN_POINT ( 'NONE',  ( 0.8341666666666653900, 0.3266666666666673800, -0.3823333333333344700 ) ) ;
#9293 = AXIS2_PLACEMENT_3D ( 'NONE', #6570, #4071, #4054 ) ;
#9294 = PERSON ( 'NAUO-PER9', 'UNSPECIFIED', 'UNSPECIFIED', ('UNSPECIFIED'), ('UNSPECIFIED'), ('UNSPECIFIED') ) ;
#9295 = CARTESIAN_POINT ( 'NONE',  ( 0.9974999999999999400, 0.3450000000000002000, -0.09750000000000000300 ) ) ;
#9296 = ORIENTED_EDGE ( 'NONE', *, *, #2335, .T. ) ;
#9297 = APPROVAL_DATE_TIME ( #1996, #4411 ) ;
#9298 = ORIENTED_EDGE ( 'NONE', *, *, #7313, .F. ) ;
#9299 = DATE_TIME_ROLE ( 'classification_date' ) ;
#9300 = AXIS2_PLACEMENT_3D ( 'NONE', #2239, #1952, #1904 ) ;
#9301 = EDGE_CURVE ( 'NONE', #1277, #828, #8526, .T. ) ;
#9302 = VERTEX_POINT ( 'NONE', #2460 ) ;
#9303 = ORIENTED_EDGE ( 'NONE', *, *, #2872, .F. ) ;
#9304 = CARTESIAN_POINT ( 'NONE',  ( 0.0000000000000000000, 0.4231567020380508400, 0.0000000000000000000 ) ) ;
#9305 = CC_DESIGN_APPROVAL ( #8879, ( #8465 ) ) ;
#9306 = EDGE_LOOP ( 'NONE', ( #4398, #2602, #7499, #4177 ) ) ;
#9307 = CARTESIAN_POINT ( 'NONE',  ( 0.8974999999999999600, 0.2700000000000001800, -0.1480000000000000200 ) ) ;
#9308 = LINE ( 'NONE', #4651, #7622 ) ;
#9309 = ORIENTED_EDGE ( 'NONE', *, *, #8918, .T. ) ;
#9310 = EDGE_CURVE ( 'NONE', #218, #2199, #767, .T. ) ;
#9311 = DIRECTION ( 'NONE',  ( -1.000000000000000000, -0.0000000000000000000, -9.518634124265725100E-017 ) ) ;
#9312 = CARTESIAN_POINT ( 'NONE',  ( 0.8885380533012653400, 0.2268432979619829900, -0.01000000000000000000 ) ) ;
#9313 = ORIENTED_EDGE ( 'NONE', *, *, #4447, .F. ) ;
#9314 = CARTESIAN_POINT ( 'NONE',  ( 1.004362961706156500, 0.3063502266127573500, -0.01000000000000000000 ) ) ;
#9315 = CARTESIAN_POINT ( 'NONE',  ( 0.8624999999999999300, 0.5180000000000000200, -0.1489999999999998500 ) ) ;
#9316 = FACE_OUTER_BOUND ( 'NONE', #2102, .T. ) ;
#9317 = ORIENTED_EDGE ( 'NONE', *, *, #3228, .T. ) ;
#9318 = EDGE_CURVE ( 'NONE', #5893, #4386, #8334, .T. ) ;
#9319 = APPROVAL_ROLE ( '' ) ;
#9320 = CC_DESIGN_SECURITY_CLASSIFICATION ( #8896, ( #9383 ) ) ;
#9321 = AXIS2_PLACEMENT_3D ( 'NONE', #8368, #8999, #4925 ) ;
#9322 = ORIENTED_EDGE ( 'NONE', *, *, #8307, .F. ) ;
#9323 = VECTOR ( 'NONE', #6201, 39.37007874015748100 ) ;
#9324 = ORIENTED_EDGE ( 'NONE', *, *, #986, .T. ) ;
#9325 = DIRECTION ( 'NONE',  ( -1.000000000000000000, -0.0000000000000000000, 0.0000000000000000000 ) ) ;
#9326 = AXIS2_PLACEMENT_3D ( 'NONE', #4540, #2294, #9364 ) ;
#9327 = LINE ( 'NONE', #5335, #7642 ) ;
#9328 = ORIENTED_EDGE ( 'NONE', *, *, #1877, .T. ) ;
#9329 = FACE_OUTER_BOUND ( 'NONE', #5231, .T. ) ;
#9330 = CARTESIAN_POINT ( 'NONE',  ( 0.4374999999999998900, 0.5999999999999999800, -0.07250000000000000900 ) ) ;
#9331 = EDGE_CURVE ( 'NONE', #7467, #7293, #4643, .T. ) ;
#9332 = FACE_OUTER_BOUND ( 'NONE', #5880, .T. ) ;
#9333 = VECTOR ( 'NONE', #6045, 39.37007874015748100 ) ;
#9334 = ORIENTED_EDGE ( 'NONE', *, *, #7460, .T. ) ;
#9336 = CARTESIAN_POINT ( 'NONE',  ( 0.4374999999999998900, 0.3450000000000002000, -0.09750000000000005900 ) ) ;
#9335 = CARTESIAN_POINT ( 'NONE',  ( 0.3674999999999998300, 0.2699999999999999100, -0.2210000000000000900 ) ) ;
#9337 = LINE ( 'NONE', #5812, #5831 ) ;
#9338 = DIRECTION ( 'NONE',  ( -1.000000000000000000, -0.0000000000000000000, -0.0000000000000000000 ) ) ;
#9339 = EDGE_CURVE ( 'NONE', #5727, #4245, #535, .T. ) ;
#9340 = LINE ( 'NONE', #2542, #7874 ) ;
#9341 = FACE_BOUND ( 'NONE', #2581, .T. ) ;
#9342 = ORIENTED_EDGE ( 'NONE', *, *, #3549, .F. ) ;
#9343 = VECTOR ( 'NONE', #5518, 39.37007874015748100 ) ;
#9344 = LINE ( 'NONE', #2929, #7671 ) ;
#9345 = DIRECTION ( 'NONE',  ( -1.000000000000000000, 0.0000000000000000000, 0.0000000000000000000 ) ) ;
#9346 = VECTOR ( 'NONE', #2918, 39.37007874015748100 ) ;
#9347 = CARTESIAN_POINT ( 'NONE',  ( 0.7974999999999998800, 0.05000000000000000300, -0.1499999999999999900 ) ) ;
#9348 = LINE ( 'NONE', #1816, #1833 ) ;
#9349 = CARTESIAN_POINT ( 'NONE',  ( 0.1478498183595698700, 0.06415552626530733600, -0.006000000000739850100 ) ) ;
#9350 = EDGE_CURVE ( 'NONE', #4441, #4003, #6549, .T. ) ;
#9351 = EDGE_CURVE ( 'NONE', #5360, #340, #6341, .T. ) ;
#9352 = VERTEX_POINT ( 'NONE', #4035 ) ;
#9353 = DIRECTION ( 'NONE',  ( -1.000000000000000000, -1.106190048104503000E-013, 4.313434190744403800E-014 ) ) ;
#9354 = CARTESIAN_POINT ( 'NONE',  ( 0.0000000000000000000, 0.4094147637527355600, -0.01000000000000000000 ) ) ;
#9355 = VECTOR ( 'NONE', #3955, 39.37007874015748100 ) ;
#9356 = LINE ( 'NONE', #6897, #7685 ) ;
#9357 = FACE_OUTER_BOUND ( 'NONE', #3108, .T. ) ;
#9358 = CARTESIAN_POINT ( 'NONE',  ( 0.4463421106199221800, 0.2366589681657897700, 0.0000000000000000000 ) ) ;
#9359 = DIRECTION ( 'NONE',  ( 1.000000000000000000, 0.0000000000000000000, 0.0000000000000000000 ) ) ;
#9360 = SECURITY_CLASSIFICATION ( '', '', #5983 ) ;
#9361 = ORIENTED_EDGE ( 'NONE', *, *, #4392, .F. ) ;
#9362 = COORDINATED_UNIVERSAL_TIME_OFFSET ( 5, 0, .BEHIND. ) ;
#9363 = CYLINDRICAL_SURFACE ( 'NONE', #8596, 0.009815670203806754800 ) ;
#9364 = DIRECTION ( 'NONE',  ( 0.0000000000000000000, -1.000000000000000000, -4.553079989440441700E-016 ) ) ;
#9365 = VECTOR ( 'NONE', #1286, 39.37007874015748100 ) ;
#9366 = EDGE_CURVE ( 'NONE', #4003, #17, #2381, .T. ) ;
#9367 = CIRCLE ( 'NONE', #9015, 0.009815670203840084000 ) ;
#9368 = EDGE_LOOP ( 'NONE', ( #2631, #5441, #6103, #778, #2885, #4880, #6770, #12, #6119 ) ) ;
#9369 = DIRECTION ( 'NONE',  ( -1.000000000000000000, -0.0000000000000000000, -0.0000000000000000000 ) ) ;
#9370 = VERTEX_POINT ( 'NONE', #935 ) ;
#9371 = NEXT_ASSEMBLY_USAGE_OCCURRENCE ( 'NAUO1', ' ', ' ', #6236, #3917, $ ) ;
#9372 = NEXT_ASSEMBLY_USAGE_OCCURRENCE ( 'NAUO2', ' ', ' ', #6236, #5104, $ ) ;
#9373 = NEXT_ASSEMBLY_USAGE_OCCURRENCE ( 'NAUO3', ' ', ' ', #6236, #5104, $ ) ;
#9374 = NEXT_ASSEMBLY_USAGE_OCCURRENCE ( 'NAUO4', ' ', ' ', #6236, #5104, $ ) ;
#9375 = NEXT_ASSEMBLY_USAGE_OCCURRENCE ( 'NAUO5', ' ', ' ', #6236, #5104, $ ) ;
#9376 = NEXT_ASSEMBLY_USAGE_OCCURRENCE ( 'NAUO6', ' ', ' ', #6236, #5104, $ ) ;
#9377 = NEXT_ASSEMBLY_USAGE_OCCURRENCE ( 'NAUO7', ' ', ' ', #6236, #5104, $ ) ;
#9378 = NEXT_ASSEMBLY_USAGE_OCCURRENCE ( 'NAUO8', ' ', ' ', #6236, #5104, $ ) ;
#9379 = NEXT_ASSEMBLY_USAGE_OCCURRENCE ( 'NAUO9', ' ', ' ', #6236, #5104, $ ) ;
#9380 = NEXT_ASSEMBLY_USAGE_OCCURRENCE ( 'NAUO10', ' ', ' ', #6236, #5104, $ ) ;
#9381 = NEXT_ASSEMBLY_USAGE_OCCURRENCE ( 'NAUO11', ' ', ' ', #6236, #5104, $ ) ;
#9382 = NEXT_ASSEMBLY_USAGE_OCCURRENCE ( 'NAUO12', ' ', ' ', #6236, #5104, $ ) ;
#9383 = NEXT_ASSEMBLY_USAGE_OCCURRENCE ( 'NAUO13', ' ', ' ', #6236, #5104, $ ) ;
ENDSEC;
END-ISO-10303-21;
