ISO-10303-21;
HEADER;
FILE_DESCRIPTION((''),'2;1');
FILE_NAME('L101011MS02_SW0003_PRT','2013-11-21T',('jtrepler'),(''),
'PRO/ENGINEER BY PARAMETRIC TECHNOLOGY CORPORATION, 2011410',
'PRO/ENGINEER BY PARAMETRIC TECHNOLOGY CORPORATION, 2011410','');
FILE_SCHEMA(('AUTOMOTIVE_DESIGN_CC2 { 1 2 10303 214 -1 1 5 2 }'));
ENDSEC;
DATA;
#34=DIRECTION('',(0.E0,0.E0,1.E0));
#35=VECTOR('',#34,1.4E-1);
#36=CARTESIAN_POINT('',(2.970127091267E-1,2.68E-1,-7.E-2));
#37=LINE('',#36,#35);
#38=DIRECTION('',(0.E0,0.E0,-1.E0));
#39=VECTOR('',#38,5.E-3);
#40=CARTESIAN_POINT('',(3.315E-1,2.43E-1,7.5E-2));
#41=LINE('',#40,#39);
#42=DIRECTION('',(0.E0,1.E0,0.E0));
#43=VECTOR('',#42,4.5E-2);
#44=CARTESIAN_POINT('',(3.315E-1,2.43E-1,7.5E-2));
#45=LINE('',#44,#43);
#46=DIRECTION('',(0.E0,0.E0,-1.E0));
#47=VECTOR('',#46,5.E-3);
#48=CARTESIAN_POINT('',(3.315E-1,2.43E-1,-7.E-2));
#49=LINE('',#48,#47);
#50=DIRECTION('',(0.E0,1.E0,0.E0));
#51=VECTOR('',#50,2.5E-2);
#52=CARTESIAN_POINT('',(3.315E-1,2.43E-1,-7.E-2));
#53=LINE('',#52,#51);
#54=DIRECTION('',(0.E0,0.E0,-1.E0));
#55=VECTOR('',#54,1.4E-1);
#56=CARTESIAN_POINT('',(3.315E-1,2.68E-1,7.E-2));
#57=LINE('',#56,#55);
#58=DIRECTION('',(0.E0,1.E0,0.E0));
#59=VECTOR('',#58,2.5E-2);
#60=CARTESIAN_POINT('',(3.315E-1,2.43E-1,7.E-2));
#61=LINE('',#60,#59);
#62=DIRECTION('',(0.E0,0.E0,1.E0));
#63=VECTOR('',#62,1.4E-1);
#64=CARTESIAN_POINT('',(2.75E-1,2.43E-1,-7.E-2));
#65=LINE('',#64,#63);
#66=DIRECTION('',(0.E0,0.E0,1.E0));
#67=VECTOR('',#66,5.35E-2);
#68=CARTESIAN_POINT('',(3.32E-1,2.43E-1,-7.5E-2));
#69=LINE('',#68,#67);
#70=DIRECTION('',(-1.E0,0.E0,0.E0));
#71=VECTOR('',#70,2.25E-2);
#72=CARTESIAN_POINT('',(3.32E-1,2.43E-1,-2.15E-2));
#73=LINE('',#72,#71);
#74=DIRECTION('',(0.E0,0.E0,1.E0));
#75=VECTOR('',#74,4.3E-2);
#76=CARTESIAN_POINT('',(3.095E-1,2.43E-1,-2.15E-2));
#77=LINE('',#76,#75);
#78=DIRECTION('',(1.E0,0.E0,0.E0));
#79=VECTOR('',#78,2.25E-2);
#80=CARTESIAN_POINT('',(3.095E-1,2.43E-1,2.15E-2));
#81=LINE('',#80,#79);
#82=DIRECTION('',(0.E0,0.E0,1.E0));
#83=VECTOR('',#82,5.35E-2);
#84=CARTESIAN_POINT('',(3.32E-1,2.43E-1,2.15E-2));
#85=LINE('',#84,#83);
#86=DIRECTION('',(1.E0,1.665334536937E-13,2.775557561562E-14));
#87=VECTOR('',#86,5.000000000002E-4);
#88=CARTESIAN_POINT('',(3.315E-1,2.43E-1,7.5E-2));
#89=LINE('',#88,#87);
#90=DIRECTION('',(0.E0,1.E0,0.E0));
#91=VECTOR('',#90,4.5E-2);
#92=CARTESIAN_POINT('',(3.465E-1,2.43E-1,7.5E-2));
#93=LINE('',#92,#91);
#94=DIRECTION('',(0.E0,0.E0,1.E0));
#95=VECTOR('',#94,2.25E-2);
#96=CARTESIAN_POINT('',(3.32E-1,2.43E-1,7.5E-2));
#97=LINE('',#96,#95);
#98=DIRECTION('',(-1.E0,0.E0,0.E0));
#99=VECTOR('',#98,2.25E-2);
#100=CARTESIAN_POINT('',(3.32E-1,2.43E-1,9.75E-2));
#101=LINE('',#100,#99);
#102=CARTESIAN_POINT('',(3.095E-1,2.43E-1,1.475E-1));
#103=DIRECTION('',(0.E0,-1.E0,0.E0));
#104=DIRECTION('',(-6.E-1,0.E0,-8.E-1));
#105=AXIS2_PLACEMENT_3D('',#102,#103,#104);
#107=CARTESIAN_POINT('',(2.045E-1,2.43E-1,7.5E-3));
#108=DIRECTION('',(0.E0,-1.E0,0.E0));
#109=DIRECTION('',(6.E-1,0.E0,8.E-1));
#110=AXIS2_PLACEMENT_3D('',#107,#108,#109);
#112=DIRECTION('',(0.E0,0.E0,-1.E0));
#113=VECTOR('',#112,5.819932923746E-2);
#114=CARTESIAN_POINT('',(2.75E-1,2.43E-1,1.689211776999E-1));
#115=LINE('',#114,#113);
#116=DIRECTION('',(1.E0,0.E0,0.E0));
#117=VECTOR('',#116,2.359307818360E-1);
#118=CARTESIAN_POINT('',(3.906921816396E-2,2.43E-1,1.689211776999E-1));
#119=LINE('',#118,#117);
#120=CARTESIAN_POINT('',(0.E0,2.43E-1,1.775E-1));
#121=DIRECTION('',(0.E0,-1.E0,0.E0));
#122=DIRECTION('',(9.767304540990E-1,0.E0,-2.144705575030E-1));
#123=AXIS2_PLACEMENT_3D('',#120,#121,#122);
#125=DIRECTION('',(-1.E0,0.E0,0.E0));
#126=VECTOR('',#125,7.858116822751E-2);
#127=CARTESIAN_POINT('',(3.929058411375E-2,2.43E-1,1.7E-1));
#128=LINE('',#127,#126);
#129=CARTESIAN_POINT('',(0.E0,2.43E-1,1.775E-1));
#130=DIRECTION('',(0.E0,-1.E0,0.E0));
#131=DIRECTION('',(-9.822646028439E-1,0.E0,-1.875E-1));
#132=AXIS2_PLACEMENT_3D('',#129,#130,#131);
#134=DIRECTION('',(1.E0,0.E0,0.E0));
#135=VECTOR('',#134,2.359307818360E-1);
#136=CARTESIAN_POINT('',(-2.75E-1,2.43E-1,1.689211776999E-1));
#137=LINE('',#136,#135);
#138=DIRECTION('',(0.E0,0.E0,-1.E0));
#139=VECTOR('',#138,9.892117769988E-2);
#140=CARTESIAN_POINT('',(-2.75E-1,2.43E-1,1.689211776999E-1));
#141=LINE('',#140,#139);
#142=DIRECTION('',(1.E0,0.E0,0.E0));
#143=VECTOR('',#142,7.15E-2);
#144=CARTESIAN_POINT('',(-3.465E-1,2.43E-1,7.E-2));
#145=LINE('',#144,#143);
#146=DIRECTION('',(0.E0,0.E0,1.E0));
#147=VECTOR('',#146,1.025E-1);
#148=CARTESIAN_POINT('',(-3.465E-1,2.43E-1,7.E-2));
#149=LINE('',#148,#147);
#150=CARTESIAN_POINT('',(-3.315E-1,2.43E-1,1.725E-1));
#151=DIRECTION('',(0.E0,1.E0,0.E0));
#152=DIRECTION('',(-1.E0,0.E0,0.E0));
#153=AXIS2_PLACEMENT_3D('',#150,#151,#152);
#155=DIRECTION('',(1.E0,0.E0,0.E0));
#156=VECTOR('',#155,1.205E-1);
#157=CARTESIAN_POINT('',(-3.315E-1,2.43E-1,1.875E-1));
#158=LINE('',#157,#156);
#159=DIRECTION('',(0.E0,0.E0,1.E0));
#160=VECTOR('',#159,1.2E-2);
#161=CARTESIAN_POINT('',(-2.11E-1,2.43E-1,1.875E-1));
#162=LINE('',#161,#160);
#163=DIRECTION('',(1.E0,0.E0,0.E0));
#164=VECTOR('',#163,6.E-2);
#165=CARTESIAN_POINT('',(-2.11E-1,2.43E-1,1.995E-1));
#166=LINE('',#165,#164);
#167=DIRECTION('',(0.E0,0.E0,-1.E0));
#168=VECTOR('',#167,1.2E-2);
#169=CARTESIAN_POINT('',(-1.51E-1,2.43E-1,1.995E-1));
#170=LINE('',#169,#168);
#171=DIRECTION('',(1.E0,0.E0,0.E0));
#172=VECTOR('',#171,1.21E-1);
#173=CARTESIAN_POINT('',(-1.51E-1,2.43E-1,1.875E-1));
#174=LINE('',#173,#172);
#175=DIRECTION('',(0.E0,0.E0,1.E0));
#176=VECTOR('',#175,1.2E-2);
#177=CARTESIAN_POINT('',(-3.E-2,2.43E-1,1.875E-1));
#178=LINE('',#177,#176);
#179=DIRECTION('',(1.E0,0.E0,0.E0));
#180=VECTOR('',#179,6.E-2);
#181=CARTESIAN_POINT('',(-3.E-2,2.43E-1,1.995E-1));
#182=LINE('',#181,#180);
#183=DIRECTION('',(0.E0,0.E0,-1.E0));
#184=VECTOR('',#183,1.2E-2);
#185=CARTESIAN_POINT('',(3.E-2,2.43E-1,1.995E-1));
#186=LINE('',#185,#184);
#187=DIRECTION('',(1.E0,0.E0,0.E0));
#188=VECTOR('',#187,1.21E-1);
#189=CARTESIAN_POINT('',(3.E-2,2.43E-1,1.875E-1));
#190=LINE('',#189,#188);
#191=DIRECTION('',(0.E0,0.E0,1.E0));
#192=VECTOR('',#191,1.2E-2);
#193=CARTESIAN_POINT('',(1.51E-1,2.43E-1,1.875E-1));
#194=LINE('',#193,#192);
#195=DIRECTION('',(1.E0,0.E0,0.E0));
#196=VECTOR('',#195,6.E-2);
#197=CARTESIAN_POINT('',(1.51E-1,2.43E-1,1.995E-1));
#198=LINE('',#197,#196);
#199=DIRECTION('',(0.E0,0.E0,-1.E0));
#200=VECTOR('',#199,1.2E-2);
#201=CARTESIAN_POINT('',(2.11E-1,2.43E-1,1.995E-1));
#202=LINE('',#201,#200);
#203=DIRECTION('',(1.E0,0.E0,0.E0));
#204=VECTOR('',#203,1.205E-1);
#205=CARTESIAN_POINT('',(2.11E-1,2.43E-1,1.875E-1));
#206=LINE('',#205,#204);
#207=CARTESIAN_POINT('',(3.315E-1,2.43E-1,1.725E-1));
#208=DIRECTION('',(0.E0,1.E0,0.E0));
#209=DIRECTION('',(0.E0,0.E0,1.E0));
#210=AXIS2_PLACEMENT_3D('',#207,#208,#209);
#212=DIRECTION('',(0.E0,0.E0,-1.E0));
#213=VECTOR('',#212,9.75E-2);
#214=CARTESIAN_POINT('',(3.465E-1,2.43E-1,1.725E-1));
#215=LINE('',#214,#213);
#216=DIRECTION('',(-1.E0,0.E0,0.E0));
#217=VECTOR('',#216,1.45E-2);
#218=CARTESIAN_POINT('',(3.465E-1,2.43E-1,7.5E-2));
#219=LINE('',#218,#217);
#220=DIRECTION('',(0.E0,-1.E0,0.E0));
#221=VECTOR('',#220,4.5E-2);
#222=CARTESIAN_POINT('',(3.32E-1,2.43E-1,2.15E-2));
#223=LINE('',#222,#221);
#224=DIRECTION('',(0.E0,0.E0,-1.E0));
#225=VECTOR('',#224,2.5E-3);
#226=CARTESIAN_POINT('',(3.32E-1,1.98E-1,2.15E-2));
#227=LINE('',#226,#225);
#228=DIRECTION('',(0.E0,1.E0,0.E0));
#229=VECTOR('',#228,3.5E-2);
#230=CARTESIAN_POINT('',(3.32E-1,1.98E-1,1.9E-2));
#231=LINE('',#230,#229);
#232=DIRECTION('',(0.E0,-7.071067811865E-1,7.071067811865E-1));
#233=VECTOR('',#232,1.414213562373E-2);
#234=CARTESIAN_POINT('',(3.32E-1,2.43E-1,9.E-3));
#235=LINE('',#234,#233);
#236=DIRECTION('',(0.E0,7.071067811865E-1,7.071067811866E-1));
#237=VECTOR('',#236,1.414213562373E-2);
#238=CARTESIAN_POINT('',(3.32E-1,2.33E-1,-1.9E-2));
#239=LINE('',#238,#237);
#240=DIRECTION('',(0.E0,0.E0,-1.E0));
#241=VECTOR('',#240,2.5E-3);
#242=CARTESIAN_POINT('',(3.32E-1,1.98E-1,-1.9E-2));
#243=LINE('',#242,#241);
#244=DIRECTION('',(0.E0,-1.E0,0.E0));
#245=VECTOR('',#244,3.E-2);
#246=CARTESIAN_POINT('',(3.32E-1,2.43E-1,-9.75E-2));
#247=LINE('',#246,#245);
#248=DIRECTION('',(0.E0,-1.E0,0.E0));
#249=VECTOR('',#248,1.5E-2);
#250=CARTESIAN_POINT('',(3.32E-1,2.13E-1,-8.75E-2));
#251=LINE('',#250,#249);
#252=DIRECTION('',(0.E0,0.E0,-1.E0));
#253=VECTOR('',#252,9.5E-3);
#254=CARTESIAN_POINT('',(3.32E-1,1.98E-1,-8.75E-2));
#255=LINE('',#254,#253);
#256=DIRECTION('',(0.E0,-1.E0,0.E0));
#257=VECTOR('',#256,1.2E-1);
#258=CARTESIAN_POINT('',(3.32E-1,1.98E-1,-9.7E-2));
#259=LINE('',#258,#257);
#260=DIRECTION('',(0.E0,0.E0,1.E0));
#261=VECTOR('',#260,7.7E-2);
#262=CARTESIAN_POINT('',(3.32E-1,7.8E-2,-9.7E-2));
#263=LINE('',#262,#261);
#264=DIRECTION('',(0.E0,-1.E0,0.E0));
#265=VECTOR('',#264,4.E-2);
#266=CARTESIAN_POINT('',(3.32E-1,7.8E-2,2.E-2));
#267=LINE('',#266,#265);
#268=DIRECTION('',(0.E0,0.E0,1.E0));
#269=VECTOR('',#268,5.E-3);
#270=CARTESIAN_POINT('',(3.32E-1,7.8E-2,2.E-2));
#271=LINE('',#270,#269);
#272=DIRECTION('',(-1.E0,0.E0,0.E0));
#273=VECTOR('',#272,5.7E-2);
#274=CARTESIAN_POINT('',(3.32E-1,1.98E-1,2.6E-2));
#275=LINE('',#274,#273);
#276=DIRECTION('',(0.E0,-1.E0,0.E0));
#277=VECTOR('',#276,2.E-2);
#278=CARTESIAN_POINT('',(3.32E-1,1.98E-1,2.6E-2));
#279=LINE('',#278,#277);
#280=DIRECTION('',(0.E0,1.E0,0.E0));
#281=VECTOR('',#280,2.E-2);
#282=CARTESIAN_POINT('',(2.75E-1,1.78E-1,2.6E-2));
#283=LINE('',#282,#281);
#284=DIRECTION('',(0.E0,0.E0,1.E0));
#285=VECTOR('',#284,6.15E-2);
#286=CARTESIAN_POINT('',(2.75E-1,1.98E-1,2.6E-2));
#287=LINE('',#286,#285);
#288=DIRECTION('',(-1.E0,0.E0,0.E0));
#289=VECTOR('',#288,5.7E-2);
#290=CARTESIAN_POINT('',(3.32E-1,1.98E-1,8.75E-2));
#291=LINE('',#290,#289);
#292=DIRECTION('',(0.E0,0.E0,1.E0));
#293=VECTOR('',#292,6.15E-2);
#294=CARTESIAN_POINT('',(3.32E-1,1.98E-1,2.6E-2));
#295=LINE('',#294,#293);
#296=DIRECTION('',(0.E0,1.E0,0.E0));
#297=VECTOR('',#296,1.8E-2);
#298=CARTESIAN_POINT('',(2.75E-1,2.43E-1,-1.689211776999E-1));
#299=LINE('',#298,#297);
#300=DIRECTION('',(0.E0,0.E0,1.E0));
#301=VECTOR('',#300,9.892117769988E-2);
#302=CARTESIAN_POINT('',(2.75E-1,2.61E-1,-1.689211776999E-1));
#303=LINE('',#302,#301);
#304=DIRECTION('',(0.E0,0.E0,1.E0));
#305=VECTOR('',#304,9.892117769988E-2);
#306=CARTESIAN_POINT('',(2.75E-1,2.61E-1,7.E-2));
#307=LINE('',#306,#305);
#308=DIRECTION('',(0.E0,-1.E0,0.E0));
#309=VECTOR('',#308,1.8E-2);
#310=CARTESIAN_POINT('',(2.75E-1,2.61E-1,1.689211776999E-1));
#311=LINE('',#310,#309);
#312=DIRECTION('',(0.E0,-1.E0,0.E0));
#313=VECTOR('',#312,1.607830062076E-1);
#314=CARTESIAN_POINT('',(2.75E-1,1.83E-1,1.689211776999E-1));
#315=LINE('',#314,#313);
#316=DIRECTION('',(0.E0,0.E0,-1.E0));
#317=VECTOR('',#316,1.439211776999E-1);
#318=CARTESIAN_POINT('',(2.75E-1,2.221699379243E-2,1.689211776999E-1));
#319=LINE('',#318,#317);
#320=DIRECTION('',(0.E0,-1.E0,0.E0));
#321=VECTOR('',#320,3.E-2);
#322=CARTESIAN_POINT('',(2.75E-1,2.43E-1,-1.107218484624E-1));
#323=LINE('',#322,#321);
#324=CARTESIAN_POINT('',(2.045E-1,2.43E-1,-7.5E-3));
#325=DIRECTION('',(0.E0,-1.E0,0.E0));
#326=DIRECTION('',(5.64E-1,0.E0,-8.257747876994E-1));
#327=AXIS2_PLACEMENT_3D('',#324,#325,#326);
#329=CARTESIAN_POINT('',(3.095E-1,2.43E-1,-1.475E-1));
#330=DIRECTION('',(0.E0,-1.E0,0.E0));
#331=DIRECTION('',(0.E0,0.E0,1.E0));
#332=AXIS2_PLACEMENT_3D('',#329,#330,#331);
#334=DIRECTION('',(1.E0,0.E0,0.E0));
#335=VECTOR('',#334,2.25E-2);
#336=CARTESIAN_POINT('',(3.095E-1,2.43E-1,-9.75E-2));
#337=LINE('',#336,#335);
#338=DIRECTION('',(0.E0,0.E0,1.E0));
#339=VECTOR('',#338,2.25E-2);
#340=CARTESIAN_POINT('',(3.32E-1,2.43E-1,-9.75E-2));
#341=LINE('',#340,#339);
#342=DIRECTION('',(1.E0,0.E0,0.E0));
#343=VECTOR('',#342,1.45E-2);
#344=CARTESIAN_POINT('',(3.32E-1,2.43E-1,-7.5E-2));
#345=LINE('',#344,#343);
#346=DIRECTION('',(0.E0,0.E0,-1.E0));
#347=VECTOR('',#346,9.75E-2);
#348=CARTESIAN_POINT('',(3.465E-1,2.43E-1,-7.5E-2));
#349=LINE('',#348,#347);
#350=CARTESIAN_POINT('',(3.315E-1,2.43E-1,-1.725E-1));
#351=DIRECTION('',(0.E0,1.E0,0.E0));
#352=DIRECTION('',(1.E0,0.E0,0.E0));
#353=AXIS2_PLACEMENT_3D('',#350,#351,#352);
#355=DIRECTION('',(-1.E0,0.E0,0.E0));
#356=VECTOR('',#355,1.205E-1);
#357=CARTESIAN_POINT('',(3.315E-1,2.43E-1,-1.875E-1));
#358=LINE('',#357,#356);
#359=DIRECTION('',(0.E0,0.E0,-1.E0));
#360=VECTOR('',#359,1.2E-2);
#361=CARTESIAN_POINT('',(2.11E-1,2.43E-1,-1.875E-1));
#362=LINE('',#361,#360);
#363=DIRECTION('',(1.E0,0.E0,0.E0));
#364=VECTOR('',#363,6.E-2);
#365=CARTESIAN_POINT('',(1.51E-1,2.43E-1,-1.995E-1));
#366=LINE('',#365,#364);
#367=DIRECTION('',(0.E0,0.E0,1.E0));
#368=VECTOR('',#367,1.2E-2);
#369=CARTESIAN_POINT('',(1.51E-1,2.43E-1,-1.995E-1));
#370=LINE('',#369,#368);
#371=DIRECTION('',(-1.E0,0.E0,0.E0));
#372=VECTOR('',#371,1.21E-1);
#373=CARTESIAN_POINT('',(1.51E-1,2.43E-1,-1.875E-1));
#374=LINE('',#373,#372);
#375=DIRECTION('',(0.E0,0.E0,-1.E0));
#376=VECTOR('',#375,1.2E-2);
#377=CARTESIAN_POINT('',(3.E-2,2.43E-1,-1.875E-1));
#378=LINE('',#377,#376);
#379=DIRECTION('',(1.E0,0.E0,0.E0));
#380=VECTOR('',#379,6.E-2);
#381=CARTESIAN_POINT('',(-3.E-2,2.43E-1,-1.995E-1));
#382=LINE('',#381,#380);
#383=DIRECTION('',(0.E0,0.E0,1.E0));
#384=VECTOR('',#383,1.2E-2);
#385=CARTESIAN_POINT('',(-3.E-2,2.43E-1,-1.995E-1));
#386=LINE('',#385,#384);
#387=DIRECTION('',(-1.E0,0.E0,0.E0));
#388=VECTOR('',#387,1.21E-1);
#389=CARTESIAN_POINT('',(-3.E-2,2.43E-1,-1.875E-1));
#390=LINE('',#389,#388);
#391=DIRECTION('',(0.E0,0.E0,-1.E0));
#392=VECTOR('',#391,1.2E-2);
#393=CARTESIAN_POINT('',(-1.51E-1,2.43E-1,-1.875E-1));
#394=LINE('',#393,#392);
#395=DIRECTION('',(1.E0,0.E0,0.E0));
#396=VECTOR('',#395,6.E-2);
#397=CARTESIAN_POINT('',(-2.11E-1,2.43E-1,-1.995E-1));
#398=LINE('',#397,#396);
#399=DIRECTION('',(0.E0,0.E0,1.E0));
#400=VECTOR('',#399,1.2E-2);
#401=CARTESIAN_POINT('',(-2.11E-1,2.43E-1,-1.995E-1));
#402=LINE('',#401,#400);
#403=DIRECTION('',(-1.E0,0.E0,0.E0));
#404=VECTOR('',#403,1.205E-1);
#405=CARTESIAN_POINT('',(-2.11E-1,2.43E-1,-1.875E-1));
#406=LINE('',#405,#404);
#407=CARTESIAN_POINT('',(-3.315E-1,2.43E-1,-1.725E-1));
#408=DIRECTION('',(0.E0,1.E0,0.E0));
#409=DIRECTION('',(0.E0,0.E0,-1.E0));
#410=AXIS2_PLACEMENT_3D('',#407,#408,#409);
#412=DIRECTION('',(0.E0,0.E0,1.E0));
#413=VECTOR('',#412,1.025E-1);
#414=CARTESIAN_POINT('',(-3.465E-1,2.43E-1,-1.725E-1));
#415=LINE('',#414,#413);
#416=DIRECTION('',(1.E0,0.E0,0.E0));
#417=VECTOR('',#416,7.15E-2);
#418=CARTESIAN_POINT('',(-3.465E-1,2.43E-1,-7.E-2));
#419=LINE('',#418,#417);
#420=DIRECTION('',(0.E0,0.E0,-1.E0));
#421=VECTOR('',#420,9.892117769988E-2);
#422=CARTESIAN_POINT('',(-2.75E-1,2.43E-1,-7.E-2));
#423=LINE('',#422,#421);
#424=DIRECTION('',(1.E0,0.E0,0.E0));
#425=VECTOR('',#424,2.359307818360E-1);
#426=CARTESIAN_POINT('',(-2.75E-1,2.43E-1,-1.689211776999E-1));
#427=LINE('',#426,#425);
#428=CARTESIAN_POINT('',(0.E0,2.43E-1,-1.775E-1));
#429=DIRECTION('',(0.E0,-1.E0,0.E0));
#430=DIRECTION('',(-9.767304540990E-1,0.E0,2.144705575030E-1));
#431=AXIS2_PLACEMENT_3D('',#428,#429,#430);
#433=DIRECTION('',(1.E0,0.E0,0.E0));
#434=VECTOR('',#433,7.858116822751E-2);
#435=CARTESIAN_POINT('',(-3.929058411375E-2,2.43E-1,-1.7E-1));
#436=LINE('',#435,#434);
#437=CARTESIAN_POINT('',(0.E0,2.43E-1,-1.775E-1));
#438=DIRECTION('',(0.E0,-1.E0,0.E0));
#439=DIRECTION('',(9.822646028439E-1,0.E0,1.875E-1));
#440=AXIS2_PLACEMENT_3D('',#437,#438,#439);
#442=DIRECTION('',(1.E0,0.E0,0.E0));
#443=VECTOR('',#442,2.359307818360E-1);
#444=CARTESIAN_POINT('',(3.906921816396E-2,2.43E-1,-1.689211776999E-1));
#445=LINE('',#444,#443);
#446=DIRECTION('',(0.E0,0.E0,-1.E0));
#447=VECTOR('',#446,5.819932923746E-2);
#448=CARTESIAN_POINT('',(2.75E-1,2.43E-1,-1.107218484624E-1));
#449=LINE('',#448,#447);
#450=DIRECTION('',(0.E0,-1.E0,0.E0));
#451=VECTOR('',#450,3.E-2);
#452=CARTESIAN_POINT('',(2.795E-1,2.43E-1,-1.075E-1));
#453=LINE('',#452,#451);
#454=DIRECTION('',(0.E0,0.E0,1.E0));
#455=VECTOR('',#454,2.322184846243E-2);
#456=CARTESIAN_POINT('',(2.75E-1,2.13E-1,-1.107218484624E-1));
#457=LINE('',#456,#455);
#458=DIRECTION('',(-1.E0,0.E0,0.E0));
#459=VECTOR('',#458,5.7E-2);
#460=CARTESIAN_POINT('',(3.32E-1,2.13E-1,-8.75E-2));
#461=LINE('',#460,#459);
#462=DIRECTION('',(0.E0,0.E0,1.E0));
#463=VECTOR('',#462,1.E-2);
#464=CARTESIAN_POINT('',(3.32E-1,2.13E-1,-9.75E-2));
#465=LINE('',#464,#463);
#466=DIRECTION('',(1.E0,0.E0,0.E0));
#467=VECTOR('',#466,2.25E-2);
#468=CARTESIAN_POINT('',(3.095E-1,2.13E-1,-9.75E-2));
#469=LINE('',#468,#467);
#470=CARTESIAN_POINT('',(3.095E-1,2.13E-1,-1.475E-1));
#471=DIRECTION('',(0.E0,1.E0,0.E0));
#472=DIRECTION('',(-6.E-1,0.E0,8.E-1));
#473=AXIS2_PLACEMENT_3D('',#470,#471,#472);
#475=CARTESIAN_POINT('',(2.045E-1,2.13E-1,-7.5E-3));
#476=DIRECTION('',(0.E0,-1.E0,0.E0));
#477=DIRECTION('',(5.64E-1,0.E0,-8.257747876994E-1));
#478=AXIS2_PLACEMENT_3D('',#475,#476,#477);
#480=DIRECTION('',(0.E0,-1.E0,0.E0));
#481=VECTOR('',#480,1.5E-2);
#482=CARTESIAN_POINT('',(2.75E-1,2.13E-1,-8.75E-2));
#483=LINE('',#482,#481);
#484=DIRECTION('',(-1.E0,0.E0,0.E0));
#485=VECTOR('',#484,5.7E-2);
#486=CARTESIAN_POINT('',(3.32E-1,1.98E-1,-8.75E-2));
#487=LINE('',#486,#485);
#488=DIRECTION('',(0.E0,0.E0,-1.E0));
#489=VECTOR('',#488,9.5E-3);
#490=CARTESIAN_POINT('',(2.75E-1,1.98E-1,-8.75E-2));
#491=LINE('',#490,#489);
#492=DIRECTION('',(1.E0,0.E0,0.E0));
#493=VECTOR('',#492,5.7E-2);
#494=CARTESIAN_POINT('',(2.75E-1,1.98E-1,-9.7E-2));
#495=LINE('',#494,#493);
#496=DIRECTION('',(0.E0,1.E0,0.E0));
#497=VECTOR('',#496,1.2E-1);
#498=CARTESIAN_POINT('',(2.75E-1,7.8E-2,-9.7E-2));
#499=LINE('',#498,#497);
#500=DIRECTION('',(0.E0,0.E0,-1.E0));
#501=VECTOR('',#500,2.E-2);
#502=CARTESIAN_POINT('',(2.75E-1,7.8E-2,-7.7E-2));
#503=LINE('',#502,#501);
#504=DIRECTION('',(1.E0,0.E0,0.E0));
#505=VECTOR('',#504,2.7E-2);
#506=CARTESIAN_POINT('',(2.75E-1,7.8E-2,-7.7E-2));
#507=LINE('',#506,#505);
#508=DIRECTION('',(0.E0,0.E0,1.E0));
#509=VECTOR('',#508,5.7E-2);
#510=CARTESIAN_POINT('',(3.02E-1,7.8E-2,-7.7E-2));
#511=LINE('',#510,#509);
#512=DIRECTION('',(-1.E0,0.E0,0.E0));
#513=VECTOR('',#512,3.E-2);
#514=CARTESIAN_POINT('',(3.32E-1,7.8E-2,-2.E-2));
#515=LINE('',#514,#513);
#516=DIRECTION('',(1.E0,0.E0,0.E0));
#517=VECTOR('',#516,5.7E-2);
#518=CARTESIAN_POINT('',(2.75E-1,7.8E-2,-9.7E-2));
#519=LINE('',#518,#517);
#520=DIRECTION('',(0.E0,1.E0,0.E0));
#521=VECTOR('',#520,9.75E-2);
#522=CARTESIAN_POINT('',(2.75E-1,7.8E-2,-7.7E-2));
#523=LINE('',#522,#521);
#524=DIRECTION('',(1.E0,0.E0,0.E0));
#525=VECTOR('',#524,1.652149147665E-2);
#526=CARTESIAN_POINT('',(2.75E-1,1.755E-1,-5.6E-2));
#527=LINE('',#526,#525);
#528=DIRECTION('',(0.E0,0.E0,1.E0));
#529=VECTOR('',#528,1.5E-2);
#530=CARTESIAN_POINT('',(2.915214914766E-1,1.755E-1,-5.6E-2));
#531=LINE('',#530,#529);
#532=DIRECTION('',(1.E0,0.E0,0.E0));
#533=VECTOR('',#532,1.652149147665E-2);
#534=CARTESIAN_POINT('',(2.75E-1,1.755E-1,-4.1E-2));
#535=LINE('',#534,#533);
#536=DIRECTION('',(0.E0,0.E0,-1.E0));
#537=VECTOR('',#536,2.1E-2);
#538=CARTESIAN_POINT('',(2.75E-1,1.755E-1,-2.E-2));
#539=LINE('',#538,#537);
#540=DIRECTION('',(-1.E0,0.E0,0.E0));
#541=VECTOR('',#540,2.7E-2);
#542=CARTESIAN_POINT('',(3.02E-1,1.755E-1,-2.E-2));
#543=LINE('',#542,#541);
#544=DIRECTION('',(0.E0,0.E0,1.E0));
#545=VECTOR('',#544,5.7E-2);
#546=CARTESIAN_POINT('',(3.02E-1,1.755E-1,-7.7E-2));
#547=LINE('',#546,#545);
#548=DIRECTION('',(1.E0,0.E0,0.E0));
#549=VECTOR('',#548,2.7E-2);
#550=CARTESIAN_POINT('',(2.75E-1,1.755E-1,-7.7E-2));
#551=LINE('',#550,#549);
#552=DIRECTION('',(0.E0,0.E0,-1.E0));
#553=VECTOR('',#552,2.1E-2);
#554=CARTESIAN_POINT('',(2.75E-1,1.755E-1,-5.6E-2));
#555=LINE('',#554,#553);
#556=DIRECTION('',(0.E0,1.E0,0.E0));
#557=VECTOR('',#556,7.55E-2);
#558=CARTESIAN_POINT('',(2.75E-1,1.E-1,-5.6E-2));
#559=LINE('',#558,#557);
#560=DIRECTION('',(1.E0,0.E0,0.E0));
#561=VECTOR('',#560,1.557363798073E-2);
#562=CARTESIAN_POINT('',(2.75E-1,1.E-1,-5.6E-2));
#563=LINE('',#562,#561);
#564=CARTESIAN_POINT('',(7.2E-2,1.405E-1,-5.6E-2));
#565=DIRECTION('',(0.E0,0.E0,1.E0));
#566=DIRECTION('',(9.832631520673E-1,-1.821910365157E-1,0.E0));
#567=AXIS2_PLACEMENT_3D('',#564,#565,#566);
#569=DIRECTION('',(0.E0,0.E0,-1.E0));
#570=VECTOR('',#569,1.5E-2);
#571=CARTESIAN_POINT('',(2.75E-1,1.E-1,-4.1E-2));
#572=LINE('',#571,#570);
#573=CARTESIAN_POINT('',(7.2E-2,1.405E-1,-4.1E-2));
#574=DIRECTION('',(0.E0,0.E0,1.E0));
#575=DIRECTION('',(9.832631520673E-1,-1.821910365157E-1,0.E0));
#576=AXIS2_PLACEMENT_3D('',#573,#574,#575);
#578=DIRECTION('',(1.E0,0.E0,0.E0));
#579=VECTOR('',#578,1.557363798073E-2);
#580=CARTESIAN_POINT('',(2.75E-1,1.E-1,-4.1E-2));
#581=LINE('',#580,#579);
#582=DIRECTION('',(0.E0,1.E0,0.E0));
#583=VECTOR('',#582,7.55E-2);
#584=CARTESIAN_POINT('',(2.75E-1,1.E-1,-4.1E-2));
#585=LINE('',#584,#583);
#586=DIRECTION('',(0.E0,0.E0,1.E0));
#587=VECTOR('',#586,1.5E-2);
#588=CARTESIAN_POINT('',(2.905736379807E-1,1.E-1,-5.6E-2));
#589=LINE('',#588,#587);
#590=DIRECTION('',(0.E0,1.E0,0.E0));
#591=VECTOR('',#590,9.75E-2);
#592=CARTESIAN_POINT('',(2.75E-1,7.8E-2,-2.E-2));
#593=LINE('',#592,#591);
#594=DIRECTION('',(1.E0,0.E0,0.E0));
#595=VECTOR('',#594,7.E-3);
#596=CARTESIAN_POINT('',(2.75E-1,7.8E-2,-2.E-2));
#597=LINE('',#596,#595);
#598=DIRECTION('',(0.E0,-1.E0,0.E0));
#599=VECTOR('',#598,4.E-2);
#600=CARTESIAN_POINT('',(3.32E-1,7.8E-2,-2.E-2));
#601=LINE('',#600,#599);
#602=DIRECTION('',(0.E0,1.E0,0.E0));
#603=VECTOR('',#602,9.75E-2);
#604=CARTESIAN_POINT('',(3.02E-1,7.8E-2,-2.E-2));
#605=LINE('',#604,#603);
#606=DIRECTION('',(-1.E0,0.E0,0.E0));
#607=VECTOR('',#606,5.E-2);
#608=CARTESIAN_POINT('',(3.32E-1,7.8E-2,2.E-2));
#609=LINE('',#608,#607);
#610=DIRECTION('',(0.E0,0.E0,1.E0));
#611=VECTOR('',#610,4.E-2);
#612=CARTESIAN_POINT('',(2.82E-1,7.8E-2,-2.E-2));
#613=LINE('',#612,#611);
#614=DIRECTION('',(0.E0,0.E0,-1.E0));
#615=VECTOR('',#614,4.5E-2);
#616=CARTESIAN_POINT('',(2.75E-1,7.8E-2,2.5E-2));
#617=LINE('',#616,#615);
#618=DIRECTION('',(-1.E0,0.E0,0.E0));
#619=VECTOR('',#618,5.7E-2);
#620=CARTESIAN_POINT('',(3.32E-1,7.8E-2,2.5E-2));
#621=LINE('',#620,#619);
#622=DIRECTION('',(0.E0,1.E0,0.E0));
#623=VECTOR('',#622,5.578300620757E-2);
#624=CARTESIAN_POINT('',(2.75E-1,2.221699379243E-2,2.5E-2));
#625=LINE('',#624,#623);
#626=DIRECTION('',(1.E0,0.E0,0.E0));
#627=VECTOR('',#626,5.5E-1);
#628=CARTESIAN_POINT('',(-2.75E-1,2.221699379243E-2,2.5E-2));
#629=LINE('',#628,#627);
#630=DIRECTION('',(0.E0,1.E0,0.E0));
#631=VECTOR('',#630,1.557830062076E-1);
#632=CARTESIAN_POINT('',(-2.75E-1,2.221699379243E-2,2.5E-2));
#633=LINE('',#632,#631);
#634=DIRECTION('',(0.E0,-1.E0,0.E0));
#635=VECTOR('',#634,1.58E-1);
#636=CARTESIAN_POINT('',(-3.325E-1,1.78E-1,2.5E-2));
#637=LINE('',#636,#635);
#638=DIRECTION('',(0.E0,1.E0,0.E0));
#639=VECTOR('',#638,1.58E-1);
#640=CARTESIAN_POINT('',(3.325E-1,2.E-2,2.5E-2));
#641=LINE('',#640,#639);
#642=DIRECTION('',(0.E0,-1.E0,0.E0));
#643=VECTOR('',#642,1.E-1);
#644=CARTESIAN_POINT('',(3.32E-1,1.78E-1,2.5E-2));
#645=LINE('',#644,#643);
#646=DIRECTION('',(-1.E0,0.E0,0.E0));
#647=VECTOR('',#646,5.5E-1);
#648=CARTESIAN_POINT('',(2.75E-1,2.221699379243E-2,1.689211776999E-1));
#649=LINE('',#648,#647);
#650=DIRECTION('',(0.E0,0.E0,-1.E0));
#651=VECTOR('',#650,5.921177699881E-3);
#652=CARTESIAN_POINT('',(2.75E-1,1.83E-1,1.689211776999E-1));
#653=LINE('',#652,#651);
#654=DIRECTION('',(1.E0,0.E0,0.E0));
#655=VECTOR('',#654,5.75E-2);
#656=CARTESIAN_POINT('',(2.75E-1,1.83E-1,1.63E-1));
#657=LINE('',#656,#655);
#658=DIRECTION('',(0.E0,0.E0,-1.E0));
#659=VECTOR('',#658,2.65E-2);
#660=CARTESIAN_POINT('',(3.325E-1,1.83E-1,1.895E-1));
#661=LINE('',#660,#659);
#662=DIRECTION('',(1.E0,0.E0,0.E0));
#663=VECTOR('',#662,6.65E-1);
#664=CARTESIAN_POINT('',(-3.325E-1,1.83E-1,1.895E-1));
#665=LINE('',#664,#663);
#666=DIRECTION('',(0.E0,0.E0,-1.E0));
#667=VECTOR('',#666,2.65E-2);
#668=CARTESIAN_POINT('',(-3.325E-1,1.83E-1,1.895E-1));
#669=LINE('',#668,#667);
#670=DIRECTION('',(1.E0,0.E0,0.E0));
#671=VECTOR('',#670,5.75E-2);
#672=CARTESIAN_POINT('',(-3.325E-1,1.83E-1,1.63E-1));
#673=LINE('',#672,#671);
#674=DIRECTION('',(0.E0,0.E0,-1.E0));
#675=VECTOR('',#674,5.921177699881E-3);
#676=CARTESIAN_POINT('',(-2.75E-1,1.83E-1,1.689211776999E-1));
#677=LINE('',#676,#675);
#678=DIRECTION('',(1.E0,0.E0,0.E0));
#679=VECTOR('',#678,5.5E-1);
#680=CARTESIAN_POINT('',(-2.75E-1,1.83E-1,1.689211776999E-1));
#681=LINE('',#680,#679);
#682=DIRECTION('',(0.E0,1.E0,0.E0));
#683=VECTOR('',#682,1.33E-1);
#684=CARTESIAN_POINT('',(2.75E-1,5.E-2,1.63E-1));
#685=LINE('',#684,#683);
#686=DIRECTION('',(0.E0,0.E0,-1.E0));
#687=VECTOR('',#686,9.8E-2);
#688=CARTESIAN_POINT('',(2.75E-1,5.E-2,1.63E-1));
#689=LINE('',#688,#687);
#690=DIRECTION('',(1.E0,0.E0,0.E0));
#691=VECTOR('',#690,5.75E-2);
#692=CARTESIAN_POINT('',(2.75E-1,5.E-2,6.5E-2));
#693=LINE('',#692,#691);
#694=DIRECTION('',(1.E0,0.E0,0.E0));
#695=VECTOR('',#694,5.75E-2);
#696=CARTESIAN_POINT('',(2.75E-1,5.E-2,1.63E-1));
#697=LINE('',#696,#695);
#698=DIRECTION('',(0.E0,1.E0,0.E0));
#699=VECTOR('',#698,1.28E-1);
#700=CARTESIAN_POINT('',(2.75E-1,5.E-2,6.5E-2));
#701=LINE('',#700,#699);
#702=DIRECTION('',(1.E0,0.E0,0.E0));
#703=VECTOR('',#702,5.75E-2);
#704=CARTESIAN_POINT('',(2.75E-1,1.78E-1,6.5E-2));
#705=LINE('',#704,#703);
#706=DIRECTION('',(0.E0,0.E0,1.E0));
#707=VECTOR('',#706,1.E-3);
#708=CARTESIAN_POINT('',(3.32E-1,1.78E-1,2.5E-2));
#709=LINE('',#708,#707);
#710=DIRECTION('',(1.E0,0.E0,0.E0));
#711=VECTOR('',#710,4.999999999999E-4);
#712=CARTESIAN_POINT('',(3.32E-1,1.78E-1,2.5E-2));
#713=LINE('',#712,#711);
#714=DIRECTION('',(0.E0,0.E0,1.E0));
#715=VECTOR('',#714,3.9E-2);
#716=CARTESIAN_POINT('',(2.75E-1,1.78E-1,2.6E-2));
#717=LINE('',#716,#715);
#718=DIRECTION('',(-1.E0,0.E0,0.E0));
#719=VECTOR('',#718,5.7E-2);
#720=CARTESIAN_POINT('',(3.32E-1,1.78E-1,2.6E-2));
#721=LINE('',#720,#719);
#722=DIRECTION('',(0.E0,-1.E0,0.E0));
#723=VECTOR('',#722,1.33E-1);
#724=CARTESIAN_POINT('',(3.325E-1,1.83E-1,1.63E-1));
#725=LINE('',#724,#723);
#726=DIRECTION('',(0.E0,0.E0,-1.E0));
#727=VECTOR('',#726,9.8E-2);
#728=CARTESIAN_POINT('',(3.325E-1,5.E-2,1.63E-1));
#729=LINE('',#728,#727);
#730=DIRECTION('',(0.E0,-1.E0,0.E0));
#731=VECTOR('',#730,1.28E-1);
#732=CARTESIAN_POINT('',(3.325E-1,1.78E-1,6.5E-2));
#733=LINE('',#732,#731);
#734=DIRECTION('',(0.E0,0.E0,1.E0));
#735=VECTOR('',#734,4.E-2);
#736=CARTESIAN_POINT('',(3.325E-1,1.78E-1,2.5E-2));
#737=LINE('',#736,#735);
#738=DIRECTION('',(0.E0,0.E0,1.E0));
#739=VECTOR('',#738,5.E-2);
#740=CARTESIAN_POINT('',(-3.325E-1,2.E-2,-2.5E-2));
#741=LINE('',#740,#739);
#742=DIRECTION('',(-1.E0,0.E0,0.E0));
#743=VECTOR('',#742,6.65E-1);
#744=CARTESIAN_POINT('',(3.325E-1,2.E-2,-2.5E-2));
#745=LINE('',#744,#743);
#746=DIRECTION('',(0.E0,0.E0,-1.E0));
#747=VECTOR('',#746,5.E-2);
#748=CARTESIAN_POINT('',(3.325E-1,2.E-2,2.5E-2));
#749=LINE('',#748,#747);
#750=DIRECTION('',(1.E0,0.E0,0.E0));
#751=VECTOR('',#750,6.65E-1);
#752=CARTESIAN_POINT('',(-3.325E-1,2.E-2,2.5E-2));
#753=LINE('',#752,#751);
#754=DIRECTION('',(0.E0,0.E0,1.E0));
#755=VECTOR('',#754,4.E-2);
#756=CARTESIAN_POINT('',(-3.325E-1,1.78E-1,2.5E-2));
#757=LINE('',#756,#755);
#758=DIRECTION('',(0.E0,-1.E0,0.E0));
#759=VECTOR('',#758,1.28E-1);
#760=CARTESIAN_POINT('',(-3.325E-1,1.78E-1,6.5E-2));
#761=LINE('',#760,#759);
#762=DIRECTION('',(0.E0,0.E0,1.E0));
#763=VECTOR('',#762,9.8E-2);
#764=CARTESIAN_POINT('',(-3.325E-1,5.E-2,6.5E-2));
#765=LINE('',#764,#763);
#766=DIRECTION('',(0.E0,-1.E0,0.E0));
#767=VECTOR('',#766,1.33E-1);
#768=CARTESIAN_POINT('',(-3.325E-1,1.83E-1,-1.23E-1));
#769=LINE('',#768,#767);
#770=DIRECTION('',(0.E0,-1.E0,0.E0));
#771=VECTOR('',#770,3.E-2);
#772=CARTESIAN_POINT('',(-3.325E-1,5.E-2,-2.5E-2));
#773=LINE('',#772,#771);
#774=DIRECTION('',(0.E0,0.E0,1.E0));
#775=VECTOR('',#774,4.E-2);
#776=CARTESIAN_POINT('',(-2.75E-1,1.78E-1,2.5E-2));
#777=LINE('',#776,#775);
#778=DIRECTION('',(1.E0,0.E0,0.E0));
#779=VECTOR('',#778,5.75E-2);
#780=CARTESIAN_POINT('',(-3.325E-1,1.78E-1,2.5E-2));
#781=LINE('',#780,#779);
#782=DIRECTION('',(0.E0,0.E0,-1.E0));
#783=VECTOR('',#782,1.439211776999E-1);
#784=CARTESIAN_POINT('',(-2.75E-1,2.221699379243E-2,1.689211776999E-1));
#785=LINE('',#784,#783);
#786=DIRECTION('',(0.E0,-1.E0,0.E0));
#787=VECTOR('',#786,1.607830062076E-1);
#788=CARTESIAN_POINT('',(-2.75E-1,1.83E-1,1.689211776999E-1));
#789=LINE('',#788,#787);
#790=DIRECTION('',(0.E0,0.E0,-1.E0));
#791=VECTOR('',#790,9.8E-2);
#792=CARTESIAN_POINT('',(-2.75E-1,5.E-2,1.63E-1));
#793=LINE('',#792,#791);
#794=DIRECTION('',(1.E0,0.E0,0.E0));
#795=VECTOR('',#794,5.75E-2);
#796=CARTESIAN_POINT('',(-3.325E-1,5.E-2,1.63E-1));
#797=LINE('',#796,#795);
#798=DIRECTION('',(1.E0,0.E0,0.E0));
#799=VECTOR('',#798,5.75E-2);
#800=CARTESIAN_POINT('',(-3.325E-1,5.E-2,6.5E-2));
#801=LINE('',#800,#799);
#802=DIRECTION('',(0.E0,1.E0,0.E0));
#803=VECTOR('',#802,1.33E-1);
#804=CARTESIAN_POINT('',(-2.75E-1,5.E-2,1.63E-1));
#805=LINE('',#804,#803);
#806=DIRECTION('',(0.E0,-1.E0,0.E0));
#807=VECTOR('',#806,1.33E-1);
#808=CARTESIAN_POINT('',(-3.325E-1,1.83E-1,1.63E-1));
#809=LINE('',#808,#807);
#810=DIRECTION('',(0.E0,1.E0,0.E0));
#811=VECTOR('',#810,1.28E-1);
#812=CARTESIAN_POINT('',(-2.75E-1,5.E-2,6.5E-2));
#813=LINE('',#812,#811);
#814=DIRECTION('',(1.E0,0.E0,0.E0));
#815=VECTOR('',#814,5.75E-2);
#816=CARTESIAN_POINT('',(-3.325E-1,1.78E-1,6.5E-2));
#817=LINE('',#816,#815);
#818=DIRECTION('',(1.E0,0.E0,0.E0));
#819=VECTOR('',#818,1.85E-2);
#820=CARTESIAN_POINT('',(-3.51E-1,2.28E-1,1.895E-1));
#821=LINE('',#820,#819);
#822=DIRECTION('',(0.E0,1.E0,0.E0));
#823=VECTOR('',#822,4.5E-2);
#824=CARTESIAN_POINT('',(-3.325E-1,1.83E-1,1.895E-1));
#825=LINE('',#824,#823);
#826=DIRECTION('',(0.E0,1.E0,0.E0));
#827=VECTOR('',#826,4.5E-2);
#828=CARTESIAN_POINT('',(3.325E-1,1.83E-1,1.895E-1));
#829=LINE('',#828,#827);
#830=DIRECTION('',(1.E0,0.E0,0.E0));
#831=VECTOR('',#830,1.85E-2);
#832=CARTESIAN_POINT('',(3.325E-1,2.28E-1,1.895E-1));
#833=LINE('',#832,#831);
#834=DIRECTION('',(0.E0,-1.E0,0.E0));
#835=VECTOR('',#834,5.E-2);
#836=CARTESIAN_POINT('',(-3.51E-1,2.78E-1,1.895E-1));
#837=LINE('',#836,#835);
#838=DIRECTION('',(-1.E0,0.E0,0.E0));
#839=VECTOR('',#838,7.5E-3);
#840=CARTESIAN_POINT('',(-1.435E-1,2.63E-1,1.895E-1));
#841=LINE('',#840,#839);
#842=DIRECTION('',(0.E0,1.E0,0.E0));
#843=VECTOR('',#842,2.5E-2);
#844=CARTESIAN_POINT('',(-1.435E-1,2.38E-1,1.895E-1));
#845=LINE('',#844,#843);
#846=DIRECTION('',(1.E0,0.E0,0.E0));
#847=VECTOR('',#846,7.5E-2);
#848=CARTESIAN_POINT('',(-2.185E-1,2.38E-1,1.895E-1));
#849=LINE('',#848,#847);
#850=DIRECTION('',(0.E0,-1.E0,0.E0));
#851=VECTOR('',#850,2.5E-2);
#852=CARTESIAN_POINT('',(-2.185E-1,2.63E-1,1.895E-1));
#853=LINE('',#852,#851);
#854=DIRECTION('',(-1.E0,0.E0,0.E0));
#855=VECTOR('',#854,7.5E-3);
#856=CARTESIAN_POINT('',(-2.11E-1,2.63E-1,1.895E-1));
#857=LINE('',#856,#855);
#858=DIRECTION('',(1.E0,0.E0,0.E0));
#859=VECTOR('',#858,6.E-2);
#860=CARTESIAN_POINT('',(-2.11E-1,2.63E-1,1.895E-1));
#861=LINE('',#860,#859);
#862=DIRECTION('',(-1.E0,0.E0,0.E0));
#863=VECTOR('',#862,7.5E-3);
#864=CARTESIAN_POINT('',(3.75E-2,2.63E-1,1.895E-1));
#865=LINE('',#864,#863);
#866=DIRECTION('',(0.E0,1.E0,0.E0));
#867=VECTOR('',#866,2.5E-2);
#868=CARTESIAN_POINT('',(3.75E-2,2.38E-1,1.895E-1));
#869=LINE('',#868,#867);
#870=DIRECTION('',(1.E0,0.E0,0.E0));
#871=VECTOR('',#870,7.5E-2);
#872=CARTESIAN_POINT('',(-3.75E-2,2.38E-1,1.895E-1));
#873=LINE('',#872,#871);
#874=DIRECTION('',(0.E0,-1.E0,0.E0));
#875=VECTOR('',#874,2.5E-2);
#876=CARTESIAN_POINT('',(-3.75E-2,2.63E-1,1.895E-1));
#877=LINE('',#876,#875);
#878=DIRECTION('',(-1.E0,0.E0,0.E0));
#879=VECTOR('',#878,7.5E-3);
#880=CARTESIAN_POINT('',(-3.E-2,2.63E-1,1.895E-1));
#881=LINE('',#880,#879);
#882=DIRECTION('',(1.E0,0.E0,0.E0));
#883=VECTOR('',#882,6.E-2);
#884=CARTESIAN_POINT('',(-3.E-2,2.63E-1,1.895E-1));
#885=LINE('',#884,#883);
#886=DIRECTION('',(-1.E0,0.E0,0.E0));
#887=VECTOR('',#886,7.5E-3);
#888=CARTESIAN_POINT('',(2.185E-1,2.63E-1,1.895E-1));
#889=LINE('',#888,#887);
#890=DIRECTION('',(0.E0,1.E0,0.E0));
#891=VECTOR('',#890,2.5E-2);
#892=CARTESIAN_POINT('',(2.185E-1,2.38E-1,1.895E-1));
#893=LINE('',#892,#891);
#894=DIRECTION('',(1.E0,0.E0,0.E0));
#895=VECTOR('',#894,7.5E-2);
#896=CARTESIAN_POINT('',(1.435E-1,2.38E-1,1.895E-1));
#897=LINE('',#896,#895);
#898=DIRECTION('',(0.E0,-1.E0,0.E0));
#899=VECTOR('',#898,2.5E-2);
#900=CARTESIAN_POINT('',(1.435E-1,2.63E-1,1.895E-1));
#901=LINE('',#900,#899);
#902=DIRECTION('',(-1.E0,0.E0,0.E0));
#903=VECTOR('',#902,7.5E-3);
#904=CARTESIAN_POINT('',(1.51E-1,2.63E-1,1.895E-1));
#905=LINE('',#904,#903);
#906=DIRECTION('',(1.E0,0.E0,0.E0));
#907=VECTOR('',#906,6.E-2);
#908=CARTESIAN_POINT('',(1.51E-1,2.63E-1,1.895E-1));
#909=LINE('',#908,#907);
#910=DIRECTION('',(0.E0,0.E0,-1.E0));
#911=VECTOR('',#910,3.79E-1);
#912=CARTESIAN_POINT('',(-3.325E-1,2.28E-1,1.895E-1));
#913=LINE('',#912,#911);
#914=DIRECTION('',(0.E0,0.E0,1.E0));
#915=VECTOR('',#914,3.79E-1);
#916=CARTESIAN_POINT('',(-3.51E-1,2.28E-1,-1.895E-1));
#917=LINE('',#916,#915);
#918=DIRECTION('',(0.E0,-1.E0,0.E0));
#919=VECTOR('',#918,5.E-2);
#920=CARTESIAN_POINT('',(-3.51E-1,2.78E-1,-1.895E-1));
#921=LINE('',#920,#919);
#922=DIRECTION('',(1.E0,0.E0,0.E0));
#923=VECTOR('',#922,7.02E-1);
#924=CARTESIAN_POINT('',(-3.51E-1,2.88E-1,1.952735026919E-1));
#925=LINE('',#924,#923);
#926=DIRECTION('',(0.E0,-8.660254037844E-1,-5.E-1));
#927=VECTOR('',#926,1.154700538379E-2);
#928=CARTESIAN_POINT('',(-3.51E-1,2.88E-1,1.952735026919E-1));
#929=LINE('',#928,#927);
#930=DIRECTION('',(1.E0,0.E0,0.E0));
#931=VECTOR('',#930,7.02E-1);
#932=CARTESIAN_POINT('',(-3.51E-1,2.78E-1,1.895E-1));
#933=LINE('',#932,#931);
#934=DIRECTION('',(0.E0,-8.660254037844E-1,-5.E-1));
#935=VECTOR('',#934,1.154700538379E-2);
#936=CARTESIAN_POINT('',(3.51E-1,2.88E-1,1.952735026919E-1));
#937=LINE('',#936,#935);
#938=DIRECTION('',(0.E0,0.E0,1.E0));
#939=VECTOR('',#938,3.93E-1);
#940=CARTESIAN_POINT('',(3.765E-1,2.88E-1,-1.965E-1));
#941=LINE('',#940,#939);
#942=DIRECTION('',(0.E0,0.E0,1.E0));
#943=VECTOR('',#942,3.905470053838E-1);
#944=CARTESIAN_POINT('',(-3.51E-1,2.88E-1,-1.952735026919E-1));
#945=LINE('',#944,#943);
#946=DIRECTION('',(0.E0,0.E0,-1.E0));
#947=VECTOR('',#946,3.905470053838E-1);
#948=CARTESIAN_POINT('',(3.51E-1,2.88E-1,1.952735026919E-1));
#949=LINE('',#948,#947);
#950=DIRECTION('',(0.E0,1.E0,0.E0));
#951=VECTOR('',#950,2.88E-1);
#952=CARTESIAN_POINT('',(-3.765E-1,0.E0,-1.965E-1));
#953=LINE('',#952,#951);
#954=CARTESIAN_POINT('',(-3.615E-1,0.E0,-1.965E-1));
#955=DIRECTION('',(0.E0,-1.E0,0.E0));
#956=DIRECTION('',(-1.E0,0.E0,0.E0));
#957=AXIS2_PLACEMENT_3D('',#954,#955,#956);
#959=DIRECTION('',(0.E0,1.E0,0.E0));
#960=VECTOR('',#959,2.88E-1);
#961=CARTESIAN_POINT('',(-3.615E-1,0.E0,-2.115E-1));
#962=LINE('',#961,#960);
#963=CARTESIAN_POINT('',(-3.615E-1,2.88E-1,-1.965E-1));
#964=DIRECTION('',(0.E0,1.E0,0.E0));
#965=DIRECTION('',(0.E0,0.E0,-1.E0));
#966=AXIS2_PLACEMENT_3D('',#963,#964,#965);
#968=DIRECTION('',(0.E0,0.E0,1.E0));
#969=VECTOR('',#968,3.93E-1);
#970=CARTESIAN_POINT('',(-3.765E-1,2.88E-1,-1.965E-1));
#971=LINE('',#970,#969);
#972=DIRECTION('',(0.E0,-1.E0,0.E0));
#973=VECTOR('',#972,2.88E-1);
#974=CARTESIAN_POINT('',(-3.765E-1,2.88E-1,1.965E-1));
#975=LINE('',#974,#973);
#976=CARTESIAN_POINT('',(-3.615E-1,2.88E-1,1.965E-1));
#977=DIRECTION('',(0.E0,1.E0,0.E0));
#978=DIRECTION('',(-1.E0,0.E0,0.E0));
#979=AXIS2_PLACEMENT_3D('',#976,#977,#978);
#981=DIRECTION('',(0.E0,-1.E0,0.E0));
#982=VECTOR('',#981,2.88E-1);
#983=CARTESIAN_POINT('',(-3.615E-1,2.88E-1,2.115E-1));
#984=LINE('',#983,#982);
#985=CARTESIAN_POINT('',(-3.615E-1,0.E0,1.965E-1));
#986=DIRECTION('',(0.E0,-1.E0,0.E0));
#987=DIRECTION('',(0.E0,0.E0,1.E0));
#988=AXIS2_PLACEMENT_3D('',#985,#986,#987);
#990=DIRECTION('',(-1.E0,0.E0,0.E0));
#991=VECTOR('',#990,7.23E-1);
#992=CARTESIAN_POINT('',(3.615E-1,2.88E-1,2.115E-1));
#993=LINE('',#992,#991);
#994=DIRECTION('',(1.E0,0.E0,0.E0));
#995=VECTOR('',#994,7.23E-1);
#996=CARTESIAN_POINT('',(-3.615E-1,0.E0,2.115E-1));
#997=LINE('',#996,#995);
#998=DIRECTION('',(-1.E0,0.E0,0.E0));
#999=VECTOR('',#998,7.5E-3);
#1000=CARTESIAN_POINT('',(-2.11E-1,2.63E-1,2.115E-1));
#1001=LINE('',#1000,#999);
#1002=DIRECTION('',(0.E0,-1.E0,0.E0));
#1003=VECTOR('',#1002,2.5E-2);
#1004=CARTESIAN_POINT('',(-2.185E-1,2.63E-1,2.115E-1));
#1005=LINE('',#1004,#1003);
#1006=DIRECTION('',(1.E0,0.E0,0.E0));
#1007=VECTOR('',#1006,7.5E-2);
#1008=CARTESIAN_POINT('',(-2.185E-1,2.38E-1,2.115E-1));
#1009=LINE('',#1008,#1007);
#1010=DIRECTION('',(0.E0,1.E0,0.E0));
#1011=VECTOR('',#1010,2.5E-2);
#1012=CARTESIAN_POINT('',(-1.435E-1,2.38E-1,2.115E-1));
#1013=LINE('',#1012,#1011);
#1014=DIRECTION('',(-1.E0,0.E0,0.E0));
#1015=VECTOR('',#1014,7.5E-3);
#1016=CARTESIAN_POINT('',(-1.435E-1,2.63E-1,2.115E-1));
#1017=LINE('',#1016,#1015);
#1018=DIRECTION('',(1.E0,0.E0,0.E0));
#1019=VECTOR('',#1018,6.E-2);
#1020=CARTESIAN_POINT('',(-2.11E-1,2.63E-1,2.115E-1));
#1021=LINE('',#1020,#1019);
#1022=DIRECTION('',(-1.E0,0.E0,0.E0));
#1023=VECTOR('',#1022,7.5E-3);
#1024=CARTESIAN_POINT('',(-3.E-2,2.63E-1,2.115E-1));
#1025=LINE('',#1024,#1023);
#1026=DIRECTION('',(0.E0,-1.E0,0.E0));
#1027=VECTOR('',#1026,2.5E-2);
#1028=CARTESIAN_POINT('',(-3.75E-2,2.63E-1,2.115E-1));
#1029=LINE('',#1028,#1027);
#1030=DIRECTION('',(1.E0,0.E0,0.E0));
#1031=VECTOR('',#1030,7.5E-2);
#1032=CARTESIAN_POINT('',(-3.75E-2,2.38E-1,2.115E-1));
#1033=LINE('',#1032,#1031);
#1034=DIRECTION('',(0.E0,1.E0,0.E0));
#1035=VECTOR('',#1034,2.5E-2);
#1036=CARTESIAN_POINT('',(3.75E-2,2.38E-1,2.115E-1));
#1037=LINE('',#1036,#1035);
#1038=DIRECTION('',(-1.E0,0.E0,0.E0));
#1039=VECTOR('',#1038,7.5E-3);
#1040=CARTESIAN_POINT('',(3.75E-2,2.63E-1,2.115E-1));
#1041=LINE('',#1040,#1039);
#1042=DIRECTION('',(1.E0,0.E0,0.E0));
#1043=VECTOR('',#1042,6.E-2);
#1044=CARTESIAN_POINT('',(-3.E-2,2.63E-1,2.115E-1));
#1045=LINE('',#1044,#1043);
#1046=DIRECTION('',(-1.E0,0.E0,0.E0));
#1047=VECTOR('',#1046,7.5E-3);
#1048=CARTESIAN_POINT('',(1.51E-1,2.63E-1,2.115E-1));
#1049=LINE('',#1048,#1047);
#1050=DIRECTION('',(0.E0,-1.E0,0.E0));
#1051=VECTOR('',#1050,2.5E-2);
#1052=CARTESIAN_POINT('',(1.435E-1,2.63E-1,2.115E-1));
#1053=LINE('',#1052,#1051);
#1054=DIRECTION('',(1.E0,0.E0,0.E0));
#1055=VECTOR('',#1054,7.5E-2);
#1056=CARTESIAN_POINT('',(1.435E-1,2.38E-1,2.115E-1));
#1057=LINE('',#1056,#1055);
#1058=DIRECTION('',(0.E0,1.E0,0.E0));
#1059=VECTOR('',#1058,2.5E-2);
#1060=CARTESIAN_POINT('',(2.185E-1,2.38E-1,2.115E-1));
#1061=LINE('',#1060,#1059);
#1062=DIRECTION('',(-1.E0,0.E0,0.E0));
#1063=VECTOR('',#1062,7.5E-3);
#1064=CARTESIAN_POINT('',(2.185E-1,2.63E-1,2.115E-1));
#1065=LINE('',#1064,#1063);
#1066=DIRECTION('',(1.E0,0.E0,0.E0));
#1067=VECTOR('',#1066,6.E-2);
#1068=CARTESIAN_POINT('',(1.51E-1,2.63E-1,2.115E-1));
#1069=LINE('',#1068,#1067);
#1070=DIRECTION('',(0.E0,1.E0,0.E0));
#1071=VECTOR('',#1070,2.88E-1);
#1072=CARTESIAN_POINT('',(3.765E-1,0.E0,1.965E-1));
#1073=LINE('',#1072,#1071);
#1074=CARTESIAN_POINT('',(3.615E-1,0.E0,1.965E-1));
#1075=DIRECTION('',(0.E0,-1.E0,0.E0));
#1076=DIRECTION('',(1.E0,0.E0,0.E0));
#1077=AXIS2_PLACEMENT_3D('',#1074,#1075,#1076);
#1079=DIRECTION('',(0.E0,1.E0,0.E0));
#1080=VECTOR('',#1079,2.88E-1);
#1081=CARTESIAN_POINT('',(3.615E-1,0.E0,2.115E-1));
#1082=LINE('',#1081,#1080);
#1083=CARTESIAN_POINT('',(3.615E-1,2.88E-1,1.965E-1));
#1084=DIRECTION('',(0.E0,1.E0,0.E0));
#1085=DIRECTION('',(0.E0,0.E0,1.E0));
#1086=AXIS2_PLACEMENT_3D('',#1083,#1084,#1085);
#1088=DIRECTION('',(0.E0,0.E0,1.E0));
#1089=VECTOR('',#1088,3.93E-1);
#1090=CARTESIAN_POINT('',(3.765E-1,0.E0,-1.965E-1));
#1091=LINE('',#1090,#1089);
#1092=DIRECTION('',(0.E0,-1.E0,0.E0));
#1093=VECTOR('',#1092,2.88E-1);
#1094=CARTESIAN_POINT('',(3.765E-1,2.88E-1,-1.965E-1));
#1095=LINE('',#1094,#1093);
#1096=CARTESIAN_POINT('',(3.615E-1,2.88E-1,-1.965E-1));
#1097=DIRECTION('',(0.E0,1.E0,0.E0));
#1098=DIRECTION('',(1.E0,0.E0,0.E0));
#1099=AXIS2_PLACEMENT_3D('',#1096,#1097,#1098);
#1101=DIRECTION('',(0.E0,-1.E0,0.E0));
#1102=VECTOR('',#1101,2.88E-1);
#1103=CARTESIAN_POINT('',(3.615E-1,2.88E-1,-2.115E-1));
#1104=LINE('',#1103,#1102);
#1105=CARTESIAN_POINT('',(3.615E-1,0.E0,-1.965E-1));
#1106=DIRECTION('',(0.E0,-1.E0,0.E0));
#1107=DIRECTION('',(0.E0,0.E0,-1.E0));
#1108=AXIS2_PLACEMENT_3D('',#1105,#1106,#1107);
#1110=DIRECTION('',(1.E0,0.E0,0.E0));
#1111=VECTOR('',#1110,7.23E-1);
#1112=CARTESIAN_POINT('',(-3.615E-1,0.E0,-2.115E-1));
#1113=LINE('',#1112,#1111);
#1114=DIRECTION('',(-1.E0,0.E0,0.E0));
#1115=VECTOR('',#1114,7.23E-1);
#1116=CARTESIAN_POINT('',(3.615E-1,2.88E-1,-2.115E-1));
#1117=LINE('',#1116,#1115);
#1118=DIRECTION('',(-1.E0,0.E0,0.E0));
#1119=VECTOR('',#1118,7.5E-3);
#1120=CARTESIAN_POINT('',(-1.435E-1,2.63E-1,-2.115E-1));
#1121=LINE('',#1120,#1119);
#1122=DIRECTION('',(0.E0,1.E0,0.E0));
#1123=VECTOR('',#1122,2.5E-2);
#1124=CARTESIAN_POINT('',(-1.435E-1,2.38E-1,-2.115E-1));
#1125=LINE('',#1124,#1123);
#1126=DIRECTION('',(1.E0,0.E0,0.E0));
#1127=VECTOR('',#1126,7.5E-2);
#1128=CARTESIAN_POINT('',(-2.185E-1,2.38E-1,-2.115E-1));
#1129=LINE('',#1128,#1127);
#1130=DIRECTION('',(0.E0,-1.E0,0.E0));
#1131=VECTOR('',#1130,2.5E-2);
#1132=CARTESIAN_POINT('',(-2.185E-1,2.63E-1,-2.115E-1));
#1133=LINE('',#1132,#1131);
#1134=DIRECTION('',(-1.E0,0.E0,0.E0));
#1135=VECTOR('',#1134,7.5E-3);
#1136=CARTESIAN_POINT('',(-2.11E-1,2.63E-1,-2.115E-1));
#1137=LINE('',#1136,#1135);
#1138=DIRECTION('',(1.E0,0.E0,0.E0));
#1139=VECTOR('',#1138,6.E-2);
#1140=CARTESIAN_POINT('',(-2.11E-1,2.63E-1,-2.115E-1));
#1141=LINE('',#1140,#1139);
#1142=DIRECTION('',(-1.E0,0.E0,0.E0));
#1143=VECTOR('',#1142,7.5E-3);
#1144=CARTESIAN_POINT('',(3.75E-2,2.63E-1,-2.115E-1));
#1145=LINE('',#1144,#1143);
#1146=DIRECTION('',(0.E0,1.E0,0.E0));
#1147=VECTOR('',#1146,2.5E-2);
#1148=CARTESIAN_POINT('',(3.75E-2,2.38E-1,-2.115E-1));
#1149=LINE('',#1148,#1147);
#1150=DIRECTION('',(1.E0,0.E0,0.E0));
#1151=VECTOR('',#1150,7.5E-2);
#1152=CARTESIAN_POINT('',(-3.75E-2,2.38E-1,-2.115E-1));
#1153=LINE('',#1152,#1151);
#1154=DIRECTION('',(0.E0,-1.E0,0.E0));
#1155=VECTOR('',#1154,2.5E-2);
#1156=CARTESIAN_POINT('',(-3.75E-2,2.63E-1,-2.115E-1));
#1157=LINE('',#1156,#1155);
#1158=DIRECTION('',(-1.E0,0.E0,0.E0));
#1159=VECTOR('',#1158,7.5E-3);
#1160=CARTESIAN_POINT('',(-3.E-2,2.63E-1,-2.115E-1));
#1161=LINE('',#1160,#1159);
#1162=DIRECTION('',(1.E0,0.E0,0.E0));
#1163=VECTOR('',#1162,6.E-2);
#1164=CARTESIAN_POINT('',(-3.E-2,2.63E-1,-2.115E-1));
#1165=LINE('',#1164,#1163);
#1166=DIRECTION('',(-1.E0,0.E0,0.E0));
#1167=VECTOR('',#1166,7.5E-3);
#1168=CARTESIAN_POINT('',(2.185E-1,2.63E-1,-2.115E-1));
#1169=LINE('',#1168,#1167);
#1170=DIRECTION('',(0.E0,1.E0,0.E0));
#1171=VECTOR('',#1170,2.5E-2);
#1172=CARTESIAN_POINT('',(2.185E-1,2.38E-1,-2.115E-1));
#1173=LINE('',#1172,#1171);
#1174=DIRECTION('',(1.E0,0.E0,0.E0));
#1175=VECTOR('',#1174,7.5E-2);
#1176=CARTESIAN_POINT('',(1.435E-1,2.38E-1,-2.115E-1));
#1177=LINE('',#1176,#1175);
#1178=DIRECTION('',(0.E0,-1.E0,0.E0));
#1179=VECTOR('',#1178,2.5E-2);
#1180=CARTESIAN_POINT('',(1.435E-1,2.63E-1,-2.115E-1));
#1181=LINE('',#1180,#1179);
#1182=DIRECTION('',(-1.E0,0.E0,0.E0));
#1183=VECTOR('',#1182,7.5E-3);
#1184=CARTESIAN_POINT('',(1.51E-1,2.63E-1,-2.115E-1));
#1185=LINE('',#1184,#1183);
#1186=DIRECTION('',(1.E0,0.E0,0.E0));
#1187=VECTOR('',#1186,6.E-2);
#1188=CARTESIAN_POINT('',(1.51E-1,2.63E-1,-2.115E-1));
#1189=LINE('',#1188,#1187);
#1190=DIRECTION('',(0.E0,0.E0,1.E0));
#1191=VECTOR('',#1190,3.93E-1);
#1192=CARTESIAN_POINT('',(-3.765E-1,0.E0,-1.965E-1));
#1193=LINE('',#1192,#1191);
#1194=DIRECTION('',(-1.E0,0.E0,0.E0));
#1195=VECTOR('',#1194,5.53E-1);
#1196=CARTESIAN_POINT('',(2.765E-1,0.E0,5.E-2));
#1197=LINE('',#1196,#1195);
#1198=DIRECTION('',(0.E0,0.E0,1.E0));
#1199=VECTOR('',#1198,1.25E-1);
#1200=CARTESIAN_POINT('',(-2.765E-1,0.E0,5.E-2));
#1201=LINE('',#1200,#1199);
#1202=CARTESIAN_POINT('',(-3.015E-1,0.E0,1.75E-1));
#1203=DIRECTION('',(0.E0,-1.E0,0.E0));
#1204=DIRECTION('',(1.E0,0.E0,1.665334536938E-14));
#1205=AXIS2_PLACEMENT_3D('',#1202,#1203,#1204);
#1207=DIRECTION('',(0.E0,0.E0,-1.E0));
#1208=VECTOR('',#1207,3.5E-1);
#1209=CARTESIAN_POINT('',(-3.265E-1,0.E0,1.75E-1));
#1210=LINE('',#1209,#1208);
#1211=CARTESIAN_POINT('',(-3.015E-1,0.E0,-1.75E-1));
#1212=DIRECTION('',(0.E0,-1.E0,0.E0));
#1213=DIRECTION('',(-1.E0,0.E0,0.E0));
#1214=AXIS2_PLACEMENT_3D('',#1211,#1212,#1213);
#1216=DIRECTION('',(0.E0,0.E0,1.E0));
#1217=VECTOR('',#1216,1.25E-1);
#1218=CARTESIAN_POINT('',(-2.765E-1,0.E0,-1.75E-1));
#1219=LINE('',#1218,#1217);
#1220=DIRECTION('',(1.E0,0.E0,0.E0));
#1221=VECTOR('',#1220,5.53E-1);
#1222=CARTESIAN_POINT('',(-2.765E-1,0.E0,-5.E-2));
#1223=LINE('',#1222,#1221);
#1224=DIRECTION('',(0.E0,0.E0,-1.E0));
#1225=VECTOR('',#1224,1.25E-1);
#1226=CARTESIAN_POINT('',(2.765E-1,0.E0,-5.E-2));
#1227=LINE('',#1226,#1225);
#1228=CARTESIAN_POINT('',(3.015E-1,0.E0,-1.75E-1));
#1229=DIRECTION('',(0.E0,-1.E0,0.E0));
#1230=DIRECTION('',(-1.E0,0.E0,0.E0));
#1231=AXIS2_PLACEMENT_3D('',#1228,#1229,#1230);
#1233=DIRECTION('',(0.E0,0.E0,1.E0));
#1234=VECTOR('',#1233,3.5E-1);
#1235=CARTESIAN_POINT('',(3.265E-1,0.E0,-1.75E-1));
#1236=LINE('',#1235,#1234);
#1237=CARTESIAN_POINT('',(3.015E-1,0.E0,1.75E-1));
#1238=DIRECTION('',(0.E0,-1.E0,0.E0));
#1239=DIRECTION('',(1.E0,0.E0,0.E0));
#1240=AXIS2_PLACEMENT_3D('',#1237,#1238,#1239);
#1242=DIRECTION('',(0.E0,0.E0,-1.E0));
#1243=VECTOR('',#1242,1.25E-1);
#1244=CARTESIAN_POINT('',(2.765E-1,0.E0,1.75E-1));
#1245=LINE('',#1244,#1243);
#1246=DIRECTION('',(-1.E0,0.E0,0.E0));
#1247=VECTOR('',#1246,8.E-2);
#1248=CARTESIAN_POINT('',(-1.41E-1,0.E0,-1.025E-1));
#1249=LINE('',#1248,#1247);
#1250=CARTESIAN_POINT('',(-2.21E-1,0.E0,-1.025E-1));
#1251=CARTESIAN_POINT('',(-2.21E-1,0.E0,-1.033221461100E-1));
#1252=CARTESIAN_POINT('',(-2.210129209177E-1,-1.076002860324E-5,
-1.041469368086E-1));
#1253=CARTESIAN_POINT('',(-2.210129209177E-1,-1.076002860324E-5,
-1.049690829186E-1));
#1255=DIRECTION('',(0.E0,0.E0,-1.E0));
#1256=VECTOR('',#1255,1.506183416280E-2);
#1257=CARTESIAN_POINT('',(-2.210129209177E-1,-1.076002860324E-5,
-1.049690829186E-1));
#1258=LINE('',#1257,#1256);
#1259=CARTESIAN_POINT('',(-2.210129209177E-1,-1.076002860324E-5,
-1.200309170814E-1));
#1260=CARTESIAN_POINT('',(-2.210129209177E-1,-1.076002860324E-5,
-1.208530631914E-1));
#1261=CARTESIAN_POINT('',(-2.21E-1,0.E0,-1.216778538900E-1));
#1262=CARTESIAN_POINT('',(-2.21E-1,0.E0,-1.225E-1));
#1264=DIRECTION('',(-1.E0,0.E0,0.E0));
#1265=VECTOR('',#1264,8.E-2);
#1266=CARTESIAN_POINT('',(-1.41E-1,0.E0,-1.225E-1));
#1267=LINE('',#1266,#1265);
#1268=CARTESIAN_POINT('',(-1.409870790822E-1,-1.076002860393E-5,
-1.200309170814E-1));
#1269=CARTESIAN_POINT('',(-1.409870790822E-1,-1.076002860393E-5,
-1.208530631914E-1));
#1270=CARTESIAN_POINT('',(-1.41E-1,0.E0,-1.216778538900E-1));
#1271=CARTESIAN_POINT('',(-1.41E-1,0.E0,-1.225E-1));
#1273=DIRECTION('',(0.E0,0.E0,1.E0));
#1274=VECTOR('',#1273,1.506183416280E-2);
#1275=CARTESIAN_POINT('',(-1.409870790822E-1,-1.076002860393E-5,
-1.200309170814E-1));
#1276=LINE('',#1275,#1274);
#1277=CARTESIAN_POINT('',(-1.41E-1,0.E0,-1.025E-1));
#1278=CARTESIAN_POINT('',(-1.41E-1,0.E0,-1.033221461100E-1));
#1279=CARTESIAN_POINT('',(-1.409870790822E-1,-1.076002860393E-5,
-1.041469368086E-1));
#1280=CARTESIAN_POINT('',(-1.409870790822E-1,-1.076002860393E-5,
-1.049690829186E-1));
#1282=DIRECTION('',(-1.E0,0.E0,0.E0));
#1283=VECTOR('',#1282,8.E-2);
#1284=CARTESIAN_POINT('',(4.000000000001E-2,0.E0,-1.025E-1));
#1285=LINE('',#1284,#1283);
#1286=CARTESIAN_POINT('',(-3.999999999999E-2,0.E0,-1.025E-1));
#1287=CARTESIAN_POINT('',(-3.999999999999E-2,0.E0,-1.033221461100E-1));
#1288=CARTESIAN_POINT('',(-4.001292091774E-2,-1.076002860324E-5,
-1.041469368086E-1));
#1289=CARTESIAN_POINT('',(-4.001292091774E-2,-1.076002860324E-5,
-1.049690829186E-1));
#1291=DIRECTION('',(0.E0,0.E0,-1.E0));
#1292=VECTOR('',#1291,1.506183416280E-2);
#1293=CARTESIAN_POINT('',(-4.001292091774E-2,-1.076002860324E-5,
-1.049690829186E-1));
#1294=LINE('',#1293,#1292);
#1295=CARTESIAN_POINT('',(-4.001292091774E-2,-1.076002860324E-5,
-1.200309170814E-1));
#1296=CARTESIAN_POINT('',(-4.001292091774E-2,-1.076002860324E-5,
-1.208530631914E-1));
#1297=CARTESIAN_POINT('',(-3.999999999999E-2,0.E0,-1.216778538900E-1));
#1298=CARTESIAN_POINT('',(-3.999999999999E-2,0.E0,-1.225E-1));
#1300=DIRECTION('',(-1.E0,0.E0,0.E0));
#1301=VECTOR('',#1300,8.E-2);
#1302=CARTESIAN_POINT('',(4.000000000001E-2,0.E0,-1.225E-1));
#1303=LINE('',#1302,#1301);
#1304=CARTESIAN_POINT('',(4.001292091775E-2,-1.076002860393E-5,
-1.200309170814E-1));
#1305=CARTESIAN_POINT('',(4.001292091775E-2,-1.076002860393E-5,
-1.208530631914E-1));
#1306=CARTESIAN_POINT('',(4.000000000001E-2,0.E0,-1.216778538900E-1));
#1307=CARTESIAN_POINT('',(4.000000000001E-2,0.E0,-1.225E-1));
#1309=DIRECTION('',(0.E0,0.E0,1.E0));
#1310=VECTOR('',#1309,1.506183416280E-2);
#1311=CARTESIAN_POINT('',(4.001292091775E-2,-1.076002860393E-5,
-1.200309170814E-1));
#1312=LINE('',#1311,#1310);
#1313=CARTESIAN_POINT('',(4.000000000001E-2,0.E0,-1.025E-1));
#1314=CARTESIAN_POINT('',(4.000000000001E-2,0.E0,-1.033221461100E-1));
#1315=CARTESIAN_POINT('',(4.001292091775E-2,-1.076002860393E-5,
-1.041469368086E-1));
#1316=CARTESIAN_POINT('',(4.001292091775E-2,-1.076002860393E-5,
-1.049690829186E-1));
#1318=DIRECTION('',(0.E0,0.E0,-1.E0));
#1319=VECTOR('',#1318,1.E-1);
#1320=CARTESIAN_POINT('',(2.765E-1,-8.E-3,5.E-2));
#1321=LINE('',#1320,#1319);
#1322=DIRECTION('',(0.E0,-1.E0,0.E0));
#1323=VECTOR('',#1322,8.E-3);
#1324=CARTESIAN_POINT('',(2.765E-1,0.E0,5.E-2));
#1325=LINE('',#1324,#1323);
#1326=DIRECTION('',(0.E0,-1.E0,-3.699019949734E-10));
#1327=VECTOR('',#1326,4.52E-2);
#1328=CARTESIAN_POINT('',(2.765E-1,0.E0,1.75E-1));
#1329=LINE('',#1328,#1327);
#1330=DIRECTION('',(0.E0,1.E0,0.E0));
#1331=VECTOR('',#1330,2.52E-2);
#1332=CARTESIAN_POINT('',(2.765E-1,-4.52E-2,8.6E-2));
#1333=LINE('',#1332,#1331);
#1334=DIRECTION('',(0.E0,0.E0,1.E0));
#1335=VECTOR('',#1334,8.E-2);
#1336=CARTESIAN_POINT('',(2.765E-1,-2.E-2,6.E-3));
#1337=LINE('',#1336,#1335);
#1338=DIRECTION('',(0.E0,1.E0,0.E0));
#1339=VECTOR('',#1338,2.52E-2);
#1340=CARTESIAN_POINT('',(2.765E-1,-4.52E-2,6.E-3));
#1341=LINE('',#1340,#1339);
#1342=DIRECTION('',(0.E0,-1.E0,0.E0));
#1343=VECTOR('',#1342,8.E-3);
#1344=CARTESIAN_POINT('',(2.765E-1,0.E0,-5.E-2));
#1345=LINE('',#1344,#1343);
#1346=DIRECTION('',(-1.E0,0.E0,0.E0));
#1347=VECTOR('',#1346,5.53E-1);
#1348=CARTESIAN_POINT('',(2.765E-1,-8.E-3,5.E-2));
#1349=LINE('',#1348,#1347);
#1350=DIRECTION('',(1.E0,0.E0,0.E0));
#1351=VECTOR('',#1350,5.53E-1);
#1352=CARTESIAN_POINT('',(-2.765E-1,-8.E-3,-5.E-2));
#1353=LINE('',#1352,#1351);
#1354=DIRECTION('',(0.E0,0.E0,-1.E0));
#1355=VECTOR('',#1354,1.E-1);
#1356=CARTESIAN_POINT('',(-2.765E-1,-8.E-3,5.E-2));
#1357=LINE('',#1356,#1355);
#1358=DIRECTION('',(0.E0,-1.E0,0.E0));
#1359=VECTOR('',#1358,8.E-3);
#1360=CARTESIAN_POINT('',(-2.765E-1,0.E0,-5.E-2));
#1361=LINE('',#1360,#1359);
#1362=DIRECTION('',(0.E0,-1.E0,3.699069074646E-10));
#1363=VECTOR('',#1362,4.52E-2);
#1364=CARTESIAN_POINT('',(-2.765E-1,0.E0,-1.75E-1));
#1365=LINE('',#1364,#1363);
#1366=DIRECTION('',(0.E0,1.E0,0.E0));
#1367=VECTOR('',#1366,2.52E-2);
#1368=CARTESIAN_POINT('',(-2.765E-1,-4.52E-2,6.E-3));
#1369=LINE('',#1368,#1367);
#1370=DIRECTION('',(0.E0,0.E0,1.E0));
#1371=VECTOR('',#1370,8.E-2);
#1372=CARTESIAN_POINT('',(-2.765E-1,-2.E-2,6.E-3));
#1373=LINE('',#1372,#1371);
#1374=DIRECTION('',(0.E0,1.E0,0.E0));
#1375=VECTOR('',#1374,2.52E-2);
#1376=CARTESIAN_POINT('',(-2.765E-1,-4.52E-2,8.6E-2));
#1377=LINE('',#1376,#1375);
#1378=DIRECTION('',(0.E0,-1.E0,0.E0));
#1379=VECTOR('',#1378,8.E-3);
#1380=CARTESIAN_POINT('',(-2.765E-1,0.E0,5.E-2));
#1381=LINE('',#1380,#1379);
#1382=DIRECTION('',(0.E0,-1.E0,5.106368867570E-10));
#1383=VECTOR('',#1382,4.52E-2);
#1384=CARTESIAN_POINT('',(-3.265E-1,0.E0,-1.75E-1));
#1385=LINE('',#1384,#1383);
#1386=CARTESIAN_POINT('',(-3.015E-1,-7.E-2,-1.75E-1));
#1387=DIRECTION('',(0.E0,-1.E0,0.E0));
#1388=DIRECTION('',(-1.E0,0.E0,0.E0));
#1389=AXIS2_PLACEMENT_3D('',#1386,#1387,#1388);
#1391=CARTESIAN_POINT('',(-3.015E-1,-4.52E-2,-1.75E-1));
#1392=DIRECTION('',(0.E0,-1.E0,0.E0));
#1393=DIRECTION('',(-1.E0,0.E0,0.E0));
#1394=AXIS2_PLACEMENT_3D('',#1391,#1392,#1393);
#1396=CARTESIAN_POINT('',(-3.017E-1,-4.52E-2,-1.750000000153E-1));
#1397=DIRECTION('',(7.667592618471E-8,0.E0,-1.E0));
#1398=DIRECTION('',(0.E0,-1.E0,0.E0));
#1399=AXIS2_PLACEMENT_3D('',#1396,#1397,#1398);
#1401=DIRECTION('',(1.E0,0.E0,0.E0));
#1402=VECTOR('',#1401,4.E-4);
#1403=CARTESIAN_POINT('',(-3.017E-1,-7.E-2,6.E-3));
#1404=LINE('',#1403,#1402);
#1405=CARTESIAN_POINT('',(-3.017E-1,-4.52E-2,6.E-3));
#1406=DIRECTION('',(0.E0,0.E0,-1.E0));
#1407=DIRECTION('',(0.E0,-1.E0,0.E0));
#1408=AXIS2_PLACEMENT_3D('',#1405,#1406,#1407);
#1410=CARTESIAN_POINT('',(-3.013E-1,-4.52E-2,6.E-3));
#1411=DIRECTION('',(0.E0,0.E0,1.E0));
#1412=DIRECTION('',(0.E0,-1.E0,0.E0));
#1413=AXIS2_PLACEMENT_3D('',#1410,#1411,#1412);
#1415=DIRECTION('',(0.E0,0.E0,-1.E0));
#1416=VECTOR('',#1415,1.81E-1);
#1417=CARTESIAN_POINT('',(-3.017E-1,-7.E-2,6.E-3));
#1418=LINE('',#1417,#1416);
#1419=DIRECTION('',(0.E0,0.E0,-1.E0));
#1420=VECTOR('',#1419,1.809999999769E-1);
#1421=CARTESIAN_POINT('',(-3.265E-1,-4.52E-2,6.E-3));
#1422=LINE('',#1421,#1420);
#1423=DIRECTION('',(0.E0,1.E0,0.E0));
#1424=VECTOR('',#1423,2.52E-2);
#1425=CARTESIAN_POINT('',(-3.265E-1,-4.52E-2,6.E-3));
#1426=LINE('',#1425,#1424);
#1427=DIRECTION('',(0.E0,-1.E0,-3.699019949734E-10));
#1428=VECTOR('',#1427,4.52E-2);
#1429=CARTESIAN_POINT('',(-3.265E-1,0.E0,1.75E-1));
#1430=LINE('',#1429,#1428);
#1431=DIRECTION('',(0.E0,1.E0,0.E0));
#1432=VECTOR('',#1431,2.52E-2);
#1433=CARTESIAN_POINT('',(-3.265E-1,-4.52E-2,8.6E-2));
#1434=LINE('',#1433,#1432);
#1435=DIRECTION('',(0.E0,0.E0,1.E0));
#1436=VECTOR('',#1435,8.E-2);
#1437=CARTESIAN_POINT('',(-3.265E-1,-2.E-2,6.E-3));
#1438=LINE('',#1437,#1436);
#1439=DIRECTION('',(0.E0,-1.E0,-5.106393430026E-10));
#1440=VECTOR('',#1439,4.52E-2);
#1441=CARTESIAN_POINT('',(-2.765E-1,0.E0,1.75E-1));
#1442=LINE('',#1441,#1440);
#1443=CARTESIAN_POINT('',(-3.015E-1,-7.E-2,1.75E-1));
#1444=DIRECTION('',(0.E0,-1.E0,0.E0));
#1445=DIRECTION('',(1.E0,0.E0,0.E0));
#1446=AXIS2_PLACEMENT_3D('',#1443,#1444,#1445);
#1448=CARTESIAN_POINT('',(-3.015E-1,-4.52E-2,1.75E-1));
#1449=DIRECTION('',(0.E0,-1.E0,0.E0));
#1450=DIRECTION('',(1.E0,0.E0,0.E0));
#1451=AXIS2_PLACEMENT_3D('',#1448,#1449,#1450);
#1453=CARTESIAN_POINT('',(-3.013E-1,-4.52E-2,1.750000000153E-1));
#1454=DIRECTION('',(-7.667591380572E-8,0.E0,1.E0));
#1455=DIRECTION('',(0.E0,-1.E0,0.E0));
#1456=AXIS2_PLACEMENT_3D('',#1453,#1454,#1455);
#1458=DIRECTION('',(1.E0,0.E0,0.E0));
#1459=VECTOR('',#1458,4.000000000001E-4);
#1460=CARTESIAN_POINT('',(-3.017E-1,-7.E-2,8.6E-2));
#1461=LINE('',#1460,#1459);
#1462=CARTESIAN_POINT('',(-3.013E-1,-4.52E-2,8.6E-2));
#1463=DIRECTION('',(0.E0,0.E0,1.E0));
#1464=DIRECTION('',(0.E0,-1.E0,0.E0));
#1465=AXIS2_PLACEMENT_3D('',#1462,#1463,#1464);
#1467=DIRECTION('',(-1.E0,0.E0,0.E0));
#1468=VECTOR('',#1467,5.E-2);
#1469=CARTESIAN_POINT('',(-2.765E-1,-2.E-2,8.6E-2));
#1470=LINE('',#1469,#1468);
#1471=CARTESIAN_POINT('',(-3.017E-1,-4.52E-2,8.6E-2));
#1472=DIRECTION('',(0.E0,0.E0,-1.E0));
#1473=DIRECTION('',(0.E0,-1.E0,0.E0));
#1474=AXIS2_PLACEMENT_3D('',#1471,#1472,#1473);
#1476=DIRECTION('',(0.E0,0.E0,1.E0));
#1477=VECTOR('',#1476,8.9E-2);
#1478=CARTESIAN_POINT('',(-3.013E-1,-7.E-2,8.6E-2));
#1479=LINE('',#1478,#1477);
#1480=DIRECTION('',(0.E0,0.E0,1.E0));
#1481=VECTOR('',#1480,8.899999997692E-2);
#1482=CARTESIAN_POINT('',(-2.765E-1,-4.52E-2,8.6E-2));
#1483=LINE('',#1482,#1481);
#1484=DIRECTION('',(-1.E0,0.E0,0.E0));
#1485=VECTOR('',#1484,5.E-2);
#1486=CARTESIAN_POINT('',(-2.765E-1,-2.E-2,6.E-3));
#1487=LINE('',#1486,#1485);
#1488=DIRECTION('',(0.E0,0.E0,-1.E0));
#1489=VECTOR('',#1488,8.899999998328E-2);
#1490=CARTESIAN_POINT('',(-3.265E-1,-4.52E-2,1.749999999833E-1));
#1491=LINE('',#1490,#1489);
#1492=CARTESIAN_POINT('',(-3.017E-1,-4.52E-2,1.75E-1));
#1493=DIRECTION('',(0.E0,0.E0,-1.E0));
#1494=DIRECTION('',(0.E0,-1.E0,0.E0));
#1495=AXIS2_PLACEMENT_3D('',#1492,#1493,#1494);
#1497=DIRECTION('',(0.E0,0.E0,-1.E0));
#1498=VECTOR('',#1497,8.9E-2);
#1499=CARTESIAN_POINT('',(-3.017E-1,-7.E-2,1.75E-1));
#1500=LINE('',#1499,#1498);
#1501=DIRECTION('',(0.E0,0.E0,1.E0));
#1502=VECTOR('',#1501,1.809999999833E-1);
#1503=CARTESIAN_POINT('',(-2.765E-1,-4.52E-2,-1.749999999833E-1));
#1504=LINE('',#1503,#1502);
#1505=CARTESIAN_POINT('',(-3.013E-1,-4.52E-2,-1.75E-1));
#1506=DIRECTION('',(0.E0,0.E0,1.E0));
#1507=DIRECTION('',(0.E0,-1.E0,0.E0));
#1508=AXIS2_PLACEMENT_3D('',#1505,#1506,#1507);
#1510=DIRECTION('',(0.E0,0.E0,1.E0));
#1511=VECTOR('',#1510,1.81E-1);
#1512=CARTESIAN_POINT('',(-3.013E-1,-7.E-2,-1.75E-1));
#1513=LINE('',#1512,#1511);
#1514=DIRECTION('',(0.E0,-1.E0,-5.106362726956E-10));
#1515=VECTOR('',#1514,4.52E-2);
#1516=CARTESIAN_POINT('',(3.265E-1,0.E0,1.75E-1));
#1517=LINE('',#1516,#1515);
#1518=CARTESIAN_POINT('',(3.015E-1,-7.E-2,1.75E-1));
#1519=DIRECTION('',(0.E0,-1.E0,0.E0));
#1520=DIRECTION('',(1.E0,0.E0,0.E0));
#1521=AXIS2_PLACEMENT_3D('',#1518,#1519,#1520);
#1523=CARTESIAN_POINT('',(3.015E-1,-4.52E-2,1.75E-1));
#1524=DIRECTION('',(0.E0,-1.E0,0.E0));
#1525=DIRECTION('',(1.E0,0.E0,0.E0));
#1526=AXIS2_PLACEMENT_3D('',#1523,#1524,#1525);
#1528=CARTESIAN_POINT('',(3.017E-1,-4.52E-2,1.750000000153E-1));
#1529=DIRECTION('',(-7.667588109578E-8,0.E0,1.E0));
#1530=DIRECTION('',(0.E0,-1.E0,0.E0));
#1531=AXIS2_PLACEMENT_3D('',#1528,#1529,#1530);
#1533=DIRECTION('',(1.E0,0.E0,0.E0));
#1534=VECTOR('',#1533,4.E-4);
#1535=CARTESIAN_POINT('',(3.013E-1,-7.E-2,8.6E-2));
#1536=LINE('',#1535,#1534);
#1537=CARTESIAN_POINT('',(3.017E-1,-4.52E-2,8.6E-2));
#1538=DIRECTION('',(0.E0,0.E0,1.E0));
#1539=DIRECTION('',(0.E0,-1.E0,0.E0));
#1540=AXIS2_PLACEMENT_3D('',#1537,#1538,#1539);
#1542=DIRECTION('',(-1.E0,0.E0,0.E0));
#1543=VECTOR('',#1542,5.E-2);
#1544=CARTESIAN_POINT('',(3.265E-1,-2.E-2,8.6E-2));
#1545=LINE('',#1544,#1543);
#1546=CARTESIAN_POINT('',(3.013E-1,-4.52E-2,8.6E-2));
#1547=DIRECTION('',(0.E0,0.E0,-1.E0));
#1548=DIRECTION('',(0.E0,-1.E0,0.E0));
#1549=AXIS2_PLACEMENT_3D('',#1546,#1547,#1548);
#1551=DIRECTION('',(0.E0,0.E0,1.E0));
#1552=VECTOR('',#1551,8.9E-2);
#1553=CARTESIAN_POINT('',(3.017E-1,-7.E-2,8.6E-2));
#1554=LINE('',#1553,#1552);
#1555=DIRECTION('',(0.E0,0.E0,1.E0));
#1556=VECTOR('',#1555,8.899999997692E-2);
#1557=CARTESIAN_POINT('',(3.265E-1,-4.52E-2,8.6E-2));
#1558=LINE('',#1557,#1556);
#1559=DIRECTION('',(0.E0,1.E0,0.E0));
#1560=VECTOR('',#1559,2.52E-2);
#1561=CARTESIAN_POINT('',(3.265E-1,-4.52E-2,6.E-3));
#1562=LINE('',#1561,#1560);
#1563=DIRECTION('',(0.E0,0.E0,1.E0));
#1564=VECTOR('',#1563,8.E-2);
#1565=CARTESIAN_POINT('',(3.265E-1,-2.E-2,6.E-3));
#1566=LINE('',#1565,#1564);
#1567=DIRECTION('',(0.E0,1.E0,0.E0));
#1568=VECTOR('',#1567,2.52E-2);
#1569=CARTESIAN_POINT('',(3.265E-1,-4.52E-2,8.6E-2));
#1570=LINE('',#1569,#1568);
#1571=DIRECTION('',(0.E0,-1.E0,3.699026090348E-10));
#1572=VECTOR('',#1571,4.52E-2);
#1573=CARTESIAN_POINT('',(3.265E-1,0.E0,-1.75E-1));
#1574=LINE('',#1573,#1572);
#1575=CARTESIAN_POINT('',(3.013E-1,-4.52E-2,6.E-3));
#1576=DIRECTION('',(0.E0,0.E0,-1.E0));
#1577=DIRECTION('',(0.E0,-1.E0,0.E0));
#1578=AXIS2_PLACEMENT_3D('',#1575,#1576,#1577);
#1580=CARTESIAN_POINT('',(3.017E-1,-4.52E-2,6.E-3));
#1581=DIRECTION('',(0.E0,0.E0,1.E0));
#1582=DIRECTION('',(0.E0,-1.E0,0.E0));
#1583=AXIS2_PLACEMENT_3D('',#1580,#1581,#1582);
#1585=DIRECTION('',(1.E0,0.E0,0.E0));
#1586=VECTOR('',#1585,4.000000000001E-4);
#1587=CARTESIAN_POINT('',(3.013E-1,-7.E-2,6.E-3));
#1588=LINE('',#1587,#1586);
#1589=DIRECTION('',(0.E0,0.E0,1.E0));
#1590=VECTOR('',#1589,1.809999999833E-1);
#1591=CARTESIAN_POINT('',(3.265E-1,-4.52E-2,-1.749999999833E-1));
#1592=LINE('',#1591,#1590);
#1593=CARTESIAN_POINT('',(3.017E-1,-4.52E-2,-1.75E-1));
#1594=DIRECTION('',(0.E0,0.E0,1.E0));
#1595=DIRECTION('',(0.E0,-1.E0,0.E0));
#1596=AXIS2_PLACEMENT_3D('',#1593,#1594,#1595);
#1598=DIRECTION('',(0.E0,0.E0,1.E0));
#1599=VECTOR('',#1598,1.81E-1);
#1600=CARTESIAN_POINT('',(3.017E-1,-7.E-2,-1.75E-1));
#1601=LINE('',#1600,#1599);
#1602=CARTESIAN_POINT('',(3.015E-1,-7.E-2,-1.75E-1));
#1603=DIRECTION('',(0.E0,-1.E0,0.E0));
#1604=DIRECTION('',(-1.E0,0.E0,0.E0));
#1605=AXIS2_PLACEMENT_3D('',#1602,#1603,#1604);
#1607=CARTESIAN_POINT('',(3.015E-1,-4.52E-2,-1.75E-1));
#1608=DIRECTION('',(0.E0,-1.E0,0.E0));
#1609=DIRECTION('',(-1.E0,0.E0,0.E0));
#1610=AXIS2_PLACEMENT_3D('',#1607,#1608,#1609);
#1612=CARTESIAN_POINT('',(3.013E-1,-4.52E-2,-1.750000000153E-1));
#1613=DIRECTION('',(7.667588172722E-8,0.E0,-1.E0));
#1614=DIRECTION('',(0.E0,-1.E0,0.E0));
#1615=AXIS2_PLACEMENT_3D('',#1612,#1613,#1614);
#1617=DIRECTION('',(0.E0,-1.E0,5.106368867570E-10));
#1618=VECTOR('',#1617,4.52E-2);
#1619=CARTESIAN_POINT('',(2.765E-1,0.E0,-1.75E-1));
#1620=LINE('',#1619,#1618);
#1621=DIRECTION('',(0.E0,0.E0,-1.E0));
#1622=VECTOR('',#1621,1.81E-1);
#1623=CARTESIAN_POINT('',(3.013E-1,-7.E-2,6.E-3));
#1624=LINE('',#1623,#1622);
#1625=DIRECTION('',(0.E0,0.E0,-1.E0));
#1626=VECTOR('',#1625,1.809999999769E-1);
#1627=CARTESIAN_POINT('',(2.765E-1,-4.52E-2,6.E-3));
#1628=LINE('',#1627,#1626);
#1629=DIRECTION('',(-1.E0,0.E0,0.E0));
#1630=VECTOR('',#1629,5.E-2);
#1631=CARTESIAN_POINT('',(3.265E-1,-2.E-2,6.E-3));
#1632=LINE('',#1631,#1630);
#1633=DIRECTION('',(0.E0,0.E0,-1.E0));
#1634=VECTOR('',#1633,8.899999998328E-2);
#1635=CARTESIAN_POINT('',(2.765E-1,-4.52E-2,1.749999999833E-1));
#1636=LINE('',#1635,#1634);
#1637=CARTESIAN_POINT('',(3.013E-1,-4.52E-2,1.75E-1));
#1638=DIRECTION('',(0.E0,0.E0,-1.E0));
#1639=DIRECTION('',(0.E0,-1.E0,0.E0));
#1640=AXIS2_PLACEMENT_3D('',#1637,#1638,#1639);
#1642=DIRECTION('',(0.E0,0.E0,-1.E0));
#1643=VECTOR('',#1642,8.9E-2);
#1644=CARTESIAN_POINT('',(3.013E-1,-7.E-2,1.75E-1));
#1645=LINE('',#1644,#1643);
#1646=DIRECTION('',(-6.161737786670E-13,-1.E0,0.E0));
#1647=VECTOR('',#1646,5.E-3);
#1648=CARTESIAN_POINT('',(-1.41E-1,0.E0,-1.025E-1));
#1649=LINE('',#1648,#1647);
#1650=DIRECTION('',(1.E0,0.E0,0.E0));
#1651=VECTOR('',#1650,9.999999999994E-3);
#1652=CARTESIAN_POINT('',(-1.41E-1,-5.E-3,-1.025E-1));
#1653=LINE('',#1652,#1651);
#1654=DIRECTION('',(-1.643989873055E-1,-9.863939238321E-1,0.E0));
#1655=VECTOR('',#1654,6.082762530298E-2);
#1656=CARTESIAN_POINT('',(-1.31E-1,-5.E-3,-1.025E-1));
#1657=LINE('',#1656,#1655);
#1658=DIRECTION('',(-1.E0,0.E0,0.E0));
#1659=VECTOR('',#1658,1.5E-2);
#1660=CARTESIAN_POINT('',(-1.41E-1,-6.5E-2,-1.025E-1));
#1661=LINE('',#1660,#1659);
#1662=DIRECTION('',(0.E0,1.E0,0.E0));
#1663=VECTOR('',#1662,1.41E-1);
#1664=CARTESIAN_POINT('',(-1.56E-1,-2.06E-1,-1.025E-1));
#1665=LINE('',#1664,#1663);
#1666=CARTESIAN_POINT('',(-1.81E-1,-2.06E-1,-1.025E-1));
#1667=DIRECTION('',(0.E0,0.E0,1.E0));
#1668=DIRECTION('',(-1.E0,0.E0,0.E0));
#1669=AXIS2_PLACEMENT_3D('',#1666,#1667,#1668);
#1671=DIRECTION('',(0.E0,1.E0,0.E0));
#1672=VECTOR('',#1671,1.41E-1);
#1673=CARTESIAN_POINT('',(-2.06E-1,-2.06E-1,-1.025E-1));
#1674=LINE('',#1673,#1672);
#1675=DIRECTION('',(1.E0,0.E0,0.E0));
#1676=VECTOR('',#1675,1.5E-2);
#1677=CARTESIAN_POINT('',(-2.21E-1,-6.5E-2,-1.025E-1));
#1678=LINE('',#1677,#1676);
#1679=DIRECTION('',(-1.643989873055E-1,9.863939238321E-1,0.E0));
#1680=VECTOR('',#1679,6.082762530298E-2);
#1681=CARTESIAN_POINT('',(-2.21E-1,-6.5E-2,-1.025E-1));
#1682=LINE('',#1681,#1680);
#1683=DIRECTION('',(1.E0,0.E0,0.E0));
#1684=VECTOR('',#1683,1.000000000001E-2);
#1685=CARTESIAN_POINT('',(-2.31E-1,-5.E-3,-1.025E-1));
#1686=LINE('',#1685,#1684);
#1687=DIRECTION('',(0.E0,1.E0,0.E0));
#1688=VECTOR('',#1687,5.E-3);
#1689=CARTESIAN_POINT('',(-2.21E-1,-5.E-3,-1.025E-1));
#1690=LINE('',#1689,#1688);
#1691=DIRECTION('',(0.E0,0.E0,-1.E0));
#1692=VECTOR('',#1691,2.E-2);
#1693=CARTESIAN_POINT('',(-1.41E-1,2.221699379243E-2,-1.025E-1));
#1694=LINE('',#1693,#1692);
#1695=DIRECTION('',(0.E0,0.E0,-1.E0));
#1696=VECTOR('',#1695,2.E-2);
#1697=CARTESIAN_POINT('',(-1.41E-1,-5.E-3,-1.025E-1));
#1698=LINE('',#1697,#1696);
#1699=DIRECTION('',(-1.E0,0.E0,0.E0));
#1700=VECTOR('',#1699,8.E-2);
#1701=CARTESIAN_POINT('',(-1.41E-1,9.892190664641E-3,-1.025E-1));
#1702=LINE('',#1701,#1700);
#1703=DIRECTION('',(1.265996530374E-3,-9.702949487063E-1,-2.419217017298E-1));
#1704=VECTOR('',#1703,1.020612413416E-2);
#1705=CARTESIAN_POINT('',(-1.41E-1,9.892190664641E-3,-1.025E-1));
#1706=LINE('',#1705,#1704);
#1707=DIRECTION('',(1.440572491285E-1,9.601749163134E-1,2.393984942645E-1));
#1708=VECTOR('',#1707,2.314969225230E-2);
#1709=CARTESIAN_POINT('',(-1.409870790822E-1,-1.076002860393E-5,
-1.049690829186E-1));
#1710=LINE('',#1709,#1708);
#1711=DIRECTION('',(-1.E0,0.E0,0.E0));
#1712=VECTOR('',#1711,8.669560380358E-2);
#1713=CARTESIAN_POINT('',(-1.376521980982E-1,2.221699379243E-2,
-9.942708145071E-2));
#1714=LINE('',#1713,#1712);
#1715=DIRECTION('',(-1.265996531279E-3,-9.702949487063E-1,-2.419217017298E-1));
#1716=VECTOR('',#1715,1.020612413416E-2);
#1717=CARTESIAN_POINT('',(-2.21E-1,9.892190664641E-3,-1.025E-1));
#1718=LINE('',#1717,#1716);
#1719=DIRECTION('',(0.E0,1.E0,0.E0));
#1720=VECTOR('',#1719,1.232480312779E-2);
#1721=CARTESIAN_POINT('',(-2.21E-1,9.892190664641E-3,-1.025E-1));
#1722=LINE('',#1721,#1720);
#1723=DIRECTION('',(-1.E0,0.E0,0.E0));
#1724=VECTOR('',#1723,8.E-2);
#1725=CARTESIAN_POINT('',(-1.41E-1,2.221699379243E-2,-1.025E-1));
#1726=LINE('',#1725,#1724);
#1727=DIRECTION('',(0.E0,-1.E0,0.E0));
#1728=VECTOR('',#1727,1.232480312779E-2);
#1729=CARTESIAN_POINT('',(-1.41E-1,2.221699379243E-2,-1.025E-1));
#1730=LINE('',#1729,#1728);
#1731=DIRECTION('',(0.E0,0.E0,-1.E0));
#1732=VECTOR('',#1731,2.E-2);
#1733=CARTESIAN_POINT('',(-2.21E-1,-5.E-3,-1.025E-1));
#1734=LINE('',#1733,#1732);
#1735=DIRECTION('',(0.E0,0.E0,-1.E0));
#1736=VECTOR('',#1735,2.E-2);
#1737=CARTESIAN_POINT('',(-2.21E-1,2.221699379243E-2,-1.025E-1));
#1738=LINE('',#1737,#1736);
#1739=DIRECTION('',(0.E0,0.E0,-1.E0));
#1740=VECTOR('',#1739,2.E-2);
#1741=CARTESIAN_POINT('',(-2.31E-1,-5.E-3,-1.025E-1));
#1742=LINE('',#1741,#1740);
#1743=DIRECTION('',(0.E0,0.E0,-1.E0));
#1744=VECTOR('',#1743,2.E-2);
#1745=CARTESIAN_POINT('',(-2.21E-1,-6.5E-2,-1.025E-1));
#1746=LINE('',#1745,#1744);
#1747=DIRECTION('',(0.E0,0.E0,-1.E0));
#1748=VECTOR('',#1747,2.E-2);
#1749=CARTESIAN_POINT('',(-2.06E-1,-2.06E-1,-1.025E-1));
#1750=LINE('',#1749,#1748);
#1751=DIRECTION('',(0.E0,0.E0,-1.E0));
#1752=VECTOR('',#1751,2.E-2);
#1753=CARTESIAN_POINT('',(-2.06E-1,-6.5E-2,-1.025E-1));
#1754=LINE('',#1753,#1752);
#1755=DIRECTION('',(0.E0,1.E0,0.E0));
#1756=VECTOR('',#1755,5.E-3);
#1757=CARTESIAN_POINT('',(-2.21E-1,-5.E-3,-1.225E-1));
#1758=LINE('',#1757,#1756);
#1759=DIRECTION('',(1.E0,0.E0,0.E0));
#1760=VECTOR('',#1759,1.000000000001E-2);
#1761=CARTESIAN_POINT('',(-2.31E-1,-5.E-3,-1.225E-1));
#1762=LINE('',#1761,#1760);
#1763=DIRECTION('',(-1.643989873055E-1,9.863939238321E-1,0.E0));
#1764=VECTOR('',#1763,6.082762530298E-2);
#1765=CARTESIAN_POINT('',(-2.21E-1,-6.5E-2,-1.225E-1));
#1766=LINE('',#1765,#1764);
#1767=DIRECTION('',(1.E0,0.E0,0.E0));
#1768=VECTOR('',#1767,1.5E-2);
#1769=CARTESIAN_POINT('',(-2.21E-1,-6.5E-2,-1.225E-1));
#1770=LINE('',#1769,#1768);
#1771=DIRECTION('',(0.E0,1.E0,0.E0));
#1772=VECTOR('',#1771,1.41E-1);
#1773=CARTESIAN_POINT('',(-2.06E-1,-2.06E-1,-1.225E-1));
#1774=LINE('',#1773,#1772);
#1775=CARTESIAN_POINT('',(-1.81E-1,-2.06E-1,-1.225E-1));
#1776=DIRECTION('',(0.E0,0.E0,-1.E0));
#1777=DIRECTION('',(1.E0,0.E0,0.E0));
#1778=AXIS2_PLACEMENT_3D('',#1775,#1776,#1777);
#1780=DIRECTION('',(0.E0,1.E0,0.E0));
#1781=VECTOR('',#1780,1.41E-1);
#1782=CARTESIAN_POINT('',(-1.56E-1,-2.06E-1,-1.225E-1));
#1783=LINE('',#1782,#1781);
#1784=DIRECTION('',(-1.E0,0.E0,0.E0));
#1785=VECTOR('',#1784,1.5E-2);
#1786=CARTESIAN_POINT('',(-1.41E-1,-6.5E-2,-1.225E-1));
#1787=LINE('',#1786,#1785);
#1788=DIRECTION('',(-1.643989873055E-1,-9.863939238321E-1,0.E0));
#1789=VECTOR('',#1788,6.082762530298E-2);
#1790=CARTESIAN_POINT('',(-1.31E-1,-5.E-3,-1.225E-1));
#1791=LINE('',#1790,#1789);
#1792=DIRECTION('',(1.E0,0.E0,0.E0));
#1793=VECTOR('',#1792,9.999999999994E-3);
#1794=CARTESIAN_POINT('',(-1.41E-1,-5.E-3,-1.225E-1));
#1795=LINE('',#1794,#1793);
#1796=DIRECTION('',(-6.106226635438E-13,-1.E0,0.E0));
#1797=VECTOR('',#1796,5.E-3);
#1798=CARTESIAN_POINT('',(-1.41E-1,0.E0,-1.225E-1));
#1799=LINE('',#1798,#1797);
#1800=DIRECTION('',(0.E0,0.E0,-1.E0));
#1801=VECTOR('',#1800,2.E-2);
#1802=CARTESIAN_POINT('',(-1.56E-1,-2.06E-1,-1.025E-1));
#1803=LINE('',#1802,#1801);
#1804=DIRECTION('',(0.E0,0.E0,-1.E0));
#1805=VECTOR('',#1804,2.E-2);
#1806=CARTESIAN_POINT('',(-1.41E-1,-6.5E-2,-1.025E-1));
#1807=LINE('',#1806,#1805);
#1808=DIRECTION('',(0.E0,0.E0,-1.E0));
#1809=VECTOR('',#1808,2.E-2);
#1810=CARTESIAN_POINT('',(-1.56E-1,-6.5E-2,-1.025E-1));
#1811=LINE('',#1810,#1809);
#1812=DIRECTION('',(0.E0,0.E0,-1.E0));
#1813=VECTOR('',#1812,2.E-2);
#1814=CARTESIAN_POINT('',(-1.31E-1,-5.E-3,-1.025E-1));
#1815=LINE('',#1814,#1813);
#1816=DIRECTION('',(1.E0,0.E0,0.E0));
#1817=VECTOR('',#1816,8.E-2);
#1818=CARTESIAN_POINT('',(-2.21E-1,9.892190664642E-3,-1.225E-1));
#1819=LINE('',#1818,#1817);
#1820=DIRECTION('',(-1.265996531279E-3,-9.702949487063E-1,2.419217017298E-1));
#1821=VECTOR('',#1820,1.020612413416E-2);
#1822=CARTESIAN_POINT('',(-2.21E-1,9.892190664642E-3,-1.225E-1));
#1823=LINE('',#1822,#1821);
#1824=DIRECTION('',(-1.440572491289E-1,9.601749163133E-1,-2.393984942645E-1));
#1825=VECTOR('',#1824,2.314969225230E-2);
#1826=CARTESIAN_POINT('',(-2.210129209177E-1,-1.076002860324E-5,
-1.200309170814E-1));
#1827=LINE('',#1826,#1825);
#1828=DIRECTION('',(1.E0,0.E0,0.E0));
#1829=VECTOR('',#1828,8.669560380358E-2);
#1830=CARTESIAN_POINT('',(-2.243478019018E-1,2.221699379243E-2,
-1.255729185493E-1));
#1831=LINE('',#1830,#1829);
#1832=DIRECTION('',(1.265996530374E-3,-9.702949487063E-1,2.419217017298E-1));
#1833=VECTOR('',#1832,1.020612413416E-2);
#1834=CARTESIAN_POINT('',(-1.41E-1,9.892190664642E-3,-1.225E-1));
#1835=LINE('',#1834,#1833);
#1836=DIRECTION('',(0.E0,-1.E0,0.E0));
#1837=VECTOR('',#1836,1.232480312779E-2);
#1838=CARTESIAN_POINT('',(-1.41E-1,2.221699379243E-2,-1.225E-1));
#1839=LINE('',#1838,#1837);
#1840=DIRECTION('',(-1.E0,0.E0,0.E0));
#1841=VECTOR('',#1840,8.E-2);
#1842=CARTESIAN_POINT('',(-1.41E-1,2.221699379243E-2,-1.225E-1));
#1843=LINE('',#1842,#1841);
#1844=DIRECTION('',(0.E0,1.E0,0.E0));
#1845=VECTOR('',#1844,1.232480312779E-2);
#1846=CARTESIAN_POINT('',(-2.21E-1,9.892190664642E-3,-1.225E-1));
#1847=LINE('',#1846,#1845);
#1848=DIRECTION('',(-1.440572491289E-1,9.601749163133E-1,2.393984942645E-1));
#1849=VECTOR('',#1848,2.314969225230E-2);
#1850=CARTESIAN_POINT('',(-2.210129209177E-1,-1.076002860324E-5,
-1.049690829186E-1));
#1851=LINE('',#1850,#1849);
#1852=DIRECTION('',(0.E0,0.E0,-1.E0));
#1853=VECTOR('',#1852,2.614583709857E-2);
#1854=CARTESIAN_POINT('',(-2.243478019018E-1,2.221699379243E-2,
-9.942708145071E-2));
#1855=LINE('',#1854,#1853);
#1856=DIRECTION('',(0.E0,1.E0,0.E0));
#1857=VECTOR('',#1856,2.778300620757E-2);
#1858=CARTESIAN_POINT('',(2.75E-1,2.221699379243E-2,-2.5E-2));
#1859=LINE('',#1858,#1857);
#1860=DIRECTION('',(0.E0,-1.E0,0.E0));
#1861=VECTOR('',#1860,3.E-2);
#1862=CARTESIAN_POINT('',(3.325E-1,5.E-2,-2.5E-2));
#1863=LINE('',#1862,#1861);
#1864=DIRECTION('',(0.E0,1.E0,0.E0));
#1865=VECTOR('',#1864,2.778300620757E-2);
#1866=CARTESIAN_POINT('',(-2.75E-1,2.221699379243E-2,-2.5E-2));
#1867=LINE('',#1866,#1865);
#1868=DIRECTION('',(1.E0,0.E0,0.E0));
#1869=VECTOR('',#1868,5.5E-1);
#1870=CARTESIAN_POINT('',(-2.75E-1,2.221699379243E-2,-2.5E-2));
#1871=LINE('',#1870,#1869);
#1872=DIRECTION('',(0.E0,0.E0,-1.E0));
#1873=VECTOR('',#1872,1.439211776999E-1);
#1874=CARTESIAN_POINT('',(2.75E-1,2.221699379243E-2,-2.5E-2));
#1875=LINE('',#1874,#1873);
#1876=DIRECTION('',(0.E0,1.E0,0.E0));
#1877=VECTOR('',#1876,1.607830062076E-1);
#1878=CARTESIAN_POINT('',(2.75E-1,2.221699379243E-2,-1.689211776999E-1));
#1879=LINE('',#1878,#1877);
#1880=DIRECTION('',(0.E0,0.E0,-1.E0));
#1881=VECTOR('',#1880,9.8E-2);
#1882=CARTESIAN_POINT('',(2.75E-1,5.E-2,-2.5E-2));
#1883=LINE('',#1882,#1881);
#1884=DIRECTION('',(-1.E0,0.E0,0.E0));
#1885=VECTOR('',#1884,5.75E-2);
#1886=CARTESIAN_POINT('',(3.325E-1,5.E-2,-1.23E-1));
#1887=LINE('',#1886,#1885);
#1888=DIRECTION('',(0.E0,0.E0,-1.E0));
#1889=VECTOR('',#1888,9.8E-2);
#1890=CARTESIAN_POINT('',(3.325E-1,5.E-2,-2.5E-2));
#1891=LINE('',#1890,#1889);
#1892=DIRECTION('',(1.E0,0.E0,0.E0));
#1893=VECTOR('',#1892,5.75E-2);
#1894=CARTESIAN_POINT('',(2.75E-1,5.E-2,-2.5E-2));
#1895=LINE('',#1894,#1893);
#1896=DIRECTION('',(0.E0,1.E0,0.E0));
#1897=VECTOR('',#1896,1.33E-1);
#1898=CARTESIAN_POINT('',(2.75E-1,5.E-2,-1.23E-1));
#1899=LINE('',#1898,#1897);
#1900=DIRECTION('',(-1.E0,0.E0,0.E0));
#1901=VECTOR('',#1900,5.75E-2);
#1902=CARTESIAN_POINT('',(3.325E-1,1.83E-1,-1.23E-1));
#1903=LINE('',#1902,#1901);
#1904=DIRECTION('',(0.E0,-1.E0,0.E0));
#1905=VECTOR('',#1904,1.33E-1);
#1906=CARTESIAN_POINT('',(3.325E-1,1.83E-1,-1.23E-1));
#1907=LINE('',#1906,#1905);
#1908=DIRECTION('',(0.E0,0.E0,-1.E0));
#1909=VECTOR('',#1908,4.592117769988E-2);
#1910=CARTESIAN_POINT('',(2.75E-1,1.83E-1,-1.23E-1));
#1911=LINE('',#1910,#1909);
#1912=DIRECTION('',(1.E0,0.E0,0.E0));
#1913=VECTOR('',#1912,5.5E-1);
#1914=CARTESIAN_POINT('',(-2.75E-1,1.83E-1,-1.689211776999E-1));
#1915=LINE('',#1914,#1913);
#1916=DIRECTION('',(0.E0,0.E0,-1.E0));
#1917=VECTOR('',#1916,4.592117769988E-2);
#1918=CARTESIAN_POINT('',(-2.75E-1,1.83E-1,-1.23E-1));
#1919=LINE('',#1918,#1917);
#1920=DIRECTION('',(0.E0,0.E0,-1.E0));
#1921=VECTOR('',#1920,6.65E-2);
#1922=CARTESIAN_POINT('',(-3.325E-1,1.83E-1,-1.23E-1));
#1923=LINE('',#1922,#1921);
#1924=DIRECTION('',(-1.E0,0.E0,0.E0));
#1925=VECTOR('',#1924,6.65E-1);
#1926=CARTESIAN_POINT('',(3.325E-1,1.83E-1,-1.895E-1));
#1927=LINE('',#1926,#1925);
#1928=DIRECTION('',(0.E0,0.E0,-1.E0));
#1929=VECTOR('',#1928,6.65E-2);
#1930=CARTESIAN_POINT('',(3.325E-1,1.83E-1,-1.23E-1));
#1931=LINE('',#1930,#1929);
#1932=DIRECTION('',(-1.E0,0.E0,0.E0));
#1933=VECTOR('',#1932,5.5E-1);
#1934=CARTESIAN_POINT('',(2.75E-1,2.221699379243E-2,-1.689211776999E-1));
#1935=LINE('',#1934,#1933);
#1936=DIRECTION('',(0.E0,1.E0,0.E0));
#1937=VECTOR('',#1936,1.607830062076E-1);
#1938=CARTESIAN_POINT('',(-2.75E-1,2.221699379243E-2,-1.689211776999E-1));
#1939=LINE('',#1938,#1937);
#1940=DIRECTION('',(0.E0,0.E0,-1.E0));
#1941=VECTOR('',#1940,1.439211776999E-1);
#1942=CARTESIAN_POINT('',(-2.75E-1,2.221699379243E-2,-2.5E-2));
#1943=LINE('',#1942,#1941);
#1944=DIRECTION('',(0.E0,0.E0,-1.E0));
#1945=VECTOR('',#1944,9.8E-2);
#1946=CARTESIAN_POINT('',(-2.75E-1,5.E-2,-2.5E-2));
#1947=LINE('',#1946,#1945);
#1948=DIRECTION('',(1.E0,0.E0,0.E0));
#1949=VECTOR('',#1948,5.75E-2);
#1950=CARTESIAN_POINT('',(-3.325E-1,5.E-2,-2.5E-2));
#1951=LINE('',#1950,#1949);
#1952=DIRECTION('',(0.E0,0.E0,1.E0));
#1953=VECTOR('',#1952,9.8E-2);
#1954=CARTESIAN_POINT('',(-3.325E-1,5.E-2,-1.23E-1));
#1955=LINE('',#1954,#1953);
#1956=DIRECTION('',(-1.E0,0.E0,0.E0));
#1957=VECTOR('',#1956,5.75E-2);
#1958=CARTESIAN_POINT('',(-2.75E-1,5.E-2,-1.23E-1));
#1959=LINE('',#1958,#1957);
#1960=DIRECTION('',(0.E0,1.E0,0.E0));
#1961=VECTOR('',#1960,1.33E-1);
#1962=CARTESIAN_POINT('',(-2.75E-1,5.E-2,-1.23E-1));
#1963=LINE('',#1962,#1961);
#1964=DIRECTION('',(-1.E0,0.E0,0.E0));
#1965=VECTOR('',#1964,5.75E-2);
#1966=CARTESIAN_POINT('',(-2.75E-1,1.83E-1,-1.23E-1));
#1967=LINE('',#1966,#1965);
#1968=DIRECTION('',(-1.E0,0.E0,0.E0));
#1969=VECTOR('',#1968,1.85E-2);
#1970=CARTESIAN_POINT('',(3.51E-1,2.28E-1,-1.895E-1));
#1971=LINE('',#1970,#1969);
#1972=DIRECTION('',(0.E0,1.E0,0.E0));
#1973=VECTOR('',#1972,4.5E-2);
#1974=CARTESIAN_POINT('',(3.325E-1,1.83E-1,-1.895E-1));
#1975=LINE('',#1974,#1973);
#1976=DIRECTION('',(0.E0,1.E0,0.E0));
#1977=VECTOR('',#1976,4.5E-2);
#1978=CARTESIAN_POINT('',(-3.325E-1,1.83E-1,-1.895E-1));
#1979=LINE('',#1978,#1977);
#1980=DIRECTION('',(-1.E0,0.E0,0.E0));
#1981=VECTOR('',#1980,1.85E-2);
#1982=CARTESIAN_POINT('',(-3.325E-1,2.28E-1,-1.895E-1));
#1983=LINE('',#1982,#1981);
#1984=DIRECTION('',(0.E0,-1.E0,0.E0));
#1985=VECTOR('',#1984,5.E-2);
#1986=CARTESIAN_POINT('',(3.51E-1,2.78E-1,-1.895E-1));
#1987=LINE('',#1986,#1985);
#1988=DIRECTION('',(-1.E0,0.E0,0.E0));
#1989=VECTOR('',#1988,7.5E-3);
#1990=CARTESIAN_POINT('',(-2.11E-1,2.63E-1,-1.895E-1));
#1991=LINE('',#1990,#1989);
#1992=DIRECTION('',(0.E0,-1.E0,0.E0));
#1993=VECTOR('',#1992,2.5E-2);
#1994=CARTESIAN_POINT('',(-2.185E-1,2.63E-1,-1.895E-1));
#1995=LINE('',#1994,#1993);
#1996=DIRECTION('',(1.E0,0.E0,0.E0));
#1997=VECTOR('',#1996,7.5E-2);
#1998=CARTESIAN_POINT('',(-2.185E-1,2.38E-1,-1.895E-1));
#1999=LINE('',#1998,#1997);
#2000=DIRECTION('',(0.E0,1.E0,0.E0));
#2001=VECTOR('',#2000,2.5E-2);
#2002=CARTESIAN_POINT('',(-1.435E-1,2.38E-1,-1.895E-1));
#2003=LINE('',#2002,#2001);
#2004=DIRECTION('',(-1.E0,0.E0,0.E0));
#2005=VECTOR('',#2004,7.5E-3);
#2006=CARTESIAN_POINT('',(-1.435E-1,2.63E-1,-1.895E-1));
#2007=LINE('',#2006,#2005);
#2008=DIRECTION('',(1.E0,0.E0,0.E0));
#2009=VECTOR('',#2008,6.E-2);
#2010=CARTESIAN_POINT('',(-2.11E-1,2.63E-1,-1.895E-1));
#2011=LINE('',#2010,#2009);
#2012=DIRECTION('',(-1.E0,0.E0,0.E0));
#2013=VECTOR('',#2012,7.5E-3);
#2014=CARTESIAN_POINT('',(-3.E-2,2.63E-1,-1.895E-1));
#2015=LINE('',#2014,#2013);
#2016=DIRECTION('',(0.E0,-1.E0,0.E0));
#2017=VECTOR('',#2016,2.5E-2);
#2018=CARTESIAN_POINT('',(-3.75E-2,2.63E-1,-1.895E-1));
#2019=LINE('',#2018,#2017);
#2020=DIRECTION('',(1.E0,0.E0,0.E0));
#2021=VECTOR('',#2020,7.5E-2);
#2022=CARTESIAN_POINT('',(-3.75E-2,2.38E-1,-1.895E-1));
#2023=LINE('',#2022,#2021);
#2024=DIRECTION('',(0.E0,1.E0,0.E0));
#2025=VECTOR('',#2024,2.5E-2);
#2026=CARTESIAN_POINT('',(3.75E-2,2.38E-1,-1.895E-1));
#2027=LINE('',#2026,#2025);
#2028=DIRECTION('',(-1.E0,0.E0,0.E0));
#2029=VECTOR('',#2028,7.5E-3);
#2030=CARTESIAN_POINT('',(3.75E-2,2.63E-1,-1.895E-1));
#2031=LINE('',#2030,#2029);
#2032=DIRECTION('',(1.E0,0.E0,0.E0));
#2033=VECTOR('',#2032,6.E-2);
#2034=CARTESIAN_POINT('',(-3.E-2,2.63E-1,-1.895E-1));
#2035=LINE('',#2034,#2033);
#2036=DIRECTION('',(-1.E0,0.E0,0.E0));
#2037=VECTOR('',#2036,7.5E-3);
#2038=CARTESIAN_POINT('',(1.51E-1,2.63E-1,-1.895E-1));
#2039=LINE('',#2038,#2037);
#2040=DIRECTION('',(0.E0,-1.E0,0.E0));
#2041=VECTOR('',#2040,2.5E-2);
#2042=CARTESIAN_POINT('',(1.435E-1,2.63E-1,-1.895E-1));
#2043=LINE('',#2042,#2041);
#2044=DIRECTION('',(1.E0,0.E0,0.E0));
#2045=VECTOR('',#2044,7.5E-2);
#2046=CARTESIAN_POINT('',(1.435E-1,2.38E-1,-1.895E-1));
#2047=LINE('',#2046,#2045);
#2048=DIRECTION('',(0.E0,1.E0,0.E0));
#2049=VECTOR('',#2048,2.5E-2);
#2050=CARTESIAN_POINT('',(2.185E-1,2.38E-1,-1.895E-1));
#2051=LINE('',#2050,#2049);
#2052=DIRECTION('',(-1.E0,0.E0,0.E0));
#2053=VECTOR('',#2052,7.5E-3);
#2054=CARTESIAN_POINT('',(2.185E-1,2.63E-1,-1.895E-1));
#2055=LINE('',#2054,#2053);
#2056=DIRECTION('',(1.E0,0.E0,0.E0));
#2057=VECTOR('',#2056,6.E-2);
#2058=CARTESIAN_POINT('',(1.51E-1,2.63E-1,-1.895E-1));
#2059=LINE('',#2058,#2057);
#2060=DIRECTION('',(0.E0,0.E0,1.E0));
#2061=VECTOR('',#2060,3.79E-1);
#2062=CARTESIAN_POINT('',(3.325E-1,2.28E-1,-1.895E-1));
#2063=LINE('',#2062,#2061);
#2064=DIRECTION('',(0.E0,0.E0,1.E0));
#2065=VECTOR('',#2064,3.79E-1);
#2066=CARTESIAN_POINT('',(3.51E-1,2.28E-1,-1.895E-1));
#2067=LINE('',#2066,#2065);
#2068=DIRECTION('',(0.E0,-1.E0,0.E0));
#2069=VECTOR('',#2068,5.E-2);
#2070=CARTESIAN_POINT('',(3.51E-1,2.78E-1,1.895E-1));
#2071=LINE('',#2070,#2069);
#2072=DIRECTION('',(-1.E0,0.E0,0.E0));
#2073=VECTOR('',#2072,7.02E-1);
#2074=CARTESIAN_POINT('',(3.51E-1,2.88E-1,-1.952735026919E-1));
#2075=LINE('',#2074,#2073);
#2076=DIRECTION('',(0.E0,-8.660254037844E-1,5.E-1));
#2077=VECTOR('',#2076,1.154700538379E-2);
#2078=CARTESIAN_POINT('',(3.51E-1,2.88E-1,-1.952735026919E-1));
#2079=LINE('',#2078,#2077);
#2080=DIRECTION('',(-1.E0,0.E0,0.E0));
#2081=VECTOR('',#2080,7.02E-1);
#2082=CARTESIAN_POINT('',(3.51E-1,2.78E-1,-1.895E-1));
#2083=LINE('',#2082,#2081);
#2084=DIRECTION('',(0.E0,-8.660254037844E-1,5.E-1));
#2085=VECTOR('',#2084,1.154700538379E-2);
#2086=CARTESIAN_POINT('',(-3.51E-1,2.88E-1,-1.952735026919E-1));
#2087=LINE('',#2086,#2085);
#2088=DIRECTION('',(0.E0,0.E0,1.E0));
#2089=VECTOR('',#2088,2.2E-2);
#2090=CARTESIAN_POINT('',(-2.11E-1,2.63E-1,-2.115E-1));
#2091=LINE('',#2090,#2089);
#2092=DIRECTION('',(0.E0,5.E-1,-8.660254037844E-1));
#2093=VECTOR('',#2092,1.732050807569E-2);
#2094=CARTESIAN_POINT('',(-2.11E-1,2.43E-1,-1.995E-1));
#2095=LINE('',#2094,#2093);
#2096=DIRECTION('',(0.E0,1.E0,0.E0));
#2097=VECTOR('',#2096,1.133974596216E-2);
#2098=CARTESIAN_POINT('',(-2.11E-1,2.516602540378E-1,-2.145E-1));
#2099=LINE('',#2098,#2097);
#2100=DIRECTION('',(-1.387778780781E-14,0.E0,-1.E0));
#2101=VECTOR('',#2100,2.E-3);
#2102=CARTESIAN_POINT('',(-1.51E-1,2.63E-1,-1.875E-1));
#2103=LINE('',#2102,#2101);
#2104=DIRECTION('',(1.387778780781E-14,0.E0,1.E0));
#2105=VECTOR('',#2104,2.E-3);
#2106=CARTESIAN_POINT('',(-2.11E-1,2.63E-1,-1.895E-1));
#2107=LINE('',#2106,#2105);
#2108=DIRECTION('',(0.E0,5.E-1,-8.660254037844E-1));
#2109=VECTOR('',#2108,1.732050807569E-2);
#2110=CARTESIAN_POINT('',(-1.51E-1,2.43E-1,-1.995E-1));
#2111=LINE('',#2110,#2109);
#2112=DIRECTION('',(0.E0,0.E0,1.E0));
#2113=VECTOR('',#2112,2.2E-2);
#2114=CARTESIAN_POINT('',(-1.51E-1,2.63E-1,-2.115E-1));
#2115=LINE('',#2114,#2113);
#2116=DIRECTION('',(0.E0,0.E0,-1.E0));
#2117=VECTOR('',#2116,2.2E-2);
#2118=CARTESIAN_POINT('',(-1.435E-1,2.63E-1,-1.895E-1));
#2119=LINE('',#2118,#2117);
#2120=DIRECTION('',(0.E0,0.E0,-1.E0));
#2121=VECTOR('',#2120,2.2E-2);
#2122=CARTESIAN_POINT('',(-1.435E-1,2.38E-1,-1.895E-1));
#2123=LINE('',#2122,#2121);
#2124=DIRECTION('',(0.E0,0.E0,-1.E0));
#2125=VECTOR('',#2124,2.2E-2);
#2126=CARTESIAN_POINT('',(-2.185E-1,2.38E-1,-1.895E-1));
#2127=LINE('',#2126,#2125);
#2128=DIRECTION('',(0.E0,0.E0,-1.E0));
#2129=VECTOR('',#2128,2.2E-2);
#2130=CARTESIAN_POINT('',(-2.185E-1,2.63E-1,-1.895E-1));
#2131=LINE('',#2130,#2129);
#2132=DIRECTION('',(0.E0,0.E0,1.E0));
#2133=VECTOR('',#2132,3.E-3);
#2134=CARTESIAN_POINT('',(-2.11E-1,2.63E-1,-2.145E-1));
#2135=LINE('',#2134,#2133);
#2136=DIRECTION('',(-1.E0,0.E0,0.E0));
#2137=VECTOR('',#2136,6.E-2);
#2138=CARTESIAN_POINT('',(-1.51E-1,2.63E-1,-2.145E-1));
#2139=LINE('',#2138,#2137);
#2140=DIRECTION('',(0.E0,0.E0,-1.E0));
#2141=VECTOR('',#2140,3.E-3);
#2142=CARTESIAN_POINT('',(-1.51E-1,2.63E-1,-2.115E-1));
#2143=LINE('',#2142,#2141);
#2144=DIRECTION('',(-1.E0,0.E0,0.E0));
#2145=VECTOR('',#2144,6.E-2);
#2146=CARTESIAN_POINT('',(-1.51E-1,2.516602540378E-1,-2.145E-1));
#2147=LINE('',#2146,#2145);
#2148=DIRECTION('',(0.E0,1.E0,0.E0));
#2149=VECTOR('',#2148,1.133974596216E-2);
#2150=CARTESIAN_POINT('',(-1.51E-1,2.516602540378E-1,-2.145E-1));
#2151=LINE('',#2150,#2149);
#2152=DIRECTION('',(1.E0,0.E0,0.E0));
#2153=VECTOR('',#2152,6.E-2);
#2154=CARTESIAN_POINT('',(-2.11E-1,2.63E-1,-1.875E-1));
#2155=LINE('',#2154,#2153);
#2156=DIRECTION('',(0.E0,1.E0,0.E0));
#2157=VECTOR('',#2156,2.E-2);
#2158=CARTESIAN_POINT('',(-1.51E-1,2.43E-1,-1.875E-1));
#2159=LINE('',#2158,#2157);
#2160=DIRECTION('',(0.E0,1.E0,0.E0));
#2161=VECTOR('',#2160,2.E-2);
#2162=CARTESIAN_POINT('',(-3.E-2,2.43E-1,-1.875E-1));
#2163=LINE('',#2162,#2161);
#2164=DIRECTION('',(1.E0,0.E0,0.E0));
#2165=VECTOR('',#2164,6.E-2);
#2166=CARTESIAN_POINT('',(-3.E-2,2.63E-1,-1.875E-1));
#2167=LINE('',#2166,#2165);
#2168=DIRECTION('',(0.E0,1.E0,0.E0));
#2169=VECTOR('',#2168,2.E-2);
#2170=CARTESIAN_POINT('',(3.E-2,2.43E-1,-1.875E-1));
#2171=LINE('',#2170,#2169);
#2172=DIRECTION('',(0.E0,1.E0,0.E0));
#2173=VECTOR('',#2172,2.E-2);
#2174=CARTESIAN_POINT('',(1.51E-1,2.43E-1,-1.875E-1));
#2175=LINE('',#2174,#2173);
#2176=DIRECTION('',(1.E0,0.E0,0.E0));
#2177=VECTOR('',#2176,6.E-2);
#2178=CARTESIAN_POINT('',(1.51E-1,2.63E-1,-1.875E-1));
#2179=LINE('',#2178,#2177);
#2180=DIRECTION('',(0.E0,1.E0,0.E0));
#2181=VECTOR('',#2180,2.E-2);
#2182=CARTESIAN_POINT('',(2.11E-1,2.43E-1,-1.875E-1));
#2183=LINE('',#2182,#2181);
#2184=DIRECTION('',(0.E0,1.E0,0.E0));
#2185=VECTOR('',#2184,4.5E-2);
#2186=CARTESIAN_POINT('',(3.315E-1,2.43E-1,-1.875E-1));
#2187=LINE('',#2186,#2185);
#2188=DIRECTION('',(0.E0,1.E0,0.E0));
#2189=VECTOR('',#2188,2.E-2);
#2190=CARTESIAN_POINT('',(-2.11E-1,2.43E-1,-1.875E-1));
#2191=LINE('',#2190,#2189);
#2192=DIRECTION('',(0.E0,5.E-1,-8.660254037844E-1));
#2193=VECTOR('',#2192,1.732050807569E-2);
#2194=CARTESIAN_POINT('',(-3.E-2,2.43E-1,-1.995E-1));
#2195=LINE('',#2194,#2193);
#2196=DIRECTION('',(0.E0,1.E0,0.E0));
#2197=VECTOR('',#2196,1.133974596216E-2);
#2198=CARTESIAN_POINT('',(-3.E-2,2.516602540378E-1,-2.145E-1));
#2199=LINE('',#2198,#2197);
#2200=DIRECTION('',(0.E0,0.E0,1.E0));
#2201=VECTOR('',#2200,2.2E-2);
#2202=CARTESIAN_POINT('',(-3.E-2,2.63E-1,-2.115E-1));
#2203=LINE('',#2202,#2201);
#2204=DIRECTION('',(0.E0,0.E0,-1.E0));
#2205=VECTOR('',#2204,2.2E-2);
#2206=CARTESIAN_POINT('',(-3.75E-2,2.63E-1,-1.895E-1));
#2207=LINE('',#2206,#2205);
#2208=DIRECTION('',(0.E0,0.E0,-1.E0));
#2209=VECTOR('',#2208,2.2E-2);
#2210=CARTESIAN_POINT('',(-3.75E-2,2.38E-1,-1.895E-1));
#2211=LINE('',#2210,#2209);
#2212=DIRECTION('',(0.E0,0.E0,-1.E0));
#2213=VECTOR('',#2212,2.2E-2);
#2214=CARTESIAN_POINT('',(3.75E-2,2.38E-1,-1.895E-1));
#2215=LINE('',#2214,#2213);
#2216=DIRECTION('',(0.E0,0.E0,1.E0));
#2217=VECTOR('',#2216,2.2E-2);
#2218=CARTESIAN_POINT('',(3.E-2,2.63E-1,-2.115E-1));
#2219=LINE('',#2218,#2217);
#2220=DIRECTION('',(0.E0,0.E0,-1.E0));
#2221=VECTOR('',#2220,2.2E-2);
#2222=CARTESIAN_POINT('',(3.75E-2,2.63E-1,-1.895E-1));
#2223=LINE('',#2222,#2221);
#2224=DIRECTION('',(0.E0,5.E-1,-8.660254037844E-1));
#2225=VECTOR('',#2224,1.732050807569E-2);
#2226=CARTESIAN_POINT('',(3.E-2,2.43E-1,-1.995E-1));
#2227=LINE('',#2226,#2225);
#2228=DIRECTION('',(0.E0,0.E0,1.E0));
#2229=VECTOR('',#2228,3.E-3);
#2230=CARTESIAN_POINT('',(-3.E-2,2.63E-1,-2.145E-1));
#2231=LINE('',#2230,#2229);
#2232=DIRECTION('',(-1.E0,0.E0,0.E0));
#2233=VECTOR('',#2232,6.E-2);
#2234=CARTESIAN_POINT('',(3.E-2,2.63E-1,-2.145E-1));
#2235=LINE('',#2234,#2233);
#2236=DIRECTION('',(0.E0,0.E0,-1.E0));
#2237=VECTOR('',#2236,3.E-3);
#2238=CARTESIAN_POINT('',(3.E-2,2.63E-1,-2.115E-1));
#2239=LINE('',#2238,#2237);
#2240=DIRECTION('',(-1.E0,0.E0,0.E0));
#2241=VECTOR('',#2240,6.E-2);
#2242=CARTESIAN_POINT('',(3.E-2,2.516602540378E-1,-2.145E-1));
#2243=LINE('',#2242,#2241);
#2244=DIRECTION('',(0.E0,1.E0,0.E0));
#2245=VECTOR('',#2244,1.133974596216E-2);
#2246=CARTESIAN_POINT('',(3.E-2,2.516602540378E-1,-2.145E-1));
#2247=LINE('',#2246,#2245);
#2248=DIRECTION('',(0.E0,0.E0,-1.E0));
#2249=VECTOR('',#2248,2.E-3);
#2250=CARTESIAN_POINT('',(3.E-2,2.63E-1,-1.875E-1));
#2251=LINE('',#2250,#2249);
#2252=DIRECTION('',(0.E0,0.E0,1.E0));
#2253=VECTOR('',#2252,2.E-3);
#2254=CARTESIAN_POINT('',(-3.E-2,2.63E-1,-1.895E-1));
#2255=LINE('',#2254,#2253);
#2256=DIRECTION('',(0.E0,5.E-1,-8.660254037844E-1));
#2257=VECTOR('',#2256,1.732050807569E-2);
#2258=CARTESIAN_POINT('',(1.51E-1,2.43E-1,-1.995E-1));
#2259=LINE('',#2258,#2257);
#2260=DIRECTION('',(0.E0,1.E0,0.E0));
#2261=VECTOR('',#2260,1.133974596216E-2);
#2262=CARTESIAN_POINT('',(1.51E-1,2.516602540378E-1,-2.145E-1));
#2263=LINE('',#2262,#2261);
#2264=DIRECTION('',(0.E0,0.E0,1.E0));
#2265=VECTOR('',#2264,2.2E-2);
#2266=CARTESIAN_POINT('',(1.51E-1,2.63E-1,-2.115E-1));
#2267=LINE('',#2266,#2265);
#2268=DIRECTION('',(0.E0,0.E0,-1.E0));
#2269=VECTOR('',#2268,2.2E-2);
#2270=CARTESIAN_POINT('',(1.435E-1,2.63E-1,-1.895E-1));
#2271=LINE('',#2270,#2269);
#2272=DIRECTION('',(0.E0,0.E0,-1.E0));
#2273=VECTOR('',#2272,2.2E-2);
#2274=CARTESIAN_POINT('',(1.435E-1,2.38E-1,-1.895E-1));
#2275=LINE('',#2274,#2273);
#2276=DIRECTION('',(0.E0,0.E0,-1.E0));
#2277=VECTOR('',#2276,2.2E-2);
#2278=CARTESIAN_POINT('',(2.185E-1,2.38E-1,-1.895E-1));
#2279=LINE('',#2278,#2277);
#2280=DIRECTION('',(0.E0,0.E0,1.E0));
#2281=VECTOR('',#2280,2.2E-2);
#2282=CARTESIAN_POINT('',(2.11E-1,2.63E-1,-2.115E-1));
#2283=LINE('',#2282,#2281);
#2284=DIRECTION('',(0.E0,0.E0,-1.E0));
#2285=VECTOR('',#2284,2.2E-2);
#2286=CARTESIAN_POINT('',(2.185E-1,2.63E-1,-1.895E-1));
#2287=LINE('',#2286,#2285);
#2288=DIRECTION('',(0.E0,5.E-1,-8.660254037844E-1));
#2289=VECTOR('',#2288,1.732050807569E-2);
#2290=CARTESIAN_POINT('',(2.11E-1,2.43E-1,-1.995E-1));
#2291=LINE('',#2290,#2289);
#2292=DIRECTION('',(0.E0,0.E0,1.E0));
#2293=VECTOR('',#2292,3.E-3);
#2294=CARTESIAN_POINT('',(1.51E-1,2.63E-1,-2.145E-1));
#2295=LINE('',#2294,#2293);
#2296=DIRECTION('',(-1.E0,0.E0,0.E0));
#2297=VECTOR('',#2296,6.E-2);
#2298=CARTESIAN_POINT('',(2.11E-1,2.63E-1,-2.145E-1));
#2299=LINE('',#2298,#2297);
#2300=DIRECTION('',(0.E0,0.E0,-1.E0));
#2301=VECTOR('',#2300,3.E-3);
#2302=CARTESIAN_POINT('',(2.11E-1,2.63E-1,-2.115E-1));
#2303=LINE('',#2302,#2301);
#2304=DIRECTION('',(-1.E0,0.E0,0.E0));
#2305=VECTOR('',#2304,6.E-2);
#2306=CARTESIAN_POINT('',(2.11E-1,2.516602540378E-1,-2.145E-1));
#2307=LINE('',#2306,#2305);
#2308=DIRECTION('',(0.E0,1.E0,0.E0));
#2309=VECTOR('',#2308,1.133974596216E-2);
#2310=CARTESIAN_POINT('',(2.11E-1,2.516602540378E-1,-2.145E-1));
#2311=LINE('',#2310,#2309);
#2312=DIRECTION('',(1.387778780781E-14,0.E0,-1.E0));
#2313=VECTOR('',#2312,2.E-3);
#2314=CARTESIAN_POINT('',(2.11E-1,2.63E-1,-1.875E-1));
#2315=LINE('',#2314,#2313);
#2316=DIRECTION('',(0.E0,0.E0,1.E0));
#2317=VECTOR('',#2316,2.E-3);
#2318=CARTESIAN_POINT('',(1.51E-1,2.63E-1,-1.895E-1));
#2319=LINE('',#2318,#2317);
#2320=DIRECTION('',(0.E0,1.E0,0.E0));
#2321=VECTOR('',#2320,4.5E-2);
#2322=CARTESIAN_POINT('',(3.465E-1,2.43E-1,-1.725E-1));
#2323=LINE('',#2322,#2321);
#2324=DIRECTION('',(0.E0,1.E0,0.E0));
#2325=VECTOR('',#2324,4.5E-2);
#2326=CARTESIAN_POINT('',(3.465E-1,2.43E-1,-7.5E-2));
#2327=LINE('',#2326,#2325);
#2328=DIRECTION('',(1.E0,2.220446049250E-13,0.E0));
#2329=VECTOR('',#2328,5.000000000002E-4);
#2330=CARTESIAN_POINT('',(3.315E-1,2.43E-1,-7.5E-2));
#2331=LINE('',#2330,#2329);
#2332=DIRECTION('',(0.E0,1.E0,0.E0));
#2333=VECTOR('',#2332,4.5E-2);
#2334=CARTESIAN_POINT('',(3.315E-1,2.43E-1,-7.5E-2));
#2335=LINE('',#2334,#2333);
#2336=DIRECTION('',(-1.E0,0.E0,0.E0));
#2337=VECTOR('',#2336,1.5E-2);
#2338=CARTESIAN_POINT('',(3.465E-1,2.88E-1,7.5E-2));
#2339=LINE('',#2338,#2337);
#2340=DIRECTION('',(0.E0,0.E0,-1.E0));
#2341=VECTOR('',#2340,9.75E-2);
#2342=CARTESIAN_POINT('',(3.465E-1,2.88E-1,1.725E-1));
#2343=LINE('',#2342,#2341);
#2344=CARTESIAN_POINT('',(3.315E-1,2.88E-1,1.725E-1));
#2345=DIRECTION('',(0.E0,1.E0,0.E0));
#2346=DIRECTION('',(0.E0,0.E0,1.E0));
#2347=AXIS2_PLACEMENT_3D('',#2344,#2345,#2346);
#2349=DIRECTION('',(1.E0,0.E0,0.E0));
#2350=VECTOR('',#2349,6.63E-1);
#2351=CARTESIAN_POINT('',(-3.315E-1,2.88E-1,1.875E-1));
#2352=LINE('',#2351,#2350);
#2353=CARTESIAN_POINT('',(-3.315E-1,2.88E-1,1.725E-1));
#2354=DIRECTION('',(0.E0,1.E0,0.E0));
#2355=DIRECTION('',(-1.E0,0.E0,0.E0));
#2356=AXIS2_PLACEMENT_3D('',#2353,#2354,#2355);
#2358=DIRECTION('',(0.E0,0.E0,1.E0));
#2359=VECTOR('',#2358,3.45E-1);
#2360=CARTESIAN_POINT('',(-3.465E-1,2.88E-1,-1.725E-1));
#2361=LINE('',#2360,#2359);
#2362=CARTESIAN_POINT('',(-3.315E-1,2.88E-1,-1.725E-1));
#2363=DIRECTION('',(0.E0,1.E0,0.E0));
#2364=DIRECTION('',(0.E0,0.E0,-1.E0));
#2365=AXIS2_PLACEMENT_3D('',#2362,#2363,#2364);
#2367=DIRECTION('',(-1.E0,0.E0,0.E0));
#2368=VECTOR('',#2367,6.63E-1);
#2369=CARTESIAN_POINT('',(3.315E-1,2.88E-1,-1.875E-1));
#2370=LINE('',#2369,#2368);
#2371=CARTESIAN_POINT('',(3.315E-1,2.88E-1,-1.725E-1));
#2372=DIRECTION('',(0.E0,1.E0,0.E0));
#2373=DIRECTION('',(1.E0,0.E0,0.E0));
#2374=AXIS2_PLACEMENT_3D('',#2371,#2372,#2373);
#2376=DIRECTION('',(0.E0,0.E0,-1.E0));
#2377=VECTOR('',#2376,9.75E-2);
#2378=CARTESIAN_POINT('',(3.465E-1,2.88E-1,-7.5E-2));
#2379=LINE('',#2378,#2377);
#2380=DIRECTION('',(1.E0,0.E0,0.E0));
#2381=VECTOR('',#2380,1.5E-2);
#2382=CARTESIAN_POINT('',(3.315E-1,2.88E-1,-7.5E-2));
#2383=LINE('',#2382,#2381);
#2384=DIRECTION('',(0.E0,0.E0,-1.E0));
#2385=VECTOR('',#2384,1.5E-1);
#2386=CARTESIAN_POINT('',(3.315E-1,2.88E-1,7.5E-2));
#2387=LINE('',#2386,#2385);
#2388=DIRECTION('',(0.E0,0.E0,1.E0));
#2389=VECTOR('',#2388,1.4E-1);
#2390=CARTESIAN_POINT('',(1.81E-1,2.88E-1,-7.E-2));
#2391=LINE('',#2390,#2389);
#2392=DIRECTION('',(1.E0,0.E0,0.E0));
#2393=VECTOR('',#2392,3.62E-1);
#2394=CARTESIAN_POINT('',(-1.81E-1,2.88E-1,-7.E-2));
#2395=LINE('',#2394,#2393);
#2396=DIRECTION('',(0.E0,0.E0,-1.E0));
#2397=VECTOR('',#2396,1.4E-1);
#2398=CARTESIAN_POINT('',(-1.81E-1,2.88E-1,7.E-2));
#2399=LINE('',#2398,#2397);
#2400=DIRECTION('',(-1.E0,0.E0,0.E0));
#2401=VECTOR('',#2400,3.62E-1);
#2402=CARTESIAN_POINT('',(1.81E-1,2.88E-1,7.E-2));
#2403=LINE('',#2402,#2401);
#2404=DIRECTION('',(0.E0,1.E0,0.E0));
#2405=VECTOR('',#2404,4.5E-2);
#2406=CARTESIAN_POINT('',(3.465E-1,2.43E-1,1.725E-1));
#2407=LINE('',#2406,#2405);
#2408=DIRECTION('',(0.E0,1.E0,0.E0));
#2409=VECTOR('',#2408,4.5E-2);
#2410=CARTESIAN_POINT('',(3.315E-1,2.43E-1,1.875E-1));
#2411=LINE('',#2410,#2409);
#2412=DIRECTION('',(1.E0,0.E0,0.E0));
#2413=VECTOR('',#2412,6.E-2);
#2414=CARTESIAN_POINT('',(-2.11E-1,2.63E-1,1.875E-1));
#2415=LINE('',#2414,#2413);
#2416=DIRECTION('',(0.E0,1.E0,0.E0));
#2417=VECTOR('',#2416,2.E-2);
#2418=CARTESIAN_POINT('',(-2.11E-1,2.43E-1,1.875E-1));
#2419=LINE('',#2418,#2417);
#2420=DIRECTION('',(0.E0,1.E0,0.E0));
#2421=VECTOR('',#2420,4.5E-2);
#2422=CARTESIAN_POINT('',(-3.315E-1,2.43E-1,1.875E-1));
#2423=LINE('',#2422,#2421);
#2424=DIRECTION('',(0.E0,1.E0,0.E0));
#2425=VECTOR('',#2424,2.E-2);
#2426=CARTESIAN_POINT('',(2.11E-1,2.43E-1,1.875E-1));
#2427=LINE('',#2426,#2425);
#2428=DIRECTION('',(1.E0,0.E0,0.E0));
#2429=VECTOR('',#2428,6.E-2);
#2430=CARTESIAN_POINT('',(1.51E-1,2.63E-1,1.875E-1));
#2431=LINE('',#2430,#2429);
#2432=DIRECTION('',(0.E0,1.E0,0.E0));
#2433=VECTOR('',#2432,2.E-2);
#2434=CARTESIAN_POINT('',(1.51E-1,2.43E-1,1.875E-1));
#2435=LINE('',#2434,#2433);
#2436=DIRECTION('',(0.E0,1.E0,0.E0));
#2437=VECTOR('',#2436,2.E-2);
#2438=CARTESIAN_POINT('',(3.E-2,2.43E-1,1.875E-1));
#2439=LINE('',#2438,#2437);
#2440=DIRECTION('',(1.E0,0.E0,0.E0));
#2441=VECTOR('',#2440,6.E-2);
#2442=CARTESIAN_POINT('',(-3.E-2,2.63E-1,1.875E-1));
#2443=LINE('',#2442,#2441);
#2444=DIRECTION('',(0.E0,1.E0,0.E0));
#2445=VECTOR('',#2444,2.E-2);
#2446=CARTESIAN_POINT('',(-3.E-2,2.43E-1,1.875E-1));
#2447=LINE('',#2446,#2445);
#2448=DIRECTION('',(0.E0,1.E0,0.E0));
#2449=VECTOR('',#2448,2.E-2);
#2450=CARTESIAN_POINT('',(-1.51E-1,2.43E-1,1.875E-1));
#2451=LINE('',#2450,#2449);
#2452=DIRECTION('',(-1.387778780781E-14,0.E0,1.E0));
#2453=VECTOR('',#2452,2.E-3);
#2454=CARTESIAN_POINT('',(-2.11E-1,2.63E-1,1.875E-1));
#2455=LINE('',#2454,#2453);
#2456=DIRECTION('',(0.E0,0.E0,-1.E0));
#2457=VECTOR('',#2456,2.E-3);
#2458=CARTESIAN_POINT('',(-1.51E-1,2.63E-1,1.895E-1));
#2459=LINE('',#2458,#2457);
#2460=DIRECTION('',(0.E0,-5.E-1,-8.660254037844E-1));
#2461=VECTOR('',#2460,1.732050807569E-2);
#2462=CARTESIAN_POINT('',(-2.11E-1,2.516602540378E-1,2.145E-1));
#2463=LINE('',#2462,#2461);
#2464=DIRECTION('',(0.E0,0.E0,-1.E0));
#2465=VECTOR('',#2464,2.2E-2);
#2466=CARTESIAN_POINT('',(-2.11E-1,2.63E-1,2.115E-1));
#2467=LINE('',#2466,#2465);
#2468=DIRECTION('',(0.E0,0.E0,-1.E0));
#2469=VECTOR('',#2468,2.2E-2);
#2470=CARTESIAN_POINT('',(-2.185E-1,2.63E-1,2.115E-1));
#2471=LINE('',#2470,#2469);
#2472=DIRECTION('',(0.E0,0.E0,-1.E0));
#2473=VECTOR('',#2472,2.2E-2);
#2474=CARTESIAN_POINT('',(-2.185E-1,2.38E-1,2.115E-1));
#2475=LINE('',#2474,#2473);
#2476=DIRECTION('',(0.E0,0.E0,-1.E0));
#2477=VECTOR('',#2476,2.2E-2);
#2478=CARTESIAN_POINT('',(-1.435E-1,2.38E-1,2.115E-1));
#2479=LINE('',#2478,#2477);
#2480=DIRECTION('',(0.E0,0.E0,-1.E0));
#2481=VECTOR('',#2480,2.2E-2);
#2482=CARTESIAN_POINT('',(-1.51E-1,2.63E-1,2.115E-1));
#2483=LINE('',#2482,#2481);
#2484=DIRECTION('',(0.E0,0.E0,-1.E0));
#2485=VECTOR('',#2484,2.2E-2);
#2486=CARTESIAN_POINT('',(-1.435E-1,2.63E-1,2.115E-1));
#2487=LINE('',#2486,#2485);
#2488=DIRECTION('',(0.E0,-5.E-1,-8.660254037844E-1));
#2489=VECTOR('',#2488,1.732050807569E-2);
#2490=CARTESIAN_POINT('',(-1.51E-1,2.516602540378E-1,2.145E-1));
#2491=LINE('',#2490,#2489);
#2492=DIRECTION('',(0.E0,1.E0,0.E0));
#2493=VECTOR('',#2492,1.133974596216E-2);
#2494=CARTESIAN_POINT('',(-1.51E-1,2.516602540378E-1,2.145E-1));
#2495=LINE('',#2494,#2493);
#2496=DIRECTION('',(1.E0,0.E0,0.E0));
#2497=VECTOR('',#2496,6.E-2);
#2498=CARTESIAN_POINT('',(-2.11E-1,2.516602540378E-1,2.145E-1));
#2499=LINE('',#2498,#2497);
#2500=DIRECTION('',(0.E0,1.E0,0.E0));
#2501=VECTOR('',#2500,1.133974596216E-2);
#2502=CARTESIAN_POINT('',(-2.11E-1,2.516602540378E-1,2.145E-1));
#2503=LINE('',#2502,#2501);
#2504=DIRECTION('',(0.E0,0.E0,-1.E0));
#2505=VECTOR('',#2504,3.E-3);
#2506=CARTESIAN_POINT('',(-1.51E-1,2.63E-1,2.145E-1));
#2507=LINE('',#2506,#2505);
#2508=DIRECTION('',(1.E0,0.E0,0.E0));
#2509=VECTOR('',#2508,6.E-2);
#2510=CARTESIAN_POINT('',(-2.11E-1,2.63E-1,2.145E-1));
#2511=LINE('',#2510,#2509);
#2512=DIRECTION('',(0.E0,0.E0,1.E0));
#2513=VECTOR('',#2512,3.E-3);
#2514=CARTESIAN_POINT('',(-2.11E-1,2.63E-1,2.115E-1));
#2515=LINE('',#2514,#2513);
#2516=DIRECTION('',(0.E0,1.E0,0.E0));
#2517=VECTOR('',#2516,4.5E-2);
#2518=CARTESIAN_POINT('',(-3.465E-1,2.43E-1,1.725E-1));
#2519=LINE('',#2518,#2517);
#2520=DIRECTION('',(0.E0,1.E0,0.E0));
#2521=VECTOR('',#2520,2.5E-2);
#2522=CARTESIAN_POINT('',(-3.465E-1,2.43E-1,-7.E-2));
#2523=LINE('',#2522,#2521);
#2524=DIRECTION('',(0.E0,1.E0,0.E0));
#2525=VECTOR('',#2524,4.5E-2);
#2526=CARTESIAN_POINT('',(-3.465E-1,2.43E-1,-1.725E-1));
#2527=LINE('',#2526,#2525);
#2528=DIRECTION('',(0.E0,1.E0,0.E0));
#2529=VECTOR('',#2528,2.5E-2);
#2530=CARTESIAN_POINT('',(-3.465E-1,2.43E-1,7.E-2));
#2531=LINE('',#2530,#2529);
#2532=DIRECTION('',(0.E0,0.E0,-1.E0));
#2533=VECTOR('',#2532,1.4E-1);
#2534=CARTESIAN_POINT('',(-3.465E-1,2.68E-1,7.E-2));
#2535=LINE('',#2534,#2533);
#2536=DIRECTION('',(0.E0,1.E0,0.E0));
#2537=VECTOR('',#2536,1.8E-2);
#2538=CARTESIAN_POINT('',(-2.75E-1,2.43E-1,-7.E-2));
#2539=LINE('',#2538,#2537);
#2540=DIRECTION('',(1.E0,0.E0,0.E0));
#2541=VECTOR('',#2540,4.948729087325E-2);
#2542=CARTESIAN_POINT('',(-3.465E-1,2.68E-1,-7.E-2));
#2543=LINE('',#2542,#2541);
#2544=CARTESIAN_POINT('',(-2.970127091267E-1,2.28E-1,-7.E-2));
#2545=DIRECTION('',(0.E0,0.E0,-1.E0));
#2546=DIRECTION('',(0.E0,1.E0,0.E0));
#2547=AXIS2_PLACEMENT_3D('',#2544,#2545,#2546);
#2549=DIRECTION('',(1.E0,0.E0,0.E0));
#2550=VECTOR('',#2549,5.925999841672E-4);
#2551=CARTESIAN_POINT('',(-2.75E-1,2.61E-1,-7.E-2));
#2552=LINE('',#2551,#2550);
#2553=DIRECTION('',(0.E0,0.E0,1.E0));
#2554=VECTOR('',#2553,9.892117769988E-2);
#2555=CARTESIAN_POINT('',(-2.75E-1,2.61E-1,-1.689211776999E-1));
#2556=LINE('',#2555,#2554);
#2557=DIRECTION('',(0.E0,1.E0,0.E0));
#2558=VECTOR('',#2557,1.8E-2);
#2559=CARTESIAN_POINT('',(-2.75E-1,2.43E-1,-1.689211776999E-1));
#2560=LINE('',#2559,#2558);
#2561=DIRECTION('',(-1.E0,0.E0,0.E0));
#2562=VECTOR('',#2561,5.5E-1);
#2563=CARTESIAN_POINT('',(2.75E-1,2.61E-1,-1.689211776999E-1));
#2564=LINE('',#2563,#2562);
#2565=DIRECTION('',(0.E0,0.E0,-1.E0));
#2566=VECTOR('',#2565,1.4E-1);
#2567=CARTESIAN_POINT('',(-2.744074000158E-1,2.61E-1,7.E-2));
#2568=LINE('',#2567,#2566);
#2569=DIRECTION('',(0.E0,0.E0,1.E0));
#2570=VECTOR('',#2569,1.4E-1);
#2571=CARTESIAN_POINT('',(-2.970127091267E-1,2.68E-1,-7.E-2));
#2572=LINE('',#2571,#2570);
#2573=DIRECTION('',(0.E0,1.E0,0.E0));
#2574=VECTOR('',#2573,1.8E-2);
#2575=CARTESIAN_POINT('',(-2.75E-1,2.43E-1,7.E-2));
#2576=LINE('',#2575,#2574);
#2577=DIRECTION('',(1.E0,0.E0,0.E0));
#2578=VECTOR('',#2577,5.925999841672E-4);
#2579=CARTESIAN_POINT('',(-2.75E-1,2.61E-1,7.E-2));
#2580=LINE('',#2579,#2578);
#2581=CARTESIAN_POINT('',(-2.970127091267E-1,2.28E-1,7.E-2));
#2582=DIRECTION('',(0.E0,0.E0,-1.E0));
#2583=DIRECTION('',(0.E0,1.E0,0.E0));
#2584=AXIS2_PLACEMENT_3D('',#2581,#2582,#2583);
#2586=DIRECTION('',(1.E0,0.E0,0.E0));
#2587=VECTOR('',#2586,4.948729087325E-2);
#2588=CARTESIAN_POINT('',(-3.465E-1,2.68E-1,7.E-2));
#2589=LINE('',#2588,#2587);
#2590=DIRECTION('',(0.E0,-1.E0,0.E0));
#2591=VECTOR('',#2590,1.8E-2);
#2592=CARTESIAN_POINT('',(-2.75E-1,2.61E-1,1.689211776999E-1));
#2593=LINE('',#2592,#2591);
#2594=DIRECTION('',(0.E0,0.E0,1.E0));
#2595=VECTOR('',#2594,9.892117769988E-2);
#2596=CARTESIAN_POINT('',(-2.75E-1,2.61E-1,7.E-2));
#2597=LINE('',#2596,#2595);
#2598=DIRECTION('',(-1.E0,0.E0,0.E0));
#2599=VECTOR('',#2598,5.5E-1);
#2600=CARTESIAN_POINT('',(2.75E-1,2.61E-1,1.689211776999E-1));
#2601=LINE('',#2600,#2599);
#2602=DIRECTION('',(0.E0,-1.E0,0.E0));
#2603=VECTOR('',#2602,4.007882230012E-2);
#2604=CARTESIAN_POINT('',(-3.906921816396E-2,2.43E-1,1.689211776999E-1));
#2605=LINE('',#2604,#2603);
#2606=DIRECTION('',(0.E0,-1.E0,0.E0));
#2607=VECTOR('',#2606,3.9E-2);
#2608=CARTESIAN_POINT('',(-3.929058411375E-2,2.43E-1,1.7E-1));
#2609=LINE('',#2608,#2607);
#2610=DIRECTION('',(0.E0,-1.E0,0.E0));
#2611=VECTOR('',#2610,3.9E-2);
#2612=CARTESIAN_POINT('',(3.929058411375E-2,2.43E-1,1.7E-1));
#2613=LINE('',#2612,#2611);
#2614=DIRECTION('',(0.E0,-1.E0,0.E0));
#2615=VECTOR('',#2614,4.007882230012E-2);
#2616=CARTESIAN_POINT('',(3.906921816396E-2,2.43E-1,1.689211776999E-1));
#2617=LINE('',#2616,#2615);
#2618=DIRECTION('',(-1.E0,0.E0,0.E0));
#2619=VECTOR('',#2618,7.813843632792E-2);
#2620=CARTESIAN_POINT('',(3.906921816396E-2,2.029211776999E-1,
1.689211776999E-1));
#2621=LINE('',#2620,#2619);
#2622=CARTESIAN_POINT('',(-3.906921816396E-2,2.029211776999E-1,
1.689211776999E-1));
#2623=CARTESIAN_POINT('',(-3.914806679270E-2,2.032802659489E-1,
1.692802659489E-1));
#2624=CARTESIAN_POINT('',(-3.922184146366E-2,2.036398748166E-1,
1.696398748166E-1));
#2625=CARTESIAN_POINT('',(-3.929058411375E-2,2.04E-1,1.7E-1));
#2627=DIRECTION('',(-1.E0,0.E0,0.E0));
#2628=VECTOR('',#2627,7.858116822751E-2);
#2629=CARTESIAN_POINT('',(3.929058411375E-2,2.04E-1,1.7E-1));
#2630=LINE('',#2629,#2628);
#2631=CARTESIAN_POINT('',(3.906921816396E-2,2.029211776999E-1,
1.689211776999E-1));
#2632=CARTESIAN_POINT('',(3.914806679270E-2,2.032802659489E-1,
1.692802659489E-1));
#2633=CARTESIAN_POINT('',(3.922184146366E-2,2.036398748166E-1,
1.696398748166E-1));
#2634=CARTESIAN_POINT('',(3.929058411375E-2,2.04E-1,1.7E-1));
#2636=DIRECTION('',(1.E0,0.E0,0.E0));
#2637=VECTOR('',#2636,3.448729087325E-2);
#2638=CARTESIAN_POINT('',(2.970127091267E-1,2.68E-1,7.E-2));
#2639=LINE('',#2638,#2637);
#2640=CARTESIAN_POINT('',(2.970127091267E-1,2.28E-1,7.E-2));
#2641=DIRECTION('',(0.E0,0.E0,-1.E0));
#2642=DIRECTION('',(-5.651327277729E-1,8.25E-1,0.E0));
#2643=AXIS2_PLACEMENT_3D('',#2640,#2641,#2642);
#2645=DIRECTION('',(1.E0,0.E0,0.E0));
#2646=VECTOR('',#2645,5.925999841672E-4);
#2647=CARTESIAN_POINT('',(2.744074000158E-1,2.61E-1,7.E-2));
#2648=LINE('',#2647,#2646);
#2649=DIRECTION('',(0.E0,1.E0,0.E0));
#2650=VECTOR('',#2649,1.8E-2);
#2651=CARTESIAN_POINT('',(2.75E-1,2.43E-1,7.E-2));
#2652=LINE('',#2651,#2650);
#2653=DIRECTION('',(-1.E0,0.E0,0.E0));
#2654=VECTOR('',#2653,5.65E-2);
#2655=CARTESIAN_POINT('',(3.315E-1,2.43E-1,7.E-2));
#2656=LINE('',#2655,#2654);
#2657=DIRECTION('',(0.E0,0.E0,-1.E0));
#2658=VECTOR('',#2657,1.4E-1);
#2659=CARTESIAN_POINT('',(2.744074000158E-1,2.61E-1,7.E-2));
#2660=LINE('',#2659,#2658);
#2661=DIRECTION('',(0.E0,1.E0,0.E0));
#2662=VECTOR('',#2661,1.8E-2);
#2663=CARTESIAN_POINT('',(2.75E-1,2.43E-1,-7.E-2));
#2664=LINE('',#2663,#2662);
#2665=DIRECTION('',(1.E0,0.E0,0.E0));
#2666=VECTOR('',#2665,5.925999841672E-4);
#2667=CARTESIAN_POINT('',(2.744074000158E-1,2.61E-1,-7.E-2));
#2668=LINE('',#2667,#2666);
#2669=CARTESIAN_POINT('',(2.970127091267E-1,2.28E-1,-7.E-2));
#2670=DIRECTION('',(0.E0,0.E0,-1.E0));
#2671=DIRECTION('',(-5.651327277729E-1,8.25E-1,0.E0));
#2672=AXIS2_PLACEMENT_3D('',#2669,#2670,#2671);
#2674=DIRECTION('',(1.E0,0.E0,0.E0));
#2675=VECTOR('',#2674,3.448729087325E-2);
#2676=CARTESIAN_POINT('',(2.970127091267E-1,2.68E-1,-7.E-2));
#2677=LINE('',#2676,#2675);
#2678=DIRECTION('',(-1.E0,0.E0,0.E0));
#2679=VECTOR('',#2678,5.65E-2);
#2680=CARTESIAN_POINT('',(3.315E-1,2.43E-1,-7.E-2));
#2681=LINE('',#2680,#2679);
#2682=DIRECTION('',(0.E0,-1.E0,0.E0));
#2683=VECTOR('',#2682,4.007882230012E-2);
#2684=CARTESIAN_POINT('',(3.906921816396E-2,2.43E-1,-1.689211776999E-1));
#2685=LINE('',#2684,#2683);
#2686=DIRECTION('',(0.E0,-1.E0,0.E0));
#2687=VECTOR('',#2686,3.9E-2);
#2688=CARTESIAN_POINT('',(3.929058411375E-2,2.43E-1,-1.7E-1));
#2689=LINE('',#2688,#2687);
#2690=DIRECTION('',(0.E0,-1.E0,0.E0));
#2691=VECTOR('',#2690,3.9E-2);
#2692=CARTESIAN_POINT('',(-3.929058411375E-2,2.43E-1,-1.7E-1));
#2693=LINE('',#2692,#2691);
#2694=DIRECTION('',(0.E0,-1.E0,0.E0));
#2695=VECTOR('',#2694,4.007882230012E-2);
#2696=CARTESIAN_POINT('',(-3.906921816396E-2,2.43E-1,-1.689211776999E-1));
#2697=LINE('',#2696,#2695);
#2698=DIRECTION('',(1.E0,0.E0,0.E0));
#2699=VECTOR('',#2698,7.813843632792E-2);
#2700=CARTESIAN_POINT('',(-3.906921816396E-2,2.029211776999E-1,
-1.689211776999E-1));
#2701=LINE('',#2700,#2699);
#2702=CARTESIAN_POINT('',(3.906921816396E-2,2.029211776999E-1,
-1.689211776999E-1));
#2703=CARTESIAN_POINT('',(3.914806679270E-2,2.032802659489E-1,
-1.692802659489E-1));
#2704=CARTESIAN_POINT('',(3.922184146366E-2,2.036398748166E-1,
-1.696398748166E-1));
#2705=CARTESIAN_POINT('',(3.929058411375E-2,2.04E-1,-1.7E-1));
#2707=DIRECTION('',(1.E0,0.E0,0.E0));
#2708=VECTOR('',#2707,7.858116822751E-2);
#2709=CARTESIAN_POINT('',(-3.929058411375E-2,2.04E-1,-1.7E-1));
#2710=LINE('',#2709,#2708);
#2711=CARTESIAN_POINT('',(-3.906921816396E-2,2.029211776999E-1,
-1.689211776999E-1));
#2712=CARTESIAN_POINT('',(-3.914806679270E-2,2.032802659489E-1,
-1.692802659489E-1));
#2713=CARTESIAN_POINT('',(-3.922184146366E-2,2.036398748166E-1,
-1.696398748166E-1));
#2714=CARTESIAN_POINT('',(-3.929058411375E-2,2.04E-1,-1.7E-1));
#2716=DIRECTION('',(0.E0,0.E0,1.E0));
#2717=VECTOR('',#2716,1.44E-1);
#2718=CARTESIAN_POINT('',(1.81E-1,2.61E-1,-7.2E-2));
#2719=LINE('',#2718,#2717);
#2720=DIRECTION('',(0.E0,1.E0,0.E0));
#2721=VECTOR('',#2720,2.5E-2);
#2722=CARTESIAN_POINT('',(1.81E-1,2.63E-1,-7.E-2));
#2723=LINE('',#2722,#2721);
#2724=DIRECTION('',(1.E0,0.E0,0.E0));
#2725=VECTOR('',#2724,3.62E-1);
#2726=CARTESIAN_POINT('',(-1.81E-1,2.61E-1,-7.2E-2));
#2727=LINE('',#2726,#2725);
#2728=DIRECTION('',(0.E0,7.071067811865E-1,7.071067811865E-1));
#2729=VECTOR('',#2728,2.828427124746E-3);
#2730=CARTESIAN_POINT('',(-1.81E-1,2.61E-1,-7.2E-2));
#2731=LINE('',#2730,#2729);
#2732=DIRECTION('',(1.E0,0.E0,0.E0));
#2733=VECTOR('',#2732,3.62E-1);
#2734=CARTESIAN_POINT('',(-1.81E-1,2.63E-1,-7.E-2));
#2735=LINE('',#2734,#2733);
#2736=DIRECTION('',(0.E0,7.071067811865E-1,7.071067811865E-1));
#2737=VECTOR('',#2736,2.828427124746E-3);
#2738=CARTESIAN_POINT('',(1.81E-1,2.61E-1,-7.2E-2));
#2739=LINE('',#2738,#2737);
#2740=DIRECTION('',(0.E0,0.E0,-1.E0));
#2741=VECTOR('',#2740,1.44E-1);
#2742=CARTESIAN_POINT('',(-1.81E-1,2.61E-1,7.2E-2));
#2743=LINE('',#2742,#2741);
#2744=DIRECTION('',(0.E0,1.E0,0.E0));
#2745=VECTOR('',#2744,2.5E-2);
#2746=CARTESIAN_POINT('',(-1.81E-1,2.63E-1,7.E-2));
#2747=LINE('',#2746,#2745);
#2748=DIRECTION('',(-1.E0,0.E0,0.E0));
#2749=VECTOR('',#2748,3.62E-1);
#2750=CARTESIAN_POINT('',(1.81E-1,2.61E-1,7.2E-2));
#2751=LINE('',#2750,#2749);
#2752=DIRECTION('',(0.E0,7.071067811865E-1,-7.071067811865E-1));
#2753=VECTOR('',#2752,2.828427124746E-3);
#2754=CARTESIAN_POINT('',(1.81E-1,2.61E-1,7.2E-2));
#2755=LINE('',#2754,#2753);
#2756=DIRECTION('',(-1.E0,0.E0,0.E0));
#2757=VECTOR('',#2756,3.62E-1);
#2758=CARTESIAN_POINT('',(1.81E-1,2.63E-1,7.E-2));
#2759=LINE('',#2758,#2757);
#2760=DIRECTION('',(0.E0,7.071067811865E-1,-7.071067811865E-1));
#2761=VECTOR('',#2760,2.828427124746E-3);
#2762=CARTESIAN_POINT('',(-1.81E-1,2.61E-1,7.2E-2));
#2763=LINE('',#2762,#2761);
#2764=DIRECTION('',(0.E0,1.E0,0.E0));
#2765=VECTOR('',#2764,2.5E-2);
#2766=CARTESIAN_POINT('',(1.81E-1,2.63E-1,7.E-2));
#2767=LINE('',#2766,#2765);
#2768=DIRECTION('',(0.E0,1.E0,0.E0));
#2769=VECTOR('',#2768,2.5E-2);
#2770=CARTESIAN_POINT('',(-1.81E-1,2.63E-1,-7.E-2));
#2771=LINE('',#2770,#2769);
#2772=DIRECTION('',(0.E0,1.E0,0.E0));
#2773=VECTOR('',#2772,4.5E-2);
#2774=CARTESIAN_POINT('',(-3.315E-1,2.43E-1,-1.875E-1));
#2775=LINE('',#2774,#2773);
#2776=DIRECTION('',(0.E0,-5.E-1,-8.660254037844E-1));
#2777=VECTOR('',#2776,1.732050807569E-2);
#2778=CARTESIAN_POINT('',(2.11E-1,2.516602540378E-1,2.145E-1));
#2779=LINE('',#2778,#2777);
#2780=DIRECTION('',(0.E0,1.E0,0.E0));
#2781=VECTOR('',#2780,1.133974596216E-2);
#2782=CARTESIAN_POINT('',(2.11E-1,2.516602540378E-1,2.145E-1));
#2783=LINE('',#2782,#2781);
#2784=DIRECTION('',(0.E0,0.E0,-1.E0));
#2785=VECTOR('',#2784,2.2E-2);
#2786=CARTESIAN_POINT('',(2.11E-1,2.63E-1,2.115E-1));
#2787=LINE('',#2786,#2785);
#2788=DIRECTION('',(0.E0,0.E0,-1.E0));
#2789=VECTOR('',#2788,2.2E-2);
#2790=CARTESIAN_POINT('',(2.185E-1,2.63E-1,2.115E-1));
#2791=LINE('',#2790,#2789);
#2792=DIRECTION('',(0.E0,0.E0,-1.E0));
#2793=VECTOR('',#2792,2.2E-2);
#2794=CARTESIAN_POINT('',(2.185E-1,2.38E-1,2.115E-1));
#2795=LINE('',#2794,#2793);
#2796=DIRECTION('',(0.E0,0.E0,-1.E0));
#2797=VECTOR('',#2796,2.2E-2);
#2798=CARTESIAN_POINT('',(1.435E-1,2.38E-1,2.115E-1));
#2799=LINE('',#2798,#2797);
#2800=DIRECTION('',(0.E0,0.E0,-1.E0));
#2801=VECTOR('',#2800,2.2E-2);
#2802=CARTESIAN_POINT('',(1.435E-1,2.63E-1,2.115E-1));
#2803=LINE('',#2802,#2801);
#2804=DIRECTION('',(0.E0,0.E0,-1.E0));
#2805=VECTOR('',#2804,2.2E-2);
#2806=CARTESIAN_POINT('',(1.51E-1,2.63E-1,2.115E-1));
#2807=LINE('',#2806,#2805);
#2808=DIRECTION('',(0.E0,-5.E-1,-8.660254037844E-1));
#2809=VECTOR('',#2808,1.732050807569E-2);
#2810=CARTESIAN_POINT('',(1.51E-1,2.516602540378E-1,2.145E-1));
#2811=LINE('',#2810,#2809);
#2812=DIRECTION('',(0.E0,0.E0,-1.E0));
#2813=VECTOR('',#2812,3.E-3);
#2814=CARTESIAN_POINT('',(2.11E-1,2.63E-1,2.145E-1));
#2815=LINE('',#2814,#2813);
#2816=DIRECTION('',(1.E0,0.E0,0.E0));
#2817=VECTOR('',#2816,6.E-2);
#2818=CARTESIAN_POINT('',(1.51E-1,2.63E-1,2.145E-1));
#2819=LINE('',#2818,#2817);
#2820=DIRECTION('',(0.E0,0.E0,1.E0));
#2821=VECTOR('',#2820,3.E-3);
#2822=CARTESIAN_POINT('',(1.51E-1,2.63E-1,2.115E-1));
#2823=LINE('',#2822,#2821);
#2824=DIRECTION('',(1.E0,0.E0,0.E0));
#2825=VECTOR('',#2824,6.E-2);
#2826=CARTESIAN_POINT('',(1.51E-1,2.516602540378E-1,2.145E-1));
#2827=LINE('',#2826,#2825);
#2828=DIRECTION('',(0.E0,1.E0,0.E0));
#2829=VECTOR('',#2828,1.133974596216E-2);
#2830=CARTESIAN_POINT('',(1.51E-1,2.516602540378E-1,2.145E-1));
#2831=LINE('',#2830,#2829);
#2832=DIRECTION('',(1.387778780781E-14,0.E0,1.E0));
#2833=VECTOR('',#2832,2.E-3);
#2834=CARTESIAN_POINT('',(1.51E-1,2.63E-1,1.875E-1));
#2835=LINE('',#2834,#2833);
#2836=DIRECTION('',(-1.387778780781E-14,0.E0,-1.E0));
#2837=VECTOR('',#2836,2.E-3);
#2838=CARTESIAN_POINT('',(2.11E-1,2.63E-1,1.895E-1));
#2839=LINE('',#2838,#2837);
#2840=DIRECTION('',(0.E0,-5.E-1,-8.660254037844E-1));
#2841=VECTOR('',#2840,1.732050807569E-2);
#2842=CARTESIAN_POINT('',(3.E-2,2.516602540378E-1,2.145E-1));
#2843=LINE('',#2842,#2841);
#2844=DIRECTION('',(0.E0,1.E0,0.E0));
#2845=VECTOR('',#2844,1.133974596216E-2);
#2846=CARTESIAN_POINT('',(3.E-2,2.516602540378E-1,2.145E-1));
#2847=LINE('',#2846,#2845);
#2848=DIRECTION('',(0.E0,0.E0,-1.E0));
#2849=VECTOR('',#2848,2.2E-2);
#2850=CARTESIAN_POINT('',(3.E-2,2.63E-1,2.115E-1));
#2851=LINE('',#2850,#2849);
#2852=DIRECTION('',(0.E0,0.E0,-1.E0));
#2853=VECTOR('',#2852,2.2E-2);
#2854=CARTESIAN_POINT('',(3.75E-2,2.63E-1,2.115E-1));
#2855=LINE('',#2854,#2853);
#2856=DIRECTION('',(0.E0,0.E0,-1.E0));
#2857=VECTOR('',#2856,2.2E-2);
#2858=CARTESIAN_POINT('',(3.75E-2,2.38E-1,2.115E-1));
#2859=LINE('',#2858,#2857);
#2860=DIRECTION('',(0.E0,0.E0,-1.E0));
#2861=VECTOR('',#2860,2.2E-2);
#2862=CARTESIAN_POINT('',(-3.75E-2,2.38E-1,2.115E-1));
#2863=LINE('',#2862,#2861);
#2864=DIRECTION('',(0.E0,0.E0,-1.E0));
#2865=VECTOR('',#2864,2.2E-2);
#2866=CARTESIAN_POINT('',(-3.75E-2,2.63E-1,2.115E-1));
#2867=LINE('',#2866,#2865);
#2868=DIRECTION('',(0.E0,0.E0,-1.E0));
#2869=VECTOR('',#2868,2.2E-2);
#2870=CARTESIAN_POINT('',(-3.E-2,2.63E-1,2.115E-1));
#2871=LINE('',#2870,#2869);
#2872=DIRECTION('',(0.E0,-5.E-1,-8.660254037844E-1));
#2873=VECTOR('',#2872,1.732050807569E-2);
#2874=CARTESIAN_POINT('',(-3.E-2,2.516602540378E-1,2.145E-1));
#2875=LINE('',#2874,#2873);
#2876=DIRECTION('',(0.E0,0.E0,-1.E0));
#2877=VECTOR('',#2876,3.E-3);
#2878=CARTESIAN_POINT('',(3.E-2,2.63E-1,2.145E-1));
#2879=LINE('',#2878,#2877);
#2880=DIRECTION('',(1.E0,0.E0,0.E0));
#2881=VECTOR('',#2880,6.E-2);
#2882=CARTESIAN_POINT('',(-3.E-2,2.63E-1,2.145E-1));
#2883=LINE('',#2882,#2881);
#2884=DIRECTION('',(0.E0,0.E0,1.E0));
#2885=VECTOR('',#2884,3.E-3);
#2886=CARTESIAN_POINT('',(-3.E-2,2.63E-1,2.115E-1));
#2887=LINE('',#2886,#2885);
#2888=DIRECTION('',(1.E0,0.E0,0.E0));
#2889=VECTOR('',#2888,6.E-2);
#2890=CARTESIAN_POINT('',(-3.E-2,2.516602540378E-1,2.145E-1));
#2891=LINE('',#2890,#2889);
#2892=DIRECTION('',(0.E0,1.E0,0.E0));
#2893=VECTOR('',#2892,1.133974596216E-2);
#2894=CARTESIAN_POINT('',(-3.E-2,2.516602540378E-1,2.145E-1));
#2895=LINE('',#2894,#2893);
#2896=DIRECTION('',(0.E0,0.E0,1.E0));
#2897=VECTOR('',#2896,2.E-3);
#2898=CARTESIAN_POINT('',(-3.E-2,2.63E-1,1.875E-1));
#2899=LINE('',#2898,#2897);
#2900=DIRECTION('',(0.E0,0.E0,-1.E0));
#2901=VECTOR('',#2900,2.E-3);
#2902=CARTESIAN_POINT('',(3.E-2,2.63E-1,1.895E-1));
#2903=LINE('',#2902,#2901);
#2904=DIRECTION('',(1.440572491285E-1,9.601749163134E-1,-2.393984942645E-1));
#2905=VECTOR('',#2904,2.314969225230E-2);
#2906=CARTESIAN_POINT('',(-1.409870790822E-1,-1.076002860393E-5,
-1.200309170814E-1));
#2907=LINE('',#2906,#2905);
#2908=DIRECTION('',(0.E0,0.E0,1.E0));
#2909=VECTOR('',#2908,2.614583709857E-2);
#2910=CARTESIAN_POINT('',(-1.376521980982E-1,2.221699379243E-2,
-1.255729185493E-1));
#2911=LINE('',#2910,#2909);
#2912=DIRECTION('',(-1.440572491289E-1,9.601749163133E-1,2.393984942645E-1));
#2913=VECTOR('',#2912,2.314969225230E-2);
#2914=CARTESIAN_POINT('',(-4.001292091774E-2,-1.076002860324E-5,
-1.049690829186E-1));
#2915=LINE('',#2914,#2913);
#2916=DIRECTION('',(0.E0,0.E0,-1.E0));
#2917=VECTOR('',#2916,2.614583709857E-2);
#2918=CARTESIAN_POINT('',(-4.334780190179E-2,2.221699379243E-2,
-9.942708145071E-2));
#2919=LINE('',#2918,#2917);
#2920=DIRECTION('',(-1.E0,0.E0,0.E0));
#2921=VECTOR('',#2920,8.E-2);
#2922=CARTESIAN_POINT('',(4.000000000001E-2,9.892190664641E-3,-1.025E-1));
#2923=LINE('',#2922,#2921);
#2924=DIRECTION('',(1.265996530376E-3,-9.702949487063E-1,-2.419217017298E-1));
#2925=VECTOR('',#2924,1.020612413416E-2);
#2926=CARTESIAN_POINT('',(4.000000000001E-2,9.892190664641E-3,-1.025E-1));
#2927=LINE('',#2926,#2925);
#2928=DIRECTION('',(1.440572491285E-1,9.601749163134E-1,2.393984942645E-1));
#2929=VECTOR('',#2928,2.314969225230E-2);
#2930=CARTESIAN_POINT('',(4.001292091775E-2,-1.076002860393E-5,
-1.049690829186E-1));
#2931=LINE('',#2930,#2929);
#2932=DIRECTION('',(-1.E0,0.E0,0.E0));
#2933=VECTOR('',#2932,8.669560380358E-2);
#2934=CARTESIAN_POINT('',(4.334780190179E-2,2.221699379243E-2,
-9.942708145071E-2));
#2935=LINE('',#2934,#2933);
#2936=DIRECTION('',(-1.265996531279E-3,-9.702949487063E-1,-2.419217017298E-1));
#2937=VECTOR('',#2936,1.020612413416E-2);
#2938=CARTESIAN_POINT('',(-3.999999999999E-2,9.892190664641E-3,-1.025E-1));
#2939=LINE('',#2938,#2937);
#2940=DIRECTION('',(0.E0,1.E0,0.E0));
#2941=VECTOR('',#2940,1.232480312779E-2);
#2942=CARTESIAN_POINT('',(-3.999999999999E-2,9.892190664641E-3,-1.025E-1));
#2943=LINE('',#2942,#2941);
#2944=DIRECTION('',(-1.E0,0.E0,0.E0));
#2945=VECTOR('',#2944,8.E-2);
#2946=CARTESIAN_POINT('',(4.000000000001E-2,2.221699379243E-2,-1.025E-1));
#2947=LINE('',#2946,#2945);
#2948=DIRECTION('',(0.E0,-1.E0,0.E0));
#2949=VECTOR('',#2948,1.232480312779E-2);
#2950=CARTESIAN_POINT('',(4.000000000001E-2,2.221699379243E-2,-1.025E-1));
#2951=LINE('',#2950,#2949);
#2952=DIRECTION('',(0.E0,0.E0,-1.E0));
#2953=VECTOR('',#2952,2.E-2);
#2954=CARTESIAN_POINT('',(-3.999999999999E-2,-5.E-3,-1.025E-1));
#2955=LINE('',#2954,#2953);
#2956=DIRECTION('',(0.E0,0.E0,-1.E0));
#2957=VECTOR('',#2956,2.E-2);
#2958=CARTESIAN_POINT('',(-3.999999999999E-2,2.221699379243E-2,-1.025E-1));
#2959=LINE('',#2958,#2957);
#2960=DIRECTION('',(-6.120104423246E-13,-1.E0,0.E0));
#2961=VECTOR('',#2960,5.E-3);
#2962=CARTESIAN_POINT('',(4.000000000001E-2,0.E0,-1.025E-1));
#2963=LINE('',#2962,#2961);
#2964=DIRECTION('',(1.E0,0.E0,0.E0));
#2965=VECTOR('',#2964,9.999999999994E-3);
#2966=CARTESIAN_POINT('',(4.000000000001E-2,-5.E-3,-1.025E-1));
#2967=LINE('',#2966,#2965);
#2968=DIRECTION('',(-1.643989873055E-1,-9.863939238321E-1,0.E0));
#2969=VECTOR('',#2968,6.082762530298E-2);
#2970=CARTESIAN_POINT('',(5.E-2,-5.E-3,-1.025E-1));
#2971=LINE('',#2970,#2969);
#2972=DIRECTION('',(-1.E0,0.E0,0.E0));
#2973=VECTOR('',#2972,1.5E-2);
#2974=CARTESIAN_POINT('',(3.999999999999E-2,-6.5E-2,-1.025E-1));
#2975=LINE('',#2974,#2973);
#2976=DIRECTION('',(0.E0,1.E0,0.E0));
#2977=VECTOR('',#2976,1.41E-1);
#2978=CARTESIAN_POINT('',(2.499999999999E-2,-2.06E-1,-1.025E-1));
#2979=LINE('',#2978,#2977);
#2980=CARTESIAN_POINT('',(0.E0,-2.06E-1,-1.025E-1));
#2981=DIRECTION('',(0.E0,0.E0,1.E0));
#2982=DIRECTION('',(-1.E0,0.E0,0.E0));
#2983=AXIS2_PLACEMENT_3D('',#2980,#2981,#2982);
#2985=DIRECTION('',(0.E0,1.E0,0.E0));
#2986=VECTOR('',#2985,1.41E-1);
#2987=CARTESIAN_POINT('',(-2.499999999999E-2,-2.06E-1,-1.025E-1));
#2988=LINE('',#2987,#2986);
#2989=DIRECTION('',(1.E0,0.E0,0.E0));
#2990=VECTOR('',#2989,1.5E-2);
#2991=CARTESIAN_POINT('',(-3.999999999999E-2,-6.5E-2,-1.025E-1));
#2992=LINE('',#2991,#2990);
#2993=DIRECTION('',(-1.643989873055E-1,9.863939238321E-1,0.E0));
#2994=VECTOR('',#2993,6.082762530298E-2);
#2995=CARTESIAN_POINT('',(-3.999999999999E-2,-6.5E-2,-1.025E-1));
#2996=LINE('',#2995,#2994);
#2997=DIRECTION('',(1.E0,0.E0,0.E0));
#2998=VECTOR('',#2997,1.000000000001E-2);
#2999=CARTESIAN_POINT('',(-5.E-2,-5.E-3,-1.025E-1));
#3000=LINE('',#2999,#2998);
#3001=DIRECTION('',(0.E0,1.E0,0.E0));
#3002=VECTOR('',#3001,5.E-3);
#3003=CARTESIAN_POINT('',(-3.999999999999E-2,-5.E-3,-1.025E-1));
#3004=LINE('',#3003,#3002);
#3005=DIRECTION('',(0.E0,0.E0,-1.E0));
#3006=VECTOR('',#3005,2.E-2);
#3007=CARTESIAN_POINT('',(4.000000000001E-2,2.221699379243E-2,-1.025E-1));
#3008=LINE('',#3007,#3006);
#3009=DIRECTION('',(0.E0,0.E0,-1.E0));
#3010=VECTOR('',#3009,2.E-2);
#3011=CARTESIAN_POINT('',(4.000000000001E-2,-5.E-3,-1.025E-1));
#3012=LINE('',#3011,#3010);
#3013=DIRECTION('',(0.E0,-1.E0,0.E0));
#3014=VECTOR('',#3013,1.232480312779E-2);
#3015=CARTESIAN_POINT('',(4.000000000001E-2,2.221699379243E-2,-1.225E-1));
#3016=LINE('',#3015,#3014);
#3017=DIRECTION('',(-1.E0,0.E0,0.E0));
#3018=VECTOR('',#3017,8.E-2);
#3019=CARTESIAN_POINT('',(4.000000000001E-2,2.221699379243E-2,-1.225E-1));
#3020=LINE('',#3019,#3018);
#3021=DIRECTION('',(0.E0,1.E0,0.E0));
#3022=VECTOR('',#3021,1.232480312779E-2);
#3023=CARTESIAN_POINT('',(-3.999999999999E-2,9.892190664642E-3,-1.225E-1));
#3024=LINE('',#3023,#3022);
#3025=DIRECTION('',(1.E0,0.E0,0.E0));
#3026=VECTOR('',#3025,8.E-2);
#3027=CARTESIAN_POINT('',(-3.999999999999E-2,9.892190664642E-3,-1.225E-1));
#3028=LINE('',#3027,#3026);
#3029=DIRECTION('',(-1.265996531280E-3,-9.702949487063E-1,2.419217017298E-1));
#3030=VECTOR('',#3029,1.020612413416E-2);
#3031=CARTESIAN_POINT('',(-3.999999999999E-2,9.892190664642E-3,-1.225E-1));
#3032=LINE('',#3031,#3030);
#3033=DIRECTION('',(-1.440572491289E-1,9.601749163133E-1,-2.393984942645E-1));
#3034=VECTOR('',#3033,2.314969225230E-2);
#3035=CARTESIAN_POINT('',(-4.001292091774E-2,-1.076002860324E-5,
-1.200309170814E-1));
#3036=LINE('',#3035,#3034);
#3037=DIRECTION('',(1.E0,0.E0,0.E0));
#3038=VECTOR('',#3037,8.669560380358E-2);
#3039=CARTESIAN_POINT('',(-4.334780190179E-2,2.221699379243E-2,
-1.255729185493E-1));
#3040=LINE('',#3039,#3038);
#3041=DIRECTION('',(1.265996530375E-3,-9.702949487063E-1,2.419217017298E-1));
#3042=VECTOR('',#3041,1.020612413416E-2);
#3043=CARTESIAN_POINT('',(4.000000000001E-2,9.892190664642E-3,-1.225E-1));
#3044=LINE('',#3043,#3042);
#3045=DIRECTION('',(1.440572491285E-1,9.601749163134E-1,-2.393984942645E-1));
#3046=VECTOR('',#3045,2.314969225230E-2);
#3047=CARTESIAN_POINT('',(4.001292091775E-2,-1.076002860393E-5,
-1.200309170814E-1));
#3048=LINE('',#3047,#3046);
#3049=DIRECTION('',(0.E0,0.E0,1.E0));
#3050=VECTOR('',#3049,2.614583709857E-2);
#3051=CARTESIAN_POINT('',(4.334780190179E-2,2.221699379243E-2,
-1.255729185493E-1));
#3052=LINE('',#3051,#3050);
#3053=DIRECTION('',(0.E0,1.E0,0.E0));
#3054=VECTOR('',#3053,5.E-3);
#3055=CARTESIAN_POINT('',(-3.999999999999E-2,-5.E-3,-1.225E-1));
#3056=LINE('',#3055,#3054);
#3057=DIRECTION('',(1.E0,0.E0,0.E0));
#3058=VECTOR('',#3057,1.000000000001E-2);
#3059=CARTESIAN_POINT('',(-5.E-2,-5.E-3,-1.225E-1));
#3060=LINE('',#3059,#3058);
#3061=DIRECTION('',(-1.643989873055E-1,9.863939238321E-1,0.E0));
#3062=VECTOR('',#3061,6.082762530298E-2);
#3063=CARTESIAN_POINT('',(-3.999999999999E-2,-6.5E-2,-1.225E-1));
#3064=LINE('',#3063,#3062);
#3065=DIRECTION('',(1.E0,0.E0,0.E0));
#3066=VECTOR('',#3065,1.5E-2);
#3067=CARTESIAN_POINT('',(-3.999999999999E-2,-6.5E-2,-1.225E-1));
#3068=LINE('',#3067,#3066);
#3069=DIRECTION('',(0.E0,1.E0,0.E0));
#3070=VECTOR('',#3069,1.41E-1);
#3071=CARTESIAN_POINT('',(-2.499999999999E-2,-2.06E-1,-1.225E-1));
#3072=LINE('',#3071,#3070);
#3073=CARTESIAN_POINT('',(0.E0,-2.06E-1,-1.225E-1));
#3074=DIRECTION('',(0.E0,0.E0,-1.E0));
#3075=DIRECTION('',(1.E0,0.E0,0.E0));
#3076=AXIS2_PLACEMENT_3D('',#3073,#3074,#3075);
#3078=DIRECTION('',(0.E0,1.E0,0.E0));
#3079=VECTOR('',#3078,1.41E-1);
#3080=CARTESIAN_POINT('',(2.499999999999E-2,-2.06E-1,-1.225E-1));
#3081=LINE('',#3080,#3079);
#3082=DIRECTION('',(-1.E0,0.E0,0.E0));
#3083=VECTOR('',#3082,1.5E-2);
#3084=CARTESIAN_POINT('',(3.999999999999E-2,-6.5E-2,-1.225E-1));
#3085=LINE('',#3084,#3083);
#3086=DIRECTION('',(-1.643989873055E-1,-9.863939238321E-1,0.E0));
#3087=VECTOR('',#3086,6.082762530298E-2);
#3088=CARTESIAN_POINT('',(5.E-2,-5.E-3,-1.225E-1));
#3089=LINE('',#3088,#3087);
#3090=DIRECTION('',(1.E0,0.E0,0.E0));
#3091=VECTOR('',#3090,9.999999999994E-3);
#3092=CARTESIAN_POINT('',(4.000000000001E-2,-5.E-3,-1.225E-1));
#3093=LINE('',#3092,#3091);
#3094=DIRECTION('',(-6.120104423246E-13,-1.E0,0.E0));
#3095=VECTOR('',#3094,5.E-3);
#3096=CARTESIAN_POINT('',(4.000000000001E-2,0.E0,-1.225E-1));
#3097=LINE('',#3096,#3095);
#3098=DIRECTION('',(0.E0,0.E0,-1.E0));
#3099=VECTOR('',#3098,2.E-2);
#3100=CARTESIAN_POINT('',(-5.E-2,-5.E-3,-1.025E-1));
#3101=LINE('',#3100,#3099);
#3102=DIRECTION('',(0.E0,0.E0,-1.E0));
#3103=VECTOR('',#3102,2.E-2);
#3104=CARTESIAN_POINT('',(-3.999999999999E-2,-6.5E-2,-1.025E-1));
#3105=LINE('',#3104,#3103);
#3106=DIRECTION('',(0.E0,0.E0,-1.E0));
#3107=VECTOR('',#3106,2.E-2);
#3108=CARTESIAN_POINT('',(-2.499999999999E-2,-2.06E-1,-1.025E-1));
#3109=LINE('',#3108,#3107);
#3110=DIRECTION('',(0.E0,0.E0,-1.E0));
#3111=VECTOR('',#3110,2.E-2);
#3112=CARTESIAN_POINT('',(-2.499999999999E-2,-6.5E-2,-1.025E-1));
#3113=LINE('',#3112,#3111);
#3114=DIRECTION('',(0.E0,0.E0,-1.E0));
#3115=VECTOR('',#3114,2.E-2);
#3116=CARTESIAN_POINT('',(2.499999999999E-2,-2.06E-1,-1.025E-1));
#3117=LINE('',#3116,#3115);
#3118=DIRECTION('',(0.E0,0.E0,-1.E0));
#3119=VECTOR('',#3118,2.E-2);
#3120=CARTESIAN_POINT('',(3.999999999999E-2,-6.5E-2,-1.025E-1));
#3121=LINE('',#3120,#3119);
#3122=DIRECTION('',(0.E0,0.E0,-1.E0));
#3123=VECTOR('',#3122,2.E-2);
#3124=CARTESIAN_POINT('',(2.499999999999E-2,-6.5E-2,-1.025E-1));
#3125=LINE('',#3124,#3123);
#3126=DIRECTION('',(0.E0,0.E0,-1.E0));
#3127=VECTOR('',#3126,2.E-2);
#3128=CARTESIAN_POINT('',(5.E-2,-5.E-3,-1.025E-1));
#3129=LINE('',#3128,#3127);
#3130=DIRECTION('',(0.E0,0.E0,1.E0));
#3131=VECTOR('',#3130,1.506004564517E-2);
#3132=CARTESIAN_POINT('',(2.210126529016E-1,-1.434670480524E-5,
-1.200300228226E-1));
#3133=LINE('',#3132,#3131);
#3134=DIRECTION('',(1.440458254854E-1,9.601765298545E-1,-2.393988965655E-1));
#3135=VECTOR('',#3134,2.315338878425E-2);
#3136=CARTESIAN_POINT('',(2.210126529016E-1,-1.434670480524E-5,
-1.200300228226E-1));
#3137=LINE('',#3136,#3135);
#3138=DIRECTION('',(0.E0,0.E0,1.E0));
#3139=VECTOR('',#3138,2.614583709857E-2);
#3140=CARTESIAN_POINT('',(2.243478019018E-1,2.221699379243E-2,
-1.255729185493E-1));
#3141=LINE('',#3140,#3139);
#3142=DIRECTION('',(0.E0,0.E0,-1.E0));
#3143=VECTOR('',#3142,2.E-2);
#3144=CARTESIAN_POINT('',(2.21E-1,2.221699379243E-2,-1.025E-1));
#3145=LINE('',#3144,#3143);
#3146=DIRECTION('',(-1.E0,0.E0,0.E0));
#3147=VECTOR('',#3146,8.E-2);
#3148=CARTESIAN_POINT('',(2.21E-1,9.892190664641E-3,-1.025E-1));
#3149=LINE('',#3148,#3147);
#3150=DIRECTION('',(1.239287394810E-3,-9.702949811695E-1,-2.419217098237E-1));
#3151=VECTOR('',#3150,1.020982027291E-2);
#3152=CARTESIAN_POINT('',(2.21E-1,9.892190664641E-3,-1.025E-1));
#3153=LINE('',#3152,#3151);
#3154=DIRECTION('',(1.440458254854E-1,9.601765298545E-1,2.393988965655E-1));
#3155=VECTOR('',#3154,2.315338878425E-2);
#3156=CARTESIAN_POINT('',(2.210126529016E-1,-1.434670480524E-5,
-1.049699771774E-1));
#3157=LINE('',#3156,#3155);
#3158=DIRECTION('',(-1.E0,0.E0,0.E0));
#3159=VECTOR('',#3158,8.669560380358E-2);
#3160=CARTESIAN_POINT('',(2.243478019018E-1,2.221699379243E-2,
-9.942708145071E-2));
#3161=LINE('',#3160,#3159);
#3162=DIRECTION('',(-1.239287395720E-3,-9.702949811695E-1,-2.419217098238E-1));
#3163=VECTOR('',#3162,1.020982027291E-2);
#3164=CARTESIAN_POINT('',(1.41E-1,9.892190664641E-3,-1.025E-1));
#3165=LINE('',#3164,#3163);
#3166=DIRECTION('',(0.E0,1.E0,0.E0));
#3167=VECTOR('',#3166,1.232480312779E-2);
#3168=CARTESIAN_POINT('',(1.41E-1,9.892190664641E-3,-1.025E-1));
#3169=LINE('',#3168,#3167);
#3170=DIRECTION('',(-1.E0,0.E0,0.E0));
#3171=VECTOR('',#3170,8.E-2);
#3172=CARTESIAN_POINT('',(2.21E-1,2.221699379243E-2,-1.025E-1));
#3173=LINE('',#3172,#3171);
#3174=DIRECTION('',(0.E0,-1.E0,0.E0));
#3175=VECTOR('',#3174,1.232480312779E-2);
#3176=CARTESIAN_POINT('',(2.21E-1,2.221699379243E-2,-1.025E-1));
#3177=LINE('',#3176,#3175);
#3178=DIRECTION('',(0.E0,0.E0,-1.E0));
#3179=VECTOR('',#3178,2.E-2);
#3180=CARTESIAN_POINT('',(1.41E-1,2.221699379243E-2,-1.025E-1));
#3181=LINE('',#3180,#3179);
#3182=DIRECTION('',(0.E0,0.E0,1.E0));
#3183=VECTOR('',#3182,1.506004564517E-2);
#3184=CARTESIAN_POINT('',(1.409873470984E-1,-1.434670480432E-5,
-1.200300228226E-1));
#3185=LINE('',#3184,#3183);
#3186=DIRECTION('',(-1.440458254858E-1,9.601765298544E-1,2.393988965655E-1));
#3187=VECTOR('',#3186,2.315338878425E-2);
#3188=CARTESIAN_POINT('',(1.409873470984E-1,-1.434670480432E-5,
-1.049699771774E-1));
#3189=LINE('',#3188,#3187);
#3190=DIRECTION('',(0.E0,0.E0,-1.E0));
#3191=VECTOR('',#3190,2.614583709857E-2);
#3192=CARTESIAN_POINT('',(1.376521980982E-1,2.221699379243E-2,
-9.942708145071E-2));
#3193=LINE('',#3192,#3191);
#3194=DIRECTION('',(-1.E0,0.E0,0.E0));
#3195=VECTOR('',#3194,8.E-2);
#3196=CARTESIAN_POINT('',(2.21E-1,9.892190664642E-3,-1.225E-1));
#3197=LINE('',#3196,#3195);
#3198=DIRECTION('',(-1.239287395718E-3,-9.702949811695E-1,2.419217098237E-1));
#3199=VECTOR('',#3198,1.020982027291E-2);
#3200=CARTESIAN_POINT('',(1.41E-1,9.892190664642E-3,-1.225E-1));
#3201=LINE('',#3200,#3199);
#3202=DIRECTION('',(-1.440458254858E-1,9.601765298544E-1,-2.393988965655E-1));
#3203=VECTOR('',#3202,2.315338878425E-2);
#3204=CARTESIAN_POINT('',(1.409873470984E-1,-1.434670480432E-5,
-1.200300228226E-1));
#3205=LINE('',#3204,#3203);
#3206=DIRECTION('',(1.E0,0.E0,0.E0));
#3207=VECTOR('',#3206,8.669560380358E-2);
#3208=CARTESIAN_POINT('',(1.376521980982E-1,2.221699379243E-2,
-1.255729185493E-1));
#3209=LINE('',#3208,#3207);
#3210=DIRECTION('',(1.239287394810E-3,-9.702949811695E-1,2.419217098237E-1));
#3211=VECTOR('',#3210,1.020982027291E-2);
#3212=CARTESIAN_POINT('',(2.21E-1,9.892190664642E-3,-1.225E-1));
#3213=LINE('',#3212,#3211);
#3214=DIRECTION('',(0.E0,-1.E0,0.E0));
#3215=VECTOR('',#3214,1.232480312779E-2);
#3216=CARTESIAN_POINT('',(2.21E-1,2.221699379243E-2,-1.225E-1));
#3217=LINE('',#3216,#3215);
#3218=DIRECTION('',(-1.E0,0.E0,0.E0));
#3219=VECTOR('',#3218,8.E-2);
#3220=CARTESIAN_POINT('',(2.21E-1,2.221699379243E-2,-1.225E-1));
#3221=LINE('',#3220,#3219);
#3222=DIRECTION('',(0.E0,1.E0,0.E0));
#3223=VECTOR('',#3222,1.232480312779E-2);
#3224=CARTESIAN_POINT('',(1.41E-1,9.892190664642E-3,-1.225E-1));
#3225=LINE('',#3224,#3223);
#3226=DIRECTION('',(0.E0,-1.E0,0.E0));
#3227=VECTOR('',#3226,4.E-2);
#3228=CARTESIAN_POINT('',(2.82E-1,7.8E-2,2.E-2));
#3229=LINE('',#3228,#3227);
#3230=DIRECTION('',(0.E0,-1.E0,0.E0));
#3231=VECTOR('',#3230,4.E-2);
#3232=CARTESIAN_POINT('',(2.82E-1,7.8E-2,-2.E-2));
#3233=LINE('',#3232,#3231);
#3234=DIRECTION('',(0.E0,0.E0,1.E0));
#3235=VECTOR('',#3234,4.E-2);
#3236=CARTESIAN_POINT('',(2.82E-1,3.8E-2,-2.E-2));
#3237=LINE('',#3236,#3235);
#3238=DIRECTION('',(1.E0,0.E0,0.E0));
#3239=VECTOR('',#3238,5.E-2);
#3240=CARTESIAN_POINT('',(2.82E-1,3.8E-2,2.E-2));
#3241=LINE('',#3240,#3239);
#3242=DIRECTION('',(0.E0,0.E0,-1.E0));
#3243=VECTOR('',#3242,4.E-2);
#3244=CARTESIAN_POINT('',(3.32E-1,3.8E-2,2.E-2));
#3245=LINE('',#3244,#3243);
#3246=DIRECTION('',(-1.E0,0.E0,0.E0));
#3247=VECTOR('',#3246,5.E-2);
#3248=CARTESIAN_POINT('',(3.32E-1,3.8E-2,-2.E-2));
#3249=LINE('',#3248,#3247);
#3250=DIRECTION('',(0.E0,1.E0,0.E0));
#3251=VECTOR('',#3250,9.75E-2);
#3252=CARTESIAN_POINT('',(3.02E-1,7.8E-2,-7.7E-2));
#3253=LINE('',#3252,#3251);
#3254=DIRECTION('',(0.E0,-1.E0,0.E0));
#3255=VECTOR('',#3254,3.E-2);
#3256=CARTESIAN_POINT('',(3.095E-1,2.43E-1,-9.75E-2));
#3257=LINE('',#3256,#3255);
#3258=DIRECTION('',(0.E0,-1.E0,0.E0));
#3259=VECTOR('',#3258,3.E-2);
#3260=CARTESIAN_POINT('',(2.795E-1,2.43E-1,1.075E-1));
#3261=LINE('',#3260,#3259);
#3262=DIRECTION('',(0.E0,-1.E0,0.E0));
#3263=VECTOR('',#3262,3.E-2);
#3264=CARTESIAN_POINT('',(2.75E-1,2.43E-1,1.107218484624E-1));
#3265=LINE('',#3264,#3263);
#3266=DIRECTION('',(0.E0,-1.E0,0.E0));
#3267=VECTOR('',#3266,3.E-2);
#3268=CARTESIAN_POINT('',(3.095E-1,2.43E-1,9.75E-2));
#3269=LINE('',#3268,#3267);
#3270=DIRECTION('',(0.E0,-1.E0,0.E0));
#3271=VECTOR('',#3270,3.E-2);
#3272=CARTESIAN_POINT('',(3.32E-1,2.43E-1,9.75E-2));
#3273=LINE('',#3272,#3271);
#3274=DIRECTION('',(0.E0,0.E0,1.E0));
#3275=VECTOR('',#3274,2.322184846243E-2);
#3276=CARTESIAN_POINT('',(2.75E-1,2.13E-1,8.75E-2));
#3277=LINE('',#3276,#3275);
#3278=CARTESIAN_POINT('',(2.045E-1,2.13E-1,7.5E-3));
#3279=DIRECTION('',(0.E0,-1.E0,0.E0));
#3280=DIRECTION('',(6.E-1,0.E0,8.E-1));
#3281=AXIS2_PLACEMENT_3D('',#3278,#3279,#3280);
#3283=CARTESIAN_POINT('',(3.095E-1,2.13E-1,1.475E-1));
#3284=DIRECTION('',(0.E0,1.E0,0.E0));
#3285=DIRECTION('',(0.E0,0.E0,-1.E0));
#3286=AXIS2_PLACEMENT_3D('',#3283,#3284,#3285);
#3288=DIRECTION('',(-1.E0,0.E0,0.E0));
#3289=VECTOR('',#3288,2.25E-2);
#3290=CARTESIAN_POINT('',(3.32E-1,2.13E-1,9.75E-2));
#3291=LINE('',#3290,#3289);
#3292=DIRECTION('',(0.E0,0.E0,1.E0));
#3293=VECTOR('',#3292,1.E-2);
#3294=CARTESIAN_POINT('',(3.32E-1,2.13E-1,8.75E-2));
#3295=LINE('',#3294,#3293);
#3296=DIRECTION('',(-1.E0,0.E0,0.E0));
#3297=VECTOR('',#3296,5.7E-2);
#3298=CARTESIAN_POINT('',(3.32E-1,2.13E-1,8.75E-2));
#3299=LINE('',#3298,#3297);
#3300=DIRECTION('',(0.E0,-1.E0,0.E0));
#3301=VECTOR('',#3300,1.5E-2);
#3302=CARTESIAN_POINT('',(2.75E-1,2.13E-1,8.75E-2));
#3303=LINE('',#3302,#3301);
#3304=DIRECTION('',(0.E0,-1.E0,0.E0));
#3305=VECTOR('',#3304,1.5E-2);
#3306=CARTESIAN_POINT('',(3.32E-1,2.13E-1,8.75E-2));
#3307=LINE('',#3306,#3305);
#3308=DIRECTION('',(0.E0,-1.E0,0.E0));
#3309=VECTOR('',#3308,4.5E-2);
#3310=CARTESIAN_POINT('',(3.095E-1,2.43E-1,2.15E-2));
#3311=LINE('',#3310,#3309);
#3312=DIRECTION('',(-1.E0,0.E0,0.E0));
#3313=VECTOR('',#3312,2.25E-2);
#3314=CARTESIAN_POINT('',(3.32E-1,1.98E-1,-2.15E-2));
#3315=LINE('',#3314,#3313);
#3316=DIRECTION('',(-1.E0,0.E0,0.E0));
#3317=VECTOR('',#3316,2.E-2);
#3318=CARTESIAN_POINT('',(3.32E-1,1.98E-1,-1.9E-2));
#3319=LINE('',#3318,#3317);
#3320=DIRECTION('',(0.E0,0.E0,1.E0));
#3321=VECTOR('',#3320,3.8E-2);
#3322=CARTESIAN_POINT('',(3.12E-1,1.98E-1,-1.9E-2));
#3323=LINE('',#3322,#3321);
#3324=DIRECTION('',(-1.E0,0.E0,0.E0));
#3325=VECTOR('',#3324,2.E-2);
#3326=CARTESIAN_POINT('',(3.32E-1,1.98E-1,1.9E-2));
#3327=LINE('',#3326,#3325);
#3328=DIRECTION('',(-1.E0,0.E0,0.E0));
#3329=VECTOR('',#3328,2.25E-2);
#3330=CARTESIAN_POINT('',(3.32E-1,1.98E-1,2.15E-2));
#3331=LINE('',#3330,#3329);
#3332=DIRECTION('',(0.E0,0.E0,1.E0));
#3333=VECTOR('',#3332,4.3E-2);
#3334=CARTESIAN_POINT('',(3.095E-1,1.98E-1,-2.15E-2));
#3335=LINE('',#3334,#3333);
#3336=DIRECTION('',(0.E0,-1.E0,0.E0));
#3337=VECTOR('',#3336,4.5E-2);
#3338=CARTESIAN_POINT('',(3.32E-1,2.43E-1,-2.15E-2));
#3339=LINE('',#3338,#3337);
#3340=DIRECTION('',(0.E0,-1.E0,0.E0));
#3341=VECTOR('',#3340,4.5E-2);
#3342=CARTESIAN_POINT('',(3.095E-1,2.43E-1,-2.15E-2));
#3343=LINE('',#3342,#3341);
#3344=DIRECTION('',(-1.E0,0.E0,0.E0));
#3345=VECTOR('',#3344,2.E-2);
#3346=CARTESIAN_POINT('',(3.32E-1,2.33E-1,-1.9E-2));
#3347=LINE('',#3346,#3345);
#3348=DIRECTION('',(0.E0,1.E0,0.E0));
#3349=VECTOR('',#3348,3.5E-2);
#3350=CARTESIAN_POINT('',(3.32E-1,1.98E-1,-1.9E-2));
#3351=LINE('',#3350,#3349);
#3352=DIRECTION('',(5.773502691896E-1,5.773502691896E-1,5.773502691896E-1));
#3353=VECTOR('',#3352,1.732050807569E-2);
#3354=CARTESIAN_POINT('',(3.12E-1,2.33E-1,-1.9E-2));
#3355=LINE('',#3354,#3353);
#3356=DIRECTION('',(-1.E0,0.E0,0.E0));
#3357=VECTOR('',#3356,1.E-2);
#3358=CARTESIAN_POINT('',(3.32E-1,2.43E-1,-9.E-3));
#3359=LINE('',#3358,#3357);
#3360=DIRECTION('',(0.E0,0.E0,-1.E0));
#3361=VECTOR('',#3360,1.8E-2);
#3362=CARTESIAN_POINT('',(3.32E-1,2.43E-1,9.E-3));
#3363=LINE('',#3362,#3361);
#3364=DIRECTION('',(1.E0,0.E0,0.E0));
#3365=VECTOR('',#3364,1.E-2);
#3366=CARTESIAN_POINT('',(3.22E-1,2.43E-1,9.E-3));
#3367=LINE('',#3366,#3365);
#3368=DIRECTION('',(0.E0,0.E0,1.E0));
#3369=VECTOR('',#3368,1.8E-2);
#3370=CARTESIAN_POINT('',(3.22E-1,2.43E-1,-9.E-3));
#3371=LINE('',#3370,#3369);
#3372=DIRECTION('',(1.E0,0.E0,0.E0));
#3373=VECTOR('',#3372,2.E-2);
#3374=CARTESIAN_POINT('',(3.12E-1,2.33E-1,1.9E-2));
#3375=LINE('',#3374,#3373);
#3376=DIRECTION('',(0.E0,1.E0,0.E0));
#3377=VECTOR('',#3376,3.5E-2);
#3378=CARTESIAN_POINT('',(3.12E-1,1.98E-1,1.9E-2));
#3379=LINE('',#3378,#3377);
#3380=DIRECTION('',(0.E0,0.E0,1.E0));
#3381=VECTOR('',#3380,3.8E-2);
#3382=CARTESIAN_POINT('',(3.12E-1,2.33E-1,-1.9E-2));
#3383=LINE('',#3382,#3381);
#3384=DIRECTION('',(0.E0,1.E0,0.E0));
#3385=VECTOR('',#3384,3.5E-2);
#3386=CARTESIAN_POINT('',(3.12E-1,1.98E-1,-1.9E-2));
#3387=LINE('',#3386,#3385);
#3388=DIRECTION('',(5.773502691896E-1,5.773502691896E-1,-5.773502691896E-1));
#3389=VECTOR('',#3388,1.732050807569E-2);
#3390=CARTESIAN_POINT('',(3.12E-1,2.33E-1,1.9E-2));
#3391=LINE('',#3390,#3389);
#3392=CARTESIAN_POINT('',(-2.765E-1,0.E0,1.75E-1));
#3393=CARTESIAN_POINT('',(-3.265E-1,0.E0,1.75E-1));
#3394=VERTEX_POINT('',#3392);
#3395=VERTEX_POINT('',#3393);
#3396=CARTESIAN_POINT('',(-3.265E-1,0.E0,-1.75E-1));
#3397=VERTEX_POINT('',#3396);
#3398=CARTESIAN_POINT('',(-2.765E-1,0.E0,-1.75E-1));
#3399=VERTEX_POINT('',#3398);
#3400=CARTESIAN_POINT('',(3.265E-1,0.E0,-1.75E-1));
#3401=CARTESIAN_POINT('',(3.265E-1,0.E0,1.75E-1));
#3402=VERTEX_POINT('',#3400);
#3403=VERTEX_POINT('',#3401);
#3404=CARTESIAN_POINT('',(2.765E-1,0.E0,1.75E-1));
#3405=VERTEX_POINT('',#3404);
#3406=CARTESIAN_POINT('',(2.765E-1,0.E0,-1.75E-1));
#3407=VERTEX_POINT('',#3406);
#3408=CARTESIAN_POINT('',(3.013E-1,-7.E-2,-1.75E-1));
#3409=CARTESIAN_POINT('',(3.017E-1,-7.E-2,-1.75E-1));
#3410=VERTEX_POINT('',#3408);
#3411=VERTEX_POINT('',#3409);
#3412=CARTESIAN_POINT('',(2.765E-1,-4.52E-2,-1.75E-1));
#3413=CARTESIAN_POINT('',(3.265E-1,-4.52E-2,-1.75E-1));
#3414=VERTEX_POINT('',#3412);
#3415=VERTEX_POINT('',#3413);
#3416=CARTESIAN_POINT('',(3.017E-1,-7.E-2,1.75E-1));
#3417=CARTESIAN_POINT('',(3.013E-1,-7.E-2,1.75E-1));
#3418=VERTEX_POINT('',#3416);
#3419=VERTEX_POINT('',#3417);
#3420=CARTESIAN_POINT('',(3.265E-1,-4.52E-2,1.75E-1));
#3421=CARTESIAN_POINT('',(2.765E-1,-4.52E-2,1.75E-1));
#3422=VERTEX_POINT('',#3420);
#3423=VERTEX_POINT('',#3421);
#3424=CARTESIAN_POINT('',(-3.013E-1,-7.E-2,1.75E-1));
#3425=CARTESIAN_POINT('',(-3.017E-1,-7.E-2,1.75E-1));
#3426=VERTEX_POINT('',#3424);
#3427=VERTEX_POINT('',#3425);
#3428=CARTESIAN_POINT('',(-2.765E-1,-4.52E-2,1.75E-1));
#3429=CARTESIAN_POINT('',(-3.265E-1,-4.52E-2,1.75E-1));
#3430=VERTEX_POINT('',#3428);
#3431=VERTEX_POINT('',#3429);
#3432=CARTESIAN_POINT('',(-3.017E-1,-7.E-2,-1.75E-1));
#3433=CARTESIAN_POINT('',(-3.013E-1,-7.E-2,-1.75E-1));
#3434=VERTEX_POINT('',#3432);
#3435=VERTEX_POINT('',#3433);
#3436=CARTESIAN_POINT('',(-3.265E-1,-4.52E-2,-1.75E-1));
#3437=CARTESIAN_POINT('',(-2.765E-1,-4.52E-2,-1.75E-1));
#3438=VERTEX_POINT('',#3436);
#3439=VERTEX_POINT('',#3437);
#3440=CARTESIAN_POINT('',(-3.017E-1,-7.E-2,6.E-3));
#3441=CARTESIAN_POINT('',(-3.013E-1,-7.E-2,6.E-3));
#3442=VERTEX_POINT('',#3440);
#3443=VERTEX_POINT('',#3441);
#3444=CARTESIAN_POINT('',(3.013E-1,-7.E-2,6.E-3));
#3445=CARTESIAN_POINT('',(3.017E-1,-7.E-2,6.E-3));
#3446=VERTEX_POINT('',#3444);
#3447=VERTEX_POINT('',#3445);
#3448=CARTESIAN_POINT('',(-3.017E-1,-7.E-2,8.6E-2));
#3449=CARTESIAN_POINT('',(-3.013E-1,-7.E-2,8.6E-2));
#3450=VERTEX_POINT('',#3448);
#3451=VERTEX_POINT('',#3449);
#3452=CARTESIAN_POINT('',(3.013E-1,-7.E-2,8.6E-2));
#3453=CARTESIAN_POINT('',(3.017E-1,-7.E-2,8.6E-2));
#3454=VERTEX_POINT('',#3452);
#3455=VERTEX_POINT('',#3453);
#3456=CARTESIAN_POINT('',(-3.265E-1,-4.52E-2,6.E-3));
#3457=CARTESIAN_POINT('',(-3.265E-1,-2.E-2,6.E-3));
#3458=VERTEX_POINT('',#3456);
#3459=VERTEX_POINT('',#3457);
#3460=CARTESIAN_POINT('',(-3.265E-1,-2.E-2,8.6E-2));
#3461=VERTEX_POINT('',#3460);
#3462=CARTESIAN_POINT('',(-3.265E-1,-4.52E-2,8.6E-2));
#3463=VERTEX_POINT('',#3462);
#3464=CARTESIAN_POINT('',(-2.765E-1,-4.52E-2,6.E-3));
#3465=CARTESIAN_POINT('',(-2.765E-1,-2.E-2,6.E-3));
#3466=VERTEX_POINT('',#3464);
#3467=VERTEX_POINT('',#3465);
#3468=CARTESIAN_POINT('',(-2.765E-1,-2.E-2,8.6E-2));
#3469=VERTEX_POINT('',#3468);
#3470=CARTESIAN_POINT('',(-2.765E-1,-4.52E-2,8.6E-2));
#3471=VERTEX_POINT('',#3470);
#3472=CARTESIAN_POINT('',(3.265E-1,-4.52E-2,6.E-3));
#3473=CARTESIAN_POINT('',(3.265E-1,-2.E-2,6.E-3));
#3474=VERTEX_POINT('',#3472);
#3475=VERTEX_POINT('',#3473);
#3476=CARTESIAN_POINT('',(3.265E-1,-2.E-2,8.6E-2));
#3477=VERTEX_POINT('',#3476);
#3478=CARTESIAN_POINT('',(3.265E-1,-4.52E-2,8.6E-2));
#3479=VERTEX_POINT('',#3478);
#3480=CARTESIAN_POINT('',(2.765E-1,-4.52E-2,6.E-3));
#3481=CARTESIAN_POINT('',(2.765E-1,-2.E-2,6.E-3));
#3482=VERTEX_POINT('',#3480);
#3483=VERTEX_POINT('',#3481);
#3484=CARTESIAN_POINT('',(2.765E-1,-2.E-2,8.6E-2));
#3485=VERTEX_POINT('',#3484);
#3486=CARTESIAN_POINT('',(2.765E-1,-4.52E-2,8.6E-2));
#3487=VERTEX_POINT('',#3486);
#3488=CARTESIAN_POINT('',(2.765E-1,0.E0,5.E-2));
#3489=CARTESIAN_POINT('',(-2.765E-1,0.E0,5.E-2));
#3490=VERTEX_POINT('',#3488);
#3491=VERTEX_POINT('',#3489);
#3492=CARTESIAN_POINT('',(-2.765E-1,0.E0,-5.E-2));
#3493=CARTESIAN_POINT('',(2.765E-1,0.E0,-5.E-2));
#3494=VERTEX_POINT('',#3492);
#3495=VERTEX_POINT('',#3493);
#3496=CARTESIAN_POINT('',(-2.765E-1,-8.E-3,5.E-2));
#3497=CARTESIAN_POINT('',(-2.765E-1,-8.E-3,-5.E-2));
#3498=VERTEX_POINT('',#3496);
#3499=VERTEX_POINT('',#3497);
#3500=CARTESIAN_POINT('',(2.765E-1,-8.E-3,5.E-2));
#3501=CARTESIAN_POINT('',(2.765E-1,-8.E-3,-5.E-2));
#3502=VERTEX_POINT('',#3500);
#3503=VERTEX_POINT('',#3501);
#3504=CARTESIAN_POINT('',(-3.75E-2,2.63E-1,-2.115E-1));
#3505=CARTESIAN_POINT('',(-3.75E-2,2.38E-1,-2.115E-1));
#3506=VERTEX_POINT('',#3504);
#3507=VERTEX_POINT('',#3505);
#3508=CARTESIAN_POINT('',(3.75E-2,2.38E-1,-2.115E-1));
#3509=VERTEX_POINT('',#3508);
#3510=CARTESIAN_POINT('',(3.75E-2,2.63E-1,-2.115E-1));
#3511=VERTEX_POINT('',#3510);
#3512=CARTESIAN_POINT('',(1.435E-1,2.63E-1,-2.115E-1));
#3513=CARTESIAN_POINT('',(1.435E-1,2.38E-1,-2.115E-1));
#3514=VERTEX_POINT('',#3512);
#3515=VERTEX_POINT('',#3513);
#3516=CARTESIAN_POINT('',(2.185E-1,2.38E-1,-2.115E-1));
#3517=VERTEX_POINT('',#3516);
#3518=CARTESIAN_POINT('',(2.185E-1,2.63E-1,-2.115E-1));
#3519=VERTEX_POINT('',#3518);
#3520=CARTESIAN_POINT('',(-2.185E-1,2.63E-1,-2.115E-1));
#3521=CARTESIAN_POINT('',(-2.185E-1,2.38E-1,-2.115E-1));
#3522=VERTEX_POINT('',#3520);
#3523=VERTEX_POINT('',#3521);
#3524=CARTESIAN_POINT('',(-1.435E-1,2.38E-1,-2.115E-1));
#3525=VERTEX_POINT('',#3524);
#3526=CARTESIAN_POINT('',(-1.435E-1,2.63E-1,-2.115E-1));
#3527=VERTEX_POINT('',#3526);
#3528=CARTESIAN_POINT('',(-3.75E-2,2.63E-1,2.115E-1));
#3529=CARTESIAN_POINT('',(-3.75E-2,2.38E-1,2.115E-1));
#3530=VERTEX_POINT('',#3528);
#3531=VERTEX_POINT('',#3529);
#3532=CARTESIAN_POINT('',(3.75E-2,2.38E-1,2.115E-1));
#3533=VERTEX_POINT('',#3532);
#3534=CARTESIAN_POINT('',(3.75E-2,2.63E-1,2.115E-1));
#3535=VERTEX_POINT('',#3534);
#3536=CARTESIAN_POINT('',(1.435E-1,2.63E-1,2.115E-1));
#3537=CARTESIAN_POINT('',(1.435E-1,2.38E-1,2.115E-1));
#3538=VERTEX_POINT('',#3536);
#3539=VERTEX_POINT('',#3537);
#3540=CARTESIAN_POINT('',(2.185E-1,2.38E-1,2.115E-1));
#3541=VERTEX_POINT('',#3540);
#3542=CARTESIAN_POINT('',(2.185E-1,2.63E-1,2.115E-1));
#3543=VERTEX_POINT('',#3542);
#3544=CARTESIAN_POINT('',(-2.185E-1,2.63E-1,2.115E-1));
#3545=CARTESIAN_POINT('',(-2.185E-1,2.38E-1,2.115E-1));
#3546=VERTEX_POINT('',#3544);
#3547=VERTEX_POINT('',#3545);
#3548=CARTESIAN_POINT('',(-1.435E-1,2.38E-1,2.115E-1));
#3549=VERTEX_POINT('',#3548);
#3550=CARTESIAN_POINT('',(-1.435E-1,2.63E-1,2.115E-1));
#3551=VERTEX_POINT('',#3550);
#3552=CARTESIAN_POINT('',(-3.75E-2,2.63E-1,1.895E-1));
#3553=CARTESIAN_POINT('',(-3.75E-2,2.38E-1,1.895E-1));
#3554=VERTEX_POINT('',#3552);
#3555=VERTEX_POINT('',#3553);
#3556=CARTESIAN_POINT('',(3.75E-2,2.38E-1,1.895E-1));
#3557=VERTEX_POINT('',#3556);
#3558=CARTESIAN_POINT('',(3.75E-2,2.63E-1,1.895E-1));
#3559=VERTEX_POINT('',#3558);
#3560=CARTESIAN_POINT('',(1.435E-1,2.63E-1,1.895E-1));
#3561=CARTESIAN_POINT('',(1.435E-1,2.38E-1,1.895E-1));
#3562=VERTEX_POINT('',#3560);
#3563=VERTEX_POINT('',#3561);
#3564=CARTESIAN_POINT('',(2.185E-1,2.38E-1,1.895E-1));
#3565=VERTEX_POINT('',#3564);
#3566=CARTESIAN_POINT('',(2.185E-1,2.63E-1,1.895E-1));
#3567=VERTEX_POINT('',#3566);
#3568=CARTESIAN_POINT('',(-2.185E-1,2.63E-1,1.895E-1));
#3569=CARTESIAN_POINT('',(-2.185E-1,2.38E-1,1.895E-1));
#3570=VERTEX_POINT('',#3568);
#3571=VERTEX_POINT('',#3569);
#3572=CARTESIAN_POINT('',(-1.435E-1,2.38E-1,1.895E-1));
#3573=VERTEX_POINT('',#3572);
#3574=CARTESIAN_POINT('',(-1.435E-1,2.63E-1,1.895E-1));
#3575=VERTEX_POINT('',#3574);
#3576=CARTESIAN_POINT('',(-3.75E-2,2.63E-1,-1.895E-1));
#3577=CARTESIAN_POINT('',(-3.75E-2,2.38E-1,-1.895E-1));
#3578=VERTEX_POINT('',#3576);
#3579=VERTEX_POINT('',#3577);
#3580=CARTESIAN_POINT('',(3.75E-2,2.38E-1,-1.895E-1));
#3581=VERTEX_POINT('',#3580);
#3582=CARTESIAN_POINT('',(3.75E-2,2.63E-1,-1.895E-1));
#3583=VERTEX_POINT('',#3582);
#3584=CARTESIAN_POINT('',(1.435E-1,2.63E-1,-1.895E-1));
#3585=CARTESIAN_POINT('',(1.435E-1,2.38E-1,-1.895E-1));
#3586=VERTEX_POINT('',#3584);
#3587=VERTEX_POINT('',#3585);
#3588=CARTESIAN_POINT('',(2.185E-1,2.38E-1,-1.895E-1));
#3589=VERTEX_POINT('',#3588);
#3590=CARTESIAN_POINT('',(2.185E-1,2.63E-1,-1.895E-1));
#3591=VERTEX_POINT('',#3590);
#3592=CARTESIAN_POINT('',(-2.185E-1,2.63E-1,-1.895E-1));
#3593=CARTESIAN_POINT('',(-2.185E-1,2.38E-1,-1.895E-1));
#3594=VERTEX_POINT('',#3592);
#3595=VERTEX_POINT('',#3593);
#3596=CARTESIAN_POINT('',(-1.435E-1,2.38E-1,-1.895E-1));
#3597=VERTEX_POINT('',#3596);
#3598=CARTESIAN_POINT('',(-1.435E-1,2.63E-1,-1.895E-1));
#3599=VERTEX_POINT('',#3598);
#3600=CARTESIAN_POINT('',(-3.325E-1,2.E-2,-2.5E-2));
#3601=CARTESIAN_POINT('',(-3.325E-1,2.E-2,2.5E-2));
#3602=VERTEX_POINT('',#3600);
#3603=VERTEX_POINT('',#3601);
#3604=CARTESIAN_POINT('',(3.325E-1,2.E-2,2.5E-2));
#3605=VERTEX_POINT('',#3604);
#3606=CARTESIAN_POINT('',(3.325E-1,2.E-2,-2.5E-2));
#3607=VERTEX_POINT('',#3606);
#3608=CARTESIAN_POINT('',(-3.325E-1,5.E-2,-1.23E-1));
#3609=CARTESIAN_POINT('',(-3.325E-1,5.E-2,-2.5E-2));
#3610=VERTEX_POINT('',#3608);
#3611=VERTEX_POINT('',#3609);
#3612=CARTESIAN_POINT('',(3.325E-1,5.E-2,-2.5E-2));
#3613=CARTESIAN_POINT('',(3.325E-1,5.E-2,-1.23E-1));
#3614=VERTEX_POINT('',#3612);
#3615=VERTEX_POINT('',#3613);
#3616=CARTESIAN_POINT('',(3.51E-1,2.88E-1,-1.952735026919E-1));
#3617=CARTESIAN_POINT('',(-3.51E-1,2.88E-1,-1.952735026919E-1));
#3618=VERTEX_POINT('',#3616);
#3619=VERTEX_POINT('',#3617);
#3620=CARTESIAN_POINT('',(3.51E-1,2.78E-1,-1.895E-1));
#3621=CARTESIAN_POINT('',(-3.51E-1,2.78E-1,-1.895E-1));
#3622=VERTEX_POINT('',#3620);
#3623=VERTEX_POINT('',#3621);
#3624=CARTESIAN_POINT('',(-3.765E-1,0.E0,-1.965E-1));
#3625=CARTESIAN_POINT('',(-3.765E-1,2.88E-1,-1.965E-1));
#3626=VERTEX_POINT('',#3624);
#3627=VERTEX_POINT('',#3625);
#3628=CARTESIAN_POINT('',(-3.615E-1,0.E0,-2.115E-1));
#3629=VERTEX_POINT('',#3628);
#3630=CARTESIAN_POINT('',(-3.615E-1,2.88E-1,-2.115E-1));
#3631=VERTEX_POINT('',#3630);
#3632=CARTESIAN_POINT('',(3.765E-1,2.88E-1,-1.965E-1));
#3633=CARTESIAN_POINT('',(3.765E-1,0.E0,-1.965E-1));
#3634=VERTEX_POINT('',#3632);
#3635=VERTEX_POINT('',#3633);
#3636=CARTESIAN_POINT('',(3.615E-1,2.88E-1,-2.115E-1));
#3637=VERTEX_POINT('',#3636);
#3638=CARTESIAN_POINT('',(3.615E-1,0.E0,-2.115E-1));
#3639=VERTEX_POINT('',#3638);
#3640=CARTESIAN_POINT('',(-3.765E-1,2.88E-1,1.965E-1));
#3641=CARTESIAN_POINT('',(-3.765E-1,0.E0,1.965E-1));
#3642=VERTEX_POINT('',#3640);
#3643=VERTEX_POINT('',#3641);
#3644=CARTESIAN_POINT('',(-3.615E-1,2.88E-1,2.115E-1));
#3645=VERTEX_POINT('',#3644);
#3646=CARTESIAN_POINT('',(-3.615E-1,0.E0,2.115E-1));
#3647=VERTEX_POINT('',#3646);
#3648=CARTESIAN_POINT('',(3.765E-1,0.E0,1.965E-1));
#3649=CARTESIAN_POINT('',(3.765E-1,2.88E-1,1.965E-1));
#3650=VERTEX_POINT('',#3648);
#3651=VERTEX_POINT('',#3649);
#3652=CARTESIAN_POINT('',(3.615E-1,0.E0,2.115E-1));
#3653=VERTEX_POINT('',#3652);
#3654=CARTESIAN_POINT('',(3.615E-1,2.88E-1,2.115E-1));
#3655=VERTEX_POINT('',#3654);
#3656=CARTESIAN_POINT('',(3.325E-1,1.83E-1,1.895E-1));
#3657=CARTESIAN_POINT('',(3.325E-1,1.83E-1,1.63E-1));
#3658=VERTEX_POINT('',#3656);
#3659=VERTEX_POINT('',#3657);
#3660=CARTESIAN_POINT('',(3.325E-1,1.83E-1,-1.23E-1));
#3661=CARTESIAN_POINT('',(3.325E-1,1.83E-1,-1.895E-1));
#3662=VERTEX_POINT('',#3660);
#3663=VERTEX_POINT('',#3661);
#3664=CARTESIAN_POINT('',(-3.325E-1,1.83E-1,1.895E-1));
#3665=CARTESIAN_POINT('',(-3.325E-1,1.83E-1,1.63E-1));
#3666=VERTEX_POINT('',#3664);
#3667=VERTEX_POINT('',#3665);
#3668=CARTESIAN_POINT('',(-3.325E-1,1.83E-1,-1.23E-1));
#3669=CARTESIAN_POINT('',(-3.325E-1,1.83E-1,-1.895E-1));
#3670=VERTEX_POINT('',#3668);
#3671=VERTEX_POINT('',#3669);
#3672=CARTESIAN_POINT('',(-3.51E-1,2.28E-1,-1.895E-1));
#3673=CARTESIAN_POINT('',(-3.51E-1,2.28E-1,1.895E-1));
#3674=VERTEX_POINT('',#3672);
#3675=VERTEX_POINT('',#3673);
#3676=CARTESIAN_POINT('',(-3.325E-1,2.28E-1,1.895E-1));
#3677=VERTEX_POINT('',#3676);
#3678=CARTESIAN_POINT('',(3.325E-1,2.28E-1,1.895E-1));
#3679=CARTESIAN_POINT('',(3.51E-1,2.28E-1,1.895E-1));
#3680=VERTEX_POINT('',#3678);
#3681=VERTEX_POINT('',#3679);
#3682=CARTESIAN_POINT('',(3.51E-1,2.28E-1,-1.895E-1));
#3683=VERTEX_POINT('',#3682);
#3684=CARTESIAN_POINT('',(3.325E-1,2.28E-1,-1.895E-1));
#3685=VERTEX_POINT('',#3684);
#3686=CARTESIAN_POINT('',(-3.325E-1,2.28E-1,-1.895E-1));
#3687=VERTEX_POINT('',#3686);
#3688=CARTESIAN_POINT('',(-3.325E-1,1.78E-1,2.5E-2));
#3689=CARTESIAN_POINT('',(-3.325E-1,1.78E-1,6.5E-2));
#3690=VERTEX_POINT('',#3688);
#3691=VERTEX_POINT('',#3689);
#3692=CARTESIAN_POINT('',(-3.325E-1,5.E-2,6.5E-2));
#3693=VERTEX_POINT('',#3692);
#3694=CARTESIAN_POINT('',(3.325E-1,1.78E-1,2.5E-2));
#3695=CARTESIAN_POINT('',(3.325E-1,1.78E-1,6.5E-2));
#3696=VERTEX_POINT('',#3694);
#3697=VERTEX_POINT('',#3695);
#3698=CARTESIAN_POINT('',(3.325E-1,5.E-2,6.5E-2));
#3699=VERTEX_POINT('',#3698);
#3700=CARTESIAN_POINT('',(-3.325E-1,5.E-2,1.63E-1));
#3701=VERTEX_POINT('',#3700);
#3702=CARTESIAN_POINT('',(3.325E-1,5.E-2,1.63E-1));
#3703=VERTEX_POINT('',#3702);
#3704=CARTESIAN_POINT('',(-3.51E-1,2.88E-1,1.952735026919E-1));
#3705=CARTESIAN_POINT('',(3.51E-1,2.88E-1,1.952735026919E-1));
#3706=VERTEX_POINT('',#3704);
#3707=VERTEX_POINT('',#3705);
#3708=CARTESIAN_POINT('',(-3.51E-1,2.78E-1,1.895E-1));
#3709=CARTESIAN_POINT('',(3.51E-1,2.78E-1,1.895E-1));
#3710=VERTEX_POINT('',#3708);
#3711=VERTEX_POINT('',#3709);
#3712=CARTESIAN_POINT('',(2.75E-1,2.221699379243E-2,1.689211776999E-1));
#3713=CARTESIAN_POINT('',(-2.75E-1,2.221699379243E-2,1.689211776999E-1));
#3714=VERTEX_POINT('',#3712);
#3715=VERTEX_POINT('',#3713);
#3716=CARTESIAN_POINT('',(2.75E-1,2.221699379243E-2,-1.689211776999E-1));
#3717=CARTESIAN_POINT('',(-2.75E-1,2.221699379243E-2,-1.689211776999E-1));
#3718=VERTEX_POINT('',#3716);
#3719=VERTEX_POINT('',#3717);
#3720=CARTESIAN_POINT('',(2.75E-1,5.E-2,1.63E-1));
#3721=CARTESIAN_POINT('',(2.75E-1,5.E-2,6.5E-2));
#3722=VERTEX_POINT('',#3720);
#3723=VERTEX_POINT('',#3721);
#3724=CARTESIAN_POINT('',(2.75E-1,5.E-2,-2.5E-2));
#3725=CARTESIAN_POINT('',(2.75E-1,5.E-2,-1.23E-1));
#3726=VERTEX_POINT('',#3724);
#3727=VERTEX_POINT('',#3725);
#3728=CARTESIAN_POINT('',(-2.75E-1,5.E-2,1.63E-1));
#3729=CARTESIAN_POINT('',(-2.75E-1,5.E-2,6.5E-2));
#3730=VERTEX_POINT('',#3728);
#3731=VERTEX_POINT('',#3729);
#3732=CARTESIAN_POINT('',(-2.75E-1,5.E-2,-2.5E-2));
#3733=CARTESIAN_POINT('',(-2.75E-1,5.E-2,-1.23E-1));
#3734=VERTEX_POINT('',#3732);
#3735=VERTEX_POINT('',#3733);
#3736=CARTESIAN_POINT('',(2.75E-1,1.83E-1,-1.23E-1));
#3737=VERTEX_POINT('',#3736);
#3738=CARTESIAN_POINT('',(-2.75E-1,1.83E-1,-1.23E-1));
#3739=VERTEX_POINT('',#3738);
#3740=CARTESIAN_POINT('',(-2.75E-1,2.221699379243E-2,2.5E-2));
#3741=CARTESIAN_POINT('',(-2.75E-1,1.78E-1,2.5E-2));
#3742=VERTEX_POINT('',#3740);
#3743=VERTEX_POINT('',#3741);
#3744=CARTESIAN_POINT('',(2.75E-1,2.221699379243E-2,-2.5E-2));
#3745=VERTEX_POINT('',#3744);
#3746=CARTESIAN_POINT('',(-2.75E-1,2.221699379243E-2,-2.5E-2));
#3747=VERTEX_POINT('',#3746);
#3748=CARTESIAN_POINT('',(2.75E-1,1.78E-1,6.5E-2));
#3749=VERTEX_POINT('',#3748);
#3750=CARTESIAN_POINT('',(-2.75E-1,1.78E-1,6.5E-2));
#3751=VERTEX_POINT('',#3750);
#3752=CARTESIAN_POINT('',(2.75E-1,1.83E-1,1.63E-1));
#3753=VERTEX_POINT('',#3752);
#3754=CARTESIAN_POINT('',(-2.75E-1,1.83E-1,1.63E-1));
#3755=VERTEX_POINT('',#3754);
#3756=CARTESIAN_POINT('',(2.75E-1,1.83E-1,1.689211776999E-1));
#3757=VERTEX_POINT('',#3756);
#3758=CARTESIAN_POINT('',(2.75E-1,1.83E-1,-1.689211776999E-1));
#3759=VERTEX_POINT('',#3758);
#3760=CARTESIAN_POINT('',(-2.75E-1,1.83E-1,1.689211776999E-1));
#3761=VERTEX_POINT('',#3760);
#3762=CARTESIAN_POINT('',(-2.75E-1,1.83E-1,-1.689211776999E-1));
#3763=VERTEX_POINT('',#3762);
#3764=CARTESIAN_POINT('',(2.75E-1,2.221699379243E-2,2.5E-2));
#3765=VERTEX_POINT('',#3764);
#3766=CARTESIAN_POINT('',(-2.243478019018E-1,2.221699379243E-2,
-9.942708145071E-2));
#3767=CARTESIAN_POINT('',(-2.243478019018E-1,2.221699379243E-2,
-1.255729185493E-1));
#3768=VERTEX_POINT('',#3766);
#3769=VERTEX_POINT('',#3767);
#3770=CARTESIAN_POINT('',(-1.376521980982E-1,2.221699379243E-2,
-1.255729185493E-1));
#3771=CARTESIAN_POINT('',(-1.376521980982E-1,2.221699379243E-2,
-9.942708145071E-2));
#3772=VERTEX_POINT('',#3770);
#3773=VERTEX_POINT('',#3771);
#3774=CARTESIAN_POINT('',(-4.334780190179E-2,2.221699379243E-2,
-9.942708145071E-2));
#3775=CARTESIAN_POINT('',(-4.334780190179E-2,2.221699379243E-2,
-1.255729185493E-1));
#3776=VERTEX_POINT('',#3774);
#3777=VERTEX_POINT('',#3775);
#3778=CARTESIAN_POINT('',(4.334780190179E-2,2.221699379243E-2,
-1.255729185493E-1));
#3779=CARTESIAN_POINT('',(4.334780190179E-2,2.221699379243E-2,
-9.942708145071E-2));
#3780=VERTEX_POINT('',#3778);
#3781=VERTEX_POINT('',#3779);
#3782=CARTESIAN_POINT('',(2.243478019018E-1,2.221699379243E-2,
-1.255729185493E-1));
#3783=CARTESIAN_POINT('',(2.243478019018E-1,2.221699379243E-2,
-9.942708145071E-2));
#3784=VERTEX_POINT('',#3782);
#3785=VERTEX_POINT('',#3783);
#3786=CARTESIAN_POINT('',(1.376521980982E-1,2.221699379243E-2,
-9.942708145071E-2));
#3787=CARTESIAN_POINT('',(1.376521980982E-1,2.221699379243E-2,
-1.255729185493E-1));
#3788=VERTEX_POINT('',#3786);
#3789=VERTEX_POINT('',#3787);
#3790=CARTESIAN_POINT('',(-2.31E-1,-5.E-3,-1.025E-1));
#3791=CARTESIAN_POINT('',(-2.31E-1,-5.E-3,-1.225E-1));
#3792=VERTEX_POINT('',#3790);
#3793=VERTEX_POINT('',#3791);
#3794=CARTESIAN_POINT('',(-1.31E-1,-5.E-3,-1.025E-1));
#3795=CARTESIAN_POINT('',(-1.31E-1,-5.E-3,-1.225E-1));
#3796=VERTEX_POINT('',#3794);
#3797=VERTEX_POINT('',#3795);
#3798=CARTESIAN_POINT('',(-1.41E-1,-5.E-3,-1.025E-1));
#3799=CARTESIAN_POINT('',(-1.41E-1,-5.E-3,-1.225E-1));
#3800=VERTEX_POINT('',#3798);
#3801=VERTEX_POINT('',#3799);
#3802=CARTESIAN_POINT('',(-2.21E-1,-5.E-3,-1.025E-1));
#3803=CARTESIAN_POINT('',(-2.21E-1,-5.E-3,-1.225E-1));
#3804=VERTEX_POINT('',#3802);
#3805=VERTEX_POINT('',#3803);
#3806=CARTESIAN_POINT('',(-2.21E-1,-6.5E-2,-1.025E-1));
#3807=VERTEX_POINT('',#3806);
#3808=CARTESIAN_POINT('',(-1.41E-1,-6.5E-2,-1.025E-1));
#3809=VERTEX_POINT('',#3808);
#3810=CARTESIAN_POINT('',(-2.21E-1,-6.5E-2,-1.225E-1));
#3811=VERTEX_POINT('',#3810);
#3812=CARTESIAN_POINT('',(-1.41E-1,-6.5E-2,-1.225E-1));
#3813=VERTEX_POINT('',#3812);
#3814=CARTESIAN_POINT('',(-2.06E-1,-6.5E-2,-1.025E-1));
#3815=CARTESIAN_POINT('',(-2.06E-1,-6.5E-2,-1.225E-1));
#3816=VERTEX_POINT('',#3814);
#3817=VERTEX_POINT('',#3815);
#3818=CARTESIAN_POINT('',(-1.56E-1,-6.5E-2,-1.025E-1));
#3819=CARTESIAN_POINT('',(-1.56E-1,-6.5E-2,-1.225E-1));
#3820=VERTEX_POINT('',#3818);
#3821=VERTEX_POINT('',#3819);
#3822=CARTESIAN_POINT('',(-1.56E-1,-2.06E-1,-1.225E-1));
#3823=CARTESIAN_POINT('',(-2.06E-1,-2.06E-1,-1.225E-1));
#3824=VERTEX_POINT('',#3822);
#3825=VERTEX_POINT('',#3823);
#3826=CARTESIAN_POINT('',(-2.06E-1,-2.06E-1,-1.025E-1));
#3827=VERTEX_POINT('',#3826);
#3828=CARTESIAN_POINT('',(-1.56E-1,-2.06E-1,-1.025E-1));
#3829=VERTEX_POINT('',#3828);
#3830=CARTESIAN_POINT('',(-1.41E-1,2.221699379243E-2,-1.025E-1));
#3831=CARTESIAN_POINT('',(-2.21E-1,2.221699379243E-2,-1.025E-1));
#3832=VERTEX_POINT('',#3830);
#3833=VERTEX_POINT('',#3831);
#3834=CARTESIAN_POINT('',(-1.41E-1,2.221699379243E-2,-1.225E-1));
#3835=CARTESIAN_POINT('',(-2.21E-1,2.221699379243E-2,-1.225E-1));
#3836=VERTEX_POINT('',#3834);
#3837=VERTEX_POINT('',#3835);
#3838=CARTESIAN_POINT('',(-1.41E-1,0.E0,-1.025E-1));
#3839=CARTESIAN_POINT('',(-2.21E-1,0.E0,-1.025E-1));
#3840=VERTEX_POINT('',#3838);
#3841=VERTEX_POINT('',#3839);
#3842=CARTESIAN_POINT('',(-1.41E-1,0.E0,-1.225E-1));
#3843=CARTESIAN_POINT('',(-2.21E-1,0.E0,-1.225E-1));
#3844=VERTEX_POINT('',#3842);
#3845=VERTEX_POINT('',#3843);
#3846=VERTEX_POINT('',#1280);
#3847=VERTEX_POINT('',#1268);
#3848=VERTEX_POINT('',#1253);
#3849=VERTEX_POINT('',#1259);
#3850=CARTESIAN_POINT('',(-1.41E-1,9.892190664641E-3,-1.025E-1));
#3851=CARTESIAN_POINT('',(-2.21E-1,9.892190664641E-3,-1.025E-1));
#3852=VERTEX_POINT('',#3850);
#3853=VERTEX_POINT('',#3851);
#3854=CARTESIAN_POINT('',(-2.21E-1,9.892190664642E-3,-1.225E-1));
#3855=CARTESIAN_POINT('',(-1.41E-1,9.892190664642E-3,-1.225E-1));
#3856=VERTEX_POINT('',#3854);
#3857=VERTEX_POINT('',#3855);
#3858=CARTESIAN_POINT('',(-5.E-2,-5.E-3,-1.025E-1));
#3859=CARTESIAN_POINT('',(-5.E-2,-5.E-3,-1.225E-1));
#3860=VERTEX_POINT('',#3858);
#3861=VERTEX_POINT('',#3859);
#3862=CARTESIAN_POINT('',(5.E-2,-5.E-3,-1.025E-1));
#3863=CARTESIAN_POINT('',(5.E-2,-5.E-3,-1.225E-1));
#3864=VERTEX_POINT('',#3862);
#3865=VERTEX_POINT('',#3863);
#3866=CARTESIAN_POINT('',(4.000000000001E-2,-5.E-3,-1.025E-1));
#3867=CARTESIAN_POINT('',(4.000000000001E-2,-5.E-3,-1.225E-1));
#3868=VERTEX_POINT('',#3866);
#3869=VERTEX_POINT('',#3867);
#3870=CARTESIAN_POINT('',(-3.999999999999E-2,-5.E-3,-1.025E-1));
#3871=CARTESIAN_POINT('',(-3.999999999999E-2,-5.E-3,-1.225E-1));
#3872=VERTEX_POINT('',#3870);
#3873=VERTEX_POINT('',#3871);
#3874=CARTESIAN_POINT('',(-3.999999999999E-2,-6.5E-2,-1.025E-1));
#3875=VERTEX_POINT('',#3874);
#3876=CARTESIAN_POINT('',(3.999999999999E-2,-6.5E-2,-1.025E-1));
#3877=VERTEX_POINT('',#3876);
#3878=CARTESIAN_POINT('',(-3.999999999999E-2,-6.5E-2,-1.225E-1));
#3879=VERTEX_POINT('',#3878);
#3880=CARTESIAN_POINT('',(3.999999999999E-2,-6.5E-2,-1.225E-1));
#3881=VERTEX_POINT('',#3880);
#3882=CARTESIAN_POINT('',(-2.499999999999E-2,-6.5E-2,-1.025E-1));
#3883=CARTESIAN_POINT('',(-2.499999999999E-2,-6.5E-2,-1.225E-1));
#3884=VERTEX_POINT('',#3882);
#3885=VERTEX_POINT('',#3883);
#3886=CARTESIAN_POINT('',(2.499999999999E-2,-6.5E-2,-1.025E-1));
#3887=CARTESIAN_POINT('',(2.499999999999E-2,-6.5E-2,-1.225E-1));
#3888=VERTEX_POINT('',#3886);
#3889=VERTEX_POINT('',#3887);
#3890=CARTESIAN_POINT('',(2.499999999999E-2,-2.06E-1,-1.225E-1));
#3891=CARTESIAN_POINT('',(-2.499999999999E-2,-2.06E-1,-1.225E-1));
#3892=VERTEX_POINT('',#3890);
#3893=VERTEX_POINT('',#3891);
#3894=CARTESIAN_POINT('',(-2.499999999999E-2,-2.06E-1,-1.025E-1));
#3895=VERTEX_POINT('',#3894);
#3896=CARTESIAN_POINT('',(2.499999999999E-2,-2.06E-1,-1.025E-1));
#3897=VERTEX_POINT('',#3896);
#3898=CARTESIAN_POINT('',(4.000000000001E-2,2.221699379243E-2,-1.025E-1));
#3899=CARTESIAN_POINT('',(-3.999999999999E-2,2.221699379243E-2,-1.025E-1));
#3900=VERTEX_POINT('',#3898);
#3901=VERTEX_POINT('',#3899);
#3902=CARTESIAN_POINT('',(4.000000000001E-2,2.221699379243E-2,-1.225E-1));
#3903=CARTESIAN_POINT('',(-3.999999999999E-2,2.221699379243E-2,-1.225E-1));
#3904=VERTEX_POINT('',#3902);
#3905=VERTEX_POINT('',#3903);
#3906=CARTESIAN_POINT('',(4.000000000001E-2,0.E0,-1.025E-1));
#3907=CARTESIAN_POINT('',(-3.999999999999E-2,0.E0,-1.025E-1));
#3908=VERTEX_POINT('',#3906);
#3909=VERTEX_POINT('',#3907);
#3910=CARTESIAN_POINT('',(4.000000000001E-2,0.E0,-1.225E-1));
#3911=CARTESIAN_POINT('',(-3.999999999999E-2,0.E0,-1.225E-1));
#3912=VERTEX_POINT('',#3910);
#3913=VERTEX_POINT('',#3911);
#3914=VERTEX_POINT('',#1316);
#3915=VERTEX_POINT('',#1304);
#3916=VERTEX_POINT('',#1289);
#3917=VERTEX_POINT('',#1295);
#3918=CARTESIAN_POINT('',(-3.999999999999E-2,9.892190664642E-3,-1.225E-1));
#3919=CARTESIAN_POINT('',(4.000000000001E-2,9.892190664642E-3,-1.225E-1));
#3920=VERTEX_POINT('',#3918);
#3921=VERTEX_POINT('',#3919);
#3922=CARTESIAN_POINT('',(4.000000000001E-2,9.892190664641E-3,-1.025E-1));
#3923=CARTESIAN_POINT('',(-3.999999999999E-2,9.892190664641E-3,-1.025E-1));
#3924=VERTEX_POINT('',#3922);
#3925=VERTEX_POINT('',#3923);
#3926=CARTESIAN_POINT('',(2.21E-1,2.221699379243E-2,-1.025E-1));
#3927=CARTESIAN_POINT('',(1.41E-1,2.221699379243E-2,-1.025E-1));
#3928=VERTEX_POINT('',#3926);
#3929=VERTEX_POINT('',#3927);
#3930=CARTESIAN_POINT('',(2.21E-1,2.221699379243E-2,-1.225E-1));
#3931=CARTESIAN_POINT('',(1.41E-1,2.221699379243E-2,-1.225E-1));
#3932=VERTEX_POINT('',#3930);
#3933=VERTEX_POINT('',#3931);
#3934=CARTESIAN_POINT('',(2.210126529016E-1,-1.434670480524E-5,
-1.200300228226E-1));
#3935=CARTESIAN_POINT('',(2.210126529016E-1,-1.434670480524E-5,
-1.049699771774E-1));
#3936=VERTEX_POINT('',#3934);
#3937=VERTEX_POINT('',#3935);
#3938=CARTESIAN_POINT('',(1.409873470984E-1,-1.434670480432E-5,
-1.200300228226E-1));
#3939=CARTESIAN_POINT('',(1.409873470984E-1,-1.434670480432E-5,
-1.049699771774E-1));
#3940=VERTEX_POINT('',#3938);
#3941=VERTEX_POINT('',#3939);
#3942=CARTESIAN_POINT('',(2.21E-1,9.892190664642E-3,-1.225E-1));
#3943=CARTESIAN_POINT('',(1.41E-1,9.892190664642E-3,-1.225E-1));
#3944=VERTEX_POINT('',#3942);
#3945=VERTEX_POINT('',#3943);
#3946=CARTESIAN_POINT('',(2.21E-1,9.892190664641E-3,-1.025E-1));
#3947=CARTESIAN_POINT('',(1.41E-1,9.892190664641E-3,-1.025E-1));
#3948=VERTEX_POINT('',#3946);
#3949=VERTEX_POINT('',#3947);
#3950=CARTESIAN_POINT('',(3.32E-1,1.98E-1,-9.7E-2));
#3951=CARTESIAN_POINT('',(3.32E-1,7.8E-2,-9.7E-2));
#3952=VERTEX_POINT('',#3950);
#3953=VERTEX_POINT('',#3951);
#3954=CARTESIAN_POINT('',(3.02E-1,1.755E-1,-7.7E-2));
#3955=CARTESIAN_POINT('',(3.02E-1,1.755E-1,-2.E-2));
#3956=VERTEX_POINT('',#3954);
#3957=VERTEX_POINT('',#3955);
#3958=CARTESIAN_POINT('',(3.02E-1,7.8E-2,-7.7E-2));
#3959=VERTEX_POINT('',#3958);
#3960=CARTESIAN_POINT('',(2.82E-1,3.8E-2,-2.E-2));
#3961=CARTESIAN_POINT('',(2.82E-1,3.8E-2,2.E-2));
#3962=VERTEX_POINT('',#3960);
#3963=VERTEX_POINT('',#3961);
#3964=CARTESIAN_POINT('',(3.32E-1,3.8E-2,2.E-2));
#3965=VERTEX_POINT('',#3964);
#3966=CARTESIAN_POINT('',(3.32E-1,3.8E-2,-2.E-2));
#3967=VERTEX_POINT('',#3966);
#3968=CARTESIAN_POINT('',(2.82E-1,7.8E-2,-2.E-2));
#3969=VERTEX_POINT('',#3968);
#3970=CARTESIAN_POINT('',(2.82E-1,7.8E-2,2.E-2));
#3971=VERTEX_POINT('',#3970);
#3972=CARTESIAN_POINT('',(3.32E-1,7.8E-2,2.E-2));
#3973=VERTEX_POINT('',#3972);
#3974=CARTESIAN_POINT('',(3.32E-1,7.8E-2,-2.E-2));
#3975=VERTEX_POINT('',#3974);
#3976=CARTESIAN_POINT('',(3.02E-1,7.8E-2,-2.E-2));
#3977=VERTEX_POINT('',#3976);
#3978=CARTESIAN_POINT('',(3.32E-1,1.98E-1,-1.9E-2));
#3979=CARTESIAN_POINT('',(3.12E-1,1.98E-1,-1.9E-2));
#3980=VERTEX_POINT('',#3978);
#3981=VERTEX_POINT('',#3979);
#3982=CARTESIAN_POINT('',(3.12E-1,1.98E-1,1.9E-2));
#3983=VERTEX_POINT('',#3982);
#3984=CARTESIAN_POINT('',(3.32E-1,1.98E-1,1.9E-2));
#3985=VERTEX_POINT('',#3984);
#3986=CARTESIAN_POINT('',(3.32E-1,2.33E-1,-1.9E-2));
#3987=CARTESIAN_POINT('',(3.32E-1,2.43E-1,-9.E-3));
#3988=VERTEX_POINT('',#3986);
#3989=VERTEX_POINT('',#3987);
#3990=CARTESIAN_POINT('',(3.22E-1,2.43E-1,-9.E-3));
#3991=VERTEX_POINT('',#3990);
#3992=CARTESIAN_POINT('',(3.12E-1,2.33E-1,-1.9E-2));
#3993=VERTEX_POINT('',#3992);
#3994=CARTESIAN_POINT('',(3.12E-1,2.33E-1,1.9E-2));
#3995=VERTEX_POINT('',#3994);
#3996=CARTESIAN_POINT('',(3.22E-1,2.43E-1,9.E-3));
#3997=VERTEX_POINT('',#3996);
#3998=CARTESIAN_POINT('',(3.32E-1,2.43E-1,9.E-3));
#3999=CARTESIAN_POINT('',(3.32E-1,2.33E-1,1.9E-2));
#4000=VERTEX_POINT('',#3998);
#4001=VERTEX_POINT('',#3999);
#4002=CARTESIAN_POINT('',(2.75E-1,7.8E-2,-7.7E-2));
#4003=CARTESIAN_POINT('',(2.75E-1,7.8E-2,-9.7E-2));
#4004=VERTEX_POINT('',#4002);
#4005=VERTEX_POINT('',#4003);
#4006=CARTESIAN_POINT('',(2.75E-1,7.8E-2,-2.E-2));
#4007=CARTESIAN_POINT('',(2.75E-1,1.755E-1,-2.E-2));
#4008=VERTEX_POINT('',#4006);
#4009=VERTEX_POINT('',#4007);
#4010=CARTESIAN_POINT('',(2.75E-1,1.98E-1,-9.7E-2));
#4011=VERTEX_POINT('',#4010);
#4012=CARTESIAN_POINT('',(2.75E-1,1.755E-1,-7.7E-2));
#4013=VERTEX_POINT('',#4012);
#4014=CARTESIAN_POINT('',(3.32E-1,7.8E-2,2.5E-2));
#4015=CARTESIAN_POINT('',(2.75E-1,7.8E-2,2.5E-2));
#4016=VERTEX_POINT('',#4014);
#4017=VERTEX_POINT('',#4015);
#4018=CARTESIAN_POINT('',(3.32E-1,1.78E-1,2.5E-2));
#4019=VERTEX_POINT('',#4018);
#4020=CARTESIAN_POINT('',(3.32E-1,1.78E-1,2.6E-2));
#4021=VERTEX_POINT('',#4020);
#4022=CARTESIAN_POINT('',(2.75E-1,1.78E-1,2.6E-2));
#4023=VERTEX_POINT('',#4022);
#4024=CARTESIAN_POINT('',(2.905736379807E-1,1.E-1,-5.6E-2));
#4025=CARTESIAN_POINT('',(2.905736379807E-1,1.E-1,-4.1E-2));
#4026=VERTEX_POINT('',#4024);
#4027=VERTEX_POINT('',#4025);
#4028=CARTESIAN_POINT('',(2.75E-1,1.E-1,-4.1E-2));
#4029=CARTESIAN_POINT('',(2.75E-1,1.E-1,-5.6E-2));
#4030=VERTEX_POINT('',#4028);
#4031=VERTEX_POINT('',#4029);
#4032=CARTESIAN_POINT('',(2.75E-1,1.755E-1,-5.6E-2));
#4033=CARTESIAN_POINT('',(2.915214914766E-1,1.755E-1,-5.6E-2));
#4034=VERTEX_POINT('',#4032);
#4035=VERTEX_POINT('',#4033);
#4036=CARTESIAN_POINT('',(2.75E-1,1.755E-1,-4.1E-2));
#4037=CARTESIAN_POINT('',(2.915214914766E-1,1.755E-1,-4.1E-2));
#4038=VERTEX_POINT('',#4036);
#4039=VERTEX_POINT('',#4037);
#4040=CARTESIAN_POINT('',(3.465E-1,2.43E-1,-1.725E-1));
#4041=CARTESIAN_POINT('',(3.315E-1,2.43E-1,-1.875E-1));
#4042=VERTEX_POINT('',#4040);
#4043=VERTEX_POINT('',#4041);
#4044=CARTESIAN_POINT('',(-3.315E-1,2.43E-1,-1.875E-1));
#4045=CARTESIAN_POINT('',(-3.465E-1,2.43E-1,-1.725E-1));
#4046=VERTEX_POINT('',#4044);
#4047=VERTEX_POINT('',#4045);
#4048=CARTESIAN_POINT('',(-3.465E-1,2.43E-1,1.725E-1));
#4049=CARTESIAN_POINT('',(-3.315E-1,2.43E-1,1.875E-1));
#4050=VERTEX_POINT('',#4048);
#4051=VERTEX_POINT('',#4049);
#4052=CARTESIAN_POINT('',(3.315E-1,2.43E-1,1.875E-1));
#4053=CARTESIAN_POINT('',(3.465E-1,2.43E-1,1.725E-1));
#4054=VERTEX_POINT('',#4052);
#4055=VERTEX_POINT('',#4053);
#4056=CARTESIAN_POINT('',(3.465E-1,2.43E-1,7.5E-2));
#4057=VERTEX_POINT('',#4056);
#4058=CARTESIAN_POINT('',(3.465E-1,2.88E-1,-1.725E-1));
#4059=CARTESIAN_POINT('',(3.315E-1,2.88E-1,-1.875E-1));
#4060=VERTEX_POINT('',#4058);
#4061=VERTEX_POINT('',#4059);
#4062=CARTESIAN_POINT('',(-3.315E-1,2.88E-1,-1.875E-1));
#4063=VERTEX_POINT('',#4062);
#4064=CARTESIAN_POINT('',(-3.465E-1,2.88E-1,-1.725E-1));
#4065=VERTEX_POINT('',#4064);
#4066=CARTESIAN_POINT('',(-3.465E-1,2.88E-1,1.725E-1));
#4067=VERTEX_POINT('',#4066);
#4068=CARTESIAN_POINT('',(-3.315E-1,2.88E-1,1.875E-1));
#4069=VERTEX_POINT('',#4068);
#4070=CARTESIAN_POINT('',(3.315E-1,2.88E-1,1.875E-1));
#4071=VERTEX_POINT('',#4070);
#4072=CARTESIAN_POINT('',(3.465E-1,2.88E-1,1.725E-1));
#4073=VERTEX_POINT('',#4072);
#4074=CARTESIAN_POINT('',(3.465E-1,2.88E-1,7.5E-2));
#4075=VERTEX_POINT('',#4074);
#4076=CARTESIAN_POINT('',(1.81E-1,2.88E-1,-7.E-2));
#4077=CARTESIAN_POINT('',(1.81E-1,2.88E-1,7.E-2));
#4078=VERTEX_POINT('',#4076);
#4079=VERTEX_POINT('',#4077);
#4080=CARTESIAN_POINT('',(-1.81E-1,2.88E-1,7.E-2));
#4081=VERTEX_POINT('',#4080);
#4082=CARTESIAN_POINT('',(-1.81E-1,2.88E-1,-7.E-2));
#4083=VERTEX_POINT('',#4082);
#4084=CARTESIAN_POINT('',(3.E-2,2.63E-1,-2.145E-1));
#4085=CARTESIAN_POINT('',(-3.E-2,2.63E-1,-2.145E-1));
#4086=VERTEX_POINT('',#4084);
#4087=VERTEX_POINT('',#4085);
#4088=CARTESIAN_POINT('',(2.11E-1,2.63E-1,-2.145E-1));
#4089=CARTESIAN_POINT('',(1.51E-1,2.63E-1,-2.145E-1));
#4090=VERTEX_POINT('',#4088);
#4091=VERTEX_POINT('',#4089);
#4092=CARTESIAN_POINT('',(-1.51E-1,2.63E-1,-2.145E-1));
#4093=CARTESIAN_POINT('',(-2.11E-1,2.63E-1,-2.145E-1));
#4094=VERTEX_POINT('',#4092);
#4095=VERTEX_POINT('',#4093);
#4096=CARTESIAN_POINT('',(1.51E-1,2.63E-1,2.145E-1));
#4097=CARTESIAN_POINT('',(2.11E-1,2.63E-1,2.145E-1));
#4098=VERTEX_POINT('',#4096);
#4099=VERTEX_POINT('',#4097);
#4100=CARTESIAN_POINT('',(-3.E-2,2.63E-1,2.145E-1));
#4101=CARTESIAN_POINT('',(3.E-2,2.63E-1,2.145E-1));
#4102=VERTEX_POINT('',#4100);
#4103=VERTEX_POINT('',#4101);
#4104=CARTESIAN_POINT('',(-2.11E-1,2.63E-1,2.145E-1));
#4105=CARTESIAN_POINT('',(-1.51E-1,2.63E-1,2.145E-1));
#4106=VERTEX_POINT('',#4104);
#4107=VERTEX_POINT('',#4105);
#4108=CARTESIAN_POINT('',(-2.11E-1,2.63E-1,-1.875E-1));
#4109=CARTESIAN_POINT('',(-1.51E-1,2.63E-1,-1.875E-1));
#4110=VERTEX_POINT('',#4108);
#4111=VERTEX_POINT('',#4109);
#4112=CARTESIAN_POINT('',(-3.E-2,2.63E-1,-1.875E-1));
#4113=CARTESIAN_POINT('',(3.E-2,2.63E-1,-1.875E-1));
#4114=VERTEX_POINT('',#4112);
#4115=VERTEX_POINT('',#4113);
#4116=CARTESIAN_POINT('',(1.51E-1,2.63E-1,-1.875E-1));
#4117=CARTESIAN_POINT('',(2.11E-1,2.63E-1,-1.875E-1));
#4118=VERTEX_POINT('',#4116);
#4119=VERTEX_POINT('',#4117);
#4120=CARTESIAN_POINT('',(3.E-2,2.43E-1,-1.875E-1));
#4121=VERTEX_POINT('',#4120);
#4122=CARTESIAN_POINT('',(-3.E-2,2.43E-1,-1.875E-1));
#4123=VERTEX_POINT('',#4122);
#4124=CARTESIAN_POINT('',(2.11E-1,2.43E-1,-1.875E-1));
#4125=VERTEX_POINT('',#4124);
#4126=CARTESIAN_POINT('',(1.51E-1,2.43E-1,-1.875E-1));
#4127=VERTEX_POINT('',#4126);
#4128=CARTESIAN_POINT('',(-1.51E-1,2.43E-1,-1.875E-1));
#4129=VERTEX_POINT('',#4128);
#4130=CARTESIAN_POINT('',(-2.11E-1,2.43E-1,-1.875E-1));
#4131=VERTEX_POINT('',#4130);
#4132=CARTESIAN_POINT('',(-2.11E-1,2.63E-1,1.875E-1));
#4133=CARTESIAN_POINT('',(-1.51E-1,2.63E-1,1.875E-1));
#4134=VERTEX_POINT('',#4132);
#4135=VERTEX_POINT('',#4133);
#4136=CARTESIAN_POINT('',(-3.E-2,2.63E-1,1.875E-1));
#4137=CARTESIAN_POINT('',(3.E-2,2.63E-1,1.875E-1));
#4138=VERTEX_POINT('',#4136);
#4139=VERTEX_POINT('',#4137);
#4140=CARTESIAN_POINT('',(1.51E-1,2.63E-1,1.875E-1));
#4141=CARTESIAN_POINT('',(2.11E-1,2.63E-1,1.875E-1));
#4142=VERTEX_POINT('',#4140);
#4143=VERTEX_POINT('',#4141);
#4144=CARTESIAN_POINT('',(1.51E-1,2.43E-1,1.875E-1));
#4145=VERTEX_POINT('',#4144);
#4146=CARTESIAN_POINT('',(2.11E-1,2.43E-1,1.875E-1));
#4147=VERTEX_POINT('',#4146);
#4148=CARTESIAN_POINT('',(-3.E-2,2.43E-1,1.875E-1));
#4149=VERTEX_POINT('',#4148);
#4150=CARTESIAN_POINT('',(3.E-2,2.43E-1,1.875E-1));
#4151=VERTEX_POINT('',#4150);
#4152=CARTESIAN_POINT('',(-1.51E-1,2.43E-1,1.875E-1));
#4153=VERTEX_POINT('',#4152);
#4154=CARTESIAN_POINT('',(-2.11E-1,2.43E-1,1.875E-1));
#4155=VERTEX_POINT('',#4154);
#4156=CARTESIAN_POINT('',(-2.11E-1,2.43E-1,-1.995E-1));
#4157=CARTESIAN_POINT('',(-1.51E-1,2.43E-1,-1.995E-1));
#4158=VERTEX_POINT('',#4156);
#4159=VERTEX_POINT('',#4157);
#4160=CARTESIAN_POINT('',(-3.E-2,2.43E-1,-1.995E-1));
#4161=CARTESIAN_POINT('',(3.E-2,2.43E-1,-1.995E-1));
#4162=VERTEX_POINT('',#4160);
#4163=VERTEX_POINT('',#4161);
#4164=CARTESIAN_POINT('',(1.51E-1,2.43E-1,-1.995E-1));
#4165=CARTESIAN_POINT('',(2.11E-1,2.43E-1,-1.995E-1));
#4166=VERTEX_POINT('',#4164);
#4167=VERTEX_POINT('',#4165);
#4168=CARTESIAN_POINT('',(-2.11E-1,2.43E-1,1.995E-1));
#4169=CARTESIAN_POINT('',(-1.51E-1,2.43E-1,1.995E-1));
#4170=VERTEX_POINT('',#4168);
#4171=VERTEX_POINT('',#4169);
#4172=CARTESIAN_POINT('',(-3.E-2,2.43E-1,1.995E-1));
#4173=CARTESIAN_POINT('',(3.E-2,2.43E-1,1.995E-1));
#4174=VERTEX_POINT('',#4172);
#4175=VERTEX_POINT('',#4173);
#4176=CARTESIAN_POINT('',(1.51E-1,2.43E-1,1.995E-1));
#4177=CARTESIAN_POINT('',(2.11E-1,2.43E-1,1.995E-1));
#4178=VERTEX_POINT('',#4176);
#4179=VERTEX_POINT('',#4177);
#4180=CARTESIAN_POINT('',(3.E-2,2.516602540378E-1,-2.145E-1));
#4181=VERTEX_POINT('',#4180);
#4182=CARTESIAN_POINT('',(-3.E-2,2.516602540378E-1,-2.145E-1));
#4183=VERTEX_POINT('',#4182);
#4184=CARTESIAN_POINT('',(2.11E-1,2.516602540378E-1,-2.145E-1));
#4185=VERTEX_POINT('',#4184);
#4186=CARTESIAN_POINT('',(1.51E-1,2.516602540378E-1,-2.145E-1));
#4187=VERTEX_POINT('',#4186);
#4188=CARTESIAN_POINT('',(-1.51E-1,2.516602540378E-1,-2.145E-1));
#4189=VERTEX_POINT('',#4188);
#4190=CARTESIAN_POINT('',(-2.11E-1,2.516602540378E-1,-2.145E-1));
#4191=VERTEX_POINT('',#4190);
#4192=CARTESIAN_POINT('',(1.51E-1,2.516602540378E-1,2.145E-1));
#4193=VERTEX_POINT('',#4192);
#4194=CARTESIAN_POINT('',(2.11E-1,2.516602540378E-1,2.145E-1));
#4195=VERTEX_POINT('',#4194);
#4196=CARTESIAN_POINT('',(-3.E-2,2.516602540378E-1,2.145E-1));
#4197=VERTEX_POINT('',#4196);
#4198=CARTESIAN_POINT('',(3.E-2,2.516602540378E-1,2.145E-1));
#4199=VERTEX_POINT('',#4198);
#4200=CARTESIAN_POINT('',(-1.51E-1,2.516602540378E-1,2.145E-1));
#4201=VERTEX_POINT('',#4200);
#4202=CARTESIAN_POINT('',(-2.11E-1,2.516602540378E-1,2.145E-1));
#4203=VERTEX_POINT('',#4202);
#4204=CARTESIAN_POINT('',(3.465E-1,2.43E-1,-7.5E-2));
#4205=VERTEX_POINT('',#4204);
#4206=CARTESIAN_POINT('',(3.315E-1,2.88E-1,7.5E-2));
#4207=VERTEX_POINT('',#4206);
#4208=CARTESIAN_POINT('',(3.315E-1,2.88E-1,-7.5E-2));
#4209=VERTEX_POINT('',#4208);
#4210=CARTESIAN_POINT('',(3.465E-1,2.88E-1,-7.5E-2));
#4211=VERTEX_POINT('',#4210);
#4212=CARTESIAN_POINT('',(3.929058411375E-2,2.43E-1,1.7E-1));
#4213=CARTESIAN_POINT('',(-3.929058411375E-2,2.43E-1,1.7E-1));
#4214=VERTEX_POINT('',#4212);
#4215=VERTEX_POINT('',#4213);
#4216=CARTESIAN_POINT('',(-3.929058411375E-2,2.43E-1,-1.7E-1));
#4217=CARTESIAN_POINT('',(3.929058411375E-2,2.43E-1,-1.7E-1));
#4218=VERTEX_POINT('',#4216);
#4219=VERTEX_POINT('',#4217);
#4220=CARTESIAN_POINT('',(3.929058411375E-2,2.04E-1,1.7E-1));
#4221=CARTESIAN_POINT('',(-3.929058411375E-2,2.04E-1,1.7E-1));
#4222=VERTEX_POINT('',#4220);
#4223=VERTEX_POINT('',#4221);
#4224=CARTESIAN_POINT('',(-3.929058411375E-2,2.04E-1,-1.7E-1));
#4225=CARTESIAN_POINT('',(3.929058411375E-2,2.04E-1,-1.7E-1));
#4226=VERTEX_POINT('',#4224);
#4227=VERTEX_POINT('',#4225);
#4228=CARTESIAN_POINT('',(1.81E-1,2.63E-1,7.E-2));
#4229=CARTESIAN_POINT('',(-1.81E-1,2.63E-1,7.E-2));
#4230=VERTEX_POINT('',#4228);
#4231=VERTEX_POINT('',#4229);
#4232=CARTESIAN_POINT('',(-1.81E-1,2.63E-1,-7.E-2));
#4233=CARTESIAN_POINT('',(1.81E-1,2.63E-1,-7.E-2));
#4234=VERTEX_POINT('',#4232);
#4235=VERTEX_POINT('',#4233);
#4236=CARTESIAN_POINT('',(-2.970127091267E-1,2.68E-1,-7.E-2));
#4237=CARTESIAN_POINT('',(-2.970127091267E-1,2.68E-1,7.E-2));
#4238=VERTEX_POINT('',#4236);
#4239=VERTEX_POINT('',#4237);
#4240=CARTESIAN_POINT('',(2.970127091267E-1,2.68E-1,-7.E-2));
#4241=CARTESIAN_POINT('',(2.970127091267E-1,2.68E-1,7.E-2));
#4242=VERTEX_POINT('',#4240);
#4243=VERTEX_POINT('',#4241);
#4244=CARTESIAN_POINT('',(-3.465E-1,2.43E-1,-7.E-2));
#4245=CARTESIAN_POINT('',(-3.465E-1,2.68E-1,-7.E-2));
#4246=VERTEX_POINT('',#4244);
#4247=VERTEX_POINT('',#4245);
#4248=CARTESIAN_POINT('',(-3.465E-1,2.43E-1,7.E-2));
#4249=CARTESIAN_POINT('',(-3.465E-1,2.68E-1,7.E-2));
#4250=VERTEX_POINT('',#4248);
#4251=VERTEX_POINT('',#4249);
#4252=CARTESIAN_POINT('',(3.315E-1,2.68E-1,7.E-2));
#4253=CARTESIAN_POINT('',(3.315E-1,2.68E-1,-7.E-2));
#4254=VERTEX_POINT('',#4252);
#4255=VERTEX_POINT('',#4253);
#4256=CARTESIAN_POINT('',(2.75E-1,2.61E-1,1.689211776999E-1));
#4257=CARTESIAN_POINT('',(-2.75E-1,2.61E-1,1.689211776999E-1));
#4258=VERTEX_POINT('',#4256);
#4259=VERTEX_POINT('',#4257);
#4260=CARTESIAN_POINT('',(2.75E-1,2.61E-1,-1.689211776999E-1));
#4261=CARTESIAN_POINT('',(-2.75E-1,2.61E-1,-1.689211776999E-1));
#4262=VERTEX_POINT('',#4260);
#4263=VERTEX_POINT('',#4261);
#4264=CARTESIAN_POINT('',(-2.75E-1,2.43E-1,1.689211776999E-1));
#4265=CARTESIAN_POINT('',(-2.75E-1,2.43E-1,7.E-2));
#4266=VERTEX_POINT('',#4264);
#4267=VERTEX_POINT('',#4265);
#4268=CARTESIAN_POINT('',(-2.75E-1,2.43E-1,-7.E-2));
#4269=CARTESIAN_POINT('',(-2.75E-1,2.43E-1,-1.689211776999E-1));
#4270=VERTEX_POINT('',#4268);
#4271=VERTEX_POINT('',#4269);
#4272=CARTESIAN_POINT('',(-3.906921816396E-2,2.43E-1,1.689211776999E-1));
#4273=VERTEX_POINT('',#4272);
#4274=CARTESIAN_POINT('',(3.906921816396E-2,2.43E-1,1.689211776999E-1));
#4275=CARTESIAN_POINT('',(2.75E-1,2.43E-1,1.689211776999E-1));
#4276=VERTEX_POINT('',#4274);
#4277=VERTEX_POINT('',#4275);
#4278=CARTESIAN_POINT('',(-3.906921816396E-2,2.43E-1,-1.689211776999E-1));
#4279=VERTEX_POINT('',#4278);
#4280=CARTESIAN_POINT('',(3.906921816396E-2,2.43E-1,-1.689211776999E-1));
#4281=CARTESIAN_POINT('',(2.75E-1,2.43E-1,-1.689211776999E-1));
#4282=VERTEX_POINT('',#4280);
#4283=VERTEX_POINT('',#4281);
#4284=CARTESIAN_POINT('',(1.81E-1,2.61E-1,-7.2E-2));
#4285=CARTESIAN_POINT('',(1.81E-1,2.61E-1,7.2E-2));
#4286=VERTEX_POINT('',#4284);
#4287=VERTEX_POINT('',#4285);
#4288=CARTESIAN_POINT('',(-1.81E-1,2.61E-1,7.2E-2));
#4289=CARTESIAN_POINT('',(-1.81E-1,2.61E-1,-7.2E-2));
#4290=VERTEX_POINT('',#4288);
#4291=VERTEX_POINT('',#4289);
#4292=CARTESIAN_POINT('',(-3.906921816396E-2,2.029211776999E-1,
1.689211776999E-1));
#4293=VERTEX_POINT('',#4292);
#4294=CARTESIAN_POINT('',(3.906921816396E-2,2.029211776999E-1,
1.689211776999E-1));
#4295=VERTEX_POINT('',#4294);
#4296=CARTESIAN_POINT('',(3.906921816396E-2,2.029211776999E-1,
-1.689211776999E-1));
#4297=VERTEX_POINT('',#4296);
#4298=CARTESIAN_POINT('',(-3.906921816396E-2,2.029211776999E-1,
-1.689211776999E-1));
#4299=VERTEX_POINT('',#4298);
#4300=CARTESIAN_POINT('',(-2.75E-1,2.61E-1,-7.E-2));
#4301=VERTEX_POINT('',#4300);
#4302=CARTESIAN_POINT('',(-2.744074000158E-1,2.61E-1,-7.E-2));
#4303=VERTEX_POINT('',#4302);
#4304=CARTESIAN_POINT('',(2.744074000158E-1,2.61E-1,-7.E-2));
#4305=CARTESIAN_POINT('',(2.75E-1,2.61E-1,-7.E-2));
#4306=VERTEX_POINT('',#4304);
#4307=VERTEX_POINT('',#4305);
#4308=CARTESIAN_POINT('',(-2.75E-1,2.61E-1,7.E-2));
#4309=VERTEX_POINT('',#4308);
#4310=CARTESIAN_POINT('',(-2.744074000158E-1,2.61E-1,7.E-2));
#4311=VERTEX_POINT('',#4310);
#4312=CARTESIAN_POINT('',(2.744074000158E-1,2.61E-1,7.E-2));
#4313=CARTESIAN_POINT('',(2.75E-1,2.61E-1,7.E-2));
#4314=VERTEX_POINT('',#4312);
#4315=VERTEX_POINT('',#4313);
#4316=CARTESIAN_POINT('',(-2.11E-1,2.63E-1,-2.115E-1));
#4317=CARTESIAN_POINT('',(-1.51E-1,2.63E-1,-2.115E-1));
#4318=VERTEX_POINT('',#4316);
#4319=VERTEX_POINT('',#4317);
#4320=CARTESIAN_POINT('',(-3.E-2,2.63E-1,-2.115E-1));
#4321=CARTESIAN_POINT('',(3.E-2,2.63E-1,-2.115E-1));
#4322=VERTEX_POINT('',#4320);
#4323=VERTEX_POINT('',#4321);
#4324=CARTESIAN_POINT('',(1.51E-1,2.63E-1,-2.115E-1));
#4325=CARTESIAN_POINT('',(2.11E-1,2.63E-1,-2.115E-1));
#4326=VERTEX_POINT('',#4324);
#4327=VERTEX_POINT('',#4325);
#4328=CARTESIAN_POINT('',(-2.11E-1,2.63E-1,2.115E-1));
#4329=CARTESIAN_POINT('',(-1.51E-1,2.63E-1,2.115E-1));
#4330=VERTEX_POINT('',#4328);
#4331=VERTEX_POINT('',#4329);
#4332=CARTESIAN_POINT('',(-3.E-2,2.63E-1,2.115E-1));
#4333=CARTESIAN_POINT('',(3.E-2,2.63E-1,2.115E-1));
#4334=VERTEX_POINT('',#4332);
#4335=VERTEX_POINT('',#4333);
#4336=CARTESIAN_POINT('',(1.51E-1,2.63E-1,2.115E-1));
#4337=CARTESIAN_POINT('',(2.11E-1,2.63E-1,2.115E-1));
#4338=VERTEX_POINT('',#4336);
#4339=VERTEX_POINT('',#4337);
#4340=CARTESIAN_POINT('',(-2.11E-1,2.63E-1,1.895E-1));
#4341=CARTESIAN_POINT('',(-1.51E-1,2.63E-1,1.895E-1));
#4342=VERTEX_POINT('',#4340);
#4343=VERTEX_POINT('',#4341);
#4344=CARTESIAN_POINT('',(-3.E-2,2.63E-1,1.895E-1));
#4345=CARTESIAN_POINT('',(3.E-2,2.63E-1,1.895E-1));
#4346=VERTEX_POINT('',#4344);
#4347=VERTEX_POINT('',#4345);
#4348=CARTESIAN_POINT('',(1.51E-1,2.63E-1,1.895E-1));
#4349=CARTESIAN_POINT('',(2.11E-1,2.63E-1,1.895E-1));
#4350=VERTEX_POINT('',#4348);
#4351=VERTEX_POINT('',#4349);
#4352=CARTESIAN_POINT('',(-2.11E-1,2.63E-1,-1.895E-1));
#4353=CARTESIAN_POINT('',(-1.51E-1,2.63E-1,-1.895E-1));
#4354=VERTEX_POINT('',#4352);
#4355=VERTEX_POINT('',#4353);
#4356=CARTESIAN_POINT('',(-3.E-2,2.63E-1,-1.895E-1));
#4357=CARTESIAN_POINT('',(3.E-2,2.63E-1,-1.895E-1));
#4358=VERTEX_POINT('',#4356);
#4359=VERTEX_POINT('',#4357);
#4360=CARTESIAN_POINT('',(1.51E-1,2.63E-1,-1.895E-1));
#4361=CARTESIAN_POINT('',(2.11E-1,2.63E-1,-1.895E-1));
#4362=VERTEX_POINT('',#4360);
#4363=VERTEX_POINT('',#4361);
#4364=CARTESIAN_POINT('',(3.32E-1,2.13E-1,8.75E-2));
#4365=CARTESIAN_POINT('',(3.32E-1,1.98E-1,8.75E-2));
#4366=VERTEX_POINT('',#4364);
#4367=VERTEX_POINT('',#4365);
#4368=CARTESIAN_POINT('',(3.32E-1,2.43E-1,-2.15E-2));
#4369=CARTESIAN_POINT('',(3.095E-1,2.43E-1,-2.15E-2));
#4370=VERTEX_POINT('',#4368);
#4371=VERTEX_POINT('',#4369);
#4372=CARTESIAN_POINT('',(3.095E-1,2.43E-1,2.15E-2));
#4373=VERTEX_POINT('',#4372);
#4374=CARTESIAN_POINT('',(3.32E-1,2.43E-1,2.15E-2));
#4375=VERTEX_POINT('',#4374);
#4376=CARTESIAN_POINT('',(2.795E-1,2.13E-1,-1.075E-1));
#4377=CARTESIAN_POINT('',(3.095E-1,2.13E-1,-9.75E-2));
#4378=VERTEX_POINT('',#4376);
#4379=VERTEX_POINT('',#4377);
#4380=CARTESIAN_POINT('',(3.32E-1,2.13E-1,-9.75E-2));
#4381=VERTEX_POINT('',#4380);
#4382=CARTESIAN_POINT('',(3.32E-1,2.13E-1,9.75E-2));
#4383=CARTESIAN_POINT('',(3.095E-1,2.13E-1,9.75E-2));
#4384=VERTEX_POINT('',#4382);
#4385=VERTEX_POINT('',#4383);
#4386=CARTESIAN_POINT('',(2.795E-1,2.13E-1,1.075E-1));
#4387=VERTEX_POINT('',#4386);
#4388=CARTESIAN_POINT('',(3.32E-1,2.13E-1,-8.75E-2));
#4389=VERTEX_POINT('',#4388);
#4390=CARTESIAN_POINT('',(2.75E-1,2.13E-1,-1.107218484624E-1));
#4391=CARTESIAN_POINT('',(2.75E-1,2.13E-1,-8.75E-2));
#4392=VERTEX_POINT('',#4390);
#4393=VERTEX_POINT('',#4391);
#4394=CARTESIAN_POINT('',(2.75E-1,2.13E-1,8.75E-2));
#4395=CARTESIAN_POINT('',(2.75E-1,2.13E-1,1.107218484624E-1));
#4396=VERTEX_POINT('',#4394);
#4397=VERTEX_POINT('',#4395);
#4398=CARTESIAN_POINT('',(2.75E-1,1.98E-1,8.75E-2));
#4399=VERTEX_POINT('',#4398);
#4400=CARTESIAN_POINT('',(3.32E-1,1.98E-1,-2.15E-2));
#4401=CARTESIAN_POINT('',(3.095E-1,1.98E-1,-2.15E-2));
#4402=VERTEX_POINT('',#4400);
#4403=VERTEX_POINT('',#4401);
#4404=CARTESIAN_POINT('',(3.095E-1,1.98E-1,2.15E-2));
#4405=VERTEX_POINT('',#4404);
#4406=CARTESIAN_POINT('',(3.32E-1,1.98E-1,2.15E-2));
#4407=VERTEX_POINT('',#4406);
#4408=CARTESIAN_POINT('',(3.32E-1,1.98E-1,-8.75E-2));
#4409=CARTESIAN_POINT('',(2.75E-1,1.98E-1,-8.75E-2));
#4410=VERTEX_POINT('',#4408);
#4411=VERTEX_POINT('',#4409);
#4412=CARTESIAN_POINT('',(3.32E-1,1.98E-1,2.6E-2));
#4413=CARTESIAN_POINT('',(2.75E-1,1.98E-1,2.6E-2));
#4414=VERTEX_POINT('',#4412);
#4415=VERTEX_POINT('',#4413);
#4416=CARTESIAN_POINT('',(2.75E-1,2.43E-1,-1.107218484624E-1));
#4417=CARTESIAN_POINT('',(2.795E-1,2.43E-1,-1.075E-1));
#4418=VERTEX_POINT('',#4416);
#4419=VERTEX_POINT('',#4417);
#4420=CARTESIAN_POINT('',(3.095E-1,2.43E-1,-9.75E-2));
#4421=VERTEX_POINT('',#4420);
#4422=CARTESIAN_POINT('',(3.32E-1,2.43E-1,-9.75E-2));
#4423=VERTEX_POINT('',#4422);
#4424=CARTESIAN_POINT('',(3.32E-1,2.43E-1,-7.5E-2));
#4425=VERTEX_POINT('',#4424);
#4426=CARTESIAN_POINT('',(3.32E-1,2.43E-1,7.5E-2));
#4427=CARTESIAN_POINT('',(3.32E-1,2.43E-1,9.75E-2));
#4428=VERTEX_POINT('',#4426);
#4429=VERTEX_POINT('',#4427);
#4430=CARTESIAN_POINT('',(3.095E-1,2.43E-1,9.75E-2));
#4431=VERTEX_POINT('',#4430);
#4432=CARTESIAN_POINT('',(2.795E-1,2.43E-1,1.075E-1));
#4433=VERTEX_POINT('',#4432);
#4434=CARTESIAN_POINT('',(2.75E-1,2.43E-1,1.107218484624E-1));
#4435=VERTEX_POINT('',#4434);
#4436=CARTESIAN_POINT('',(3.315E-1,2.43E-1,7.5E-2));
#4437=VERTEX_POINT('',#4436);
#4438=CARTESIAN_POINT('',(3.315E-1,2.43E-1,7.E-2));
#4439=VERTEX_POINT('',#4438);
#4440=CARTESIAN_POINT('',(3.315E-1,2.43E-1,-7.E-2));
#4441=CARTESIAN_POINT('',(3.315E-1,2.43E-1,-7.5E-2));
#4442=VERTEX_POINT('',#4440);
#4443=VERTEX_POINT('',#4441);
#4444=CARTESIAN_POINT('',(2.75E-1,2.43E-1,-7.E-2));
#4445=VERTEX_POINT('',#4444);
#4446=CARTESIAN_POINT('',(2.75E-1,2.43E-1,7.E-2));
#4447=VERTEX_POINT('',#4446);
#4448=CARTESIAN_POINT('',(2.970127091267E-1,2.68E-1,-7.E-2));
#4449=DIRECTION('',(0.E0,1.E0,0.E0));
#4450=DIRECTION('',(1.E0,0.E0,0.E0));
#4451=AXIS2_PLACEMENT_3D('',#4448,#4449,#4450);
#4452=PLANE('',#4451);
#4454=ORIENTED_EDGE('',*,*,#4453,.T.);
#4456=ORIENTED_EDGE('',*,*,#4455,.F.);
#4458=ORIENTED_EDGE('',*,*,#4457,.T.);
#4460=ORIENTED_EDGE('',*,*,#4459,.T.);
#4461=EDGE_LOOP('',(#4454,#4456,#4458,#4460));
#4462=FACE_OUTER_BOUND('',#4461,.F.);
#4463=ADVANCED_FACE('',(#4462),#4452,.F.);
#4464=CARTESIAN_POINT('',(3.315E-1,2.43E-1,7.5E-2));
#4465=DIRECTION('',(1.E0,0.E0,0.E0));
#4466=DIRECTION('',(0.E0,0.E0,-1.E0));
#4467=AXIS2_PLACEMENT_3D('',#4464,#4465,#4466);
#4468=PLANE('',#4467);
#4470=ORIENTED_EDGE('',*,*,#4469,.F.);
#4472=ORIENTED_EDGE('',*,*,#4471,.T.);
#4474=ORIENTED_EDGE('',*,*,#4473,.T.);
#4476=ORIENTED_EDGE('',*,*,#4475,.F.);
#4478=ORIENTED_EDGE('',*,*,#4477,.F.);
#4480=ORIENTED_EDGE('',*,*,#4479,.T.);
#4481=ORIENTED_EDGE('',*,*,#4453,.F.);
#4483=ORIENTED_EDGE('',*,*,#4482,.F.);
#4484=EDGE_LOOP('',(#4470,#4472,#4474,#4476,#4478,#4480,#4481,#4483));
#4485=FACE_OUTER_BOUND('',#4484,.F.);
#4486=ADVANCED_FACE('',(#4485),#4468,.T.);
#4487=CARTESIAN_POINT('',(7.2E-2,2.43E-1,0.E0));
#4488=DIRECTION('',(0.E0,-1.E0,0.E0));
#4489=DIRECTION('',(1.E0,0.E0,0.E0));
#4490=AXIS2_PLACEMENT_3D('',#4487,#4488,#4489);
#4491=PLANE('',#4490);
#4493=ORIENTED_EDGE('',*,*,#4492,.F.);
#4494=ORIENTED_EDGE('',*,*,#4469,.T.);
#4496=ORIENTED_EDGE('',*,*,#4495,.T.);
#4498=ORIENTED_EDGE('',*,*,#4497,.F.);
#4500=ORIENTED_EDGE('',*,*,#4499,.F.);
#4501=ORIENTED_EDGE('',*,*,#4477,.T.);
#4503=ORIENTED_EDGE('',*,*,#4502,.T.);
#4505=ORIENTED_EDGE('',*,*,#4504,.T.);
#4507=ORIENTED_EDGE('',*,*,#4506,.T.);
#4509=ORIENTED_EDGE('',*,*,#4508,.T.);
#4511=ORIENTED_EDGE('',*,*,#4510,.T.);
#4513=ORIENTED_EDGE('',*,*,#4512,.T.);
#4514=EDGE_LOOP('',(#4493,#4494,#4496,#4498,#4500,#4501,#4503,#4505,#4507,#4509,
#4511,#4513));
#4515=FACE_OUTER_BOUND('',#4514,.F.);
#4516=ADVANCED_FACE('',(#4515),#4491,.F.);
#4517=CARTESIAN_POINT('',(3.465E-1,2.43E-1,7.5E-2));
#4518=DIRECTION('',(0.E0,0.E0,-1.E0));
#4519=DIRECTION('',(-1.E0,0.E0,0.E0));
#4520=AXIS2_PLACEMENT_3D('',#4517,#4518,#4519);
#4521=PLANE('',#4520);
#4522=ORIENTED_EDGE('',*,*,#4492,.T.);
#4524=ORIENTED_EDGE('',*,*,#4523,.F.);
#4526=ORIENTED_EDGE('',*,*,#4525,.T.);
#4528=ORIENTED_EDGE('',*,*,#4527,.T.);
#4529=ORIENTED_EDGE('',*,*,#4471,.F.);
#4530=EDGE_LOOP('',(#4522,#4524,#4526,#4528,#4529));
#4531=FACE_OUTER_BOUND('',#4530,.F.);
#4532=ADVANCED_FACE('',(#4531),#4521,.T.);
#4533=CARTESIAN_POINT('',(0.E0,2.43E-1,0.E0));
#4534=DIRECTION('',(0.E0,1.E0,0.E0));
#4535=DIRECTION('',(0.E0,0.E0,1.E0));
#4536=AXIS2_PLACEMENT_3D('',#4533,#4534,#4535);
#4537=PLANE('',#4536);
#4539=ORIENTED_EDGE('',*,*,#4538,.T.);
#4541=ORIENTED_EDGE('',*,*,#4540,.T.);
#4543=ORIENTED_EDGE('',*,*,#4542,.F.);
#4545=ORIENTED_EDGE('',*,*,#4544,.T.);
#4547=ORIENTED_EDGE('',*,*,#4546,.F.);
#4549=ORIENTED_EDGE('',*,*,#4548,.F.);
#4551=ORIENTED_EDGE('',*,*,#4550,.T.);
#4553=ORIENTED_EDGE('',*,*,#4552,.T.);
#4555=ORIENTED_EDGE('',*,*,#4554,.T.);
#4557=ORIENTED_EDGE('',*,*,#4556,.F.);
#4559=ORIENTED_EDGE('',*,*,#4558,.T.);
#4561=ORIENTED_EDGE('',*,*,#4560,.F.);
#4563=ORIENTED_EDGE('',*,*,#4562,.T.);
#4565=ORIENTED_EDGE('',*,*,#4564,.T.);
#4567=ORIENTED_EDGE('',*,*,#4566,.T.);
#4569=ORIENTED_EDGE('',*,*,#4568,.T.);
#4571=ORIENTED_EDGE('',*,*,#4570,.T.);
#4573=ORIENTED_EDGE('',*,*,#4572,.T.);
#4575=ORIENTED_EDGE('',*,*,#4574,.T.);
#4577=ORIENTED_EDGE('',*,*,#4576,.T.);
#4579=ORIENTED_EDGE('',*,*,#4578,.T.);
#4581=ORIENTED_EDGE('',*,*,#4580,.T.);
#4583=ORIENTED_EDGE('',*,*,#4582,.T.);
#4585=ORIENTED_EDGE('',*,*,#4584,.T.);
#4587=ORIENTED_EDGE('',*,*,#4586,.T.);
#4589=ORIENTED_EDGE('',*,*,#4588,.T.);
#4591=ORIENTED_EDGE('',*,*,#4590,.T.);
#4593=ORIENTED_EDGE('',*,*,#4592,.T.);
#4595=ORIENTED_EDGE('',*,*,#4594,.T.);
#4596=ORIENTED_EDGE('',*,*,#4523,.T.);
#4597=EDGE_LOOP('',(#4539,#4541,#4543,#4545,#4547,#4549,#4551,#4553,#4555,#4557,
#4559,#4561,#4563,#4565,#4567,#4569,#4571,#4573,#4575,#4577,#4579,#4581,#4583,
#4585,#4587,#4589,#4591,#4593,#4595,#4596));
#4598=FACE_OUTER_BOUND('',#4597,.F.);
#4599=ADVANCED_FACE('',(#4598),#4537,.F.);
#4600=CARTESIAN_POINT('',(3.32E-1,1.98E-1,-9.7E-2));
#4601=DIRECTION('',(1.E0,0.E0,0.E0));
#4602=DIRECTION('',(0.E0,0.E0,1.E0));
#4603=AXIS2_PLACEMENT_3D('',#4600,#4601,#4602);
#4604=PLANE('',#4603);
#4606=ORIENTED_EDGE('',*,*,#4605,.F.);
#4608=ORIENTED_EDGE('',*,*,#4607,.T.);
#4610=ORIENTED_EDGE('',*,*,#4609,.F.);
#4612=ORIENTED_EDGE('',*,*,#4611,.T.);
#4614=ORIENTED_EDGE('',*,*,#4613,.F.);
#4615=ORIENTED_EDGE('',*,*,#4538,.F.);
#4616=ORIENTED_EDGE('',*,*,#4512,.F.);
#4618=ORIENTED_EDGE('',*,*,#4617,.T.);
#4620=ORIENTED_EDGE('',*,*,#4619,.T.);
#4622=ORIENTED_EDGE('',*,*,#4621,.T.);
#4624=ORIENTED_EDGE('',*,*,#4623,.F.);
#4626=ORIENTED_EDGE('',*,*,#4625,.T.);
#4628=ORIENTED_EDGE('',*,*,#4627,.F.);
#4630=ORIENTED_EDGE('',*,*,#4629,.F.);
#4632=ORIENTED_EDGE('',*,*,#4631,.T.);
#4634=ORIENTED_EDGE('',*,*,#4633,.F.);
#4635=ORIENTED_EDGE('',*,*,#4504,.F.);
#4637=ORIENTED_EDGE('',*,*,#4636,.F.);
#4639=ORIENTED_EDGE('',*,*,#4638,.T.);
#4641=ORIENTED_EDGE('',*,*,#4640,.T.);
#4643=ORIENTED_EDGE('',*,*,#4642,.T.);
#4645=ORIENTED_EDGE('',*,*,#4644,.T.);
#4647=ORIENTED_EDGE('',*,*,#4646,.T.);
#4649=ORIENTED_EDGE('',*,*,#4648,.T.);
#4651=ORIENTED_EDGE('',*,*,#4650,.T.);
#4653=ORIENTED_EDGE('',*,*,#4652,.F.);
#4655=ORIENTED_EDGE('',*,*,#4654,.F.);
#4657=ORIENTED_EDGE('',*,*,#4656,.T.);
#4659=ORIENTED_EDGE('',*,*,#4658,.F.);
#4661=ORIENTED_EDGE('',*,*,#4660,.T.);
#4662=EDGE_LOOP('',(#4606,#4608,#4610,#4612,#4614,#4615,#4616,#4618,#4620,#4622,
#4624,#4626,#4628,#4630,#4632,#4634,#4635,#4637,#4639,#4641,#4643,#4645,#4647,
#4649,#4651,#4653,#4655,#4657,#4659,#4661));
#4663=FACE_OUTER_BOUND('',#4662,.F.);
#4664=ADVANCED_FACE('',(#4663),#4604,.T.);
#4665=CARTESIAN_POINT('',(3.32E-1,1.98E-1,2.6E-2));
#4666=DIRECTION('',(0.E0,0.E0,1.E0));
#4667=DIRECTION('',(-1.E0,0.E0,0.E0));
#4668=AXIS2_PLACEMENT_3D('',#4665,#4666,#4667);
#4669=PLANE('',#4668);
#4671=ORIENTED_EDGE('',*,*,#4670,.F.);
#4672=ORIENTED_EDGE('',*,*,#4605,.T.);
#4674=ORIENTED_EDGE('',*,*,#4673,.T.);
#4676=ORIENTED_EDGE('',*,*,#4675,.T.);
#4677=EDGE_LOOP('',(#4671,#4672,#4674,#4676));
#4678=FACE_OUTER_BOUND('',#4677,.F.);
#4679=ADVANCED_FACE('',(#4678),#4669,.T.);
#4680=CARTESIAN_POINT('',(7.2E-2,1.98E-1,0.E0));
#4681=DIRECTION('',(0.E0,-1.E0,0.E0));
#4682=DIRECTION('',(1.E0,0.E0,0.E0));
#4683=AXIS2_PLACEMENT_3D('',#4680,#4681,#4682);
#4684=PLANE('',#4683);
#4685=ORIENTED_EDGE('',*,*,#4670,.T.);
#4687=ORIENTED_EDGE('',*,*,#4686,.T.);
#4689=ORIENTED_EDGE('',*,*,#4688,.F.);
#4690=ORIENTED_EDGE('',*,*,#4607,.F.);
#4691=EDGE_LOOP('',(#4685,#4687,#4689,#4690));
#4692=FACE_OUTER_BOUND('',#4691,.F.);
#4693=ADVANCED_FACE('',(#4692),#4684,.T.);
#4694=CARTESIAN_POINT('',(2.75E-1,0.E0,0.E0));
#4695=DIRECTION('',(1.E0,0.E0,0.E0));
#4696=DIRECTION('',(0.E0,0.E0,-1.E0));
#4697=AXIS2_PLACEMENT_3D('',#4694,#4695,#4696);
#4698=PLANE('',#4697);
#4700=ORIENTED_EDGE('',*,*,#4699,.F.);
#4702=ORIENTED_EDGE('',*,*,#4701,.T.);
#4704=ORIENTED_EDGE('',*,*,#4703,.T.);
#4706=ORIENTED_EDGE('',*,*,#4705,.T.);
#4708=ORIENTED_EDGE('',*,*,#4707,.F.);
#4709=ORIENTED_EDGE('',*,*,#4497,.T.);
#4711=ORIENTED_EDGE('',*,*,#4710,.T.);
#4713=ORIENTED_EDGE('',*,*,#4712,.T.);
#4715=ORIENTED_EDGE('',*,*,#4714,.T.);
#4716=ORIENTED_EDGE('',*,*,#4546,.T.);
#4718=ORIENTED_EDGE('',*,*,#4717,.T.);
#4720=ORIENTED_EDGE('',*,*,#4719,.F.);
#4722=ORIENTED_EDGE('',*,*,#4721,.T.);
#4723=ORIENTED_EDGE('',*,*,#4686,.F.);
#4724=ORIENTED_EDGE('',*,*,#4675,.F.);
#4726=ORIENTED_EDGE('',*,*,#4725,.T.);
#4728=ORIENTED_EDGE('',*,*,#4727,.F.);
#4730=ORIENTED_EDGE('',*,*,#4729,.F.);
#4732=ORIENTED_EDGE('',*,*,#4731,.T.);
#4734=ORIENTED_EDGE('',*,*,#4733,.F.);
#4736=ORIENTED_EDGE('',*,*,#4735,.T.);
#4738=ORIENTED_EDGE('',*,*,#4737,.T.);
#4740=ORIENTED_EDGE('',*,*,#4739,.T.);
#4742=ORIENTED_EDGE('',*,*,#4741,.T.);
#4744=ORIENTED_EDGE('',*,*,#4743,.T.);
#4746=ORIENTED_EDGE('',*,*,#4745,.T.);
#4748=ORIENTED_EDGE('',*,*,#4747,.F.);
#4750=ORIENTED_EDGE('',*,*,#4749,.T.);
#4752=ORIENTED_EDGE('',*,*,#4751,.T.);
#4754=ORIENTED_EDGE('',*,*,#4753,.T.);
#4756=ORIENTED_EDGE('',*,*,#4755,.F.);
#4758=ORIENTED_EDGE('',*,*,#4757,.T.);
#4760=ORIENTED_EDGE('',*,*,#4759,.T.);
#4762=ORIENTED_EDGE('',*,*,#4761,.F.);
#4764=ORIENTED_EDGE('',*,*,#4763,.F.);
#4766=ORIENTED_EDGE('',*,*,#4765,.F.);
#4767=EDGE_LOOP('',(#4700,#4702,#4704,#4706,#4708,#4709,#4711,#4713,#4715,#4716,
#4718,#4720,#4722,#4723,#4724,#4726,#4728,#4730,#4732,#4734,#4736,#4738,#4740,
#4742,#4744,#4746,#4748,#4750,#4752,#4754,#4756,#4758,#4760,#4762,#4764,#4766));
#4768=FACE_OUTER_BOUND('',#4767,.F.);
#4769=ADVANCED_FACE('',(#4768),#4698,.F.);
#4770=CARTESIAN_POINT('',(2.045E-1,2.43E-1,-7.5E-3));
#4771=DIRECTION('',(0.E0,-1.E0,0.E0));
#4772=DIRECTION('',(1.E0,0.E0,0.E0));
#4773=AXIS2_PLACEMENT_3D('',#4770,#4771,#4772);
#4774=CYLINDRICAL_SURFACE('',#4773,1.25E-1);
#4776=ORIENTED_EDGE('',*,*,#4775,.F.);
#4777=ORIENTED_EDGE('',*,*,#4699,.T.);
#4779=ORIENTED_EDGE('',*,*,#4778,.T.);
#4781=ORIENTED_EDGE('',*,*,#4780,.F.);
#4782=EDGE_LOOP('',(#4776,#4777,#4779,#4781));
#4783=FACE_OUTER_BOUND('',#4782,.F.);
#4784=ADVANCED_FACE('',(#4783),#4774,.T.);
#4785=CARTESIAN_POINT('',(0.E0,2.43E-1,0.E0));
#4786=DIRECTION('',(0.E0,1.E0,0.E0));
#4787=DIRECTION('',(0.E0,0.E0,1.E0));
#4788=AXIS2_PLACEMENT_3D('',#4785,#4786,#4787);
#4789=PLANE('',#4788);
#4790=ORIENTED_EDGE('',*,*,#4775,.T.);
#4792=ORIENTED_EDGE('',*,*,#4791,.F.);
#4794=ORIENTED_EDGE('',*,*,#4793,.T.);
#4795=ORIENTED_EDGE('',*,*,#4636,.T.);
#4797=ORIENTED_EDGE('',*,*,#4796,.T.);
#4799=ORIENTED_EDGE('',*,*,#4798,.T.);
#4801=ORIENTED_EDGE('',*,*,#4800,.T.);
#4803=ORIENTED_EDGE('',*,*,#4802,.T.);
#4805=ORIENTED_EDGE('',*,*,#4804,.T.);
#4807=ORIENTED_EDGE('',*,*,#4806,.F.);
#4809=ORIENTED_EDGE('',*,*,#4808,.T.);
#4811=ORIENTED_EDGE('',*,*,#4810,.T.);
#4813=ORIENTED_EDGE('',*,*,#4812,.T.);
#4815=ORIENTED_EDGE('',*,*,#4814,.F.);
#4817=ORIENTED_EDGE('',*,*,#4816,.T.);
#4819=ORIENTED_EDGE('',*,*,#4818,.T.);
#4821=ORIENTED_EDGE('',*,*,#4820,.T.);
#4823=ORIENTED_EDGE('',*,*,#4822,.F.);
#4825=ORIENTED_EDGE('',*,*,#4824,.T.);
#4827=ORIENTED_EDGE('',*,*,#4826,.T.);
#4829=ORIENTED_EDGE('',*,*,#4828,.T.);
#4831=ORIENTED_EDGE('',*,*,#4830,.T.);
#4833=ORIENTED_EDGE('',*,*,#4832,.T.);
#4835=ORIENTED_EDGE('',*,*,#4834,.T.);
#4837=ORIENTED_EDGE('',*,*,#4836,.T.);
#4839=ORIENTED_EDGE('',*,*,#4838,.T.);
#4841=ORIENTED_EDGE('',*,*,#4840,.T.);
#4843=ORIENTED_EDGE('',*,*,#4842,.T.);
#4845=ORIENTED_EDGE('',*,*,#4844,.T.);
#4846=ORIENTED_EDGE('',*,*,#4701,.F.);
#4847=EDGE_LOOP('',(#4790,#4792,#4794,#4795,#4797,#4799,#4801,#4803,#4805,#4807,
#4809,#4811,#4813,#4815,#4817,#4819,#4821,#4823,#4825,#4827,#4829,#4831,#4833,
#4835,#4837,#4839,#4841,#4843,#4845,#4846));
#4848=FACE_OUTER_BOUND('',#4847,.F.);
#4849=ADVANCED_FACE('',(#4848),#4789,.F.);
#4850=CARTESIAN_POINT('',(3.095E-1,2.43E-1,-1.475E-1));
#4851=DIRECTION('',(0.E0,-1.E0,0.E0));
#4852=DIRECTION('',(1.E0,0.E0,0.E0));
#4853=AXIS2_PLACEMENT_3D('',#4850,#4851,#4852);
#4854=CYLINDRICAL_SURFACE('',#4853,5.E-2);
#4855=ORIENTED_EDGE('',*,*,#4791,.T.);
#4856=ORIENTED_EDGE('',*,*,#4780,.T.);
#4858=ORIENTED_EDGE('',*,*,#4857,.T.);
#4860=ORIENTED_EDGE('',*,*,#4859,.F.);
#4861=EDGE_LOOP('',(#4855,#4856,#4858,#4860));
#4862=FACE_OUTER_BOUND('',#4861,.F.);
#4863=ADVANCED_FACE('',(#4862),#4854,.F.);
#4864=CARTESIAN_POINT('',(7.2E-2,2.13E-1,0.E0));
#4865=DIRECTION('',(0.E0,-1.E0,0.E0));
#4866=DIRECTION('',(1.E0,0.E0,0.E0));
#4867=AXIS2_PLACEMENT_3D('',#4864,#4865,#4866);
#4868=PLANE('',#4867);
#4869=ORIENTED_EDGE('',*,*,#4765,.T.);
#4871=ORIENTED_EDGE('',*,*,#4870,.F.);
#4872=ORIENTED_EDGE('',*,*,#4640,.F.);
#4874=ORIENTED_EDGE('',*,*,#4873,.F.);
#4875=ORIENTED_EDGE('',*,*,#4857,.F.);
#4876=ORIENTED_EDGE('',*,*,#4778,.F.);
#4877=EDGE_LOOP('',(#4869,#4871,#4872,#4874,#4875,#4876));
#4878=FACE_OUTER_BOUND('',#4877,.F.);
#4879=ADVANCED_FACE('',(#4878),#4868,.T.);
#4880=CARTESIAN_POINT('',(1.5775E-1,2.43E-1,-8.75E-2));
#4881=DIRECTION('',(0.E0,0.E0,-1.E0));
#4882=DIRECTION('',(1.E0,0.E0,0.E0));
#4883=AXIS2_PLACEMENT_3D('',#4880,#4881,#4882);
#4884=PLANE('',#4883);
#4886=ORIENTED_EDGE('',*,*,#4885,.F.);
#4887=ORIENTED_EDGE('',*,*,#4642,.F.);
#4888=ORIENTED_EDGE('',*,*,#4870,.T.);
#4889=ORIENTED_EDGE('',*,*,#4763,.T.);
#4890=EDGE_LOOP('',(#4886,#4887,#4888,#4889));
#4891=FACE_OUTER_BOUND('',#4890,.F.);
#4892=ADVANCED_FACE('',(#4891),#4884,.T.);
#4893=CARTESIAN_POINT('',(7.2E-2,1.98E-1,6.25E-2));
#4894=DIRECTION('',(0.E0,-1.E0,0.E0));
#4895=DIRECTION('',(-1.E0,0.E0,0.E0));
#4896=AXIS2_PLACEMENT_3D('',#4893,#4894,#4895);
#4897=PLANE('',#4896);
#4898=ORIENTED_EDGE('',*,*,#4885,.T.);
#4899=ORIENTED_EDGE('',*,*,#4761,.T.);
#4901=ORIENTED_EDGE('',*,*,#4900,.T.);
#4902=ORIENTED_EDGE('',*,*,#4644,.F.);
#4903=EDGE_LOOP('',(#4898,#4899,#4901,#4902));
#4904=FACE_OUTER_BOUND('',#4903,.F.);
#4905=ADVANCED_FACE('',(#4904),#4897,.F.);
#4906=CARTESIAN_POINT('',(2.72E-1,1.98E-1,-9.7E-2));
#4907=DIRECTION('',(0.E0,0.E0,-1.E0));
#4908=DIRECTION('',(1.E0,0.E0,0.E0));
#4909=AXIS2_PLACEMENT_3D('',#4906,#4907,#4908);
#4910=PLANE('',#4909);
#4911=ORIENTED_EDGE('',*,*,#4759,.F.);
#4913=ORIENTED_EDGE('',*,*,#4912,.T.);
#4914=ORIENTED_EDGE('',*,*,#4646,.F.);
#4915=ORIENTED_EDGE('',*,*,#4900,.F.);
#4916=EDGE_LOOP('',(#4911,#4913,#4914,#4915));
#4917=FACE_OUTER_BOUND('',#4916,.F.);
#4918=ADVANCED_FACE('',(#4917),#4910,.T.);
#4919=CARTESIAN_POINT('',(7.2E-2,7.8E-2,6.25E-2));
#4920=DIRECTION('',(0.E0,-1.E0,0.E0));
#4921=DIRECTION('',(-1.E0,0.E0,0.E0));
#4922=AXIS2_PLACEMENT_3D('',#4919,#4920,#4921);
#4923=PLANE('',#4922);
#4924=ORIENTED_EDGE('',*,*,#4757,.F.);
#4926=ORIENTED_EDGE('',*,*,#4925,.T.);
#4928=ORIENTED_EDGE('',*,*,#4927,.T.);
#4930=ORIENTED_EDGE('',*,*,#4929,.F.);
#4931=ORIENTED_EDGE('',*,*,#4648,.F.);
#4932=ORIENTED_EDGE('',*,*,#4912,.F.);
#4933=EDGE_LOOP('',(#4924,#4926,#4928,#4930,#4931,#4932));
#4934=FACE_OUTER_BOUND('',#4933,.F.);
#4935=ADVANCED_FACE('',(#4934),#4923,.T.);
#4936=CARTESIAN_POINT('',(2.72E-1,7.8E-2,-7.7E-2));
#4937=DIRECTION('',(0.E0,0.E0,-1.E0));
#4938=DIRECTION('',(1.E0,0.E0,0.E0));
#4939=AXIS2_PLACEMENT_3D('',#4936,#4937,#4938);
#4940=PLANE('',#4939);
#4941=ORIENTED_EDGE('',*,*,#4755,.T.);
#4943=ORIENTED_EDGE('',*,*,#4942,.T.);
#4945=ORIENTED_EDGE('',*,*,#4944,.F.);
#4946=ORIENTED_EDGE('',*,*,#4925,.F.);
#4947=EDGE_LOOP('',(#4941,#4943,#4945,#4946));
#4948=FACE_OUTER_BOUND('',#4947,.F.);
#4949=ADVANCED_FACE('',(#4948),#4940,.F.);
#4950=CARTESIAN_POINT('',(7.2E-2,1.755E-1,6.25E-2));
#4951=DIRECTION('',(0.E0,-1.E0,0.E0));
#4952=DIRECTION('',(-1.E0,0.E0,0.E0));
#4953=AXIS2_PLACEMENT_3D('',#4950,#4951,#4952);
#4954=PLANE('',#4953);
#4956=ORIENTED_EDGE('',*,*,#4955,.T.);
#4958=ORIENTED_EDGE('',*,*,#4957,.T.);
#4960=ORIENTED_EDGE('',*,*,#4959,.F.);
#4961=ORIENTED_EDGE('',*,*,#4745,.F.);
#4963=ORIENTED_EDGE('',*,*,#4962,.F.);
#4965=ORIENTED_EDGE('',*,*,#4964,.F.);
#4966=ORIENTED_EDGE('',*,*,#4942,.F.);
#4967=ORIENTED_EDGE('',*,*,#4753,.F.);
#4968=EDGE_LOOP('',(#4956,#4958,#4960,#4961,#4963,#4965,#4966,#4967));
#4969=FACE_OUTER_BOUND('',#4968,.F.);
#4970=ADVANCED_FACE('',(#4969),#4954,.T.);
#4971=CARTESIAN_POINT('',(2.945E-1,8.05E-2,-5.6E-2));
#4972=DIRECTION('',(0.E0,0.E0,-1.E0));
#4973=DIRECTION('',(-1.E0,0.E0,0.E0));
#4974=AXIS2_PLACEMENT_3D('',#4971,#4972,#4973);
#4975=PLANE('',#4974);
#4976=ORIENTED_EDGE('',*,*,#4955,.F.);
#4977=ORIENTED_EDGE('',*,*,#4751,.F.);
#4979=ORIENTED_EDGE('',*,*,#4978,.T.);
#4981=ORIENTED_EDGE('',*,*,#4980,.T.);
#4982=EDGE_LOOP('',(#4976,#4977,#4979,#4981));
#4983=FACE_OUTER_BOUND('',#4982,.F.);
#4984=ADVANCED_FACE('',(#4983),#4975,.T.);
#4985=CARTESIAN_POINT('',(2.58E-1,1.E-1,-1.06E-1));
#4986=DIRECTION('',(0.E0,1.E0,0.E0));
#4987=DIRECTION('',(1.E0,0.E0,0.E0));
#4988=AXIS2_PLACEMENT_3D('',#4985,#4986,#4987);
#4989=PLANE('',#4988);
#4990=ORIENTED_EDGE('',*,*,#4749,.F.);
#4992=ORIENTED_EDGE('',*,*,#4991,.T.);
#4994=ORIENTED_EDGE('',*,*,#4993,.F.);
#4995=ORIENTED_EDGE('',*,*,#4978,.F.);
#4996=EDGE_LOOP('',(#4990,#4992,#4994,#4995));
#4997=FACE_OUTER_BOUND('',#4996,.F.);
#4998=ADVANCED_FACE('',(#4997),#4989,.F.);
#4999=CARTESIAN_POINT('',(2.569847706755E-1,8.05E-2,-4.1E-2));
#5000=DIRECTION('',(0.E0,0.E0,1.E0));
#5001=DIRECTION('',(1.E0,0.E0,0.E0));
#5002=AXIS2_PLACEMENT_3D('',#4999,#5000,#5001);
#5003=PLANE('',#5002);
#5004=ORIENTED_EDGE('',*,*,#4959,.T.);
#5006=ORIENTED_EDGE('',*,*,#5005,.F.);
#5007=ORIENTED_EDGE('',*,*,#4991,.F.);
#5008=ORIENTED_EDGE('',*,*,#4747,.T.);
#5009=EDGE_LOOP('',(#5004,#5006,#5007,#5008));
#5010=FACE_OUTER_BOUND('',#5009,.F.);
#5011=ADVANCED_FACE('',(#5010),#5003,.T.);
#5012=CARTESIAN_POINT('',(7.2E-2,1.405E-1,-4.1E-2));
#5013=DIRECTION('',(0.E0,0.E0,1.E0));
#5014=DIRECTION('',(0.E0,-1.E0,0.E0));
#5015=AXIS2_PLACEMENT_3D('',#5012,#5013,#5014);
#5016=CYLINDRICAL_SURFACE('',#5015,2.222941412186E-1);
#5017=ORIENTED_EDGE('',*,*,#4957,.F.);
#5018=ORIENTED_EDGE('',*,*,#4980,.F.);
#5019=ORIENTED_EDGE('',*,*,#4993,.T.);
#5020=ORIENTED_EDGE('',*,*,#5005,.T.);
#5021=EDGE_LOOP('',(#5017,#5018,#5019,#5020));
#5022=FACE_OUTER_BOUND('',#5021,.F.);
#5023=ADVANCED_FACE('',(#5022),#5016,.T.);
#5024=CARTESIAN_POINT('',(2.E-1,1.98E-1,-2.E-2));
#5025=DIRECTION('',(0.E0,0.E0,-1.E0));
#5026=DIRECTION('',(1.E0,0.E0,0.E0));
#5027=AXIS2_PLACEMENT_3D('',#5024,#5025,#5026);
#5028=PLANE('',#5027);
#5029=ORIENTED_EDGE('',*,*,#4743,.F.);
#5031=ORIENTED_EDGE('',*,*,#5030,.T.);
#5033=ORIENTED_EDGE('',*,*,#5032,.T.);
#5035=ORIENTED_EDGE('',*,*,#5034,.F.);
#5036=ORIENTED_EDGE('',*,*,#4650,.F.);
#5037=ORIENTED_EDGE('',*,*,#4929,.T.);
#5039=ORIENTED_EDGE('',*,*,#5038,.T.);
#5040=ORIENTED_EDGE('',*,*,#4962,.T.);
#5041=EDGE_LOOP('',(#5029,#5031,#5033,#5035,#5036,#5037,#5039,#5040));
#5042=FACE_OUTER_BOUND('',#5041,.F.);
#5043=ADVANCED_FACE('',(#5042),#5028,.T.);
#5044=CARTESIAN_POINT('',(7.2E-2,7.8E-2,6.25E-2));
#5045=DIRECTION('',(0.E0,-1.E0,0.E0));
#5046=DIRECTION('',(-1.E0,0.E0,0.E0));
#5047=AXIS2_PLACEMENT_3D('',#5044,#5045,#5046);
#5048=PLANE('',#5047);
#5050=ORIENTED_EDGE('',*,*,#5049,.F.);
#5051=ORIENTED_EDGE('',*,*,#4656,.F.);
#5053=ORIENTED_EDGE('',*,*,#5052,.T.);
#5055=ORIENTED_EDGE('',*,*,#5054,.F.);
#5056=ORIENTED_EDGE('',*,*,#5030,.F.);
#5057=ORIENTED_EDGE('',*,*,#4741,.F.);
#5058=EDGE_LOOP('',(#5050,#5051,#5053,#5055,#5056,#5057));
#5059=FACE_OUTER_BOUND('',#5058,.F.);
#5060=ADVANCED_FACE('',(#5059),#5048,.T.);
#5061=CARTESIAN_POINT('',(-3.325E-1,5.E-2,2.5E-2));
#5062=DIRECTION('',(0.E0,0.E0,1.E0));
#5063=DIRECTION('',(1.E0,0.E0,0.E0));
#5064=AXIS2_PLACEMENT_3D('',#5061,#5062,#5063);
#5065=PLANE('',#5064);
#5066=ORIENTED_EDGE('',*,*,#5049,.T.);
#5067=ORIENTED_EDGE('',*,*,#4739,.F.);
#5069=ORIENTED_EDGE('',*,*,#5068,.F.);
#5071=ORIENTED_EDGE('',*,*,#5070,.T.);
#5073=ORIENTED_EDGE('',*,*,#5072,.F.);
#5075=ORIENTED_EDGE('',*,*,#5074,.T.);
#5077=ORIENTED_EDGE('',*,*,#5076,.T.);
#5079=ORIENTED_EDGE('',*,*,#5078,.T.);
#5081=ORIENTED_EDGE('',*,*,#5080,.F.);
#5082=ORIENTED_EDGE('',*,*,#4658,.T.);
#5083=EDGE_LOOP('',(#5066,#5067,#5069,#5071,#5073,#5075,#5077,#5079,#5081,
#5082));
#5084=FACE_OUTER_BOUND('',#5083,.F.);
#5085=ADVANCED_FACE('',(#5084),#5065,.F.);
#5086=CARTESIAN_POINT('',(2.75E-1,2.221699379243E-2,1.689211776999E-1));
#5087=DIRECTION('',(0.E0,-1.E0,0.E0));
#5088=DIRECTION('',(0.E0,0.E0,-1.E0));
#5089=AXIS2_PLACEMENT_3D('',#5086,#5087,#5088);
#5090=PLANE('',#5089);
#5091=ORIENTED_EDGE('',*,*,#5068,.T.);
#5092=ORIENTED_EDGE('',*,*,#4737,.F.);
#5094=ORIENTED_EDGE('',*,*,#5093,.T.);
#5096=ORIENTED_EDGE('',*,*,#5095,.T.);
#5097=EDGE_LOOP('',(#5091,#5092,#5094,#5096));
#5098=FACE_OUTER_BOUND('',#5097,.F.);
#5099=ADVANCED_FACE('',(#5098),#5090,.F.);
#5100=CARTESIAN_POINT('',(2.75E-1,2.61E-1,1.689211776999E-1));
#5101=DIRECTION('',(0.E0,0.E0,1.E0));
#5102=DIRECTION('',(0.E0,-1.E0,0.E0));
#5103=AXIS2_PLACEMENT_3D('',#5100,#5101,#5102);
#5104=PLANE('',#5103);
#5105=ORIENTED_EDGE('',*,*,#4735,.F.);
#5107=ORIENTED_EDGE('',*,*,#5106,.F.);
#5109=ORIENTED_EDGE('',*,*,#5108,.T.);
#5110=ORIENTED_EDGE('',*,*,#5093,.F.);
#5111=EDGE_LOOP('',(#5105,#5107,#5109,#5110));
#5112=FACE_OUTER_BOUND('',#5111,.F.);
#5113=ADVANCED_FACE('',(#5112),#5104,.F.);
#5114=CARTESIAN_POINT('',(0.E0,1.83E-1,-2.115E-1));
#5115=DIRECTION('',(0.E0,1.E0,0.E0));
#5116=DIRECTION('',(1.E0,0.E0,0.E0));
#5117=AXIS2_PLACEMENT_3D('',#5114,#5115,#5116);
#5118=PLANE('',#5117);
#5119=ORIENTED_EDGE('',*,*,#4733,.T.);
#5121=ORIENTED_EDGE('',*,*,#5120,.T.);
#5123=ORIENTED_EDGE('',*,*,#5122,.F.);
#5125=ORIENTED_EDGE('',*,*,#5124,.F.);
#5127=ORIENTED_EDGE('',*,*,#5126,.T.);
#5129=ORIENTED_EDGE('',*,*,#5128,.T.);
#5131=ORIENTED_EDGE('',*,*,#5130,.F.);
#5132=ORIENTED_EDGE('',*,*,#5106,.T.);
#5133=EDGE_LOOP('',(#5119,#5121,#5123,#5125,#5127,#5129,#5131,#5132));
#5134=FACE_OUTER_BOUND('',#5133,.F.);
#5135=ADVANCED_FACE('',(#5134),#5118,.T.);
#5136=CARTESIAN_POINT('',(-3.325E-1,1.83E-1,1.63E-1));
#5137=DIRECTION('',(0.E0,0.E0,1.E0));
#5138=DIRECTION('',(1.E0,0.E0,0.E0));
#5139=AXIS2_PLACEMENT_3D('',#5136,#5137,#5138);
#5140=PLANE('',#5139);
#5141=ORIENTED_EDGE('',*,*,#4731,.F.);
#5143=ORIENTED_EDGE('',*,*,#5142,.T.);
#5145=ORIENTED_EDGE('',*,*,#5144,.F.);
#5146=ORIENTED_EDGE('',*,*,#5120,.F.);
#5147=EDGE_LOOP('',(#5141,#5143,#5145,#5146));
#5148=FACE_OUTER_BOUND('',#5147,.F.);
#5149=ADVANCED_FACE('',(#5148),#5140,.F.);
#5150=CARTESIAN_POINT('',(0.E0,5.E-2,-2.115E-1));
#5151=DIRECTION('',(0.E0,1.E0,0.E0));
#5152=DIRECTION('',(1.E0,0.E0,0.E0));
#5153=AXIS2_PLACEMENT_3D('',#5150,#5151,#5152);
#5154=PLANE('',#5153);
#5155=ORIENTED_EDGE('',*,*,#4729,.T.);
#5157=ORIENTED_EDGE('',*,*,#5156,.T.);
#5159=ORIENTED_EDGE('',*,*,#5158,.F.);
#5160=ORIENTED_EDGE('',*,*,#5142,.F.);
#5161=EDGE_LOOP('',(#5155,#5157,#5159,#5160));
#5162=FACE_OUTER_BOUND('',#5161,.F.);
#5163=ADVANCED_FACE('',(#5162),#5154,.T.);
#5164=CARTESIAN_POINT('',(-3.325E-1,1.78E-1,6.5E-2));
#5165=DIRECTION('',(0.E0,0.E0,1.E0));
#5166=DIRECTION('',(0.E0,-1.E0,0.E0));
#5167=AXIS2_PLACEMENT_3D('',#5164,#5165,#5166);
#5168=PLANE('',#5167);
#5169=ORIENTED_EDGE('',*,*,#4727,.T.);
#5171=ORIENTED_EDGE('',*,*,#5170,.T.);
#5173=ORIENTED_EDGE('',*,*,#5172,.T.);
#5174=ORIENTED_EDGE('',*,*,#5156,.F.);
#5175=EDGE_LOOP('',(#5169,#5171,#5173,#5174));
#5176=FACE_OUTER_BOUND('',#5175,.F.);
#5177=ADVANCED_FACE('',(#5176),#5168,.T.);
#5178=CARTESIAN_POINT('',(-3.325E-1,1.78E-1,2.5E-2));
#5179=DIRECTION('',(0.E0,1.E0,0.E0));
#5180=DIRECTION('',(0.E0,0.E0,1.E0));
#5181=AXIS2_PLACEMENT_3D('',#5178,#5179,#5180);
#5182=PLANE('',#5181);
#5183=ORIENTED_EDGE('',*,*,#4660,.F.);
#5184=ORIENTED_EDGE('',*,*,#5080,.T.);
#5186=ORIENTED_EDGE('',*,*,#5185,.T.);
#5187=ORIENTED_EDGE('',*,*,#5170,.F.);
#5188=ORIENTED_EDGE('',*,*,#4725,.F.);
#5189=ORIENTED_EDGE('',*,*,#4673,.F.);
#5190=EDGE_LOOP('',(#5183,#5184,#5186,#5187,#5188,#5189));
#5191=FACE_OUTER_BOUND('',#5190,.F.);
#5192=ADVANCED_FACE('',(#5191),#5182,.T.);
#5193=CARTESIAN_POINT('',(3.325E-1,2.88E-1,1.23E-1));
#5194=DIRECTION('',(1.E0,0.E0,0.E0));
#5195=DIRECTION('',(0.E0,0.E0,-1.E0));
#5196=AXIS2_PLACEMENT_3D('',#5193,#5194,#5195);
#5197=PLANE('',#5196);
#5198=ORIENTED_EDGE('',*,*,#5078,.F.);
#5200=ORIENTED_EDGE('',*,*,#5199,.T.);
#5202=ORIENTED_EDGE('',*,*,#5201,.F.);
#5204=ORIENTED_EDGE('',*,*,#5203,.T.);
#5206=ORIENTED_EDGE('',*,*,#5205,.F.);
#5208=ORIENTED_EDGE('',*,*,#5207,.T.);
#5210=ORIENTED_EDGE('',*,*,#5209,.T.);
#5212=ORIENTED_EDGE('',*,*,#5211,.T.);
#5214=ORIENTED_EDGE('',*,*,#5213,.F.);
#5215=ORIENTED_EDGE('',*,*,#5122,.T.);
#5216=ORIENTED_EDGE('',*,*,#5144,.T.);
#5217=ORIENTED_EDGE('',*,*,#5158,.T.);
#5218=ORIENTED_EDGE('',*,*,#5172,.F.);
#5219=ORIENTED_EDGE('',*,*,#5185,.F.);
#5220=EDGE_LOOP('',(#5198,#5200,#5202,#5204,#5206,#5208,#5210,#5212,#5214,#5215,
#5216,#5217,#5218,#5219));
#5221=FACE_OUTER_BOUND('',#5220,.F.);
#5222=ADVANCED_FACE('',(#5221),#5197,.F.);
#5223=CARTESIAN_POINT('',(0.E0,2.E-2,-2.115E-1));
#5224=DIRECTION('',(0.E0,1.E0,0.E0));
#5225=DIRECTION('',(1.E0,0.E0,0.E0));
#5226=AXIS2_PLACEMENT_3D('',#5223,#5224,#5225);
#5227=PLANE('',#5226);
#5229=ORIENTED_EDGE('',*,*,#5228,.F.);
#5231=ORIENTED_EDGE('',*,*,#5230,.F.);
#5232=ORIENTED_EDGE('',*,*,#5199,.F.);
#5233=ORIENTED_EDGE('',*,*,#5076,.F.);
#5234=EDGE_LOOP('',(#5229,#5231,#5232,#5233));
#5235=FACE_OUTER_BOUND('',#5234,.F.);
#5236=ADVANCED_FACE('',(#5235),#5227,.T.);
#5237=CARTESIAN_POINT('',(-3.325E-1,2.88E-1,-1.23E-1));
#5238=DIRECTION('',(-1.E0,0.E0,0.E0));
#5239=DIRECTION('',(0.E0,0.E0,1.E0));
#5240=AXIS2_PLACEMENT_3D('',#5237,#5238,#5239);
#5241=PLANE('',#5240);
#5242=ORIENTED_EDGE('',*,*,#5074,.F.);
#5244=ORIENTED_EDGE('',*,*,#5243,.T.);
#5246=ORIENTED_EDGE('',*,*,#5245,.T.);
#5248=ORIENTED_EDGE('',*,*,#5247,.T.);
#5250=ORIENTED_EDGE('',*,*,#5249,.F.);
#5251=ORIENTED_EDGE('',*,*,#5126,.F.);
#5253=ORIENTED_EDGE('',*,*,#5252,.T.);
#5255=ORIENTED_EDGE('',*,*,#5254,.T.);
#5257=ORIENTED_EDGE('',*,*,#5256,.F.);
#5259=ORIENTED_EDGE('',*,*,#5258,.F.);
#5261=ORIENTED_EDGE('',*,*,#5260,.T.);
#5263=ORIENTED_EDGE('',*,*,#5262,.T.);
#5265=ORIENTED_EDGE('',*,*,#5264,.T.);
#5266=ORIENTED_EDGE('',*,*,#5228,.T.);
#5267=EDGE_LOOP('',(#5242,#5244,#5246,#5248,#5250,#5251,#5253,#5255,#5257,#5259,
#5261,#5263,#5265,#5266));
#5268=FACE_OUTER_BOUND('',#5267,.F.);
#5269=ADVANCED_FACE('',(#5268),#5241,.F.);
#5270=CARTESIAN_POINT('',(-3.325E-1,1.78E-1,2.5E-2));
#5271=DIRECTION('',(0.E0,1.E0,0.E0));
#5272=DIRECTION('',(0.E0,0.E0,1.E0));
#5273=AXIS2_PLACEMENT_3D('',#5270,#5271,#5272);
#5274=PLANE('',#5273);
#5276=ORIENTED_EDGE('',*,*,#5275,.T.);
#5278=ORIENTED_EDGE('',*,*,#5277,.F.);
#5279=ORIENTED_EDGE('',*,*,#5243,.F.);
#5280=ORIENTED_EDGE('',*,*,#5072,.T.);
#5281=EDGE_LOOP('',(#5276,#5278,#5279,#5280));
#5282=FACE_OUTER_BOUND('',#5281,.F.);
#5283=ADVANCED_FACE('',(#5282),#5274,.T.);
#5284=CARTESIAN_POINT('',(-2.75E-1,0.E0,0.E0));
#5285=DIRECTION('',(1.E0,0.E0,0.E0));
#5286=DIRECTION('',(0.E0,0.E0,-1.E0));
#5287=AXIS2_PLACEMENT_3D('',#5284,#5285,#5286);
#5288=PLANE('',#5287);
#5290=ORIENTED_EDGE('',*,*,#5289,.T.);
#5292=ORIENTED_EDGE('',*,*,#5291,.T.);
#5293=ORIENTED_EDGE('',*,*,#5275,.F.);
#5294=ORIENTED_EDGE('',*,*,#5070,.F.);
#5295=ORIENTED_EDGE('',*,*,#5095,.F.);
#5296=ORIENTED_EDGE('',*,*,#5108,.F.);
#5297=ORIENTED_EDGE('',*,*,#5130,.T.);
#5299=ORIENTED_EDGE('',*,*,#5298,.F.);
#5300=EDGE_LOOP('',(#5290,#5292,#5293,#5294,#5295,#5296,#5297,#5299));
#5301=FACE_OUTER_BOUND('',#5300,.F.);
#5302=ADVANCED_FACE('',(#5301),#5288,.T.);
#5303=CARTESIAN_POINT('',(0.E0,5.E-2,-2.115E-1));
#5304=DIRECTION('',(0.E0,1.E0,0.E0));
#5305=DIRECTION('',(1.E0,0.E0,0.E0));
#5306=AXIS2_PLACEMENT_3D('',#5303,#5304,#5305);
#5307=PLANE('',#5306);
#5308=ORIENTED_EDGE('',*,*,#5289,.F.);
#5310=ORIENTED_EDGE('',*,*,#5309,.F.);
#5311=ORIENTED_EDGE('',*,*,#5247,.F.);
#5313=ORIENTED_EDGE('',*,*,#5312,.T.);
#5314=EDGE_LOOP('',(#5308,#5310,#5311,#5313));
#5315=FACE_OUTER_BOUND('',#5314,.F.);
#5316=ADVANCED_FACE('',(#5315),#5307,.T.);
#5317=CARTESIAN_POINT('',(-3.325E-1,1.83E-1,1.63E-1));
#5318=DIRECTION('',(0.E0,0.E0,1.E0));
#5319=DIRECTION('',(1.E0,0.E0,0.E0));
#5320=AXIS2_PLACEMENT_3D('',#5317,#5318,#5319);
#5321=PLANE('',#5320);
#5322=ORIENTED_EDGE('',*,*,#5298,.T.);
#5323=ORIENTED_EDGE('',*,*,#5128,.F.);
#5324=ORIENTED_EDGE('',*,*,#5249,.T.);
#5325=ORIENTED_EDGE('',*,*,#5309,.T.);
#5326=EDGE_LOOP('',(#5322,#5323,#5324,#5325));
#5327=FACE_OUTER_BOUND('',#5326,.F.);
#5328=ADVANCED_FACE('',(#5327),#5321,.F.);
#5329=CARTESIAN_POINT('',(-3.325E-1,1.78E-1,6.5E-2));
#5330=DIRECTION('',(0.E0,0.E0,1.E0));
#5331=DIRECTION('',(0.E0,-1.E0,0.E0));
#5332=AXIS2_PLACEMENT_3D('',#5329,#5330,#5331);
#5333=PLANE('',#5332);
#5334=ORIENTED_EDGE('',*,*,#5291,.F.);
#5335=ORIENTED_EDGE('',*,*,#5312,.F.);
#5336=ORIENTED_EDGE('',*,*,#5245,.F.);
#5337=ORIENTED_EDGE('',*,*,#5277,.T.);
#5338=EDGE_LOOP('',(#5334,#5335,#5336,#5337));
#5339=FACE_OUTER_BOUND('',#5338,.F.);
#5340=ADVANCED_FACE('',(#5339),#5333,.T.);
#5341=CARTESIAN_POINT('',(-3.51E-1,2.88E-1,1.895E-1));
#5342=DIRECTION('',(0.E0,0.E0,1.E0));
#5343=DIRECTION('',(1.E0,0.E0,0.E0));
#5344=AXIS2_PLACEMENT_3D('',#5341,#5342,#5343);
#5345=PLANE('',#5344);
#5347=ORIENTED_EDGE('',*,*,#5346,.T.);
#5348=ORIENTED_EDGE('',*,*,#5252,.F.);
#5349=ORIENTED_EDGE('',*,*,#5124,.T.);
#5350=ORIENTED_EDGE('',*,*,#5213,.T.);
#5352=ORIENTED_EDGE('',*,*,#5351,.T.);
#5354=ORIENTED_EDGE('',*,*,#5353,.F.);
#5356=ORIENTED_EDGE('',*,*,#5355,.F.);
#5358=ORIENTED_EDGE('',*,*,#5357,.T.);
#5359=EDGE_LOOP('',(#5347,#5348,#5349,#5350,#5352,#5354,#5356,#5358));
#5360=FACE_OUTER_BOUND('',#5359,.F.);
#5362=ORIENTED_EDGE('',*,*,#5361,.F.);
#5364=ORIENTED_EDGE('',*,*,#5363,.F.);
#5366=ORIENTED_EDGE('',*,*,#5365,.F.);
#5368=ORIENTED_EDGE('',*,*,#5367,.F.);
#5370=ORIENTED_EDGE('',*,*,#5369,.F.);
#5372=ORIENTED_EDGE('',*,*,#5371,.T.);
#5373=EDGE_LOOP('',(#5362,#5364,#5366,#5368,#5370,#5372));
#5374=FACE_BOUND('',#5373,.F.);
#5376=ORIENTED_EDGE('',*,*,#5375,.F.);
#5378=ORIENTED_EDGE('',*,*,#5377,.F.);
#5380=ORIENTED_EDGE('',*,*,#5379,.F.);
#5382=ORIENTED_EDGE('',*,*,#5381,.F.);
#5384=ORIENTED_EDGE('',*,*,#5383,.F.);
#5386=ORIENTED_EDGE('',*,*,#5385,.T.);
#5387=EDGE_LOOP('',(#5376,#5378,#5380,#5382,#5384,#5386));
#5388=FACE_BOUND('',#5387,.F.);
#5390=ORIENTED_EDGE('',*,*,#5389,.F.);
#5392=ORIENTED_EDGE('',*,*,#5391,.F.);
#5394=ORIENTED_EDGE('',*,*,#5393,.F.);
#5396=ORIENTED_EDGE('',*,*,#5395,.F.);
#5398=ORIENTED_EDGE('',*,*,#5397,.F.);
#5400=ORIENTED_EDGE('',*,*,#5399,.T.);
#5401=EDGE_LOOP('',(#5390,#5392,#5394,#5396,#5398,#5400));
#5402=FACE_BOUND('',#5401,.F.);
#5403=ADVANCED_FACE('',(#5360,#5374,#5388,#5402),#5345,.F.);
#5404=CARTESIAN_POINT('',(0.E0,2.28E-1,-2.115E-1));
#5405=DIRECTION('',(0.E0,1.E0,0.E0));
#5406=DIRECTION('',(-1.E0,0.E0,0.E0));
#5407=AXIS2_PLACEMENT_3D('',#5404,#5405,#5406);
#5408=PLANE('',#5407);
#5410=ORIENTED_EDGE('',*,*,#5409,.F.);
#5412=ORIENTED_EDGE('',*,*,#5411,.F.);
#5413=ORIENTED_EDGE('',*,*,#5254,.F.);
#5414=ORIENTED_EDGE('',*,*,#5346,.F.);
#5415=EDGE_LOOP('',(#5410,#5412,#5413,#5414));
#5416=FACE_OUTER_BOUND('',#5415,.F.);
#5417=ADVANCED_FACE('',(#5416),#5408,.T.);
#5418=CARTESIAN_POINT('',(-3.51E-1,2.88E-1,-1.895E-1));
#5419=DIRECTION('',(-1.E0,0.E0,0.E0));
#5420=DIRECTION('',(0.E0,0.E0,1.E0));
#5421=AXIS2_PLACEMENT_3D('',#5418,#5419,#5420);
#5422=PLANE('',#5421);
#5423=ORIENTED_EDGE('',*,*,#5409,.T.);
#5424=ORIENTED_EDGE('',*,*,#5357,.F.);
#5426=ORIENTED_EDGE('',*,*,#5425,.F.);
#5428=ORIENTED_EDGE('',*,*,#5427,.F.);
#5430=ORIENTED_EDGE('',*,*,#5429,.T.);
#5432=ORIENTED_EDGE('',*,*,#5431,.T.);
#5433=EDGE_LOOP('',(#5423,#5424,#5426,#5428,#5430,#5432));
#5434=FACE_OUTER_BOUND('',#5433,.F.);
#5435=ADVANCED_FACE('',(#5434),#5422,.F.);
#5436=CARTESIAN_POINT('',(-3.51E-1,2.88E-1,1.952735026919E-1));
#5437=DIRECTION('',(0.E0,5.E-1,-8.660254037844E-1));
#5438=DIRECTION('',(1.E0,0.E0,0.E0));
#5439=AXIS2_PLACEMENT_3D('',#5436,#5437,#5438);
#5440=PLANE('',#5439);
#5442=ORIENTED_EDGE('',*,*,#5441,.F.);
#5443=ORIENTED_EDGE('',*,*,#5425,.T.);
#5444=ORIENTED_EDGE('',*,*,#5355,.T.);
#5446=ORIENTED_EDGE('',*,*,#5445,.F.);
#5447=EDGE_LOOP('',(#5442,#5443,#5444,#5446));
#5448=FACE_OUTER_BOUND('',#5447,.F.);
#5449=ADVANCED_FACE('',(#5448),#5440,.T.);
#5450=CARTESIAN_POINT('',(3.765E-1,2.88E-1,-2.115E-1));
#5451=DIRECTION('',(0.E0,1.E0,0.E0));
#5452=DIRECTION('',(-1.E0,0.E0,0.E0));
#5453=AXIS2_PLACEMENT_3D('',#5450,#5451,#5452);
#5454=PLANE('',#5453);
#5456=ORIENTED_EDGE('',*,*,#5455,.F.);
#5458=ORIENTED_EDGE('',*,*,#5457,.F.);
#5460=ORIENTED_EDGE('',*,*,#5459,.F.);
#5462=ORIENTED_EDGE('',*,*,#5461,.T.);
#5464=ORIENTED_EDGE('',*,*,#5463,.F.);
#5466=ORIENTED_EDGE('',*,*,#5465,.T.);
#5468=ORIENTED_EDGE('',*,*,#5467,.F.);
#5470=ORIENTED_EDGE('',*,*,#5469,.F.);
#5471=EDGE_LOOP('',(#5456,#5458,#5460,#5462,#5464,#5466,#5468,#5470));
#5472=FACE_OUTER_BOUND('',#5471,.F.);
#5473=ORIENTED_EDGE('',*,*,#5427,.T.);
#5474=ORIENTED_EDGE('',*,*,#5441,.T.);
#5476=ORIENTED_EDGE('',*,*,#5475,.T.);
#5478=ORIENTED_EDGE('',*,*,#5477,.T.);
#5479=EDGE_LOOP('',(#5473,#5474,#5476,#5478));
#5480=FACE_BOUND('',#5479,.F.);
#5481=ADVANCED_FACE('',(#5472,#5480),#5454,.T.);
#5482=CARTESIAN_POINT('',(-3.615E-1,-1.409861807847E-3,-1.965E-1));
#5483=DIRECTION('',(0.E0,1.E0,0.E0));
#5484=DIRECTION('',(0.E0,0.E0,-1.E0));
#5485=AXIS2_PLACEMENT_3D('',#5482,#5483,#5484);
#5486=CYLINDRICAL_SURFACE('',#5485,1.5E-2);
#5488=ORIENTED_EDGE('',*,*,#5487,.F.);
#5490=ORIENTED_EDGE('',*,*,#5489,.T.);
#5492=ORIENTED_EDGE('',*,*,#5491,.T.);
#5493=ORIENTED_EDGE('',*,*,#5455,.T.);
#5494=EDGE_LOOP('',(#5488,#5490,#5492,#5493));
#5495=FACE_OUTER_BOUND('',#5494,.F.);
#5496=ADVANCED_FACE('',(#5495),#5486,.T.);
#5497=CARTESIAN_POINT('',(-3.765E-1,2.88E-1,-2.115E-1));
#5498=DIRECTION('',(-1.E0,0.E0,0.E0));
#5499=DIRECTION('',(0.E0,-1.E0,0.E0));
#5500=AXIS2_PLACEMENT_3D('',#5497,#5498,#5499);
#5501=PLANE('',#5500);
#5502=ORIENTED_EDGE('',*,*,#5487,.T.);
#5503=ORIENTED_EDGE('',*,*,#5469,.T.);
#5505=ORIENTED_EDGE('',*,*,#5504,.T.);
#5507=ORIENTED_EDGE('',*,*,#5506,.F.);
#5508=EDGE_LOOP('',(#5502,#5503,#5505,#5507));
#5509=FACE_OUTER_BOUND('',#5508,.F.);
#5510=ADVANCED_FACE('',(#5509),#5501,.T.);
#5511=CARTESIAN_POINT('',(-3.615E-1,2.894375721497E-1,1.965E-1));
#5512=DIRECTION('',(0.E0,-1.E0,0.E0));
#5513=DIRECTION('',(0.E0,0.E0,1.E0));
#5514=AXIS2_PLACEMENT_3D('',#5511,#5512,#5513);
#5515=CYLINDRICAL_SURFACE('',#5514,1.5E-2);
#5516=ORIENTED_EDGE('',*,*,#5504,.F.);
#5517=ORIENTED_EDGE('',*,*,#5467,.T.);
#5519=ORIENTED_EDGE('',*,*,#5518,.T.);
#5521=ORIENTED_EDGE('',*,*,#5520,.T.);
#5522=EDGE_LOOP('',(#5516,#5517,#5519,#5521));
#5523=FACE_OUTER_BOUND('',#5522,.F.);
#5524=ADVANCED_FACE('',(#5523),#5515,.T.);
#5525=CARTESIAN_POINT('',(0.E0,0.E0,2.115E-1));
#5526=DIRECTION('',(0.E0,0.E0,1.E0));
#5527=DIRECTION('',(1.E0,0.E0,0.E0));
#5528=AXIS2_PLACEMENT_3D('',#5525,#5526,#5527);
#5529=PLANE('',#5528);
#5530=ORIENTED_EDGE('',*,*,#5518,.F.);
#5531=ORIENTED_EDGE('',*,*,#5465,.F.);
#5533=ORIENTED_EDGE('',*,*,#5532,.F.);
#5535=ORIENTED_EDGE('',*,*,#5534,.F.);
#5536=EDGE_LOOP('',(#5530,#5531,#5533,#5535));
#5537=FACE_OUTER_BOUND('',#5536,.F.);
#5539=ORIENTED_EDGE('',*,*,#5538,.T.);
#5541=ORIENTED_EDGE('',*,*,#5540,.T.);
#5543=ORIENTED_EDGE('',*,*,#5542,.T.);
#5545=ORIENTED_EDGE('',*,*,#5544,.T.);
#5547=ORIENTED_EDGE('',*,*,#5546,.T.);
#5549=ORIENTED_EDGE('',*,*,#5548,.F.);
#5550=EDGE_LOOP('',(#5539,#5541,#5543,#5545,#5547,#5549));
#5551=FACE_BOUND('',#5550,.F.);
#5553=ORIENTED_EDGE('',*,*,#5552,.T.);
#5555=ORIENTED_EDGE('',*,*,#5554,.T.);
#5557=ORIENTED_EDGE('',*,*,#5556,.T.);
#5559=ORIENTED_EDGE('',*,*,#5558,.T.);
#5561=ORIENTED_EDGE('',*,*,#5560,.T.);
#5563=ORIENTED_EDGE('',*,*,#5562,.F.);
#5564=EDGE_LOOP('',(#5553,#5555,#5557,#5559,#5561,#5563));
#5565=FACE_BOUND('',#5564,.F.);
#5567=ORIENTED_EDGE('',*,*,#5566,.T.);
#5569=ORIENTED_EDGE('',*,*,#5568,.T.);
#5571=ORIENTED_EDGE('',*,*,#5570,.T.);
#5573=ORIENTED_EDGE('',*,*,#5572,.T.);
#5575=ORIENTED_EDGE('',*,*,#5574,.T.);
#5577=ORIENTED_EDGE('',*,*,#5576,.F.);
#5578=EDGE_LOOP('',(#5567,#5569,#5571,#5573,#5575,#5577));
#5579=FACE_BOUND('',#5578,.F.);
#5580=ADVANCED_FACE('',(#5537,#5551,#5565,#5579),#5529,.T.);
#5581=CARTESIAN_POINT('',(3.615E-1,-1.409861807847E-3,1.965E-1));
#5582=DIRECTION('',(0.E0,1.E0,0.E0));
#5583=DIRECTION('',(0.E0,0.E0,1.E0));
#5584=AXIS2_PLACEMENT_3D('',#5581,#5582,#5583);
#5585=CYLINDRICAL_SURFACE('',#5584,1.5E-2);
#5587=ORIENTED_EDGE('',*,*,#5586,.F.);
#5589=ORIENTED_EDGE('',*,*,#5588,.T.);
#5590=ORIENTED_EDGE('',*,*,#5532,.T.);
#5591=ORIENTED_EDGE('',*,*,#5463,.T.);
#5592=EDGE_LOOP('',(#5587,#5589,#5590,#5591));
#5593=FACE_OUTER_BOUND('',#5592,.F.);
#5594=ADVANCED_FACE('',(#5593),#5585,.T.);
#5595=CARTESIAN_POINT('',(3.765E-1,0.E0,-2.115E-1));
#5596=DIRECTION('',(1.E0,0.E0,0.E0));
#5597=DIRECTION('',(0.E0,1.E0,0.E0));
#5598=AXIS2_PLACEMENT_3D('',#5595,#5596,#5597);
#5599=PLANE('',#5598);
#5601=ORIENTED_EDGE('',*,*,#5600,.T.);
#5603=ORIENTED_EDGE('',*,*,#5602,.T.);
#5604=ORIENTED_EDGE('',*,*,#5586,.T.);
#5605=ORIENTED_EDGE('',*,*,#5461,.F.);
#5606=EDGE_LOOP('',(#5601,#5603,#5604,#5605));
#5607=FACE_OUTER_BOUND('',#5606,.F.);
#5608=ADVANCED_FACE('',(#5607),#5599,.T.);
#5609=CARTESIAN_POINT('',(3.615E-1,2.894629265516E-1,-1.965E-1));
#5610=DIRECTION('',(0.E0,-1.E0,0.E0));
#5611=DIRECTION('',(0.E0,0.E0,-1.E0));
#5612=AXIS2_PLACEMENT_3D('',#5609,#5610,#5611);
#5613=CYLINDRICAL_SURFACE('',#5612,1.5E-2);
#5614=ORIENTED_EDGE('',*,*,#5600,.F.);
#5615=ORIENTED_EDGE('',*,*,#5459,.T.);
#5617=ORIENTED_EDGE('',*,*,#5616,.T.);
#5619=ORIENTED_EDGE('',*,*,#5618,.T.);
#5620=EDGE_LOOP('',(#5614,#5615,#5617,#5619));
#5621=FACE_OUTER_BOUND('',#5620,.F.);
#5622=ADVANCED_FACE('',(#5621),#5613,.T.);
#5623=CARTESIAN_POINT('',(0.E0,0.E0,-2.115E-1));
#5624=DIRECTION('',(0.E0,0.E0,1.E0));
#5625=DIRECTION('',(1.E0,0.E0,0.E0));
#5626=AXIS2_PLACEMENT_3D('',#5623,#5624,#5625);
#5627=PLANE('',#5626);
#5628=ORIENTED_EDGE('',*,*,#5491,.F.);
#5630=ORIENTED_EDGE('',*,*,#5629,.T.);
#5631=ORIENTED_EDGE('',*,*,#5616,.F.);
#5632=ORIENTED_EDGE('',*,*,#5457,.T.);
#5633=EDGE_LOOP('',(#5628,#5630,#5631,#5632));
#5634=FACE_OUTER_BOUND('',#5633,.F.);
#5636=ORIENTED_EDGE('',*,*,#5635,.F.);
#5638=ORIENTED_EDGE('',*,*,#5637,.F.);
#5640=ORIENTED_EDGE('',*,*,#5639,.F.);
#5642=ORIENTED_EDGE('',*,*,#5641,.F.);
#5644=ORIENTED_EDGE('',*,*,#5643,.F.);
#5646=ORIENTED_EDGE('',*,*,#5645,.T.);
#5647=EDGE_LOOP('',(#5636,#5638,#5640,#5642,#5644,#5646));
#5648=FACE_BOUND('',#5647,.F.);
#5650=ORIENTED_EDGE('',*,*,#5649,.F.);
#5652=ORIENTED_EDGE('',*,*,#5651,.F.);
#5654=ORIENTED_EDGE('',*,*,#5653,.F.);
#5656=ORIENTED_EDGE('',*,*,#5655,.F.);
#5658=ORIENTED_EDGE('',*,*,#5657,.F.);
#5660=ORIENTED_EDGE('',*,*,#5659,.T.);
#5661=EDGE_LOOP('',(#5650,#5652,#5654,#5656,#5658,#5660));
#5662=FACE_BOUND('',#5661,.F.);
#5664=ORIENTED_EDGE('',*,*,#5663,.F.);
#5666=ORIENTED_EDGE('',*,*,#5665,.F.);
#5668=ORIENTED_EDGE('',*,*,#5667,.F.);
#5670=ORIENTED_EDGE('',*,*,#5669,.F.);
#5672=ORIENTED_EDGE('',*,*,#5671,.F.);
#5674=ORIENTED_EDGE('',*,*,#5673,.T.);
#5675=EDGE_LOOP('',(#5664,#5666,#5668,#5670,#5672,#5674));
#5676=FACE_BOUND('',#5675,.F.);
#5677=ADVANCED_FACE('',(#5634,#5648,#5662,#5676),#5627,.F.);
#5678=CARTESIAN_POINT('',(-3.765E-1,0.E0,-2.115E-1));
#5679=DIRECTION('',(0.E0,-1.E0,0.E0));
#5680=DIRECTION('',(1.E0,0.E0,0.E0));
#5681=AXIS2_PLACEMENT_3D('',#5678,#5679,#5680);
#5682=PLANE('',#5681);
#5683=ORIENTED_EDGE('',*,*,#5489,.F.);
#5684=ORIENTED_EDGE('',*,*,#5506,.T.);
#5685=ORIENTED_EDGE('',*,*,#5520,.F.);
#5686=ORIENTED_EDGE('',*,*,#5534,.T.);
#5687=ORIENTED_EDGE('',*,*,#5588,.F.);
#5688=ORIENTED_EDGE('',*,*,#5602,.F.);
#5689=ORIENTED_EDGE('',*,*,#5618,.F.);
#5690=ORIENTED_EDGE('',*,*,#5629,.F.);
#5691=EDGE_LOOP('',(#5683,#5684,#5685,#5686,#5687,#5688,#5689,#5690));
#5692=FACE_OUTER_BOUND('',#5691,.F.);
#5694=ORIENTED_EDGE('',*,*,#5693,.T.);
#5696=ORIENTED_EDGE('',*,*,#5695,.T.);
#5698=ORIENTED_EDGE('',*,*,#5697,.T.);
#5700=ORIENTED_EDGE('',*,*,#5699,.T.);
#5702=ORIENTED_EDGE('',*,*,#5701,.T.);
#5704=ORIENTED_EDGE('',*,*,#5703,.T.);
#5706=ORIENTED_EDGE('',*,*,#5705,.T.);
#5708=ORIENTED_EDGE('',*,*,#5707,.T.);
#5710=ORIENTED_EDGE('',*,*,#5709,.T.);
#5712=ORIENTED_EDGE('',*,*,#5711,.T.);
#5714=ORIENTED_EDGE('',*,*,#5713,.T.);
#5716=ORIENTED_EDGE('',*,*,#5715,.T.);
#5717=EDGE_LOOP('',(#5694,#5696,#5698,#5700,#5702,#5704,#5706,#5708,#5710,#5712,
#5714,#5716));
#5718=FACE_BOUND('',#5717,.F.);
#5720=ORIENTED_EDGE('',*,*,#5719,.T.);
#5722=ORIENTED_EDGE('',*,*,#5721,.T.);
#5724=ORIENTED_EDGE('',*,*,#5723,.T.);
#5726=ORIENTED_EDGE('',*,*,#5725,.T.);
#5728=ORIENTED_EDGE('',*,*,#5727,.F.);
#5730=ORIENTED_EDGE('',*,*,#5729,.F.);
#5732=ORIENTED_EDGE('',*,*,#5731,.T.);
#5734=ORIENTED_EDGE('',*,*,#5733,.F.);
#5735=EDGE_LOOP('',(#5720,#5722,#5724,#5726,#5728,#5730,#5732,#5734));
#5736=FACE_BOUND('',#5735,.F.);
#5738=ORIENTED_EDGE('',*,*,#5737,.T.);
#5740=ORIENTED_EDGE('',*,*,#5739,.T.);
#5742=ORIENTED_EDGE('',*,*,#5741,.T.);
#5744=ORIENTED_EDGE('',*,*,#5743,.T.);
#5746=ORIENTED_EDGE('',*,*,#5745,.F.);
#5748=ORIENTED_EDGE('',*,*,#5747,.F.);
#5750=ORIENTED_EDGE('',*,*,#5749,.T.);
#5752=ORIENTED_EDGE('',*,*,#5751,.F.);
#5753=EDGE_LOOP('',(#5738,#5740,#5742,#5744,#5746,#5748,#5750,#5752));
#5754=FACE_BOUND('',#5753,.F.);
#5755=ADVANCED_FACE('',(#5692,#5718,#5736,#5754),#5682,.T.);
#5756=CARTESIAN_POINT('',(2.765E-1,0.E0,5.E-2));
#5757=DIRECTION('',(0.E0,0.E0,1.E0));
#5758=DIRECTION('',(-1.E0,0.E0,0.E0));
#5759=AXIS2_PLACEMENT_3D('',#5756,#5757,#5758);
#5760=PLANE('',#5759);
#5761=ORIENTED_EDGE('',*,*,#5693,.F.);
#5763=ORIENTED_EDGE('',*,*,#5762,.T.);
#5765=ORIENTED_EDGE('',*,*,#5764,.T.);
#5767=ORIENTED_EDGE('',*,*,#5766,.F.);
#5768=EDGE_LOOP('',(#5761,#5763,#5765,#5767));
#5769=FACE_OUTER_BOUND('',#5768,.F.);
#5770=ADVANCED_FACE('',(#5769),#5760,.T.);
#5771=CARTESIAN_POINT('',(2.765E-1,0.E0,1.75E-1));
#5772=DIRECTION('',(-1.E0,0.E0,0.E0));
#5773=DIRECTION('',(0.E0,0.E0,-1.E0));
#5774=AXIS2_PLACEMENT_3D('',#5771,#5772,#5773);
#5775=PLANE('',#5774);
#5777=ORIENTED_EDGE('',*,*,#5776,.F.);
#5778=ORIENTED_EDGE('',*,*,#5762,.F.);
#5779=ORIENTED_EDGE('',*,*,#5715,.F.);
#5781=ORIENTED_EDGE('',*,*,#5780,.T.);
#5783=ORIENTED_EDGE('',*,*,#5782,.T.);
#5785=ORIENTED_EDGE('',*,*,#5784,.T.);
#5787=ORIENTED_EDGE('',*,*,#5786,.F.);
#5789=ORIENTED_EDGE('',*,*,#5788,.F.);
#5791=ORIENTED_EDGE('',*,*,#5790,.T.);
#5793=ORIENTED_EDGE('',*,*,#5792,.F.);
#5794=ORIENTED_EDGE('',*,*,#5707,.F.);
#5796=ORIENTED_EDGE('',*,*,#5795,.T.);
#5797=EDGE_LOOP('',(#5777,#5778,#5779,#5781,#5783,#5785,#5787,#5789,#5791,#5793,
#5794,#5796));
#5798=FACE_OUTER_BOUND('',#5797,.F.);
#5799=ADVANCED_FACE('',(#5798),#5775,.T.);
#5800=CARTESIAN_POINT('',(0.E0,-8.E-3,0.E0));
#5801=DIRECTION('',(0.E0,-1.E0,0.E0));
#5802=DIRECTION('',(0.E0,0.E0,-1.E0));
#5803=AXIS2_PLACEMENT_3D('',#5800,#5801,#5802);
#5804=PLANE('',#5803);
#5806=ORIENTED_EDGE('',*,*,#5805,.F.);
#5807=ORIENTED_EDGE('',*,*,#5764,.F.);
#5808=ORIENTED_EDGE('',*,*,#5776,.T.);
#5810=ORIENTED_EDGE('',*,*,#5809,.F.);
#5811=EDGE_LOOP('',(#5806,#5807,#5808,#5810));
#5812=FACE_OUTER_BOUND('',#5811,.F.);
#5813=ADVANCED_FACE('',(#5812),#5804,.T.);
#5814=CARTESIAN_POINT('',(-2.765E-1,0.E0,-1.75E-1));
#5815=DIRECTION('',(1.E0,0.E0,0.E0));
#5816=DIRECTION('',(0.E0,0.E0,1.E0));
#5817=AXIS2_PLACEMENT_3D('',#5814,#5815,#5816);
#5818=PLANE('',#5817);
#5819=ORIENTED_EDGE('',*,*,#5805,.T.);
#5821=ORIENTED_EDGE('',*,*,#5820,.F.);
#5822=ORIENTED_EDGE('',*,*,#5703,.F.);
#5824=ORIENTED_EDGE('',*,*,#5823,.T.);
#5826=ORIENTED_EDGE('',*,*,#5825,.T.);
#5828=ORIENTED_EDGE('',*,*,#5827,.T.);
#5830=ORIENTED_EDGE('',*,*,#5829,.T.);
#5832=ORIENTED_EDGE('',*,*,#5831,.F.);
#5834=ORIENTED_EDGE('',*,*,#5833,.T.);
#5836=ORIENTED_EDGE('',*,*,#5835,.F.);
#5837=ORIENTED_EDGE('',*,*,#5695,.F.);
#5838=ORIENTED_EDGE('',*,*,#5766,.T.);
#5839=EDGE_LOOP('',(#5819,#5821,#5822,#5824,#5826,#5828,#5830,#5832,#5834,#5836,
#5837,#5838));
#5840=FACE_OUTER_BOUND('',#5839,.F.);
#5841=ADVANCED_FACE('',(#5840),#5818,.T.);
#5842=CARTESIAN_POINT('',(-2.765E-1,0.E0,-5.E-2));
#5843=DIRECTION('',(0.E0,0.E0,-1.E0));
#5844=DIRECTION('',(1.E0,0.E0,0.E0));
#5845=AXIS2_PLACEMENT_3D('',#5842,#5843,#5844);
#5846=PLANE('',#5845);
#5847=ORIENTED_EDGE('',*,*,#5705,.F.);
#5848=ORIENTED_EDGE('',*,*,#5820,.T.);
#5849=ORIENTED_EDGE('',*,*,#5809,.T.);
#5850=ORIENTED_EDGE('',*,*,#5795,.F.);
#5851=EDGE_LOOP('',(#5847,#5848,#5849,#5850));
#5852=FACE_OUTER_BOUND('',#5851,.F.);
#5853=ADVANCED_FACE('',(#5852),#5846,.T.);
#5854=CARTESIAN_POINT('',(-3.015E-1,0.E0,-1.75E-1));
#5855=DIRECTION('',(0.E0,-1.E0,0.E0));
#5856=DIRECTION('',(1.E0,0.E0,0.E0));
#5857=AXIS2_PLACEMENT_3D('',#5854,#5855,#5856);
#5858=CYLINDRICAL_SURFACE('',#5857,2.5E-2);
#5860=ORIENTED_EDGE('',*,*,#5859,.T.);
#5861=ORIENTED_EDGE('',*,*,#5823,.F.);
#5862=ORIENTED_EDGE('',*,*,#5701,.F.);
#5864=ORIENTED_EDGE('',*,*,#5863,.T.);
#5865=EDGE_LOOP('',(#5860,#5861,#5862,#5864));
#5866=FACE_OUTER_BOUND('',#5865,.F.);
#5867=ADVANCED_FACE('',(#5866),#5858,.T.);
#5868=CARTESIAN_POINT('',(-3.264384550523E-1,-4.442101317486E-2,
-1.734310053501E-1));
#5869=CARTESIAN_POINT('',(-3.269082612203E-1,-5.940004554088E-2,
-1.734014476504E-1));
#5870=CARTESIAN_POINT('',(-3.164563685924E-1,-7.012005181966E-2,
-1.740590250176E-1));
#5871=CARTESIAN_POINT('',(-3.015E-1,-6.999919353527E-2,-1.75E-1));
#5872=CARTESIAN_POINT('',(-3.274040121608E-1,-4.442101317486E-2,
-1.887780956360E-1));
#5873=CARTESIAN_POINT('',(-3.278920080957E-1,-5.940004554088E-2,
-1.890376559937E-1));
#5874=CARTESIAN_POINT('',(-3.170354432778E-1,-7.012005181966E-2,
-1.832631532869E-1));
#5875=CARTESIAN_POINT('',(-3.015E-1,-6.999919353527E-2,-1.75E-1));
#5876=CARTESIAN_POINT('',(-3.168774341311E-1,-4.442101317486E-2,
-1.999877627034E-1));
#5877=CARTESIAN_POINT('',(-3.171671238248E-1,-5.940004554088E-2,
-2.004584977598E-1));
#5878=CARTESIAN_POINT('',(-3.107223264187E-1,-7.012005181966E-2,
-1.899859399273E-1));
#5879=CARTESIAN_POINT('',(-3.015E-1,-6.999919353527E-2,-1.75E-1));
#5880=CARTESIAN_POINT('',(-3.014999999896E-1,-4.442101317486E-2,
-1.999877626971E-1));
#5881=CARTESIAN_POINT('',(-3.014999999895E-1,-5.940004554088E-2,
-2.004584977533E-1));
#5882=CARTESIAN_POINT('',(-3.014999999938E-1,-7.012005181966E-2,
-1.899859399235E-1));
#5883=CARTESIAN_POINT('',(-3.015E-1,-6.999919353527E-2,-1.75E-1));
#5884=CARTESIAN_POINT('',(-2.861225658482E-1,-4.442101317486E-2,
-1.999877626907E-1));
#5885=CARTESIAN_POINT('',(-2.858328761542E-1,-5.940004554088E-2,
-2.004584977468E-1));
#5886=CARTESIAN_POINT('',(-2.922776735688E-1,-7.012005181966E-2,
-1.899859399197E-1));
#5887=CARTESIAN_POINT('',(-3.015E-1,-6.999919353527E-2,-1.75E-1));
#5888=CARTESIAN_POINT('',(-2.755959878278E-1,-4.442101317486E-2,
-1.887780956146E-1));
#5889=CARTESIAN_POINT('',(-2.751079918926E-1,-5.940004554088E-2,
-1.890376559719E-1));
#5890=CARTESIAN_POINT('',(-2.859645567154E-1,-7.012005181966E-2,
-1.832631532740E-1));
#5891=CARTESIAN_POINT('',(-3.015E-1,-6.999919353527E-2,-1.75E-1));
#5892=CARTESIAN_POINT('',(-2.765615449490E-1,-4.442101317486E-2,
-1.734310053294E-1));
#5893=CARTESIAN_POINT('',(-2.760917387810E-1,-5.940004554088E-2,
-1.734014476294E-1));
#5894=CARTESIAN_POINT('',(-2.865436314083E-1,-7.012005181966E-2,
-1.740590250052E-1));
#5895=CARTESIAN_POINT('',(-3.015E-1,-6.999919353527E-2,-1.75E-1));
#5896=(BOUNDED_SURFACE()B_SPLINE_SURFACE(3,3,((#5868,#5869,#5870,#5871),(#5872,
#5873,#5874,#5875),(#5876,#5877,#5878,#5879),(#5880,#5881,#5882,#5883),(#5884,
#5885,#5886,#5887),(#5888,#5889,#5890,#5891),(#5892,#5893,#5894,#5895)),
.UNSPECIFIED.,.F.,.F.,.F.)B_SPLINE_SURFACE_WITH_KNOTS((4,3,4),(4,4),(0.E0,1.E0,
2.E0),(0.E0,1.E0),.UNSPECIFIED.)GEOMETRIC_REPRESENTATION_ITEM()RATIONAL_B_SPLINE_SURFACE(((1.402545430700E0,1.115501833898E0,1.115501833898E0,1.402545430700E0),(
1.107587419778E0,8.809096453637E-1,8.809096453637E-1,1.107587419778E0),(
1.107587419778E0,8.809096453637E-1,8.809096453637E-1,1.107587419778E0),(
1.402545430700E0,1.115501833898E0,1.115501833898E0,1.402545430700E0),(
1.107587419778E0,8.809096453637E-1,8.809096453637E-1,1.107587419778E0),(
1.107587419778E0,8.809096453637E-1,8.809096453637E-1,1.107587419778E0),(
1.402545430700E0,1.115501833898E0,1.115501833898E0,1.402545430700E0)))REPRESENTATION_ITEM('')SURFACE());
#5898=ORIENTED_EDGE('',*,*,#5897,.T.);
#5900=ORIENTED_EDGE('',*,*,#5899,.T.);
#5901=ORIENTED_EDGE('',*,*,#5859,.F.);
#5903=ORIENTED_EDGE('',*,*,#5902,.F.);
#5904=EDGE_LOOP('',(#5898,#5900,#5901,#5903));
#5905=FACE_OUTER_BOUND('',#5904,.F.);
#5906=ADVANCED_FACE('',(#5905),#5896,.T.);
#5907=CARTESIAN_POINT('',(0.E0,-7.E-2,0.E0));
#5908=DIRECTION('',(0.E0,-1.E0,0.E0));
#5909=DIRECTION('',(1.E0,0.E0,0.E0));
#5910=AXIS2_PLACEMENT_3D('',#5907,#5908,#5909);
#5911=PLANE('',#5910);
#5913=ORIENTED_EDGE('',*,*,#5912,.T.);
#5915=ORIENTED_EDGE('',*,*,#5914,.F.);
#5916=ORIENTED_EDGE('',*,*,#5897,.F.);
#5918=ORIENTED_EDGE('',*,*,#5917,.F.);
#5919=EDGE_LOOP('',(#5913,#5915,#5916,#5918));
#5920=FACE_OUTER_BOUND('',#5919,.F.);
#5921=ADVANCED_FACE('',(#5920),#5911,.T.);
#5922=CARTESIAN_POINT('',(4.518E-1,-7.E-2,6.E-3));
#5923=DIRECTION('',(0.E0,0.E0,-1.E0));
#5924=DIRECTION('',(0.E0,1.E0,0.E0));
#5925=AXIS2_PLACEMENT_3D('',#5922,#5923,#5924);
#5926=PLANE('',#5925);
#5927=ORIENTED_EDGE('',*,*,#5912,.F.);
#5929=ORIENTED_EDGE('',*,*,#5928,.T.);
#5931=ORIENTED_EDGE('',*,*,#5930,.T.);
#5933=ORIENTED_EDGE('',*,*,#5932,.F.);
#5934=ORIENTED_EDGE('',*,*,#5827,.F.);
#5936=ORIENTED_EDGE('',*,*,#5935,.F.);
#5937=EDGE_LOOP('',(#5927,#5929,#5931,#5933,#5934,#5936));
#5938=FACE_OUTER_BOUND('',#5937,.F.);
#5939=ADVANCED_FACE('',(#5938),#5926,.F.);
#5940=CARTESIAN_POINT('',(-3.017E-1,-4.52E-2,1.764375721497E-1));
#5941=DIRECTION('',(0.E0,0.E0,-1.E0));
#5942=DIRECTION('',(0.E0,-1.E0,0.E0));
#5943=AXIS2_PLACEMENT_3D('',#5940,#5941,#5942);
#5944=CYLINDRICAL_SURFACE('',#5943,2.48E-2);
#5945=ORIENTED_EDGE('',*,*,#5928,.F.);
#5946=ORIENTED_EDGE('',*,*,#5917,.T.);
#5947=ORIENTED_EDGE('',*,*,#5902,.T.);
#5949=ORIENTED_EDGE('',*,*,#5948,.F.);
#5950=EDGE_LOOP('',(#5945,#5946,#5947,#5949));
#5951=FACE_OUTER_BOUND('',#5950,.F.);
#5952=ADVANCED_FACE('',(#5951),#5944,.T.);
#5953=CARTESIAN_POINT('',(-3.265E-1,0.E0,1.75E-1));
#5954=DIRECTION('',(-1.E0,0.E0,0.E0));
#5955=DIRECTION('',(0.E0,0.E0,-1.E0));
#5956=AXIS2_PLACEMENT_3D('',#5953,#5954,#5955);
#5957=PLANE('',#5956);
#5958=ORIENTED_EDGE('',*,*,#5930,.F.);
#5959=ORIENTED_EDGE('',*,*,#5948,.T.);
#5960=ORIENTED_EDGE('',*,*,#5863,.F.);
#5961=ORIENTED_EDGE('',*,*,#5699,.F.);
#5963=ORIENTED_EDGE('',*,*,#5962,.T.);
#5965=ORIENTED_EDGE('',*,*,#5964,.T.);
#5967=ORIENTED_EDGE('',*,*,#5966,.T.);
#5969=ORIENTED_EDGE('',*,*,#5968,.F.);
#5970=EDGE_LOOP('',(#5958,#5959,#5960,#5961,#5963,#5965,#5967,#5969));
#5971=FACE_OUTER_BOUND('',#5970,.F.);
#5972=ADVANCED_FACE('',(#5971),#5957,.T.);
#5973=CARTESIAN_POINT('',(-3.015E-1,0.E0,1.75E-1));
#5974=DIRECTION('',(0.E0,-1.E0,0.E0));
#5975=DIRECTION('',(1.E0,0.E0,0.E0));
#5976=AXIS2_PLACEMENT_3D('',#5973,#5974,#5975);
#5977=CYLINDRICAL_SURFACE('',#5976,2.5E-2);
#5979=ORIENTED_EDGE('',*,*,#5978,.T.);
#5980=ORIENTED_EDGE('',*,*,#5962,.F.);
#5981=ORIENTED_EDGE('',*,*,#5697,.F.);
#5982=ORIENTED_EDGE('',*,*,#5835,.T.);
#5983=EDGE_LOOP('',(#5979,#5980,#5981,#5982));
#5984=FACE_OUTER_BOUND('',#5983,.F.);
#5985=ADVANCED_FACE('',(#5984),#5977,.T.);
#5986=CARTESIAN_POINT('',(-2.765615449477E-1,-4.442101317486E-2,
1.734310053501E-1));
#5987=CARTESIAN_POINT('',(-2.760917387797E-1,-5.940004554088E-2,
1.734014476504E-1));
#5988=CARTESIAN_POINT('',(-2.865436314076E-1,-7.012005181966E-2,
1.740590250176E-1));
#5989=CARTESIAN_POINT('',(-3.015E-1,-6.999919353527E-2,1.75E-1));
#5990=CARTESIAN_POINT('',(-2.755959878392E-1,-4.442101317486E-2,
1.887780956360E-1));
#5991=CARTESIAN_POINT('',(-2.751079919043E-1,-5.940004554088E-2,
1.890376559937E-1));
#5992=CARTESIAN_POINT('',(-2.859645567222E-1,-7.012005181966E-2,
1.832631532869E-1));
#5993=CARTESIAN_POINT('',(-3.015E-1,-6.999919353527E-2,1.75E-1));
#5994=CARTESIAN_POINT('',(-2.861225658689E-1,-4.442101317486E-2,
1.999877627034E-1));
#5995=CARTESIAN_POINT('',(-2.858328761752E-1,-5.940004554088E-2,
2.004584977598E-1));
#5996=CARTESIAN_POINT('',(-2.922776735813E-1,-7.012005181966E-2,
1.899859399273E-1));
#5997=CARTESIAN_POINT('',(-3.015E-1,-6.999919353527E-2,1.75E-1));
#5998=CARTESIAN_POINT('',(-3.015000000104E-1,-4.442101317486E-2,
1.999877626971E-1));
#5999=CARTESIAN_POINT('',(-3.015000000105E-1,-5.940004554088E-2,
2.004584977533E-1));
#6000=CARTESIAN_POINT('',(-3.015000000062E-1,-7.012005181966E-2,
1.899859399235E-1));
#6001=CARTESIAN_POINT('',(-3.015E-1,-6.999919353527E-2,1.75E-1));
#6002=CARTESIAN_POINT('',(-3.168774341518E-1,-4.442101317486E-2,
1.999877626907E-1));
#6003=CARTESIAN_POINT('',(-3.171671238458E-1,-5.940004554088E-2,
2.004584977468E-1));
#6004=CARTESIAN_POINT('',(-3.107223264312E-1,-7.012005181966E-2,
1.899859399197E-1));
#6005=CARTESIAN_POINT('',(-3.015E-1,-6.999919353527E-2,1.75E-1));
#6006=CARTESIAN_POINT('',(-3.274040121722E-1,-4.442101317486E-2,
1.887780956146E-1));
#6007=CARTESIAN_POINT('',(-3.278920081074E-1,-5.940004554088E-2,
1.890376559719E-1));
#6008=CARTESIAN_POINT('',(-3.170354432846E-1,-7.012005181966E-2,
1.832631532740E-1));
#6009=CARTESIAN_POINT('',(-3.015E-1,-6.999919353527E-2,1.75E-1));
#6010=CARTESIAN_POINT('',(-3.264384550510E-1,-4.442101317486E-2,
1.734310053294E-1));
#6011=CARTESIAN_POINT('',(-3.269082612190E-1,-5.940004554088E-2,
1.734014476294E-1));
#6012=CARTESIAN_POINT('',(-3.164563685917E-1,-7.012005181966E-2,
1.740590250052E-1));
#6013=CARTESIAN_POINT('',(-3.015E-1,-6.999919353527E-2,1.75E-1));
#6014=(BOUNDED_SURFACE()B_SPLINE_SURFACE(3,3,((#5986,#5987,#5988,#5989),(#5990,
#5991,#5992,#5993),(#5994,#5995,#5996,#5997),(#5998,#5999,#6000,#6001),(#6002,
#6003,#6004,#6005),(#6006,#6007,#6008,#6009),(#6010,#6011,#6012,#6013)),
.UNSPECIFIED.,.F.,.F.,.F.)B_SPLINE_SURFACE_WITH_KNOTS((4,3,4),(4,4),(0.E0,1.E0,
2.E0),(0.E0,1.E0),.UNSPECIFIED.)GEOMETRIC_REPRESENTATION_ITEM()RATIONAL_B_SPLINE_SURFACE(((1.402545430700E0,1.115501833898E0,1.115501833898E0,1.402545430700E0),(
1.107587419778E0,8.809096453637E-1,8.809096453637E-1,1.107587419778E0),(
1.107587419778E0,8.809096453637E-1,8.809096453637E-1,1.107587419778E0),(
1.402545430700E0,1.115501833898E0,1.115501833898E0,1.402545430700E0),(
1.107587419778E0,8.809096453637E-1,8.809096453637E-1,1.107587419778E0),(
1.107587419778E0,8.809096453637E-1,8.809096453637E-1,1.107587419778E0),(
1.402545430700E0,1.115501833898E0,1.115501833898E0,1.402545430700E0)))REPRESENTATION_ITEM('')SURFACE());
#6016=ORIENTED_EDGE('',*,*,#6015,.T.);
#6018=ORIENTED_EDGE('',*,*,#6017,.T.);
#6019=ORIENTED_EDGE('',*,*,#5978,.F.);
#6021=ORIENTED_EDGE('',*,*,#6020,.F.);
#6022=EDGE_LOOP('',(#6016,#6018,#6019,#6021));
#6023=FACE_OUTER_BOUND('',#6022,.F.);
#6024=ADVANCED_FACE('',(#6023),#6014,.T.);
#6025=CARTESIAN_POINT('',(0.E0,-7.E-2,0.E0));
#6026=DIRECTION('',(0.E0,-1.E0,0.E0));
#6027=DIRECTION('',(1.E0,0.E0,0.E0));
#6028=AXIS2_PLACEMENT_3D('',#6025,#6026,#6027);
#6029=PLANE('',#6028);
#6031=ORIENTED_EDGE('',*,*,#6030,.F.);
#6033=ORIENTED_EDGE('',*,*,#6032,.F.);
#6034=ORIENTED_EDGE('',*,*,#6015,.F.);
#6036=ORIENTED_EDGE('',*,*,#6035,.F.);
#6037=EDGE_LOOP('',(#6031,#6033,#6034,#6036));
#6038=FACE_OUTER_BOUND('',#6037,.F.);
#6039=ADVANCED_FACE('',(#6038),#6029,.T.);
#6040=CARTESIAN_POINT('',(4.518E-1,-2.E-2,8.6E-2));
#6041=DIRECTION('',(0.E0,0.E0,1.E0));
#6042=DIRECTION('',(0.E0,-1.E0,0.E0));
#6043=AXIS2_PLACEMENT_3D('',#6040,#6041,#6042);
#6044=PLANE('',#6043);
#6045=ORIENTED_EDGE('',*,*,#6030,.T.);
#6047=ORIENTED_EDGE('',*,*,#6046,.T.);
#6048=ORIENTED_EDGE('',*,*,#5831,.T.);
#6050=ORIENTED_EDGE('',*,*,#6049,.T.);
#6051=ORIENTED_EDGE('',*,*,#5966,.F.);
#6053=ORIENTED_EDGE('',*,*,#6052,.F.);
#6054=EDGE_LOOP('',(#6045,#6047,#6048,#6050,#6051,#6053));
#6055=FACE_OUTER_BOUND('',#6054,.F.);
#6056=ADVANCED_FACE('',(#6055),#6044,.F.);
#6057=CARTESIAN_POINT('',(-3.013E-1,-4.52E-2,-1.764375721497E-1));
#6058=DIRECTION('',(0.E0,0.E0,1.E0));
#6059=DIRECTION('',(0.E0,-1.E0,0.E0));
#6060=AXIS2_PLACEMENT_3D('',#6057,#6058,#6059);
#6061=CYLINDRICAL_SURFACE('',#6060,2.48E-2);
#6062=ORIENTED_EDGE('',*,*,#6046,.F.);
#6063=ORIENTED_EDGE('',*,*,#6035,.T.);
#6064=ORIENTED_EDGE('',*,*,#6020,.T.);
#6065=ORIENTED_EDGE('',*,*,#5833,.F.);
#6066=EDGE_LOOP('',(#6062,#6063,#6064,#6065));
#6067=FACE_OUTER_BOUND('',#6066,.F.);
#6068=ADVANCED_FACE('',(#6067),#6061,.T.);
#6069=CARTESIAN_POINT('',(4.518E-1,-2.E-2,6.E-3));
#6070=DIRECTION('',(0.E0,1.E0,0.E0));
#6071=DIRECTION('',(0.E0,0.E0,1.E0));
#6072=AXIS2_PLACEMENT_3D('',#6069,#6070,#6071);
#6073=PLANE('',#6072);
#6074=ORIENTED_EDGE('',*,*,#5968,.T.);
#6075=ORIENTED_EDGE('',*,*,#6049,.F.);
#6076=ORIENTED_EDGE('',*,*,#5829,.F.);
#6077=ORIENTED_EDGE('',*,*,#5932,.T.);
#6078=EDGE_LOOP('',(#6074,#6075,#6076,#6077));
#6079=FACE_OUTER_BOUND('',#6078,.F.);
#6080=ADVANCED_FACE('',(#6079),#6073,.F.);
#6081=CARTESIAN_POINT('',(-3.017E-1,-4.52E-2,1.764375721497E-1));
#6082=DIRECTION('',(0.E0,0.E0,-1.E0));
#6083=DIRECTION('',(0.E0,-1.E0,0.E0));
#6084=AXIS2_PLACEMENT_3D('',#6081,#6082,#6083);
#6085=CYLINDRICAL_SURFACE('',#6084,2.48E-2);
#6086=ORIENTED_EDGE('',*,*,#6052,.T.);
#6087=ORIENTED_EDGE('',*,*,#5964,.F.);
#6088=ORIENTED_EDGE('',*,*,#6017,.F.);
#6089=ORIENTED_EDGE('',*,*,#6032,.T.);
#6090=EDGE_LOOP('',(#6086,#6087,#6088,#6089));
#6091=FACE_OUTER_BOUND('',#6090,.F.);
#6092=ADVANCED_FACE('',(#6091),#6085,.T.);
#6093=CARTESIAN_POINT('',(-3.013E-1,-4.52E-2,-1.764375721497E-1));
#6094=DIRECTION('',(0.E0,0.E0,1.E0));
#6095=DIRECTION('',(0.E0,-1.E0,0.E0));
#6096=AXIS2_PLACEMENT_3D('',#6093,#6094,#6095);
#6097=CYLINDRICAL_SURFACE('',#6096,2.48E-2);
#6098=ORIENTED_EDGE('',*,*,#5935,.T.);
#6099=ORIENTED_EDGE('',*,*,#5825,.F.);
#6100=ORIENTED_EDGE('',*,*,#5899,.F.);
#6101=ORIENTED_EDGE('',*,*,#5914,.T.);
#6102=EDGE_LOOP('',(#6098,#6099,#6100,#6101));
#6103=FACE_OUTER_BOUND('',#6102,.F.);
#6104=ADVANCED_FACE('',(#6103),#6097,.T.);
#6105=CARTESIAN_POINT('',(3.015E-1,0.E0,1.75E-1));
#6106=DIRECTION('',(0.E0,-1.E0,0.E0));
#6107=DIRECTION('',(1.E0,0.E0,0.E0));
#6108=AXIS2_PLACEMENT_3D('',#6105,#6106,#6107);
#6109=CYLINDRICAL_SURFACE('',#6108,2.5E-2);
#6111=ORIENTED_EDGE('',*,*,#6110,.T.);
#6112=ORIENTED_EDGE('',*,*,#5780,.F.);
#6113=ORIENTED_EDGE('',*,*,#5713,.F.);
#6115=ORIENTED_EDGE('',*,*,#6114,.T.);
#6116=EDGE_LOOP('',(#6111,#6112,#6113,#6115));
#6117=FACE_OUTER_BOUND('',#6116,.F.);
#6118=ADVANCED_FACE('',(#6117),#6109,.T.);
#6119=CARTESIAN_POINT('',(3.264384550523E-1,-4.442101317486E-2,
1.734310053501E-1));
#6120=CARTESIAN_POINT('',(3.269082612203E-1,-5.940004554088E-2,
1.734014476504E-1));
#6121=CARTESIAN_POINT('',(3.164563685924E-1,-7.012005181966E-2,
1.740590250176E-1));
#6122=CARTESIAN_POINT('',(3.015E-1,-6.999919353527E-2,1.75E-1));
#6123=CARTESIAN_POINT('',(3.274040121608E-1,-4.442101317486E-2,
1.887780956360E-1));
#6124=CARTESIAN_POINT('',(3.278920080957E-1,-5.940004554088E-2,
1.890376559937E-1));
#6125=CARTESIAN_POINT('',(3.170354432778E-1,-7.012005181966E-2,
1.832631532869E-1));
#6126=CARTESIAN_POINT('',(3.015E-1,-6.999919353527E-2,1.75E-1));
#6127=CARTESIAN_POINT('',(3.168774341311E-1,-4.442101317486E-2,
1.999877627034E-1));
#6128=CARTESIAN_POINT('',(3.171671238248E-1,-5.940004554088E-2,
2.004584977598E-1));
#6129=CARTESIAN_POINT('',(3.107223264187E-1,-7.012005181966E-2,
1.899859399273E-1));
#6130=CARTESIAN_POINT('',(3.015E-1,-6.999919353527E-2,1.75E-1));
#6131=CARTESIAN_POINT('',(3.014999999896E-1,-4.442101317486E-2,
1.999877626971E-1));
#6132=CARTESIAN_POINT('',(3.014999999895E-1,-5.940004554088E-2,
2.004584977533E-1));
#6133=CARTESIAN_POINT('',(3.014999999938E-1,-7.012005181966E-2,
1.899859399235E-1));
#6134=CARTESIAN_POINT('',(3.015E-1,-6.999919353527E-2,1.75E-1));
#6135=CARTESIAN_POINT('',(2.861225658482E-1,-4.442101317486E-2,
1.999877626907E-1));
#6136=CARTESIAN_POINT('',(2.858328761542E-1,-5.940004554088E-2,
2.004584977468E-1));
#6137=CARTESIAN_POINT('',(2.922776735688E-1,-7.012005181966E-2,
1.899859399197E-1));
#6138=CARTESIAN_POINT('',(3.015E-1,-6.999919353527E-2,1.75E-1));
#6139=CARTESIAN_POINT('',(2.755959878278E-1,-4.442101317486E-2,
1.887780956146E-1));
#6140=CARTESIAN_POINT('',(2.751079918926E-1,-5.940004554088E-2,
1.890376559719E-1));
#6141=CARTESIAN_POINT('',(2.859645567154E-1,-7.012005181966E-2,
1.832631532740E-1));
#6142=CARTESIAN_POINT('',(3.015E-1,-6.999919353527E-2,1.75E-1));
#6143=CARTESIAN_POINT('',(2.765615449490E-1,-4.442101317486E-2,
1.734310053294E-1));
#6144=CARTESIAN_POINT('',(2.760917387810E-1,-5.940004554088E-2,
1.734014476294E-1));
#6145=CARTESIAN_POINT('',(2.865436314083E-1,-7.012005181966E-2,
1.740590250052E-1));
#6146=CARTESIAN_POINT('',(3.015E-1,-6.999919353527E-2,1.75E-1));
#6147=(BOUNDED_SURFACE()B_SPLINE_SURFACE(3,3,((#6119,#6120,#6121,#6122),(#6123,
#6124,#6125,#6126),(#6127,#6128,#6129,#6130),(#6131,#6132,#6133,#6134),(#6135,
#6136,#6137,#6138),(#6139,#6140,#6141,#6142),(#6143,#6144,#6145,#6146)),
.UNSPECIFIED.,.F.,.F.,.F.)B_SPLINE_SURFACE_WITH_KNOTS((4,3,4),(4,4),(0.E0,1.E0,
2.E0),(0.E0,1.E0),.UNSPECIFIED.)GEOMETRIC_REPRESENTATION_ITEM()RATIONAL_B_SPLINE_SURFACE(((1.402545430700E0,1.115501833898E0,1.115501833898E0,1.402545430700E0),(
1.107587419778E0,8.809096453637E-1,8.809096453637E-1,1.107587419778E0),(
1.107587419778E0,8.809096453637E-1,8.809096453637E-1,1.107587419778E0),(
1.402545430700E0,1.115501833898E0,1.115501833898E0,1.402545430700E0),(
1.107587419778E0,8.809096453637E-1,8.809096453637E-1,1.107587419778E0),(
1.107587419778E0,8.809096453637E-1,8.809096453637E-1,1.107587419778E0),(
1.402545430700E0,1.115501833898E0,1.115501833898E0,1.402545430700E0)))REPRESENTATION_ITEM('')SURFACE());
#6149=ORIENTED_EDGE('',*,*,#6148,.T.);
#6151=ORIENTED_EDGE('',*,*,#6150,.T.);
#6152=ORIENTED_EDGE('',*,*,#6110,.F.);
#6154=ORIENTED_EDGE('',*,*,#6153,.F.);
#6155=EDGE_LOOP('',(#6149,#6151,#6152,#6154));
#6156=FACE_OUTER_BOUND('',#6155,.F.);
#6157=ADVANCED_FACE('',(#6156),#6147,.T.);
#6158=CARTESIAN_POINT('',(0.E0,-7.E-2,0.E0));
#6159=DIRECTION('',(0.E0,-1.E0,0.E0));
#6160=DIRECTION('',(1.E0,0.E0,0.E0));
#6161=AXIS2_PLACEMENT_3D('',#6158,#6159,#6160);
#6162=PLANE('',#6161);
#6164=ORIENTED_EDGE('',*,*,#6163,.F.);
#6166=ORIENTED_EDGE('',*,*,#6165,.F.);
#6167=ORIENTED_EDGE('',*,*,#6148,.F.);
#6169=ORIENTED_EDGE('',*,*,#6168,.F.);
#6170=EDGE_LOOP('',(#6164,#6166,#6167,#6169));
#6171=FACE_OUTER_BOUND('',#6170,.F.);
#6172=ADVANCED_FACE('',(#6171),#6162,.T.);
#6173=CARTESIAN_POINT('',(4.518E-1,-2.E-2,8.6E-2));
#6174=DIRECTION('',(0.E0,0.E0,1.E0));
#6175=DIRECTION('',(0.E0,-1.E0,0.E0));
#6176=AXIS2_PLACEMENT_3D('',#6173,#6174,#6175);
#6177=PLANE('',#6176);
#6178=ORIENTED_EDGE('',*,*,#6163,.T.);
#6180=ORIENTED_EDGE('',*,*,#6179,.T.);
#6182=ORIENTED_EDGE('',*,*,#6181,.T.);
#6184=ORIENTED_EDGE('',*,*,#6183,.T.);
#6185=ORIENTED_EDGE('',*,*,#5784,.F.);
#6187=ORIENTED_EDGE('',*,*,#6186,.F.);
#6188=EDGE_LOOP('',(#6178,#6180,#6182,#6184,#6185,#6187));
#6189=FACE_OUTER_BOUND('',#6188,.F.);
#6190=ADVANCED_FACE('',(#6189),#6177,.F.);
#6191=CARTESIAN_POINT('',(3.017E-1,-4.52E-2,-1.764375721497E-1));
#6192=DIRECTION('',(0.E0,0.E0,1.E0));
#6193=DIRECTION('',(0.E0,-1.E0,0.E0));
#6194=AXIS2_PLACEMENT_3D('',#6191,#6192,#6193);
#6195=CYLINDRICAL_SURFACE('',#6194,2.48E-2);
#6196=ORIENTED_EDGE('',*,*,#6179,.F.);
#6197=ORIENTED_EDGE('',*,*,#6168,.T.);
#6198=ORIENTED_EDGE('',*,*,#6153,.T.);
#6200=ORIENTED_EDGE('',*,*,#6199,.F.);
#6201=EDGE_LOOP('',(#6196,#6197,#6198,#6200));
#6202=FACE_OUTER_BOUND('',#6201,.F.);
#6203=ADVANCED_FACE('',(#6202),#6195,.T.);
#6204=CARTESIAN_POINT('',(3.265E-1,0.E0,-1.75E-1));
#6205=DIRECTION('',(1.E0,0.E0,0.E0));
#6206=DIRECTION('',(0.E0,0.E0,1.E0));
#6207=AXIS2_PLACEMENT_3D('',#6204,#6205,#6206);
#6208=PLANE('',#6207);
#6210=ORIENTED_EDGE('',*,*,#6209,.T.);
#6212=ORIENTED_EDGE('',*,*,#6211,.T.);
#6213=ORIENTED_EDGE('',*,*,#6181,.F.);
#6214=ORIENTED_EDGE('',*,*,#6199,.T.);
#6215=ORIENTED_EDGE('',*,*,#6114,.F.);
#6216=ORIENTED_EDGE('',*,*,#5711,.F.);
#6218=ORIENTED_EDGE('',*,*,#6217,.T.);
#6220=ORIENTED_EDGE('',*,*,#6219,.T.);
#6221=EDGE_LOOP('',(#6210,#6212,#6213,#6214,#6215,#6216,#6218,#6220));
#6222=FACE_OUTER_BOUND('',#6221,.F.);
#6223=ADVANCED_FACE('',(#6222),#6208,.T.);
#6224=CARTESIAN_POINT('',(4.518E-1,-7.E-2,6.E-3));
#6225=DIRECTION('',(0.E0,0.E0,-1.E0));
#6226=DIRECTION('',(0.E0,1.E0,0.E0));
#6227=AXIS2_PLACEMENT_3D('',#6224,#6225,#6226);
#6228=PLANE('',#6227);
#6230=ORIENTED_EDGE('',*,*,#6229,.F.);
#6232=ORIENTED_EDGE('',*,*,#6231,.T.);
#6233=ORIENTED_EDGE('',*,*,#5788,.T.);
#6235=ORIENTED_EDGE('',*,*,#6234,.F.);
#6236=ORIENTED_EDGE('',*,*,#6209,.F.);
#6238=ORIENTED_EDGE('',*,*,#6237,.F.);
#6239=EDGE_LOOP('',(#6230,#6232,#6233,#6235,#6236,#6238));
#6240=FACE_OUTER_BOUND('',#6239,.F.);
#6241=ADVANCED_FACE('',(#6240),#6228,.F.);
#6242=CARTESIAN_POINT('',(0.E0,-7.E-2,0.E0));
#6243=DIRECTION('',(0.E0,-1.E0,0.E0));
#6244=DIRECTION('',(1.E0,0.E0,0.E0));
#6245=AXIS2_PLACEMENT_3D('',#6242,#6243,#6244);
#6246=PLANE('',#6245);
#6247=ORIENTED_EDGE('',*,*,#6229,.T.);
#6249=ORIENTED_EDGE('',*,*,#6248,.F.);
#6251=ORIENTED_EDGE('',*,*,#6250,.F.);
#6253=ORIENTED_EDGE('',*,*,#6252,.F.);
#6254=EDGE_LOOP('',(#6247,#6249,#6251,#6253));
#6255=FACE_OUTER_BOUND('',#6254,.F.);
#6256=ADVANCED_FACE('',(#6255),#6246,.T.);
#6257=CARTESIAN_POINT('',(3.017E-1,-4.52E-2,-1.764375721497E-1));
#6258=DIRECTION('',(0.E0,0.E0,1.E0));
#6259=DIRECTION('',(0.E0,-1.E0,0.E0));
#6260=AXIS2_PLACEMENT_3D('',#6257,#6258,#6259);
#6261=CYLINDRICAL_SURFACE('',#6260,2.48E-2);
#6262=ORIENTED_EDGE('',*,*,#6237,.T.);
#6263=ORIENTED_EDGE('',*,*,#6219,.F.);
#6265=ORIENTED_EDGE('',*,*,#6264,.F.);
#6266=ORIENTED_EDGE('',*,*,#6248,.T.);
#6267=EDGE_LOOP('',(#6262,#6263,#6265,#6266));
#6268=FACE_OUTER_BOUND('',#6267,.F.);
#6269=ADVANCED_FACE('',(#6268),#6261,.T.);
#6270=CARTESIAN_POINT('',(2.765615449477E-1,-4.442101317486E-2,
-1.734310053501E-1));
#6271=CARTESIAN_POINT('',(2.760917387797E-1,-5.940004554088E-2,
-1.734014476504E-1));
#6272=CARTESIAN_POINT('',(2.865436314076E-1,-7.012005181966E-2,
-1.740590250176E-1));
#6273=CARTESIAN_POINT('',(3.015E-1,-6.999919353527E-2,-1.75E-1));
#6274=CARTESIAN_POINT('',(2.755959878392E-1,-4.442101317486E-2,
-1.887780956360E-1));
#6275=CARTESIAN_POINT('',(2.751079919043E-1,-5.940004554088E-2,
-1.890376559937E-1));
#6276=CARTESIAN_POINT('',(2.859645567222E-1,-7.012005181966E-2,
-1.832631532869E-1));
#6277=CARTESIAN_POINT('',(3.015E-1,-6.999919353527E-2,-1.75E-1));
#6278=CARTESIAN_POINT('',(2.861225658689E-1,-4.442101317486E-2,
-1.999877627034E-1));
#6279=CARTESIAN_POINT('',(2.858328761752E-1,-5.940004554088E-2,
-2.004584977598E-1));
#6280=CARTESIAN_POINT('',(2.922776735813E-1,-7.012005181966E-2,
-1.899859399273E-1));
#6281=CARTESIAN_POINT('',(3.015E-1,-6.999919353527E-2,-1.75E-1));
#6282=CARTESIAN_POINT('',(3.015000000104E-1,-4.442101317486E-2,
-1.999877626971E-1));
#6283=CARTESIAN_POINT('',(3.015000000105E-1,-5.940004554088E-2,
-2.004584977533E-1));
#6284=CARTESIAN_POINT('',(3.015000000062E-1,-7.012005181966E-2,
-1.899859399235E-1));
#6285=CARTESIAN_POINT('',(3.015E-1,-6.999919353527E-2,-1.75E-1));
#6286=CARTESIAN_POINT('',(3.168774341518E-1,-4.442101317486E-2,
-1.999877626907E-1));
#6287=CARTESIAN_POINT('',(3.171671238458E-1,-5.940004554088E-2,
-2.004584977468E-1));
#6288=CARTESIAN_POINT('',(3.107223264312E-1,-7.012005181966E-2,
-1.899859399197E-1));
#6289=CARTESIAN_POINT('',(3.015E-1,-6.999919353527E-2,-1.75E-1));
#6290=CARTESIAN_POINT('',(3.274040121722E-1,-4.442101317486E-2,
-1.887780956146E-1));
#6291=CARTESIAN_POINT('',(3.278920081074E-1,-5.940004554088E-2,
-1.890376559719E-1));
#6292=CARTESIAN_POINT('',(3.170354432846E-1,-7.012005181966E-2,
-1.832631532740E-1));
#6293=CARTESIAN_POINT('',(3.015E-1,-6.999919353527E-2,-1.75E-1));
#6294=CARTESIAN_POINT('',(3.264384550510E-1,-4.442101317486E-2,
-1.734310053294E-1));
#6295=CARTESIAN_POINT('',(3.269082612190E-1,-5.940004554088E-2,
-1.734014476294E-1));
#6296=CARTESIAN_POINT('',(3.164563685917E-1,-7.012005181966E-2,
-1.740590250052E-1));
#6297=CARTESIAN_POINT('',(3.015E-1,-6.999919353527E-2,-1.75E-1));
#6298=(BOUNDED_SURFACE()B_SPLINE_SURFACE(3,3,((#6270,#6271,#6272,#6273),(#6274,
#6275,#6276,#6277),(#6278,#6279,#6280,#6281),(#6282,#6283,#6284,#6285),(#6286,
#6287,#6288,#6289),(#6290,#6291,#6292,#6293),(#6294,#6295,#6296,#6297)),
.UNSPECIFIED.,.F.,.F.,.F.)B_SPLINE_SURFACE_WITH_KNOTS((4,3,4),(4,4),(0.E0,1.E0,
2.E0),(0.E0,1.E0),.UNSPECIFIED.)GEOMETRIC_REPRESENTATION_ITEM()RATIONAL_B_SPLINE_SURFACE(((1.402545430700E0,1.115501833898E0,1.115501833898E0,1.402545430700E0),(
1.107587419778E0,8.809096453637E-1,8.809096453637E-1,1.107587419778E0),(
1.107587419778E0,8.809096453637E-1,8.809096453637E-1,1.107587419778E0),(
1.402545430700E0,1.115501833898E0,1.115501833898E0,1.402545430700E0),(
1.107587419778E0,8.809096453637E-1,8.809096453637E-1,1.107587419778E0),(
1.107587419778E0,8.809096453637E-1,8.809096453637E-1,1.107587419778E0),(
1.402545430700E0,1.115501833898E0,1.115501833898E0,1.402545430700E0)))REPRESENTATION_ITEM('')SURFACE());
#6299=ORIENTED_EDGE('',*,*,#6250,.T.);
#6300=ORIENTED_EDGE('',*,*,#6264,.T.);
#6302=ORIENTED_EDGE('',*,*,#6301,.F.);
#6304=ORIENTED_EDGE('',*,*,#6303,.F.);
#6305=EDGE_LOOP('',(#6299,#6300,#6302,#6304));
#6306=FACE_OUTER_BOUND('',#6305,.F.);
#6307=ADVANCED_FACE('',(#6306),#6298,.T.);
#6308=CARTESIAN_POINT('',(3.015E-1,0.E0,-1.75E-1));
#6309=DIRECTION('',(0.E0,-1.E0,0.E0));
#6310=DIRECTION('',(1.E0,0.E0,0.E0));
#6311=AXIS2_PLACEMENT_3D('',#6308,#6309,#6310);
#6312=CYLINDRICAL_SURFACE('',#6311,2.5E-2);
#6313=ORIENTED_EDGE('',*,*,#6301,.T.);
#6314=ORIENTED_EDGE('',*,*,#6217,.F.);
#6315=ORIENTED_EDGE('',*,*,#5709,.F.);
#6316=ORIENTED_EDGE('',*,*,#5792,.T.);
#6317=EDGE_LOOP('',(#6313,#6314,#6315,#6316));
#6318=FACE_OUTER_BOUND('',#6317,.F.);
#6319=ADVANCED_FACE('',(#6318),#6312,.T.);
#6320=CARTESIAN_POINT('',(3.013E-1,-4.52E-2,1.764375721497E-1));
#6321=DIRECTION('',(0.E0,0.E0,-1.E0));
#6322=DIRECTION('',(0.E0,-1.E0,0.E0));
#6323=AXIS2_PLACEMENT_3D('',#6320,#6321,#6322);
#6324=CYLINDRICAL_SURFACE('',#6323,2.48E-2);
#6325=ORIENTED_EDGE('',*,*,#6231,.F.);
#6326=ORIENTED_EDGE('',*,*,#6252,.T.);
#6327=ORIENTED_EDGE('',*,*,#6303,.T.);
#6328=ORIENTED_EDGE('',*,*,#5790,.F.);
#6329=EDGE_LOOP('',(#6325,#6326,#6327,#6328));
#6330=FACE_OUTER_BOUND('',#6329,.F.);
#6331=ADVANCED_FACE('',(#6330),#6324,.T.);
#6332=CARTESIAN_POINT('',(4.518E-1,-2.E-2,6.E-3));
#6333=DIRECTION('',(0.E0,1.E0,0.E0));
#6334=DIRECTION('',(0.E0,0.E0,1.E0));
#6335=AXIS2_PLACEMENT_3D('',#6332,#6333,#6334);
#6336=PLANE('',#6335);
#6337=ORIENTED_EDGE('',*,*,#6211,.F.);
#6338=ORIENTED_EDGE('',*,*,#6234,.T.);
#6339=ORIENTED_EDGE('',*,*,#5786,.T.);
#6340=ORIENTED_EDGE('',*,*,#6183,.F.);
#6341=EDGE_LOOP('',(#6337,#6338,#6339,#6340));
#6342=FACE_OUTER_BOUND('',#6341,.F.);
#6343=ADVANCED_FACE('',(#6342),#6336,.F.);
#6344=CARTESIAN_POINT('',(3.013E-1,-4.52E-2,1.764375721497E-1));
#6345=DIRECTION('',(0.E0,0.E0,-1.E0));
#6346=DIRECTION('',(0.E0,-1.E0,0.E0));
#6347=AXIS2_PLACEMENT_3D('',#6344,#6345,#6346);
#6348=CYLINDRICAL_SURFACE('',#6347,2.48E-2);
#6349=ORIENTED_EDGE('',*,*,#6186,.T.);
#6350=ORIENTED_EDGE('',*,*,#5782,.F.);
#6351=ORIENTED_EDGE('',*,*,#6150,.F.);
#6352=ORIENTED_EDGE('',*,*,#6165,.T.);
#6353=EDGE_LOOP('',(#6349,#6350,#6351,#6352));
#6354=FACE_OUTER_BOUND('',#6353,.F.);
#6355=ADVANCED_FACE('',(#6354),#6348,.T.);
#6356=CARTESIAN_POINT('',(-1.81E-1,5.E-2,-1.025E-1));
#6357=DIRECTION('',(0.E0,0.E0,-1.E0));
#6358=DIRECTION('',(-1.E0,0.E0,0.E0));
#6359=AXIS2_PLACEMENT_3D('',#6356,#6357,#6358);
#6360=PLANE('',#6359);
#6361=ORIENTED_EDGE('',*,*,#5719,.F.);
#6363=ORIENTED_EDGE('',*,*,#6362,.T.);
#6365=ORIENTED_EDGE('',*,*,#6364,.T.);
#6367=ORIENTED_EDGE('',*,*,#6366,.T.);
#6369=ORIENTED_EDGE('',*,*,#6368,.T.);
#6371=ORIENTED_EDGE('',*,*,#6370,.F.);
#6373=ORIENTED_EDGE('',*,*,#6372,.F.);
#6375=ORIENTED_EDGE('',*,*,#6374,.T.);
#6377=ORIENTED_EDGE('',*,*,#6376,.F.);
#6379=ORIENTED_EDGE('',*,*,#6378,.T.);
#6381=ORIENTED_EDGE('',*,*,#6380,.T.);
#6383=ORIENTED_EDGE('',*,*,#6382,.T.);
#6384=EDGE_LOOP('',(#6361,#6363,#6365,#6367,#6369,#6371,#6373,#6375,#6377,#6379,
#6381,#6383));
#6385=FACE_OUTER_BOUND('',#6384,.F.);
#6386=ADVANCED_FACE('',(#6385),#6360,.F.);
#6387=CARTESIAN_POINT('',(-1.41E-1,5.E-2,-1.025E-1));
#6388=DIRECTION('',(1.E0,0.E0,0.E0));
#6389=DIRECTION('',(0.E0,-1.E0,0.E0));
#6390=AXIS2_PLACEMENT_3D('',#6387,#6388,#6389);
#6391=PLANE('',#6390);
#6392=ORIENTED_EDGE('',*,*,#5733,.T.);
#6394=ORIENTED_EDGE('',*,*,#6393,.F.);
#6396=ORIENTED_EDGE('',*,*,#6395,.F.);
#6398=ORIENTED_EDGE('',*,*,#6397,.T.);
#6400=ORIENTED_EDGE('',*,*,#6399,.T.);
#6402=ORIENTED_EDGE('',*,*,#6401,.T.);
#6403=ORIENTED_EDGE('',*,*,#5729,.T.);
#6405=ORIENTED_EDGE('',*,*,#6404,.T.);
#6407=ORIENTED_EDGE('',*,*,#6406,.F.);
#6408=ORIENTED_EDGE('',*,*,#6362,.F.);
#6409=EDGE_LOOP('',(#6392,#6394,#6396,#6398,#6400,#6402,#6403,#6405,#6407,
#6408));
#6410=FACE_OUTER_BOUND('',#6409,.F.);
#6411=ADVANCED_FACE('',(#6410),#6391,.T.);
#6412=CARTESIAN_POINT('',(-1.222807893326E-1,5.E-2,-9.25E-2));
#6413=DIRECTION('',(0.E0,-2.419218955997E-1,9.702957262760E-1));
#6414=DIRECTION('',(-1.E0,0.E0,0.E0));
#6415=AXIS2_PLACEMENT_3D('',#6412,#6413,#6414);
#6416=PLANE('',#6415);
#6418=ORIENTED_EDGE('',*,*,#6417,.F.);
#6419=ORIENTED_EDGE('',*,*,#6393,.T.);
#6421=ORIENTED_EDGE('',*,*,#6420,.T.);
#6423=ORIENTED_EDGE('',*,*,#6422,.T.);
#6425=ORIENTED_EDGE('',*,*,#6424,.F.);
#6427=ORIENTED_EDGE('',*,*,#6426,.F.);
#6428=EDGE_LOOP('',(#6418,#6419,#6421,#6423,#6425,#6427));
#6429=FACE_OUTER_BOUND('',#6428,.F.);
#6430=ADVANCED_FACE('',(#6429),#6416,.F.);
#6431=CARTESIAN_POINT('',(-1.81E-1,5.E-2,-1.025E-1));
#6432=DIRECTION('',(0.E0,0.E0,-1.E0));
#6433=DIRECTION('',(-1.E0,0.E0,0.E0));
#6434=AXIS2_PLACEMENT_3D('',#6431,#6432,#6433);
#6435=PLANE('',#6434);
#6436=ORIENTED_EDGE('',*,*,#6417,.T.);
#6438=ORIENTED_EDGE('',*,*,#6437,.T.);
#6440=ORIENTED_EDGE('',*,*,#6439,.F.);
#6441=ORIENTED_EDGE('',*,*,#6395,.T.);
#6442=EDGE_LOOP('',(#6436,#6438,#6440,#6441));
#6443=FACE_OUTER_BOUND('',#6442,.F.);
#6444=ADVANCED_FACE('',(#6443),#6435,.F.);
#6445=CARTESIAN_POINT('',(-2.21E-1,-2.31E-1,-1.025E-1));
#6446=DIRECTION('',(-1.E0,0.E0,0.E0));
#6447=DIRECTION('',(0.E0,1.E0,0.E0));
#6448=AXIS2_PLACEMENT_3D('',#6445,#6446,#6447);
#6449=PLANE('',#6448);
#6450=ORIENTED_EDGE('',*,*,#5721,.F.);
#6451=ORIENTED_EDGE('',*,*,#6382,.F.);
#6453=ORIENTED_EDGE('',*,*,#6452,.T.);
#6455=ORIENTED_EDGE('',*,*,#6454,.T.);
#6456=ORIENTED_EDGE('',*,*,#5725,.F.);
#6458=ORIENTED_EDGE('',*,*,#6457,.F.);
#6460=ORIENTED_EDGE('',*,*,#6459,.T.);
#6462=ORIENTED_EDGE('',*,*,#6461,.F.);
#6463=ORIENTED_EDGE('',*,*,#6437,.F.);
#6464=ORIENTED_EDGE('',*,*,#6426,.T.);
#6465=EDGE_LOOP('',(#6450,#6451,#6453,#6455,#6456,#6458,#6460,#6462,#6463,
#6464));
#6466=FACE_OUTER_BOUND('',#6465,.F.);
#6467=ADVANCED_FACE('',(#6466),#6449,.T.);
#6468=CARTESIAN_POINT('',(-2.31E-1,-5.E-3,-1.025E-1));
#6469=DIRECTION('',(0.E0,1.E0,0.E0));
#6470=DIRECTION('',(1.E0,0.E0,0.E0));
#6471=AXIS2_PLACEMENT_3D('',#6468,#6469,#6470);
#6472=PLANE('',#6471);
#6473=ORIENTED_EDGE('',*,*,#6452,.F.);
#6474=ORIENTED_EDGE('',*,*,#6380,.F.);
#6476=ORIENTED_EDGE('',*,*,#6475,.T.);
#6478=ORIENTED_EDGE('',*,*,#6477,.T.);
#6479=EDGE_LOOP('',(#6473,#6474,#6476,#6478));
#6480=FACE_OUTER_BOUND('',#6479,.F.);
#6481=ADVANCED_FACE('',(#6480),#6472,.T.);
#6482=CARTESIAN_POINT('',(-2.21E-1,-6.5E-2,-1.025E-1));
#6483=DIRECTION('',(-9.863939238321E-1,-1.643989873055E-1,0.E0));
#6484=DIRECTION('',(-1.643989873055E-1,9.863939238321E-1,0.E0));
#6485=AXIS2_PLACEMENT_3D('',#6482,#6483,#6484);
#6486=PLANE('',#6485);
#6487=ORIENTED_EDGE('',*,*,#6378,.F.);
#6489=ORIENTED_EDGE('',*,*,#6488,.T.);
#6491=ORIENTED_EDGE('',*,*,#6490,.T.);
#6492=ORIENTED_EDGE('',*,*,#6475,.F.);
#6493=EDGE_LOOP('',(#6487,#6489,#6491,#6492));
#6494=FACE_OUTER_BOUND('',#6493,.F.);
#6495=ADVANCED_FACE('',(#6494),#6486,.T.);
#6496=CARTESIAN_POINT('',(-2.21E-1,-6.5E-2,-1.025E-1));
#6497=DIRECTION('',(0.E0,1.E0,0.E0));
#6498=DIRECTION('',(1.E0,0.E0,0.E0));
#6499=AXIS2_PLACEMENT_3D('',#6496,#6497,#6498);
#6500=PLANE('',#6499);
#6501=ORIENTED_EDGE('',*,*,#6488,.F.);
#6502=ORIENTED_EDGE('',*,*,#6376,.T.);
#6504=ORIENTED_EDGE('',*,*,#6503,.T.);
#6506=ORIENTED_EDGE('',*,*,#6505,.F.);
#6507=EDGE_LOOP('',(#6501,#6502,#6504,#6506));
#6508=FACE_OUTER_BOUND('',#6507,.F.);
#6509=ADVANCED_FACE('',(#6508),#6500,.F.);
#6510=CARTESIAN_POINT('',(-2.06E-1,-6.5E-2,-1.025E-1));
#6511=DIRECTION('',(1.E0,0.E0,0.E0));
#6512=DIRECTION('',(0.E0,-1.E0,0.E0));
#6513=AXIS2_PLACEMENT_3D('',#6510,#6511,#6512);
#6514=PLANE('',#6513);
#6516=ORIENTED_EDGE('',*,*,#6515,.T.);
#6518=ORIENTED_EDGE('',*,*,#6517,.T.);
#6519=ORIENTED_EDGE('',*,*,#6503,.F.);
#6520=ORIENTED_EDGE('',*,*,#6374,.F.);
#6521=EDGE_LOOP('',(#6516,#6518,#6519,#6520));
#6522=FACE_OUTER_BOUND('',#6521,.F.);
#6523=ADVANCED_FACE('',(#6522),#6514,.F.);
#6524=CARTESIAN_POINT('',(-1.81E-1,-2.06E-1,-2.588791380729E-2));
#6525=DIRECTION('',(0.E0,0.E0,-1.E0));
#6526=DIRECTION('',(-1.E0,0.E0,0.E0));
#6527=AXIS2_PLACEMENT_3D('',#6524,#6525,#6526);
#6528=CYLINDRICAL_SURFACE('',#6527,2.499999999999E-2);
#6530=ORIENTED_EDGE('',*,*,#6529,.T.);
#6531=ORIENTED_EDGE('',*,*,#6515,.F.);
#6532=ORIENTED_EDGE('',*,*,#6372,.T.);
#6534=ORIENTED_EDGE('',*,*,#6533,.T.);
#6535=EDGE_LOOP('',(#6530,#6531,#6532,#6534));
#6536=FACE_OUTER_BOUND('',#6535,.F.);
#6537=ADVANCED_FACE('',(#6536),#6528,.T.);
#6538=CARTESIAN_POINT('',(-1.81E-1,5.E-2,-1.225E-1));
#6539=DIRECTION('',(0.E0,0.E0,-1.E0));
#6540=DIRECTION('',(-1.E0,0.E0,0.E0));
#6541=AXIS2_PLACEMENT_3D('',#6538,#6539,#6540);
#6542=PLANE('',#6541);
#6543=ORIENTED_EDGE('',*,*,#5727,.T.);
#6544=ORIENTED_EDGE('',*,*,#6454,.F.);
#6545=ORIENTED_EDGE('',*,*,#6477,.F.);
#6546=ORIENTED_EDGE('',*,*,#6490,.F.);
#6547=ORIENTED_EDGE('',*,*,#6505,.T.);
#6548=ORIENTED_EDGE('',*,*,#6517,.F.);
#6549=ORIENTED_EDGE('',*,*,#6529,.F.);
#6551=ORIENTED_EDGE('',*,*,#6550,.T.);
#6553=ORIENTED_EDGE('',*,*,#6552,.F.);
#6555=ORIENTED_EDGE('',*,*,#6554,.F.);
#6557=ORIENTED_EDGE('',*,*,#6556,.F.);
#6558=ORIENTED_EDGE('',*,*,#6404,.F.);
#6559=EDGE_LOOP('',(#6543,#6544,#6545,#6546,#6547,#6548,#6549,#6551,#6553,#6555,
#6557,#6558));
#6560=FACE_OUTER_BOUND('',#6559,.F.);
#6561=ADVANCED_FACE('',(#6560),#6542,.T.);
#6562=CARTESIAN_POINT('',(-1.56E-1,-2.31E-1,-1.025E-1));
#6563=DIRECTION('',(-1.E0,0.E0,0.E0));
#6564=DIRECTION('',(0.E0,1.E0,0.E0));
#6565=AXIS2_PLACEMENT_3D('',#6562,#6563,#6564);
#6566=PLANE('',#6565);
#6567=ORIENTED_EDGE('',*,*,#6533,.F.);
#6568=ORIENTED_EDGE('',*,*,#6370,.T.);
#6570=ORIENTED_EDGE('',*,*,#6569,.T.);
#6571=ORIENTED_EDGE('',*,*,#6550,.F.);
#6572=EDGE_LOOP('',(#6567,#6568,#6570,#6571));
#6573=FACE_OUTER_BOUND('',#6572,.F.);
#6574=ADVANCED_FACE('',(#6573),#6566,.F.);
#6575=CARTESIAN_POINT('',(-1.56E-1,-6.5E-2,-1.025E-1));
#6576=DIRECTION('',(0.E0,1.E0,0.E0));
#6577=DIRECTION('',(1.E0,0.E0,0.E0));
#6578=AXIS2_PLACEMENT_3D('',#6575,#6576,#6577);
#6579=PLANE('',#6578);
#6581=ORIENTED_EDGE('',*,*,#6580,.T.);
#6582=ORIENTED_EDGE('',*,*,#6552,.T.);
#6583=ORIENTED_EDGE('',*,*,#6569,.F.);
#6584=ORIENTED_EDGE('',*,*,#6368,.F.);
#6585=EDGE_LOOP('',(#6581,#6582,#6583,#6584));
#6586=FACE_OUTER_BOUND('',#6585,.F.);
#6587=ADVANCED_FACE('',(#6586),#6579,.F.);
#6588=CARTESIAN_POINT('',(-1.31E-1,-5.E-3,-1.025E-1));
#6589=DIRECTION('',(9.863939238321E-1,-1.643989873055E-1,0.E0));
#6590=DIRECTION('',(-1.643989873055E-1,-9.863939238321E-1,0.E0));
#6591=AXIS2_PLACEMENT_3D('',#6588,#6589,#6590);
#6592=PLANE('',#6591);
#6593=ORIENTED_EDGE('',*,*,#6366,.F.);
#6595=ORIENTED_EDGE('',*,*,#6594,.T.);
#6596=ORIENTED_EDGE('',*,*,#6554,.T.);
#6597=ORIENTED_EDGE('',*,*,#6580,.F.);
#6598=EDGE_LOOP('',(#6593,#6595,#6596,#6597));
#6599=FACE_OUTER_BOUND('',#6598,.F.);
#6600=ADVANCED_FACE('',(#6599),#6592,.T.);
#6601=CARTESIAN_POINT('',(-1.41E-1,-5.E-3,-1.025E-1));
#6602=DIRECTION('',(0.E0,1.E0,0.E0));
#6603=DIRECTION('',(1.E0,0.E0,0.E0));
#6604=AXIS2_PLACEMENT_3D('',#6601,#6602,#6603);
#6605=PLANE('',#6604);
#6606=ORIENTED_EDGE('',*,*,#6406,.T.);
#6607=ORIENTED_EDGE('',*,*,#6556,.T.);
#6608=ORIENTED_EDGE('',*,*,#6594,.F.);
#6609=ORIENTED_EDGE('',*,*,#6364,.F.);
#6610=EDGE_LOOP('',(#6606,#6607,#6608,#6609));
#6611=FACE_OUTER_BOUND('',#6610,.F.);
#6612=ADVANCED_FACE('',(#6611),#6605,.T.);
#6613=CARTESIAN_POINT('',(-2.397192106674E-1,5.E-2,-1.325E-1));
#6614=DIRECTION('',(0.E0,-2.419218955997E-1,-9.702957262760E-1));
#6615=DIRECTION('',(1.E0,0.E0,0.E0));
#6616=AXIS2_PLACEMENT_3D('',#6613,#6614,#6615);
#6617=PLANE('',#6616);
#6619=ORIENTED_EDGE('',*,*,#6618,.F.);
#6620=ORIENTED_EDGE('',*,*,#6457,.T.);
#6622=ORIENTED_EDGE('',*,*,#6621,.T.);
#6624=ORIENTED_EDGE('',*,*,#6623,.T.);
#6626=ORIENTED_EDGE('',*,*,#6625,.F.);
#6627=ORIENTED_EDGE('',*,*,#6401,.F.);
#6628=EDGE_LOOP('',(#6619,#6620,#6622,#6624,#6626,#6627));
#6629=FACE_OUTER_BOUND('',#6628,.F.);
#6630=ADVANCED_FACE('',(#6629),#6617,.F.);
#6631=CARTESIAN_POINT('',(-1.81E-1,5.E-2,-1.225E-1));
#6632=DIRECTION('',(0.E0,0.E0,-1.E0));
#6633=DIRECTION('',(-1.E0,0.E0,0.E0));
#6634=AXIS2_PLACEMENT_3D('',#6631,#6632,#6633);
#6635=PLANE('',#6634);
#6636=ORIENTED_EDGE('',*,*,#6618,.T.);
#6637=ORIENTED_EDGE('',*,*,#6399,.F.);
#6639=ORIENTED_EDGE('',*,*,#6638,.T.);
#6640=ORIENTED_EDGE('',*,*,#6459,.F.);
#6641=EDGE_LOOP('',(#6636,#6637,#6639,#6640));
#6642=FACE_OUTER_BOUND('',#6641,.F.);
#6643=ADVANCED_FACE('',(#6642),#6635,.T.);
#6644=CARTESIAN_POINT('',(2.75E-1,2.221699379243E-2,1.689211776999E-1));
#6645=DIRECTION('',(0.E0,-1.E0,0.E0));
#6646=DIRECTION('',(0.E0,0.E0,-1.E0));
#6647=AXIS2_PLACEMENT_3D('',#6644,#6645,#6646);
#6648=PLANE('',#6647);
#6649=ORIENTED_EDGE('',*,*,#6439,.T.);
#6650=ORIENTED_EDGE('',*,*,#6461,.T.);
#6651=ORIENTED_EDGE('',*,*,#6638,.F.);
#6652=ORIENTED_EDGE('',*,*,#6397,.F.);
#6653=EDGE_LOOP('',(#6649,#6650,#6651,#6652));
#6654=FACE_OUTER_BOUND('',#6653,.F.);
#6655=ADVANCED_FACE('',(#6654),#6648,.F.);
#6656=CARTESIAN_POINT('',(-2.285E-1,5.E-2,-8.128078933258E-2));
#6657=DIRECTION('',(-9.890158633619E-1,-1.478094111296E-1,0.E0));
#6658=DIRECTION('',(0.E0,0.E0,-1.E0));
#6659=AXIS2_PLACEMENT_3D('',#6656,#6657,#6658);
#6660=PLANE('',#6659);
#6661=ORIENTED_EDGE('',*,*,#5723,.F.);
#6662=ORIENTED_EDGE('',*,*,#6424,.T.);
#6664=ORIENTED_EDGE('',*,*,#6663,.T.);
#6665=ORIENTED_EDGE('',*,*,#6621,.F.);
#6666=EDGE_LOOP('',(#6661,#6662,#6664,#6665));
#6667=FACE_OUTER_BOUND('',#6666,.F.);
#6668=ADVANCED_FACE('',(#6667),#6660,.F.);
#6669=CARTESIAN_POINT('',(2.75E-1,2.221699379243E-2,1.689211776999E-1));
#6670=DIRECTION('',(0.E0,-1.E0,0.E0));
#6671=DIRECTION('',(0.E0,0.E0,-1.E0));
#6672=AXIS2_PLACEMENT_3D('',#6669,#6670,#6671);
#6673=PLANE('',#6672);
#6675=ORIENTED_EDGE('',*,*,#6674,.F.);
#6677=ORIENTED_EDGE('',*,*,#6676,.T.);
#6679=ORIENTED_EDGE('',*,*,#6678,.F.);
#6681=ORIENTED_EDGE('',*,*,#6680,.F.);
#6682=EDGE_LOOP('',(#6675,#6677,#6679,#6681));
#6683=FACE_OUTER_BOUND('',#6682,.F.);
#6684=ORIENTED_EDGE('',*,*,#6663,.F.);
#6685=ORIENTED_EDGE('',*,*,#6422,.F.);
#6687=ORIENTED_EDGE('',*,*,#6686,.F.);
#6688=ORIENTED_EDGE('',*,*,#6623,.F.);
#6689=EDGE_LOOP('',(#6684,#6685,#6687,#6688));
#6690=FACE_BOUND('',#6689,.F.);
#6692=ORIENTED_EDGE('',*,*,#6691,.F.);
#6694=ORIENTED_EDGE('',*,*,#6693,.F.);
#6696=ORIENTED_EDGE('',*,*,#6695,.F.);
#6698=ORIENTED_EDGE('',*,*,#6697,.F.);
#6699=EDGE_LOOP('',(#6692,#6694,#6696,#6698));
#6700=FACE_BOUND('',#6699,.F.);
#6702=ORIENTED_EDGE('',*,*,#6701,.F.);
#6704=ORIENTED_EDGE('',*,*,#6703,.F.);
#6706=ORIENTED_EDGE('',*,*,#6705,.F.);
#6708=ORIENTED_EDGE('',*,*,#6707,.F.);
#6709=EDGE_LOOP('',(#6702,#6704,#6706,#6708));
#6710=FACE_BOUND('',#6709,.F.);
#6711=ADVANCED_FACE('',(#6683,#6690,#6700,#6710),#6673,.F.);
#6712=CARTESIAN_POINT('',(3.325E-1,5.E-2,-2.5E-2));
#6713=DIRECTION('',(0.E0,0.E0,-1.E0));
#6714=DIRECTION('',(-1.E0,0.E0,0.E0));
#6715=AXIS2_PLACEMENT_3D('',#6712,#6713,#6714);
#6716=PLANE('',#6715);
#6718=ORIENTED_EDGE('',*,*,#6717,.T.);
#6720=ORIENTED_EDGE('',*,*,#6719,.T.);
#6721=ORIENTED_EDGE('',*,*,#5201,.T.);
#6722=ORIENTED_EDGE('',*,*,#5230,.T.);
#6723=ORIENTED_EDGE('',*,*,#5264,.F.);
#6725=ORIENTED_EDGE('',*,*,#6724,.T.);
#6727=ORIENTED_EDGE('',*,*,#6726,.F.);
#6728=ORIENTED_EDGE('',*,*,#6674,.T.);
#6729=EDGE_LOOP('',(#6718,#6720,#6721,#6722,#6723,#6725,#6727,#6728));
#6730=FACE_OUTER_BOUND('',#6729,.F.);
#6731=ADVANCED_FACE('',(#6730),#6716,.F.);
#6732=CARTESIAN_POINT('',(2.75E-1,0.E0,0.E0));
#6733=DIRECTION('',(1.E0,0.E0,0.E0));
#6734=DIRECTION('',(0.E0,0.E0,-1.E0));
#6735=AXIS2_PLACEMENT_3D('',#6732,#6733,#6734);
#6736=PLANE('',#6735);
#6738=ORIENTED_EDGE('',*,*,#6737,.F.);
#6739=ORIENTED_EDGE('',*,*,#6717,.F.);
#6740=ORIENTED_EDGE('',*,*,#6680,.T.);
#6742=ORIENTED_EDGE('',*,*,#6741,.T.);
#6744=ORIENTED_EDGE('',*,*,#6743,.F.);
#6746=ORIENTED_EDGE('',*,*,#6745,.F.);
#6747=EDGE_LOOP('',(#6738,#6739,#6740,#6742,#6744,#6746));
#6748=FACE_OUTER_BOUND('',#6747,.F.);
#6749=ADVANCED_FACE('',(#6748),#6736,.F.);
#6750=CARTESIAN_POINT('',(0.E0,5.E-2,-2.115E-1));
#6751=DIRECTION('',(0.E0,1.E0,0.E0));
#6752=DIRECTION('',(1.E0,0.E0,0.E0));
#6753=AXIS2_PLACEMENT_3D('',#6750,#6751,#6752);
#6754=PLANE('',#6753);
#6755=ORIENTED_EDGE('',*,*,#6737,.T.);
#6757=ORIENTED_EDGE('',*,*,#6756,.F.);
#6758=ORIENTED_EDGE('',*,*,#5203,.F.);
#6759=ORIENTED_EDGE('',*,*,#6719,.F.);
#6760=EDGE_LOOP('',(#6755,#6757,#6758,#6759));
#6761=FACE_OUTER_BOUND('',#6760,.F.);
#6762=ADVANCED_FACE('',(#6761),#6754,.T.);
#6763=CARTESIAN_POINT('',(3.325E-1,2.88E-1,-1.23E-1));
#6764=DIRECTION('',(0.E0,0.E0,-1.E0));
#6765=DIRECTION('',(-1.E0,0.E0,0.E0));
#6766=AXIS2_PLACEMENT_3D('',#6763,#6764,#6765);
#6767=PLANE('',#6766);
#6768=ORIENTED_EDGE('',*,*,#6745,.T.);
#6770=ORIENTED_EDGE('',*,*,#6769,.F.);
#6771=ORIENTED_EDGE('',*,*,#5205,.T.);
#6772=ORIENTED_EDGE('',*,*,#6756,.T.);
#6773=EDGE_LOOP('',(#6768,#6770,#6771,#6772));
#6774=FACE_OUTER_BOUND('',#6773,.F.);
#6775=ADVANCED_FACE('',(#6774),#6767,.F.);
#6776=CARTESIAN_POINT('',(0.E0,1.83E-1,-2.115E-1));
#6777=DIRECTION('',(0.E0,1.E0,0.E0));
#6778=DIRECTION('',(1.E0,0.E0,0.E0));
#6779=AXIS2_PLACEMENT_3D('',#6776,#6777,#6778);
#6780=PLANE('',#6779);
#6781=ORIENTED_EDGE('',*,*,#6743,.T.);
#6783=ORIENTED_EDGE('',*,*,#6782,.F.);
#6785=ORIENTED_EDGE('',*,*,#6784,.F.);
#6787=ORIENTED_EDGE('',*,*,#6786,.T.);
#6788=ORIENTED_EDGE('',*,*,#5258,.T.);
#6790=ORIENTED_EDGE('',*,*,#6789,.F.);
#6791=ORIENTED_EDGE('',*,*,#5207,.F.);
#6792=ORIENTED_EDGE('',*,*,#6769,.T.);
#6793=EDGE_LOOP('',(#6781,#6783,#6785,#6787,#6788,#6790,#6791,#6792));
#6794=FACE_OUTER_BOUND('',#6793,.F.);
#6795=ADVANCED_FACE('',(#6794),#6780,.T.);
#6796=CARTESIAN_POINT('',(2.75E-1,2.221699379243E-2,-1.689211776999E-1));
#6797=DIRECTION('',(0.E0,0.E0,-1.E0));
#6798=DIRECTION('',(0.E0,1.E0,0.E0));
#6799=AXIS2_PLACEMENT_3D('',#6796,#6797,#6798);
#6800=PLANE('',#6799);
#6801=ORIENTED_EDGE('',*,*,#6741,.F.);
#6802=ORIENTED_EDGE('',*,*,#6678,.T.);
#6804=ORIENTED_EDGE('',*,*,#6803,.T.);
#6805=ORIENTED_EDGE('',*,*,#6782,.T.);
#6806=EDGE_LOOP('',(#6801,#6802,#6804,#6805));
#6807=FACE_OUTER_BOUND('',#6806,.F.);
#6808=ADVANCED_FACE('',(#6807),#6800,.F.);
#6809=CARTESIAN_POINT('',(-2.75E-1,0.E0,0.E0));
#6810=DIRECTION('',(1.E0,0.E0,0.E0));
#6811=DIRECTION('',(0.E0,0.E0,-1.E0));
#6812=AXIS2_PLACEMENT_3D('',#6809,#6810,#6811);
#6813=PLANE('',#6812);
#6815=ORIENTED_EDGE('',*,*,#6814,.T.);
#6817=ORIENTED_EDGE('',*,*,#6816,.T.);
#6818=ORIENTED_EDGE('',*,*,#6784,.T.);
#6819=ORIENTED_EDGE('',*,*,#6803,.F.);
#6820=ORIENTED_EDGE('',*,*,#6676,.F.);
#6821=ORIENTED_EDGE('',*,*,#6726,.T.);
#6822=EDGE_LOOP('',(#6815,#6817,#6818,#6819,#6820,#6821));
#6823=FACE_OUTER_BOUND('',#6822,.F.);
#6824=ADVANCED_FACE('',(#6823),#6813,.T.);
#6825=CARTESIAN_POINT('',(0.E0,5.E-2,-2.115E-1));
#6826=DIRECTION('',(0.E0,1.E0,0.E0));
#6827=DIRECTION('',(1.E0,0.E0,0.E0));
#6828=AXIS2_PLACEMENT_3D('',#6825,#6826,#6827);
#6829=PLANE('',#6828);
#6830=ORIENTED_EDGE('',*,*,#6814,.F.);
#6831=ORIENTED_EDGE('',*,*,#6724,.F.);
#6832=ORIENTED_EDGE('',*,*,#5262,.F.);
#6834=ORIENTED_EDGE('',*,*,#6833,.F.);
#6835=EDGE_LOOP('',(#6830,#6831,#6832,#6834));
#6836=FACE_OUTER_BOUND('',#6835,.F.);
#6837=ADVANCED_FACE('',(#6836),#6829,.T.);
#6838=CARTESIAN_POINT('',(3.325E-1,2.88E-1,-1.23E-1));
#6839=DIRECTION('',(0.E0,0.E0,-1.E0));
#6840=DIRECTION('',(-1.E0,0.E0,0.E0));
#6841=AXIS2_PLACEMENT_3D('',#6838,#6839,#6840);
#6842=PLANE('',#6841);
#6843=ORIENTED_EDGE('',*,*,#6816,.F.);
#6844=ORIENTED_EDGE('',*,*,#6833,.T.);
#6845=ORIENTED_EDGE('',*,*,#5260,.F.);
#6846=ORIENTED_EDGE('',*,*,#6786,.F.);
#6847=EDGE_LOOP('',(#6843,#6844,#6845,#6846));
#6848=FACE_OUTER_BOUND('',#6847,.F.);
#6849=ADVANCED_FACE('',(#6848),#6842,.F.);
#6850=CARTESIAN_POINT('',(3.51E-1,2.88E-1,-1.895E-1));
#6851=DIRECTION('',(0.E0,0.E0,-1.E0));
#6852=DIRECTION('',(-1.E0,0.E0,0.E0));
#6853=AXIS2_PLACEMENT_3D('',#6850,#6851,#6852);
#6854=PLANE('',#6853);
#6856=ORIENTED_EDGE('',*,*,#6855,.T.);
#6857=ORIENTED_EDGE('',*,*,#5209,.F.);
#6858=ORIENTED_EDGE('',*,*,#6789,.T.);
#6859=ORIENTED_EDGE('',*,*,#5256,.T.);
#6860=ORIENTED_EDGE('',*,*,#5411,.T.);
#6861=ORIENTED_EDGE('',*,*,#5431,.F.);
#6863=ORIENTED_EDGE('',*,*,#6862,.F.);
#6865=ORIENTED_EDGE('',*,*,#6864,.T.);
#6866=EDGE_LOOP('',(#6856,#6857,#6858,#6859,#6860,#6861,#6863,#6865));
#6867=FACE_OUTER_BOUND('',#6866,.F.);
#6869=ORIENTED_EDGE('',*,*,#6868,.T.);
#6871=ORIENTED_EDGE('',*,*,#6870,.T.);
#6873=ORIENTED_EDGE('',*,*,#6872,.T.);
#6875=ORIENTED_EDGE('',*,*,#6874,.T.);
#6877=ORIENTED_EDGE('',*,*,#6876,.T.);
#6879=ORIENTED_EDGE('',*,*,#6878,.F.);
#6880=EDGE_LOOP('',(#6869,#6871,#6873,#6875,#6877,#6879));
#6881=FACE_BOUND('',#6880,.F.);
#6883=ORIENTED_EDGE('',*,*,#6882,.T.);
#6885=ORIENTED_EDGE('',*,*,#6884,.T.);
#6887=ORIENTED_EDGE('',*,*,#6886,.T.);
#6889=ORIENTED_EDGE('',*,*,#6888,.T.);
#6891=ORIENTED_EDGE('',*,*,#6890,.T.);
#6893=ORIENTED_EDGE('',*,*,#6892,.F.);
#6894=EDGE_LOOP('',(#6883,#6885,#6887,#6889,#6891,#6893));
#6895=FACE_BOUND('',#6894,.F.);
#6897=ORIENTED_EDGE('',*,*,#6896,.T.);
#6899=ORIENTED_EDGE('',*,*,#6898,.T.);
#6901=ORIENTED_EDGE('',*,*,#6900,.T.);
#6903=ORIENTED_EDGE('',*,*,#6902,.T.);
#6905=ORIENTED_EDGE('',*,*,#6904,.T.);
#6907=ORIENTED_EDGE('',*,*,#6906,.F.);
#6908=EDGE_LOOP('',(#6897,#6899,#6901,#6903,#6905,#6907));
#6909=FACE_BOUND('',#6908,.F.);
#6910=ADVANCED_FACE('',(#6867,#6881,#6895,#6909),#6854,.F.);
#6911=CARTESIAN_POINT('',(0.E0,2.28E-1,-2.115E-1));
#6912=DIRECTION('',(0.E0,1.E0,0.E0));
#6913=DIRECTION('',(-1.E0,0.E0,0.E0));
#6914=AXIS2_PLACEMENT_3D('',#6911,#6912,#6913);
#6915=PLANE('',#6914);
#6916=ORIENTED_EDGE('',*,*,#5351,.F.);
#6917=ORIENTED_EDGE('',*,*,#5211,.F.);
#6918=ORIENTED_EDGE('',*,*,#6855,.F.);
#6920=ORIENTED_EDGE('',*,*,#6919,.T.);
#6921=EDGE_LOOP('',(#6916,#6917,#6918,#6920));
#6922=FACE_OUTER_BOUND('',#6921,.F.);
#6923=ADVANCED_FACE('',(#6922),#6915,.T.);
#6924=CARTESIAN_POINT('',(3.51E-1,2.88E-1,1.895E-1));
#6925=DIRECTION('',(1.E0,0.E0,0.E0));
#6926=DIRECTION('',(0.E0,0.E0,-1.E0));
#6927=AXIS2_PLACEMENT_3D('',#6924,#6925,#6926);
#6928=PLANE('',#6927);
#6929=ORIENTED_EDGE('',*,*,#6919,.F.);
#6930=ORIENTED_EDGE('',*,*,#6864,.F.);
#6932=ORIENTED_EDGE('',*,*,#6931,.F.);
#6933=ORIENTED_EDGE('',*,*,#5475,.F.);
#6934=ORIENTED_EDGE('',*,*,#5445,.T.);
#6935=ORIENTED_EDGE('',*,*,#5353,.T.);
#6936=EDGE_LOOP('',(#6929,#6930,#6932,#6933,#6934,#6935));
#6937=FACE_OUTER_BOUND('',#6936,.F.);
#6938=ADVANCED_FACE('',(#6937),#6928,.F.);
#6939=CARTESIAN_POINT('',(3.51E-1,2.88E-1,-1.952735026919E-1));
#6940=DIRECTION('',(0.E0,5.E-1,8.660254037844E-1));
#6941=DIRECTION('',(-1.E0,0.E0,0.E0));
#6942=AXIS2_PLACEMENT_3D('',#6939,#6940,#6941);
#6943=PLANE('',#6942);
#6944=ORIENTED_EDGE('',*,*,#5477,.F.);
#6945=ORIENTED_EDGE('',*,*,#6931,.T.);
#6946=ORIENTED_EDGE('',*,*,#6862,.T.);
#6947=ORIENTED_EDGE('',*,*,#5429,.F.);
#6948=EDGE_LOOP('',(#6944,#6945,#6946,#6947));
#6949=FACE_OUTER_BOUND('',#6948,.F.);
#6950=ADVANCED_FACE('',(#6949),#6943,.T.);
#6951=CARTESIAN_POINT('',(-1.435E-1,2.63E-1,2.538E-1));
#6952=DIRECTION('',(0.E0,1.E0,0.E0));
#6953=DIRECTION('',(-1.E0,0.E0,0.E0));
#6954=AXIS2_PLACEMENT_3D('',#6951,#6952,#6953);
#6955=PLANE('',#6954);
#6957=ORIENTED_EDGE('',*,*,#6956,.F.);
#6958=ORIENTED_EDGE('',*,*,#5643,.T.);
#6960=ORIENTED_EDGE('',*,*,#6959,.F.);
#6961=ORIENTED_EDGE('',*,*,#6868,.F.);
#6962=EDGE_LOOP('',(#6957,#6958,#6960,#6961));
#6963=FACE_OUTER_BOUND('',#6962,.F.);
#6964=ADVANCED_FACE('',(#6963),#6955,.F.);
#6965=CARTESIAN_POINT('',(-2.11E-1,2.43E-1,-2.145E-1));
#6966=DIRECTION('',(-1.E0,0.E0,0.E0));
#6967=DIRECTION('',(0.E0,0.E0,1.E0));
#6968=AXIS2_PLACEMENT_3D('',#6965,#6966,#6967);
#6969=PLANE('',#6968);
#6970=ORIENTED_EDGE('',*,*,#6956,.T.);
#6972=ORIENTED_EDGE('',*,*,#6971,.T.);
#6974=ORIENTED_EDGE('',*,*,#6973,.F.);
#6975=ORIENTED_EDGE('',*,*,#4824,.F.);
#6977=ORIENTED_EDGE('',*,*,#6976,.T.);
#6979=ORIENTED_EDGE('',*,*,#6978,.T.);
#6981=ORIENTED_EDGE('',*,*,#6980,.T.);
#6982=EDGE_LOOP('',(#6970,#6972,#6974,#6975,#6977,#6979,#6981));
#6983=FACE_OUTER_BOUND('',#6982,.F.);
#6984=ADVANCED_FACE('',(#6983),#6969,.T.);
#6985=CARTESIAN_POINT('',(0.E0,2.63E-1,0.E0));
#6986=DIRECTION('',(0.E0,1.E0,0.E0));
#6987=DIRECTION('',(0.E0,0.E0,1.E0));
#6988=AXIS2_PLACEMENT_3D('',#6985,#6986,#6987);
#6989=PLANE('',#6988);
#6990=ORIENTED_EDGE('',*,*,#6878,.T.);
#6992=ORIENTED_EDGE('',*,*,#6991,.F.);
#6994=ORIENTED_EDGE('',*,*,#6993,.F.);
#6995=ORIENTED_EDGE('',*,*,#6971,.F.);
#6996=EDGE_LOOP('',(#6990,#6992,#6994,#6995));
#6997=FACE_OUTER_BOUND('',#6996,.F.);
#6998=ADVANCED_FACE('',(#6997),#6989,.T.);
#6999=CARTESIAN_POINT('',(-1.51E-1,2.43E-1,-1.875E-1));
#7000=DIRECTION('',(1.E0,0.E0,0.E0));
#7001=DIRECTION('',(0.E0,0.E0,-1.E0));
#7002=AXIS2_PLACEMENT_3D('',#6999,#7000,#7001);
#7003=PLANE('',#7002);
#7005=ORIENTED_EDGE('',*,*,#7004,.F.);
#7007=ORIENTED_EDGE('',*,*,#7006,.T.);
#7009=ORIENTED_EDGE('',*,*,#7008,.F.);
#7011=ORIENTED_EDGE('',*,*,#7010,.F.);
#7012=ORIENTED_EDGE('',*,*,#4820,.F.);
#7014=ORIENTED_EDGE('',*,*,#7013,.T.);
#7015=ORIENTED_EDGE('',*,*,#6991,.T.);
#7016=EDGE_LOOP('',(#7005,#7007,#7009,#7011,#7012,#7014,#7015));
#7017=FACE_OUTER_BOUND('',#7016,.F.);
#7018=ADVANCED_FACE('',(#7017),#7003,.T.);
#7019=CARTESIAN_POINT('',(-1.435E-1,2.63E-1,2.538E-1));
#7020=DIRECTION('',(0.E0,1.E0,0.E0));
#7021=DIRECTION('',(-1.E0,0.E0,0.E0));
#7022=AXIS2_PLACEMENT_3D('',#7019,#7020,#7021);
#7023=PLANE('',#7022);
#7024=ORIENTED_EDGE('',*,*,#7004,.T.);
#7025=ORIENTED_EDGE('',*,*,#6876,.F.);
#7027=ORIENTED_EDGE('',*,*,#7026,.T.);
#7028=ORIENTED_EDGE('',*,*,#5635,.T.);
#7029=EDGE_LOOP('',(#7024,#7025,#7027,#7028));
#7030=FACE_OUTER_BOUND('',#7029,.F.);
#7031=ADVANCED_FACE('',(#7030),#7023,.F.);
#7032=CARTESIAN_POINT('',(-1.435E-1,2.38E-1,2.538E-1));
#7033=DIRECTION('',(1.E0,0.E0,0.E0));
#7034=DIRECTION('',(0.E0,1.E0,0.E0));
#7035=AXIS2_PLACEMENT_3D('',#7032,#7033,#7034);
#7036=PLANE('',#7035);
#7037=ORIENTED_EDGE('',*,*,#5637,.T.);
#7038=ORIENTED_EDGE('',*,*,#7026,.F.);
#7039=ORIENTED_EDGE('',*,*,#6874,.F.);
#7041=ORIENTED_EDGE('',*,*,#7040,.T.);
#7042=EDGE_LOOP('',(#7037,#7038,#7039,#7041));
#7043=FACE_OUTER_BOUND('',#7042,.F.);
#7044=ADVANCED_FACE('',(#7043),#7036,.F.);
#7045=CARTESIAN_POINT('',(-2.185E-1,2.38E-1,2.538E-1));
#7046=DIRECTION('',(0.E0,-1.E0,0.E0));
#7047=DIRECTION('',(1.E0,0.E0,0.E0));
#7048=AXIS2_PLACEMENT_3D('',#7045,#7046,#7047);
#7049=PLANE('',#7048);
#7050=ORIENTED_EDGE('',*,*,#5639,.T.);
#7051=ORIENTED_EDGE('',*,*,#7040,.F.);
#7052=ORIENTED_EDGE('',*,*,#6872,.F.);
#7054=ORIENTED_EDGE('',*,*,#7053,.T.);
#7055=EDGE_LOOP('',(#7050,#7051,#7052,#7054));
#7056=FACE_OUTER_BOUND('',#7055,.F.);
#7057=ADVANCED_FACE('',(#7056),#7049,.F.);
#7058=CARTESIAN_POINT('',(-2.185E-1,2.63E-1,2.538E-1));
#7059=DIRECTION('',(-1.E0,0.E0,0.E0));
#7060=DIRECTION('',(0.E0,-1.E0,0.E0));
#7061=AXIS2_PLACEMENT_3D('',#7058,#7059,#7060);
#7062=PLANE('',#7061);
#7063=ORIENTED_EDGE('',*,*,#5641,.T.);
#7064=ORIENTED_EDGE('',*,*,#7053,.F.);
#7065=ORIENTED_EDGE('',*,*,#6870,.F.);
#7066=ORIENTED_EDGE('',*,*,#6959,.T.);
#7067=EDGE_LOOP('',(#7063,#7064,#7065,#7066));
#7068=FACE_OUTER_BOUND('',#7067,.F.);
#7069=ADVANCED_FACE('',(#7068),#7062,.F.);
#7070=CARTESIAN_POINT('',(0.E0,2.63E-1,0.E0));
#7071=DIRECTION('',(0.E0,1.E0,0.E0));
#7072=DIRECTION('',(0.E0,0.E0,1.E0));
#7073=AXIS2_PLACEMENT_3D('',#7070,#7071,#7072);
#7074=PLANE('',#7073);
#7075=ORIENTED_EDGE('',*,*,#5645,.F.);
#7076=ORIENTED_EDGE('',*,*,#6980,.F.);
#7078=ORIENTED_EDGE('',*,*,#7077,.F.);
#7079=ORIENTED_EDGE('',*,*,#7006,.F.);
#7080=EDGE_LOOP('',(#7075,#7076,#7078,#7079));
#7081=FACE_OUTER_BOUND('',#7080,.F.);
#7082=ADVANCED_FACE('',(#7081),#7074,.T.);
#7083=CARTESIAN_POINT('',(-1.51E-1,2.43E-1,-2.145E-1));
#7084=DIRECTION('',(0.E0,0.E0,-1.E0));
#7085=DIRECTION('',(-1.E0,0.E0,0.E0));
#7086=AXIS2_PLACEMENT_3D('',#7083,#7084,#7085);
#7087=PLANE('',#7086);
#7089=ORIENTED_EDGE('',*,*,#7088,.F.);
#7090=ORIENTED_EDGE('',*,*,#7008,.T.);
#7091=ORIENTED_EDGE('',*,*,#7077,.T.);
#7092=ORIENTED_EDGE('',*,*,#6978,.F.);
#7093=EDGE_LOOP('',(#7089,#7090,#7091,#7092));
#7094=FACE_OUTER_BOUND('',#7093,.F.);
#7095=ADVANCED_FACE('',(#7094),#7087,.T.);
#7096=CARTESIAN_POINT('',(-4.158E-1,2.43E-1,-1.995E-1));
#7097=DIRECTION('',(0.E0,8.660254037844E-1,5.E-1));
#7098=DIRECTION('',(0.E0,5.E-1,-8.660254037844E-1));
#7099=AXIS2_PLACEMENT_3D('',#7096,#7097,#7098);
#7100=PLANE('',#7099);
#7101=ORIENTED_EDGE('',*,*,#7010,.T.);
#7102=ORIENTED_EDGE('',*,*,#7088,.T.);
#7103=ORIENTED_EDGE('',*,*,#6976,.F.);
#7104=ORIENTED_EDGE('',*,*,#4822,.T.);
#7105=EDGE_LOOP('',(#7101,#7102,#7103,#7104));
#7106=FACE_OUTER_BOUND('',#7105,.F.);
#7107=ADVANCED_FACE('',(#7106),#7100,.F.);
#7108=CARTESIAN_POINT('',(3.315E-1,2.43E-1,-1.875E-1));
#7109=DIRECTION('',(0.E0,0.E0,-1.E0));
#7110=DIRECTION('',(-1.E0,0.E0,0.E0));
#7111=AXIS2_PLACEMENT_3D('',#7108,#7109,#7110);
#7112=PLANE('',#7111);
#7113=ORIENTED_EDGE('',*,*,#6993,.T.);
#7114=ORIENTED_EDGE('',*,*,#7013,.F.);
#7115=ORIENTED_EDGE('',*,*,#4818,.F.);
#7117=ORIENTED_EDGE('',*,*,#7116,.T.);
#7119=ORIENTED_EDGE('',*,*,#7118,.T.);
#7121=ORIENTED_EDGE('',*,*,#7120,.F.);
#7122=ORIENTED_EDGE('',*,*,#4810,.F.);
#7124=ORIENTED_EDGE('',*,*,#7123,.T.);
#7126=ORIENTED_EDGE('',*,*,#7125,.T.);
#7128=ORIENTED_EDGE('',*,*,#7127,.F.);
#7129=ORIENTED_EDGE('',*,*,#4802,.F.);
#7131=ORIENTED_EDGE('',*,*,#7130,.T.);
#7133=ORIENTED_EDGE('',*,*,#7132,.T.);
#7135=ORIENTED_EDGE('',*,*,#7134,.F.);
#7136=ORIENTED_EDGE('',*,*,#4826,.F.);
#7137=ORIENTED_EDGE('',*,*,#6973,.T.);
#7138=EDGE_LOOP('',(#7113,#7114,#7115,#7117,#7119,#7121,#7122,#7124,#7126,#7128,
#7129,#7131,#7133,#7135,#7136,#7137));
#7139=FACE_OUTER_BOUND('',#7138,.F.);
#7140=ADVANCED_FACE('',(#7139),#7112,.T.);
#7141=CARTESIAN_POINT('',(-3.E-2,2.43E-1,-2.145E-1));
#7142=DIRECTION('',(-1.E0,0.E0,0.E0));
#7143=DIRECTION('',(0.E0,0.E0,1.E0));
#7144=AXIS2_PLACEMENT_3D('',#7141,#7142,#7143);
#7145=PLANE('',#7144);
#7147=ORIENTED_EDGE('',*,*,#7146,.T.);
#7149=ORIENTED_EDGE('',*,*,#7148,.T.);
#7150=ORIENTED_EDGE('',*,*,#7116,.F.);
#7151=ORIENTED_EDGE('',*,*,#4816,.F.);
#7153=ORIENTED_EDGE('',*,*,#7152,.T.);
#7155=ORIENTED_EDGE('',*,*,#7154,.T.);
#7157=ORIENTED_EDGE('',*,*,#7156,.T.);
#7158=EDGE_LOOP('',(#7147,#7149,#7150,#7151,#7153,#7155,#7157));
#7159=FACE_OUTER_BOUND('',#7158,.F.);
#7160=ADVANCED_FACE('',(#7159),#7145,.T.);
#7161=CARTESIAN_POINT('',(3.75E-2,2.63E-1,2.538E-1));
#7162=DIRECTION('',(0.E0,1.E0,0.E0));
#7163=DIRECTION('',(-1.E0,0.E0,0.E0));
#7164=AXIS2_PLACEMENT_3D('',#7161,#7162,#7163);
#7165=PLANE('',#7164);
#7166=ORIENTED_EDGE('',*,*,#7146,.F.);
#7167=ORIENTED_EDGE('',*,*,#5657,.T.);
#7169=ORIENTED_EDGE('',*,*,#7168,.F.);
#7170=ORIENTED_EDGE('',*,*,#6882,.F.);
#7171=EDGE_LOOP('',(#7166,#7167,#7169,#7170));
#7172=FACE_OUTER_BOUND('',#7171,.F.);
#7173=ADVANCED_FACE('',(#7172),#7165,.F.);
#7174=CARTESIAN_POINT('',(-3.75E-2,2.63E-1,2.538E-1));
#7175=DIRECTION('',(-1.E0,0.E0,0.E0));
#7176=DIRECTION('',(0.E0,-1.E0,0.E0));
#7177=AXIS2_PLACEMENT_3D('',#7174,#7175,#7176);
#7178=PLANE('',#7177);
#7179=ORIENTED_EDGE('',*,*,#5655,.T.);
#7181=ORIENTED_EDGE('',*,*,#7180,.F.);
#7182=ORIENTED_EDGE('',*,*,#6884,.F.);
#7183=ORIENTED_EDGE('',*,*,#7168,.T.);
#7184=EDGE_LOOP('',(#7179,#7181,#7182,#7183));
#7185=FACE_OUTER_BOUND('',#7184,.F.);
#7186=ADVANCED_FACE('',(#7185),#7178,.F.);
#7187=CARTESIAN_POINT('',(-3.75E-2,2.38E-1,2.538E-1));
#7188=DIRECTION('',(0.E0,-1.E0,0.E0));
#7189=DIRECTION('',(1.E0,0.E0,0.E0));
#7190=AXIS2_PLACEMENT_3D('',#7187,#7188,#7189);
#7191=PLANE('',#7190);
#7192=ORIENTED_EDGE('',*,*,#5653,.T.);
#7194=ORIENTED_EDGE('',*,*,#7193,.F.);
#7195=ORIENTED_EDGE('',*,*,#6886,.F.);
#7196=ORIENTED_EDGE('',*,*,#7180,.T.);
#7197=EDGE_LOOP('',(#7192,#7194,#7195,#7196));
#7198=FACE_OUTER_BOUND('',#7197,.F.);
#7199=ADVANCED_FACE('',(#7198),#7191,.F.);
#7200=CARTESIAN_POINT('',(3.75E-2,2.38E-1,2.538E-1));
#7201=DIRECTION('',(1.E0,0.E0,0.E0));
#7202=DIRECTION('',(0.E0,1.E0,0.E0));
#7203=AXIS2_PLACEMENT_3D('',#7200,#7201,#7202);
#7204=PLANE('',#7203);
#7205=ORIENTED_EDGE('',*,*,#5651,.T.);
#7207=ORIENTED_EDGE('',*,*,#7206,.F.);
#7208=ORIENTED_EDGE('',*,*,#6888,.F.);
#7209=ORIENTED_EDGE('',*,*,#7193,.T.);
#7210=EDGE_LOOP('',(#7205,#7207,#7208,#7209));
#7211=FACE_OUTER_BOUND('',#7210,.F.);
#7212=ADVANCED_FACE('',(#7211),#7204,.F.);
#7213=CARTESIAN_POINT('',(3.75E-2,2.63E-1,2.538E-1));
#7214=DIRECTION('',(0.E0,1.E0,0.E0));
#7215=DIRECTION('',(-1.E0,0.E0,0.E0));
#7216=AXIS2_PLACEMENT_3D('',#7213,#7214,#7215);
#7217=PLANE('',#7216);
#7219=ORIENTED_EDGE('',*,*,#7218,.T.);
#7220=ORIENTED_EDGE('',*,*,#6890,.F.);
#7221=ORIENTED_EDGE('',*,*,#7206,.T.);
#7222=ORIENTED_EDGE('',*,*,#5649,.T.);
#7223=EDGE_LOOP('',(#7219,#7220,#7221,#7222));
#7224=FACE_OUTER_BOUND('',#7223,.F.);
#7225=ADVANCED_FACE('',(#7224),#7217,.F.);
#7226=CARTESIAN_POINT('',(3.E-2,2.43E-1,-1.875E-1));
#7227=DIRECTION('',(1.E0,0.E0,0.E0));
#7228=DIRECTION('',(0.E0,0.E0,-1.E0));
#7229=AXIS2_PLACEMENT_3D('',#7226,#7227,#7228);
#7230=PLANE('',#7229);
#7231=ORIENTED_EDGE('',*,*,#7218,.F.);
#7233=ORIENTED_EDGE('',*,*,#7232,.T.);
#7235=ORIENTED_EDGE('',*,*,#7234,.F.);
#7237=ORIENTED_EDGE('',*,*,#7236,.F.);
#7238=ORIENTED_EDGE('',*,*,#4812,.F.);
#7239=ORIENTED_EDGE('',*,*,#7120,.T.);
#7241=ORIENTED_EDGE('',*,*,#7240,.T.);
#7242=EDGE_LOOP('',(#7231,#7233,#7235,#7237,#7238,#7239,#7241));
#7243=FACE_OUTER_BOUND('',#7242,.F.);
#7244=ADVANCED_FACE('',(#7243),#7230,.T.);
#7245=CARTESIAN_POINT('',(0.E0,2.63E-1,0.E0));
#7246=DIRECTION('',(0.E0,1.E0,0.E0));
#7247=DIRECTION('',(0.E0,0.E0,1.E0));
#7248=AXIS2_PLACEMENT_3D('',#7245,#7246,#7247);
#7249=PLANE('',#7248);
#7250=ORIENTED_EDGE('',*,*,#5659,.F.);
#7251=ORIENTED_EDGE('',*,*,#7156,.F.);
#7253=ORIENTED_EDGE('',*,*,#7252,.F.);
#7254=ORIENTED_EDGE('',*,*,#7232,.F.);
#7255=EDGE_LOOP('',(#7250,#7251,#7253,#7254));
#7256=FACE_OUTER_BOUND('',#7255,.F.);
#7257=ADVANCED_FACE('',(#7256),#7249,.T.);
#7258=CARTESIAN_POINT('',(3.E-2,2.43E-1,-2.145E-1));
#7259=DIRECTION('',(0.E0,0.E0,-1.E0));
#7260=DIRECTION('',(-1.E0,0.E0,0.E0));
#7261=AXIS2_PLACEMENT_3D('',#7258,#7259,#7260);
#7262=PLANE('',#7261);
#7264=ORIENTED_EDGE('',*,*,#7263,.F.);
#7265=ORIENTED_EDGE('',*,*,#7234,.T.);
#7266=ORIENTED_EDGE('',*,*,#7252,.T.);
#7267=ORIENTED_EDGE('',*,*,#7154,.F.);
#7268=EDGE_LOOP('',(#7264,#7265,#7266,#7267));
#7269=FACE_OUTER_BOUND('',#7268,.F.);
#7270=ADVANCED_FACE('',(#7269),#7262,.T.);
#7271=CARTESIAN_POINT('',(-4.158E-1,2.43E-1,-1.995E-1));
#7272=DIRECTION('',(0.E0,8.660254037844E-1,5.E-1));
#7273=DIRECTION('',(0.E0,5.E-1,-8.660254037844E-1));
#7274=AXIS2_PLACEMENT_3D('',#7271,#7272,#7273);
#7275=PLANE('',#7274);
#7276=ORIENTED_EDGE('',*,*,#7236,.T.);
#7277=ORIENTED_EDGE('',*,*,#7263,.T.);
#7278=ORIENTED_EDGE('',*,*,#7152,.F.);
#7279=ORIENTED_EDGE('',*,*,#4814,.T.);
#7280=EDGE_LOOP('',(#7276,#7277,#7278,#7279));
#7281=FACE_OUTER_BOUND('',#7280,.F.);
#7282=ADVANCED_FACE('',(#7281),#7275,.F.);
#7283=CARTESIAN_POINT('',(0.E0,2.63E-1,0.E0));
#7284=DIRECTION('',(0.E0,1.E0,0.E0));
#7285=DIRECTION('',(0.E0,0.E0,1.E0));
#7286=AXIS2_PLACEMENT_3D('',#7283,#7284,#7285);
#7287=PLANE('',#7286);
#7288=ORIENTED_EDGE('',*,*,#6892,.T.);
#7289=ORIENTED_EDGE('',*,*,#7240,.F.);
#7290=ORIENTED_EDGE('',*,*,#7118,.F.);
#7291=ORIENTED_EDGE('',*,*,#7148,.F.);
#7292=EDGE_LOOP('',(#7288,#7289,#7290,#7291));
#7293=FACE_OUTER_BOUND('',#7292,.F.);
#7294=ADVANCED_FACE('',(#7293),#7287,.T.);
#7295=CARTESIAN_POINT('',(1.51E-1,2.43E-1,-2.145E-1));
#7296=DIRECTION('',(-1.E0,0.E0,0.E0));
#7297=DIRECTION('',(0.E0,0.E0,1.E0));
#7298=AXIS2_PLACEMENT_3D('',#7295,#7296,#7297);
#7299=PLANE('',#7298);
#7301=ORIENTED_EDGE('',*,*,#7300,.T.);
#7303=ORIENTED_EDGE('',*,*,#7302,.T.);
#7304=ORIENTED_EDGE('',*,*,#7123,.F.);
#7305=ORIENTED_EDGE('',*,*,#4808,.F.);
#7307=ORIENTED_EDGE('',*,*,#7306,.T.);
#7309=ORIENTED_EDGE('',*,*,#7308,.T.);
#7311=ORIENTED_EDGE('',*,*,#7310,.T.);
#7312=EDGE_LOOP('',(#7301,#7303,#7304,#7305,#7307,#7309,#7311));
#7313=FACE_OUTER_BOUND('',#7312,.F.);
#7314=ADVANCED_FACE('',(#7313),#7299,.T.);
#7315=CARTESIAN_POINT('',(2.185E-1,2.63E-1,2.538E-1));
#7316=DIRECTION('',(0.E0,1.E0,0.E0));
#7317=DIRECTION('',(-1.E0,0.E0,0.E0));
#7318=AXIS2_PLACEMENT_3D('',#7315,#7316,#7317);
#7319=PLANE('',#7318);
#7320=ORIENTED_EDGE('',*,*,#7300,.F.);
#7321=ORIENTED_EDGE('',*,*,#5671,.T.);
#7323=ORIENTED_EDGE('',*,*,#7322,.F.);
#7324=ORIENTED_EDGE('',*,*,#6896,.F.);
#7325=EDGE_LOOP('',(#7320,#7321,#7323,#7324));
#7326=FACE_OUTER_BOUND('',#7325,.F.);
#7327=ADVANCED_FACE('',(#7326),#7319,.F.);
#7328=CARTESIAN_POINT('',(1.435E-1,2.63E-1,2.538E-1));
#7329=DIRECTION('',(-1.E0,0.E0,0.E0));
#7330=DIRECTION('',(0.E0,-1.E0,0.E0));
#7331=AXIS2_PLACEMENT_3D('',#7328,#7329,#7330);
#7332=PLANE('',#7331);
#7333=ORIENTED_EDGE('',*,*,#5669,.T.);
#7335=ORIENTED_EDGE('',*,*,#7334,.F.);
#7336=ORIENTED_EDGE('',*,*,#6898,.F.);
#7337=ORIENTED_EDGE('',*,*,#7322,.T.);
#7338=EDGE_LOOP('',(#7333,#7335,#7336,#7337));
#7339=FACE_OUTER_BOUND('',#7338,.F.);
#7340=ADVANCED_FACE('',(#7339),#7332,.F.);
#7341=CARTESIAN_POINT('',(1.435E-1,2.38E-1,2.538E-1));
#7342=DIRECTION('',(0.E0,-1.E0,0.E0));
#7343=DIRECTION('',(1.E0,0.E0,0.E0));
#7344=AXIS2_PLACEMENT_3D('',#7341,#7342,#7343);
#7345=PLANE('',#7344);
#7346=ORIENTED_EDGE('',*,*,#5667,.T.);
#7348=ORIENTED_EDGE('',*,*,#7347,.F.);
#7349=ORIENTED_EDGE('',*,*,#6900,.F.);
#7350=ORIENTED_EDGE('',*,*,#7334,.T.);
#7351=EDGE_LOOP('',(#7346,#7348,#7349,#7350));
#7352=FACE_OUTER_BOUND('',#7351,.F.);
#7353=ADVANCED_FACE('',(#7352),#7345,.F.);
#7354=CARTESIAN_POINT('',(2.185E-1,2.38E-1,2.538E-1));
#7355=DIRECTION('',(1.E0,0.E0,0.E0));
#7356=DIRECTION('',(0.E0,1.E0,0.E0));
#7357=AXIS2_PLACEMENT_3D('',#7354,#7355,#7356);
#7358=PLANE('',#7357);
#7359=ORIENTED_EDGE('',*,*,#5665,.T.);
#7361=ORIENTED_EDGE('',*,*,#7360,.F.);
#7362=ORIENTED_EDGE('',*,*,#6902,.F.);
#7363=ORIENTED_EDGE('',*,*,#7347,.T.);
#7364=EDGE_LOOP('',(#7359,#7361,#7362,#7363));
#7365=FACE_OUTER_BOUND('',#7364,.F.);
#7366=ADVANCED_FACE('',(#7365),#7358,.F.);
#7367=CARTESIAN_POINT('',(2.185E-1,2.63E-1,2.538E-1));
#7368=DIRECTION('',(0.E0,1.E0,0.E0));
#7369=DIRECTION('',(-1.E0,0.E0,0.E0));
#7370=AXIS2_PLACEMENT_3D('',#7367,#7368,#7369);
#7371=PLANE('',#7370);
#7373=ORIENTED_EDGE('',*,*,#7372,.T.);
#7374=ORIENTED_EDGE('',*,*,#6904,.F.);
#7375=ORIENTED_EDGE('',*,*,#7360,.T.);
#7376=ORIENTED_EDGE('',*,*,#5663,.T.);
#7377=EDGE_LOOP('',(#7373,#7374,#7375,#7376));
#7378=FACE_OUTER_BOUND('',#7377,.F.);
#7379=ADVANCED_FACE('',(#7378),#7371,.F.);
#7380=CARTESIAN_POINT('',(2.11E-1,2.43E-1,-1.875E-1));
#7381=DIRECTION('',(1.E0,0.E0,0.E0));
#7382=DIRECTION('',(0.E0,0.E0,-1.E0));
#7383=AXIS2_PLACEMENT_3D('',#7380,#7381,#7382);
#7384=PLANE('',#7383);
#7385=ORIENTED_EDGE('',*,*,#7372,.F.);
#7387=ORIENTED_EDGE('',*,*,#7386,.T.);
#7389=ORIENTED_EDGE('',*,*,#7388,.F.);
#7391=ORIENTED_EDGE('',*,*,#7390,.F.);
#7392=ORIENTED_EDGE('',*,*,#4804,.F.);
#7393=ORIENTED_EDGE('',*,*,#7127,.T.);
#7395=ORIENTED_EDGE('',*,*,#7394,.T.);
#7396=EDGE_LOOP('',(#7385,#7387,#7389,#7391,#7392,#7393,#7395));
#7397=FACE_OUTER_BOUND('',#7396,.F.);
#7398=ADVANCED_FACE('',(#7397),#7384,.T.);
#7399=CARTESIAN_POINT('',(0.E0,2.63E-1,0.E0));
#7400=DIRECTION('',(0.E0,1.E0,0.E0));
#7401=DIRECTION('',(0.E0,0.E0,1.E0));
#7402=AXIS2_PLACEMENT_3D('',#7399,#7400,#7401);
#7403=PLANE('',#7402);
#7404=ORIENTED_EDGE('',*,*,#5673,.F.);
#7405=ORIENTED_EDGE('',*,*,#7310,.F.);
#7407=ORIENTED_EDGE('',*,*,#7406,.F.);
#7408=ORIENTED_EDGE('',*,*,#7386,.F.);
#7409=EDGE_LOOP('',(#7404,#7405,#7407,#7408));
#7410=FACE_OUTER_BOUND('',#7409,.F.);
#7411=ADVANCED_FACE('',(#7410),#7403,.T.);
#7412=CARTESIAN_POINT('',(2.11E-1,2.43E-1,-2.145E-1));
#7413=DIRECTION('',(0.E0,0.E0,-1.E0));
#7414=DIRECTION('',(-1.E0,0.E0,0.E0));
#7415=AXIS2_PLACEMENT_3D('',#7412,#7413,#7414);
#7416=PLANE('',#7415);
#7418=ORIENTED_EDGE('',*,*,#7417,.F.);
#7419=ORIENTED_EDGE('',*,*,#7388,.T.);
#7420=ORIENTED_EDGE('',*,*,#7406,.T.);
#7421=ORIENTED_EDGE('',*,*,#7308,.F.);
#7422=EDGE_LOOP('',(#7418,#7419,#7420,#7421));
#7423=FACE_OUTER_BOUND('',#7422,.F.);
#7424=ADVANCED_FACE('',(#7423),#7416,.T.);
#7425=CARTESIAN_POINT('',(-4.158E-1,2.43E-1,-1.995E-1));
#7426=DIRECTION('',(0.E0,8.660254037844E-1,5.E-1));
#7427=DIRECTION('',(0.E0,5.E-1,-8.660254037844E-1));
#7428=AXIS2_PLACEMENT_3D('',#7425,#7426,#7427);
#7429=PLANE('',#7428);
#7430=ORIENTED_EDGE('',*,*,#7390,.T.);
#7431=ORIENTED_EDGE('',*,*,#7417,.T.);
#7432=ORIENTED_EDGE('',*,*,#7306,.F.);
#7433=ORIENTED_EDGE('',*,*,#4806,.T.);
#7434=EDGE_LOOP('',(#7430,#7431,#7432,#7433));
#7435=FACE_OUTER_BOUND('',#7434,.F.);
#7436=ADVANCED_FACE('',(#7435),#7429,.F.);
#7437=CARTESIAN_POINT('',(0.E0,2.63E-1,0.E0));
#7438=DIRECTION('',(0.E0,1.E0,0.E0));
#7439=DIRECTION('',(0.E0,0.E0,1.E0));
#7440=AXIS2_PLACEMENT_3D('',#7437,#7438,#7439);
#7441=PLANE('',#7440);
#7442=ORIENTED_EDGE('',*,*,#6906,.T.);
#7443=ORIENTED_EDGE('',*,*,#7394,.F.);
#7444=ORIENTED_EDGE('',*,*,#7125,.F.);
#7445=ORIENTED_EDGE('',*,*,#7302,.F.);
#7446=EDGE_LOOP('',(#7442,#7443,#7444,#7445));
#7447=FACE_OUTER_BOUND('',#7446,.F.);
#7448=ADVANCED_FACE('',(#7447),#7441,.T.);
#7449=CARTESIAN_POINT('',(3.315E-1,2.43E-1,-1.725E-1));
#7450=DIRECTION('',(0.E0,1.E0,0.E0));
#7451=DIRECTION('',(0.E0,0.E0,1.E0));
#7452=AXIS2_PLACEMENT_3D('',#7449,#7450,#7451);
#7453=CYLINDRICAL_SURFACE('',#7452,1.5E-2);
#7454=ORIENTED_EDGE('',*,*,#4800,.F.);
#7456=ORIENTED_EDGE('',*,*,#7455,.T.);
#7458=ORIENTED_EDGE('',*,*,#7457,.T.);
#7459=ORIENTED_EDGE('',*,*,#7130,.F.);
#7460=EDGE_LOOP('',(#7454,#7456,#7458,#7459));
#7461=FACE_OUTER_BOUND('',#7460,.F.);
#7462=ADVANCED_FACE('',(#7461),#7453,.T.);
#7463=CARTESIAN_POINT('',(3.465E-1,2.43E-1,-7.5E-2));
#7464=DIRECTION('',(1.E0,0.E0,0.E0));
#7465=DIRECTION('',(0.E0,0.E0,-1.E0));
#7466=AXIS2_PLACEMENT_3D('',#7463,#7464,#7465);
#7467=PLANE('',#7466);
#7468=ORIENTED_EDGE('',*,*,#4798,.F.);
#7470=ORIENTED_EDGE('',*,*,#7469,.T.);
#7472=ORIENTED_EDGE('',*,*,#7471,.T.);
#7473=ORIENTED_EDGE('',*,*,#7455,.F.);
#7474=EDGE_LOOP('',(#7468,#7470,#7472,#7473));
#7475=FACE_OUTER_BOUND('',#7474,.F.);
#7476=ADVANCED_FACE('',(#7475),#7467,.T.);
#7477=CARTESIAN_POINT('',(3.315E-1,2.43E-1,-7.5E-2));
#7478=DIRECTION('',(0.E0,0.E0,1.E0));
#7479=DIRECTION('',(1.E0,0.E0,0.E0));
#7480=AXIS2_PLACEMENT_3D('',#7477,#7478,#7479);
#7481=PLANE('',#7480);
#7482=ORIENTED_EDGE('',*,*,#4502,.F.);
#7483=ORIENTED_EDGE('',*,*,#4475,.T.);
#7485=ORIENTED_EDGE('',*,*,#7484,.T.);
#7486=ORIENTED_EDGE('',*,*,#7469,.F.);
#7487=ORIENTED_EDGE('',*,*,#4796,.F.);
#7488=EDGE_LOOP('',(#7482,#7483,#7485,#7486,#7487));
#7489=FACE_OUTER_BOUND('',#7488,.F.);
#7490=ADVANCED_FACE('',(#7489),#7481,.T.);
#7491=CARTESIAN_POINT('',(0.E0,2.88E-1,0.E0));
#7492=DIRECTION('',(0.E0,1.E0,0.E0));
#7493=DIRECTION('',(0.E0,0.E0,1.E0));
#7494=AXIS2_PLACEMENT_3D('',#7491,#7492,#7493);
#7495=PLANE('',#7494);
#7496=ORIENTED_EDGE('',*,*,#4527,.F.);
#7498=ORIENTED_EDGE('',*,*,#7497,.F.);
#7500=ORIENTED_EDGE('',*,*,#7499,.F.);
#7502=ORIENTED_EDGE('',*,*,#7501,.F.);
#7504=ORIENTED_EDGE('',*,*,#7503,.F.);
#7506=ORIENTED_EDGE('',*,*,#7505,.F.);
#7508=ORIENTED_EDGE('',*,*,#7507,.F.);
#7509=ORIENTED_EDGE('',*,*,#7132,.F.);
#7510=ORIENTED_EDGE('',*,*,#7457,.F.);
#7511=ORIENTED_EDGE('',*,*,#7471,.F.);
#7512=ORIENTED_EDGE('',*,*,#7484,.F.);
#7513=ORIENTED_EDGE('',*,*,#4473,.F.);
#7514=EDGE_LOOP('',(#7496,#7498,#7500,#7502,#7504,#7506,#7508,#7509,#7510,#7511,
#7512,#7513));
#7515=FACE_OUTER_BOUND('',#7514,.F.);
#7517=ORIENTED_EDGE('',*,*,#7516,.F.);
#7519=ORIENTED_EDGE('',*,*,#7518,.F.);
#7521=ORIENTED_EDGE('',*,*,#7520,.F.);
#7523=ORIENTED_EDGE('',*,*,#7522,.F.);
#7524=EDGE_LOOP('',(#7517,#7519,#7521,#7523));
#7525=FACE_BOUND('',#7524,.F.);
#7526=ADVANCED_FACE('',(#7515,#7525),#7495,.T.);
#7527=CARTESIAN_POINT('',(3.465E-1,2.43E-1,1.725E-1));
#7528=DIRECTION('',(1.E0,0.E0,0.E0));
#7529=DIRECTION('',(0.E0,0.E0,-1.E0));
#7530=AXIS2_PLACEMENT_3D('',#7527,#7528,#7529);
#7531=PLANE('',#7530);
#7532=ORIENTED_EDGE('',*,*,#4594,.F.);
#7534=ORIENTED_EDGE('',*,*,#7533,.T.);
#7535=ORIENTED_EDGE('',*,*,#7497,.T.);
#7536=ORIENTED_EDGE('',*,*,#4525,.F.);
#7537=EDGE_LOOP('',(#7532,#7534,#7535,#7536));
#7538=FACE_OUTER_BOUND('',#7537,.F.);
#7539=ADVANCED_FACE('',(#7538),#7531,.T.);
#7540=CARTESIAN_POINT('',(3.315E-1,2.43E-1,1.725E-1));
#7541=DIRECTION('',(0.E0,1.E0,0.E0));
#7542=DIRECTION('',(0.E0,0.E0,1.E0));
#7543=AXIS2_PLACEMENT_3D('',#7540,#7541,#7542);
#7544=CYLINDRICAL_SURFACE('',#7543,1.5E-2);
#7545=ORIENTED_EDGE('',*,*,#4592,.F.);
#7547=ORIENTED_EDGE('',*,*,#7546,.T.);
#7548=ORIENTED_EDGE('',*,*,#7499,.T.);
#7549=ORIENTED_EDGE('',*,*,#7533,.F.);
#7550=EDGE_LOOP('',(#7545,#7547,#7548,#7549));
#7551=FACE_OUTER_BOUND('',#7550,.F.);
#7552=ADVANCED_FACE('',(#7551),#7544,.T.);
#7553=CARTESIAN_POINT('',(-3.315E-1,2.43E-1,1.875E-1));
#7554=DIRECTION('',(0.E0,0.E0,1.E0));
#7555=DIRECTION('',(1.E0,0.E0,0.E0));
#7556=AXIS2_PLACEMENT_3D('',#7553,#7554,#7555);
#7557=PLANE('',#7556);
#7559=ORIENTED_EDGE('',*,*,#7558,.F.);
#7561=ORIENTED_EDGE('',*,*,#7560,.F.);
#7562=ORIENTED_EDGE('',*,*,#4566,.F.);
#7564=ORIENTED_EDGE('',*,*,#7563,.T.);
#7565=ORIENTED_EDGE('',*,*,#7501,.T.);
#7566=ORIENTED_EDGE('',*,*,#7546,.F.);
#7567=ORIENTED_EDGE('',*,*,#4590,.F.);
#7569=ORIENTED_EDGE('',*,*,#7568,.T.);
#7571=ORIENTED_EDGE('',*,*,#7570,.F.);
#7573=ORIENTED_EDGE('',*,*,#7572,.F.);
#7574=ORIENTED_EDGE('',*,*,#4582,.F.);
#7576=ORIENTED_EDGE('',*,*,#7575,.T.);
#7578=ORIENTED_EDGE('',*,*,#7577,.F.);
#7580=ORIENTED_EDGE('',*,*,#7579,.F.);
#7581=ORIENTED_EDGE('',*,*,#4574,.F.);
#7583=ORIENTED_EDGE('',*,*,#7582,.T.);
#7584=EDGE_LOOP('',(#7559,#7561,#7562,#7564,#7565,#7566,#7567,#7569,#7571,#7573,
#7574,#7576,#7578,#7580,#7581,#7583));
#7585=FACE_OUTER_BOUND('',#7584,.F.);
#7586=ADVANCED_FACE('',(#7585),#7557,.T.);
#7587=CARTESIAN_POINT('',(0.E0,2.63E-1,0.E0));
#7588=DIRECTION('',(0.E0,1.E0,0.E0));
#7589=DIRECTION('',(0.E0,0.E0,1.E0));
#7590=AXIS2_PLACEMENT_3D('',#7587,#7588,#7589);
#7591=PLANE('',#7590);
#7592=ORIENTED_EDGE('',*,*,#5371,.F.);
#7594=ORIENTED_EDGE('',*,*,#7593,.F.);
#7595=ORIENTED_EDGE('',*,*,#7558,.T.);
#7597=ORIENTED_EDGE('',*,*,#7596,.F.);
#7598=EDGE_LOOP('',(#7592,#7594,#7595,#7597));
#7599=FACE_OUTER_BOUND('',#7598,.F.);
#7600=ADVANCED_FACE('',(#7599),#7591,.T.);
#7601=CARTESIAN_POINT('',(-2.11E-1,2.43E-1,1.875E-1));
#7602=DIRECTION('',(-1.E0,0.E0,0.E0));
#7603=DIRECTION('',(0.E0,0.E0,1.E0));
#7604=AXIS2_PLACEMENT_3D('',#7601,#7602,#7603);
#7605=PLANE('',#7604);
#7607=ORIENTED_EDGE('',*,*,#7606,.F.);
#7609=ORIENTED_EDGE('',*,*,#7608,.T.);
#7611=ORIENTED_EDGE('',*,*,#7610,.F.);
#7613=ORIENTED_EDGE('',*,*,#7612,.T.);
#7614=ORIENTED_EDGE('',*,*,#4568,.F.);
#7615=ORIENTED_EDGE('',*,*,#7560,.T.);
#7616=ORIENTED_EDGE('',*,*,#7593,.T.);
#7617=EDGE_LOOP('',(#7607,#7609,#7611,#7613,#7614,#7615,#7616));
#7618=FACE_OUTER_BOUND('',#7617,.F.);
#7619=ADVANCED_FACE('',(#7618),#7605,.T.);
#7620=CARTESIAN_POINT('',(-1.435E-1,2.63E-1,2.538E-1));
#7621=DIRECTION('',(0.E0,1.E0,0.E0));
#7622=DIRECTION('',(-1.E0,0.E0,0.E0));
#7623=AXIS2_PLACEMENT_3D('',#7620,#7621,#7622);
#7624=PLANE('',#7623);
#7625=ORIENTED_EDGE('',*,*,#7606,.T.);
#7626=ORIENTED_EDGE('',*,*,#5369,.T.);
#7628=ORIENTED_EDGE('',*,*,#7627,.F.);
#7629=ORIENTED_EDGE('',*,*,#5538,.F.);
#7630=EDGE_LOOP('',(#7625,#7626,#7628,#7629));
#7631=FACE_OUTER_BOUND('',#7630,.F.);
#7632=ADVANCED_FACE('',(#7631),#7624,.F.);
#7633=CARTESIAN_POINT('',(-2.185E-1,2.63E-1,2.538E-1));
#7634=DIRECTION('',(-1.E0,0.E0,0.E0));
#7635=DIRECTION('',(0.E0,-1.E0,0.E0));
#7636=AXIS2_PLACEMENT_3D('',#7633,#7634,#7635);
#7637=PLANE('',#7636);
#7638=ORIENTED_EDGE('',*,*,#5540,.F.);
#7639=ORIENTED_EDGE('',*,*,#7627,.T.);
#7640=ORIENTED_EDGE('',*,*,#5367,.T.);
#7642=ORIENTED_EDGE('',*,*,#7641,.F.);
#7643=EDGE_LOOP('',(#7638,#7639,#7640,#7642));
#7644=FACE_OUTER_BOUND('',#7643,.F.);
#7645=ADVANCED_FACE('',(#7644),#7637,.F.);
#7646=CARTESIAN_POINT('',(-2.185E-1,2.38E-1,2.538E-1));
#7647=DIRECTION('',(0.E0,-1.E0,0.E0));
#7648=DIRECTION('',(1.E0,0.E0,0.E0));
#7649=AXIS2_PLACEMENT_3D('',#7646,#7647,#7648);
#7650=PLANE('',#7649);
#7651=ORIENTED_EDGE('',*,*,#5542,.F.);
#7652=ORIENTED_EDGE('',*,*,#7641,.T.);
#7653=ORIENTED_EDGE('',*,*,#5365,.T.);
#7655=ORIENTED_EDGE('',*,*,#7654,.F.);
#7656=EDGE_LOOP('',(#7651,#7652,#7653,#7655));
#7657=FACE_OUTER_BOUND('',#7656,.F.);
#7658=ADVANCED_FACE('',(#7657),#7650,.F.);
#7659=CARTESIAN_POINT('',(-1.435E-1,2.38E-1,2.538E-1));
#7660=DIRECTION('',(1.E0,0.E0,0.E0));
#7661=DIRECTION('',(0.E0,1.E0,0.E0));
#7662=AXIS2_PLACEMENT_3D('',#7659,#7660,#7661);
#7663=PLANE('',#7662);
#7664=ORIENTED_EDGE('',*,*,#5544,.F.);
#7665=ORIENTED_EDGE('',*,*,#7654,.T.);
#7666=ORIENTED_EDGE('',*,*,#5363,.T.);
#7668=ORIENTED_EDGE('',*,*,#7667,.F.);
#7669=EDGE_LOOP('',(#7664,#7665,#7666,#7668));
#7670=FACE_OUTER_BOUND('',#7669,.F.);
#7671=ADVANCED_FACE('',(#7670),#7663,.F.);
#7672=CARTESIAN_POINT('',(-1.435E-1,2.63E-1,2.538E-1));
#7673=DIRECTION('',(0.E0,1.E0,0.E0));
#7674=DIRECTION('',(-1.E0,0.E0,0.E0));
#7675=AXIS2_PLACEMENT_3D('',#7672,#7673,#7674);
#7676=PLANE('',#7675);
#7678=ORIENTED_EDGE('',*,*,#7677,.F.);
#7679=ORIENTED_EDGE('',*,*,#5546,.F.);
#7680=ORIENTED_EDGE('',*,*,#7667,.T.);
#7681=ORIENTED_EDGE('',*,*,#5361,.T.);
#7682=EDGE_LOOP('',(#7678,#7679,#7680,#7681));
#7683=FACE_OUTER_BOUND('',#7682,.F.);
#7684=ADVANCED_FACE('',(#7683),#7676,.F.);
#7685=CARTESIAN_POINT('',(-1.51E-1,2.43E-1,2.145E-1));
#7686=DIRECTION('',(1.E0,0.E0,0.E0));
#7687=DIRECTION('',(0.E0,0.E0,-1.E0));
#7688=AXIS2_PLACEMENT_3D('',#7685,#7686,#7687);
#7689=PLANE('',#7688);
#7690=ORIENTED_EDGE('',*,*,#7677,.T.);
#7691=ORIENTED_EDGE('',*,*,#7596,.T.);
#7692=ORIENTED_EDGE('',*,*,#7582,.F.);
#7693=ORIENTED_EDGE('',*,*,#4572,.F.);
#7695=ORIENTED_EDGE('',*,*,#7694,.F.);
#7697=ORIENTED_EDGE('',*,*,#7696,.T.);
#7699=ORIENTED_EDGE('',*,*,#7698,.T.);
#7700=EDGE_LOOP('',(#7690,#7691,#7692,#7693,#7695,#7697,#7699));
#7701=FACE_OUTER_BOUND('',#7700,.F.);
#7702=ADVANCED_FACE('',(#7701),#7689,.T.);
#7703=CARTESIAN_POINT('',(-4.158E-1,2.516602540378E-1,2.145E-1));
#7704=DIRECTION('',(0.E0,8.660254037844E-1,-5.E-1));
#7705=DIRECTION('',(0.E0,-5.E-1,-8.660254037844E-1));
#7706=AXIS2_PLACEMENT_3D('',#7703,#7704,#7705);
#7707=PLANE('',#7706);
#7708=ORIENTED_EDGE('',*,*,#7612,.F.);
#7710=ORIENTED_EDGE('',*,*,#7709,.T.);
#7711=ORIENTED_EDGE('',*,*,#7694,.T.);
#7712=ORIENTED_EDGE('',*,*,#4570,.F.);
#7713=EDGE_LOOP('',(#7708,#7710,#7711,#7712));
#7714=FACE_OUTER_BOUND('',#7713,.F.);
#7715=ADVANCED_FACE('',(#7714),#7707,.F.);
#7716=CARTESIAN_POINT('',(-2.11E-1,2.43E-1,2.145E-1));
#7717=DIRECTION('',(0.E0,0.E0,1.E0));
#7718=DIRECTION('',(1.E0,0.E0,0.E0));
#7719=AXIS2_PLACEMENT_3D('',#7716,#7717,#7718);
#7720=PLANE('',#7719);
#7721=ORIENTED_EDGE('',*,*,#7709,.F.);
#7722=ORIENTED_EDGE('',*,*,#7610,.T.);
#7724=ORIENTED_EDGE('',*,*,#7723,.T.);
#7725=ORIENTED_EDGE('',*,*,#7696,.F.);
#7726=EDGE_LOOP('',(#7721,#7722,#7724,#7725));
#7727=FACE_OUTER_BOUND('',#7726,.F.);
#7728=ADVANCED_FACE('',(#7727),#7720,.T.);
#7729=CARTESIAN_POINT('',(0.E0,2.63E-1,0.E0));
#7730=DIRECTION('',(0.E0,1.E0,0.E0));
#7731=DIRECTION('',(0.E0,0.E0,1.E0));
#7732=AXIS2_PLACEMENT_3D('',#7729,#7730,#7731);
#7733=PLANE('',#7732);
#7734=ORIENTED_EDGE('',*,*,#5548,.T.);
#7735=ORIENTED_EDGE('',*,*,#7698,.F.);
#7736=ORIENTED_EDGE('',*,*,#7723,.F.);
#7737=ORIENTED_EDGE('',*,*,#7608,.F.);
#7738=EDGE_LOOP('',(#7734,#7735,#7736,#7737));
#7739=FACE_OUTER_BOUND('',#7738,.F.);
#7740=ADVANCED_FACE('',(#7739),#7733,.T.);
#7741=CARTESIAN_POINT('',(-3.315E-1,2.43E-1,1.725E-1));
#7742=DIRECTION('',(0.E0,1.E0,0.E0));
#7743=DIRECTION('',(0.E0,0.E0,1.E0));
#7744=AXIS2_PLACEMENT_3D('',#7741,#7742,#7743);
#7745=CYLINDRICAL_SURFACE('',#7744,1.5E-2);
#7746=ORIENTED_EDGE('',*,*,#4564,.F.);
#7748=ORIENTED_EDGE('',*,*,#7747,.T.);
#7749=ORIENTED_EDGE('',*,*,#7503,.T.);
#7750=ORIENTED_EDGE('',*,*,#7563,.F.);
#7751=EDGE_LOOP('',(#7746,#7748,#7749,#7750));
#7752=FACE_OUTER_BOUND('',#7751,.F.);
#7753=ADVANCED_FACE('',(#7752),#7745,.T.);
#7754=CARTESIAN_POINT('',(-3.465E-1,2.43E-1,-1.725E-1));
#7755=DIRECTION('',(-1.E0,0.E0,0.E0));
#7756=DIRECTION('',(0.E0,0.E0,1.E0));
#7757=AXIS2_PLACEMENT_3D('',#7754,#7755,#7756);
#7758=PLANE('',#7757);
#7760=ORIENTED_EDGE('',*,*,#7759,.F.);
#7761=ORIENTED_EDGE('',*,*,#4830,.F.);
#7763=ORIENTED_EDGE('',*,*,#7762,.T.);
#7764=ORIENTED_EDGE('',*,*,#7505,.T.);
#7765=ORIENTED_EDGE('',*,*,#7747,.F.);
#7766=ORIENTED_EDGE('',*,*,#4562,.F.);
#7768=ORIENTED_EDGE('',*,*,#7767,.T.);
#7770=ORIENTED_EDGE('',*,*,#7769,.T.);
#7771=EDGE_LOOP('',(#7760,#7761,#7763,#7764,#7765,#7766,#7768,#7770));
#7772=FACE_OUTER_BOUND('',#7771,.F.);
#7773=ADVANCED_FACE('',(#7772),#7758,.T.);
#7774=CARTESIAN_POINT('',(0.E0,2.88E-1,-7.E-2));
#7775=DIRECTION('',(0.E0,0.E0,-1.E0));
#7776=DIRECTION('',(-1.E0,0.E0,0.E0));
#7777=AXIS2_PLACEMENT_3D('',#7774,#7775,#7776);
#7778=PLANE('',#7777);
#7780=ORIENTED_EDGE('',*,*,#7779,.F.);
#7781=ORIENTED_EDGE('',*,*,#4832,.F.);
#7782=ORIENTED_EDGE('',*,*,#7759,.T.);
#7784=ORIENTED_EDGE('',*,*,#7783,.T.);
#7786=ORIENTED_EDGE('',*,*,#7785,.T.);
#7788=ORIENTED_EDGE('',*,*,#7787,.F.);
#7789=EDGE_LOOP('',(#7780,#7781,#7782,#7784,#7786,#7788));
#7790=FACE_OUTER_BOUND('',#7789,.F.);
#7791=ADVANCED_FACE('',(#7790),#7778,.F.);
#7792=CARTESIAN_POINT('',(-2.75E-1,0.E0,0.E0));
#7793=DIRECTION('',(1.E0,0.E0,0.E0));
#7794=DIRECTION('',(0.E0,0.E0,-1.E0));
#7795=AXIS2_PLACEMENT_3D('',#7792,#7793,#7794);
#7796=PLANE('',#7795);
#7797=ORIENTED_EDGE('',*,*,#4834,.F.);
#7798=ORIENTED_EDGE('',*,*,#7779,.T.);
#7800=ORIENTED_EDGE('',*,*,#7799,.F.);
#7802=ORIENTED_EDGE('',*,*,#7801,.F.);
#7803=EDGE_LOOP('',(#7797,#7798,#7800,#7802));
#7804=FACE_OUTER_BOUND('',#7803,.F.);
#7805=ADVANCED_FACE('',(#7804),#7796,.T.);
#7806=CARTESIAN_POINT('',(2.75E-1,2.61E-1,-1.689211776999E-1));
#7807=DIRECTION('',(0.E0,1.E0,0.E0));
#7808=DIRECTION('',(0.E0,0.E0,1.E0));
#7809=AXIS2_PLACEMENT_3D('',#7806,#7807,#7808);
#7810=PLANE('',#7809);
#7811=ORIENTED_EDGE('',*,*,#7787,.T.);
#7813=ORIENTED_EDGE('',*,*,#7812,.F.);
#7815=ORIENTED_EDGE('',*,*,#7814,.F.);
#7817=ORIENTED_EDGE('',*,*,#7816,.T.);
#7819=ORIENTED_EDGE('',*,*,#7818,.F.);
#7820=ORIENTED_EDGE('',*,*,#4712,.F.);
#7822=ORIENTED_EDGE('',*,*,#7821,.F.);
#7824=ORIENTED_EDGE('',*,*,#7823,.T.);
#7826=ORIENTED_EDGE('',*,*,#7825,.T.);
#7827=ORIENTED_EDGE('',*,*,#4705,.F.);
#7829=ORIENTED_EDGE('',*,*,#7828,.T.);
#7830=ORIENTED_EDGE('',*,*,#7799,.T.);
#7831=EDGE_LOOP('',(#7811,#7813,#7815,#7817,#7819,#7820,#7822,#7824,#7826,#7827,
#7829,#7830));
#7832=FACE_OUTER_BOUND('',#7831,.F.);
#7834=ORIENTED_EDGE('',*,*,#7833,.T.);
#7836=ORIENTED_EDGE('',*,*,#7835,.T.);
#7838=ORIENTED_EDGE('',*,*,#7837,.T.);
#7840=ORIENTED_EDGE('',*,*,#7839,.T.);
#7841=EDGE_LOOP('',(#7834,#7836,#7838,#7840));
#7842=FACE_BOUND('',#7841,.F.);
#7843=ADVANCED_FACE('',(#7832,#7842),#7810,.F.);
#7844=CARTESIAN_POINT('',(-2.970127091267E-1,2.28E-1,-7.E-2));
#7845=DIRECTION('',(0.E0,0.E0,-1.E0));
#7846=DIRECTION('',(-1.E0,0.E0,0.E0));
#7847=AXIS2_PLACEMENT_3D('',#7844,#7845,#7846);
#7848=CYLINDRICAL_SURFACE('',#7847,4.E-2);
#7849=ORIENTED_EDGE('',*,*,#7812,.T.);
#7850=ORIENTED_EDGE('',*,*,#7785,.F.);
#7852=ORIENTED_EDGE('',*,*,#7851,.T.);
#7854=ORIENTED_EDGE('',*,*,#7853,.T.);
#7855=EDGE_LOOP('',(#7849,#7850,#7852,#7854));
#7856=FACE_OUTER_BOUND('',#7855,.F.);
#7857=ADVANCED_FACE('',(#7856),#7848,.F.);
#7858=CARTESIAN_POINT('',(-3.465E-1,2.68E-1,-7.E-2));
#7859=DIRECTION('',(0.E0,1.E0,0.E0));
#7860=DIRECTION('',(1.E0,0.E0,0.E0));
#7861=AXIS2_PLACEMENT_3D('',#7858,#7859,#7860);
#7862=PLANE('',#7861);
#7863=ORIENTED_EDGE('',*,*,#7769,.F.);
#7865=ORIENTED_EDGE('',*,*,#7864,.T.);
#7866=ORIENTED_EDGE('',*,*,#7851,.F.);
#7867=ORIENTED_EDGE('',*,*,#7783,.F.);
#7868=EDGE_LOOP('',(#7863,#7865,#7866,#7867));
#7869=FACE_OUTER_BOUND('',#7868,.F.);
#7870=ADVANCED_FACE('',(#7869),#7862,.F.);
#7871=CARTESIAN_POINT('',(0.E0,2.88E-1,7.E-2));
#7872=DIRECTION('',(0.E0,0.E0,-1.E0));
#7873=DIRECTION('',(-1.E0,0.E0,0.E0));
#7874=AXIS2_PLACEMENT_3D('',#7871,#7872,#7873);
#7875=PLANE('',#7874);
#7877=ORIENTED_EDGE('',*,*,#7876,.T.);
#7878=ORIENTED_EDGE('',*,*,#7814,.T.);
#7879=ORIENTED_EDGE('',*,*,#7853,.F.);
#7880=ORIENTED_EDGE('',*,*,#7864,.F.);
#7881=ORIENTED_EDGE('',*,*,#7767,.F.);
#7882=ORIENTED_EDGE('',*,*,#4560,.T.);
#7883=EDGE_LOOP('',(#7877,#7878,#7879,#7880,#7881,#7882));
#7884=FACE_OUTER_BOUND('',#7883,.F.);
#7885=ADVANCED_FACE('',(#7884),#7875,.T.);
#7886=CARTESIAN_POINT('',(-2.75E-1,0.E0,0.E0));
#7887=DIRECTION('',(1.E0,0.E0,0.E0));
#7888=DIRECTION('',(0.E0,0.E0,-1.E0));
#7889=AXIS2_PLACEMENT_3D('',#7886,#7887,#7888);
#7890=PLANE('',#7889);
#7891=ORIENTED_EDGE('',*,*,#4558,.F.);
#7893=ORIENTED_EDGE('',*,*,#7892,.F.);
#7894=ORIENTED_EDGE('',*,*,#7816,.F.);
#7895=ORIENTED_EDGE('',*,*,#7876,.F.);
#7896=EDGE_LOOP('',(#7891,#7893,#7894,#7895));
#7897=FACE_OUTER_BOUND('',#7896,.F.);
#7898=ADVANCED_FACE('',(#7897),#7890,.T.);
#7899=CARTESIAN_POINT('',(2.75E-1,2.61E-1,1.689211776999E-1));
#7900=DIRECTION('',(0.E0,0.E0,1.E0));
#7901=DIRECTION('',(0.E0,-1.E0,0.E0));
#7902=AXIS2_PLACEMENT_3D('',#7899,#7900,#7901);
#7903=PLANE('',#7902);
#7904=ORIENTED_EDGE('',*,*,#4556,.T.);
#7906=ORIENTED_EDGE('',*,*,#7905,.T.);
#7908=ORIENTED_EDGE('',*,*,#7907,.F.);
#7910=ORIENTED_EDGE('',*,*,#7909,.F.);
#7911=ORIENTED_EDGE('',*,*,#4548,.T.);
#7912=ORIENTED_EDGE('',*,*,#4714,.F.);
#7913=ORIENTED_EDGE('',*,*,#7818,.T.);
#7914=ORIENTED_EDGE('',*,*,#7892,.T.);
#7915=EDGE_LOOP('',(#7904,#7906,#7908,#7910,#7911,#7912,#7913,#7914));
#7916=FACE_OUTER_BOUND('',#7915,.F.);
#7917=ADVANCED_FACE('',(#7916),#7903,.F.);
#7918=CARTESIAN_POINT('',(0.E0,2.43E-1,1.775E-1));
#7919=DIRECTION('',(0.E0,-1.E0,0.E0));
#7920=DIRECTION('',(0.E0,0.E0,-1.E0));
#7921=AXIS2_PLACEMENT_3D('',#7918,#7919,#7920);
#7922=CYLINDRICAL_SURFACE('',#7921,4.E-2);
#7923=ORIENTED_EDGE('',*,*,#7905,.F.);
#7924=ORIENTED_EDGE('',*,*,#4554,.F.);
#7926=ORIENTED_EDGE('',*,*,#7925,.T.);
#7928=ORIENTED_EDGE('',*,*,#7927,.F.);
#7929=EDGE_LOOP('',(#7923,#7924,#7926,#7928));
#7930=FACE_OUTER_BOUND('',#7929,.F.);
#7931=ADVANCED_FACE('',(#7930),#7922,.T.);
#7932=CARTESIAN_POINT('',(3.929058411375E-2,2.43E-1,1.7E-1));
#7933=DIRECTION('',(0.E0,0.E0,1.E0));
#7934=DIRECTION('',(-1.E0,0.E0,0.E0));
#7935=AXIS2_PLACEMENT_3D('',#7932,#7933,#7934);
#7936=PLANE('',#7935);
#7937=ORIENTED_EDGE('',*,*,#7925,.F.);
#7938=ORIENTED_EDGE('',*,*,#4552,.F.);
#7940=ORIENTED_EDGE('',*,*,#7939,.T.);
#7942=ORIENTED_EDGE('',*,*,#7941,.T.);
#7943=EDGE_LOOP('',(#7937,#7938,#7940,#7942));
#7944=FACE_OUTER_BOUND('',#7943,.F.);
#7945=ADVANCED_FACE('',(#7944),#7936,.T.);
#7946=CARTESIAN_POINT('',(0.E0,2.43E-1,1.775E-1));
#7947=DIRECTION('',(0.E0,-1.E0,0.E0));
#7948=DIRECTION('',(0.E0,0.E0,-1.E0));
#7949=AXIS2_PLACEMENT_3D('',#7946,#7947,#7948);
#7950=CYLINDRICAL_SURFACE('',#7949,4.E-2);
#7951=ORIENTED_EDGE('',*,*,#7909,.T.);
#7953=ORIENTED_EDGE('',*,*,#7952,.T.);
#7954=ORIENTED_EDGE('',*,*,#7939,.F.);
#7955=ORIENTED_EDGE('',*,*,#4550,.F.);
#7956=EDGE_LOOP('',(#7951,#7953,#7954,#7955));
#7957=FACE_OUTER_BOUND('',#7956,.F.);
#7958=ADVANCED_FACE('',(#7957),#7950,.T.);
#7959=CARTESIAN_POINT('',(1.984314348981E-2,1.89E-1,1.55E-1));
#7960=DIRECTION('',(0.E0,7.071067811865E-1,-7.071067811865E-1));
#7961=DIRECTION('',(-1.E0,0.E0,0.E0));
#7962=AXIS2_PLACEMENT_3D('',#7959,#7960,#7961);
#7963=PLANE('',#7962);
#7964=ORIENTED_EDGE('',*,*,#7907,.T.);
#7965=ORIENTED_EDGE('',*,*,#7927,.T.);
#7966=ORIENTED_EDGE('',*,*,#7941,.F.);
#7967=ORIENTED_EDGE('',*,*,#7952,.F.);
#7968=EDGE_LOOP('',(#7964,#7965,#7966,#7967));
#7969=FACE_OUTER_BOUND('',#7968,.F.);
#7970=ADVANCED_FACE('',(#7969),#7963,.F.);
#7971=CARTESIAN_POINT('',(0.E0,2.88E-1,7.E-2));
#7972=DIRECTION('',(0.E0,0.E0,-1.E0));
#7973=DIRECTION('',(-1.E0,0.E0,0.E0));
#7974=AXIS2_PLACEMENT_3D('',#7971,#7972,#7973);
#7975=PLANE('',#7974);
#7976=ORIENTED_EDGE('',*,*,#4482,.T.);
#7977=ORIENTED_EDGE('',*,*,#4459,.F.);
#7979=ORIENTED_EDGE('',*,*,#7978,.F.);
#7980=ORIENTED_EDGE('',*,*,#7821,.T.);
#7981=ORIENTED_EDGE('',*,*,#4710,.F.);
#7982=ORIENTED_EDGE('',*,*,#4495,.F.);
#7983=EDGE_LOOP('',(#7976,#7977,#7979,#7980,#7981,#7982));
#7984=FACE_OUTER_BOUND('',#7983,.F.);
#7985=ADVANCED_FACE('',(#7984),#7975,.T.);
#7986=CARTESIAN_POINT('',(2.970127091267E-1,2.28E-1,-7.E-2));
#7987=DIRECTION('',(0.E0,0.E0,-1.E0));
#7988=DIRECTION('',(-1.E0,0.E0,0.E0));
#7989=AXIS2_PLACEMENT_3D('',#7986,#7987,#7988);
#7990=CYLINDRICAL_SURFACE('',#7989,4.E-2);
#7991=ORIENTED_EDGE('',*,*,#7823,.F.);
#7992=ORIENTED_EDGE('',*,*,#7978,.T.);
#7993=ORIENTED_EDGE('',*,*,#4457,.F.);
#7995=ORIENTED_EDGE('',*,*,#7994,.F.);
#7996=EDGE_LOOP('',(#7991,#7992,#7993,#7995));
#7997=FACE_OUTER_BOUND('',#7996,.F.);
#7998=ADVANCED_FACE('',(#7997),#7990,.F.);
#7999=CARTESIAN_POINT('',(0.E0,2.88E-1,-7.E-2));
#8000=DIRECTION('',(0.E0,0.E0,-1.E0));
#8001=DIRECTION('',(-1.E0,0.E0,0.E0));
#8002=AXIS2_PLACEMENT_3D('',#7999,#8000,#8001);
#8003=PLANE('',#8002);
#8004=ORIENTED_EDGE('',*,*,#4707,.T.);
#8005=ORIENTED_EDGE('',*,*,#7825,.F.);
#8006=ORIENTED_EDGE('',*,*,#7994,.T.);
#8007=ORIENTED_EDGE('',*,*,#4455,.T.);
#8008=ORIENTED_EDGE('',*,*,#4479,.F.);
#8009=ORIENTED_EDGE('',*,*,#4499,.T.);
#8010=EDGE_LOOP('',(#8004,#8005,#8006,#8007,#8008,#8009));
#8011=FACE_OUTER_BOUND('',#8010,.F.);
#8012=ADVANCED_FACE('',(#8011),#8003,.F.);
#8013=CARTESIAN_POINT('',(2.75E-1,2.221699379243E-2,-1.689211776999E-1));
#8014=DIRECTION('',(0.E0,0.E0,-1.E0));
#8015=DIRECTION('',(0.E0,1.E0,0.E0));
#8016=AXIS2_PLACEMENT_3D('',#8013,#8014,#8015);
#8017=PLANE('',#8016);
#8018=ORIENTED_EDGE('',*,*,#4836,.F.);
#8019=ORIENTED_EDGE('',*,*,#7801,.T.);
#8020=ORIENTED_EDGE('',*,*,#7828,.F.);
#8021=ORIENTED_EDGE('',*,*,#4703,.F.);
#8022=ORIENTED_EDGE('',*,*,#4844,.F.);
#8024=ORIENTED_EDGE('',*,*,#8023,.T.);
#8026=ORIENTED_EDGE('',*,*,#8025,.F.);
#8028=ORIENTED_EDGE('',*,*,#8027,.F.);
#8029=EDGE_LOOP('',(#8018,#8019,#8020,#8021,#8022,#8024,#8026,#8028));
#8030=FACE_OUTER_BOUND('',#8029,.F.);
#8031=ADVANCED_FACE('',(#8030),#8017,.F.);
#8032=CARTESIAN_POINT('',(0.E0,2.43E-1,-1.775E-1));
#8033=DIRECTION('',(0.E0,-1.E0,0.E0));
#8034=DIRECTION('',(0.E0,0.E0,-1.E0));
#8035=AXIS2_PLACEMENT_3D('',#8032,#8033,#8034);
#8036=CYLINDRICAL_SURFACE('',#8035,4.E-2);
#8037=ORIENTED_EDGE('',*,*,#8023,.F.);
#8038=ORIENTED_EDGE('',*,*,#4842,.F.);
#8040=ORIENTED_EDGE('',*,*,#8039,.T.);
#8042=ORIENTED_EDGE('',*,*,#8041,.F.);
#8043=EDGE_LOOP('',(#8037,#8038,#8040,#8042));
#8044=FACE_OUTER_BOUND('',#8043,.F.);
#8045=ADVANCED_FACE('',(#8044),#8036,.T.);
#8046=CARTESIAN_POINT('',(-3.929058411375E-2,2.43E-1,-1.7E-1));
#8047=DIRECTION('',(0.E0,0.E0,-1.E0));
#8048=DIRECTION('',(1.E0,0.E0,0.E0));
#8049=AXIS2_PLACEMENT_3D('',#8046,#8047,#8048);
#8050=PLANE('',#8049);
#8051=ORIENTED_EDGE('',*,*,#8039,.F.);
#8052=ORIENTED_EDGE('',*,*,#4840,.F.);
#8054=ORIENTED_EDGE('',*,*,#8053,.T.);
#8056=ORIENTED_EDGE('',*,*,#8055,.T.);
#8057=EDGE_LOOP('',(#8051,#8052,#8054,#8056));
#8058=FACE_OUTER_BOUND('',#8057,.F.);
#8059=ADVANCED_FACE('',(#8058),#8050,.T.);
#8060=CARTESIAN_POINT('',(0.E0,2.43E-1,-1.775E-1));
#8061=DIRECTION('',(0.E0,-1.E0,0.E0));
#8062=DIRECTION('',(0.E0,0.E0,-1.E0));
#8063=AXIS2_PLACEMENT_3D('',#8060,#8061,#8062);
#8064=CYLINDRICAL_SURFACE('',#8063,4.E-2);
#8065=ORIENTED_EDGE('',*,*,#8027,.T.);
#8067=ORIENTED_EDGE('',*,*,#8066,.T.);
#8068=ORIENTED_EDGE('',*,*,#8053,.F.);
#8069=ORIENTED_EDGE('',*,*,#4838,.F.);
#8070=EDGE_LOOP('',(#8065,#8067,#8068,#8069));
#8071=FACE_OUTER_BOUND('',#8070,.F.);
#8072=ADVANCED_FACE('',(#8071),#8064,.T.);
#8073=CARTESIAN_POINT('',(-1.984314348981E-2,1.89E-1,-1.55E-1));
#8074=DIRECTION('',(0.E0,7.071067811865E-1,7.071067811865E-1));
#8075=DIRECTION('',(1.E0,0.E0,0.E0));
#8076=AXIS2_PLACEMENT_3D('',#8073,#8074,#8075);
#8077=PLANE('',#8076);
#8078=ORIENTED_EDGE('',*,*,#8025,.T.);
#8079=ORIENTED_EDGE('',*,*,#8041,.T.);
#8080=ORIENTED_EDGE('',*,*,#8055,.F.);
#8081=ORIENTED_EDGE('',*,*,#8066,.F.);
#8082=EDGE_LOOP('',(#8078,#8079,#8080,#8081));
#8083=FACE_OUTER_BOUND('',#8082,.F.);
#8084=ADVANCED_FACE('',(#8083),#8077,.F.);
#8085=CARTESIAN_POINT('',(1.81E-1,2.43E-1,-7.E-2));
#8086=DIRECTION('',(-1.E0,0.E0,0.E0));
#8087=DIRECTION('',(0.E0,0.E0,1.E0));
#8088=AXIS2_PLACEMENT_3D('',#8085,#8086,#8087);
#8089=PLANE('',#8088);
#8090=ORIENTED_EDGE('',*,*,#7833,.F.);
#8092=ORIENTED_EDGE('',*,*,#8091,.T.);
#8094=ORIENTED_EDGE('',*,*,#8093,.T.);
#8095=ORIENTED_EDGE('',*,*,#7516,.T.);
#8097=ORIENTED_EDGE('',*,*,#8096,.F.);
#8099=ORIENTED_EDGE('',*,*,#8098,.F.);
#8100=EDGE_LOOP('',(#8090,#8092,#8094,#8095,#8097,#8099));
#8101=FACE_OUTER_BOUND('',#8100,.F.);
#8102=ADVANCED_FACE('',(#8101),#8089,.T.);
#8103=CARTESIAN_POINT('',(-1.81E-1,2.43E-1,-9.E-2));
#8104=DIRECTION('',(0.E0,-7.071067811865E-1,7.071067811865E-1));
#8105=DIRECTION('',(1.E0,0.E0,0.E0));
#8106=AXIS2_PLACEMENT_3D('',#8103,#8104,#8105);
#8107=PLANE('',#8106);
#8108=ORIENTED_EDGE('',*,*,#7839,.F.);
#8110=ORIENTED_EDGE('',*,*,#8109,.T.);
#8112=ORIENTED_EDGE('',*,*,#8111,.T.);
#8113=ORIENTED_EDGE('',*,*,#8091,.F.);
#8114=EDGE_LOOP('',(#8108,#8110,#8112,#8113));
#8115=FACE_OUTER_BOUND('',#8114,.F.);
#8116=ADVANCED_FACE('',(#8115),#8107,.T.);
#8117=CARTESIAN_POINT('',(-1.81E-1,2.43E-1,7.E-2));
#8118=DIRECTION('',(1.E0,0.E0,0.E0));
#8119=DIRECTION('',(0.E0,0.E0,-1.E0));
#8120=AXIS2_PLACEMENT_3D('',#8117,#8118,#8119);
#8121=PLANE('',#8120);
#8122=ORIENTED_EDGE('',*,*,#7837,.F.);
#8124=ORIENTED_EDGE('',*,*,#8123,.T.);
#8126=ORIENTED_EDGE('',*,*,#8125,.T.);
#8127=ORIENTED_EDGE('',*,*,#7520,.T.);
#8129=ORIENTED_EDGE('',*,*,#8128,.F.);
#8130=ORIENTED_EDGE('',*,*,#8109,.F.);
#8131=EDGE_LOOP('',(#8122,#8124,#8126,#8127,#8129,#8130));
#8132=FACE_OUTER_BOUND('',#8131,.F.);
#8133=ADVANCED_FACE('',(#8132),#8121,.T.);
#8134=CARTESIAN_POINT('',(1.81E-1,2.43E-1,9.E-2));
#8135=DIRECTION('',(0.E0,-7.071067811865E-1,-7.071067811865E-1));
#8136=DIRECTION('',(-1.E0,0.E0,0.E0));
#8137=AXIS2_PLACEMENT_3D('',#8134,#8135,#8136);
#8138=PLANE('',#8137);
#8139=ORIENTED_EDGE('',*,*,#7835,.F.);
#8140=ORIENTED_EDGE('',*,*,#8098,.T.);
#8142=ORIENTED_EDGE('',*,*,#8141,.T.);
#8143=ORIENTED_EDGE('',*,*,#8123,.F.);
#8144=EDGE_LOOP('',(#8139,#8140,#8142,#8143));
#8145=FACE_OUTER_BOUND('',#8144,.F.);
#8146=ADVANCED_FACE('',(#8145),#8138,.T.);
#8147=CARTESIAN_POINT('',(1.81E-1,2.43E-1,7.E-2));
#8148=DIRECTION('',(0.E0,0.E0,-1.E0));
#8149=DIRECTION('',(-1.E0,0.E0,0.E0));
#8150=AXIS2_PLACEMENT_3D('',#8147,#8148,#8149);
#8151=PLANE('',#8150);
#8152=ORIENTED_EDGE('',*,*,#8141,.F.);
#8153=ORIENTED_EDGE('',*,*,#8096,.T.);
#8154=ORIENTED_EDGE('',*,*,#7522,.T.);
#8155=ORIENTED_EDGE('',*,*,#8125,.F.);
#8156=EDGE_LOOP('',(#8152,#8153,#8154,#8155));
#8157=FACE_OUTER_BOUND('',#8156,.F.);
#8158=ADVANCED_FACE('',(#8157),#8151,.T.);
#8159=CARTESIAN_POINT('',(-1.81E-1,2.43E-1,-7.E-2));
#8160=DIRECTION('',(0.E0,0.E0,1.E0));
#8161=DIRECTION('',(1.E0,0.E0,0.E0));
#8162=AXIS2_PLACEMENT_3D('',#8159,#8160,#8161);
#8163=PLANE('',#8162);
#8164=ORIENTED_EDGE('',*,*,#8111,.F.);
#8165=ORIENTED_EDGE('',*,*,#8128,.T.);
#8166=ORIENTED_EDGE('',*,*,#7518,.T.);
#8167=ORIENTED_EDGE('',*,*,#8093,.F.);
#8168=EDGE_LOOP('',(#8164,#8165,#8166,#8167));
#8169=FACE_OUTER_BOUND('',#8168,.F.);
#8170=ADVANCED_FACE('',(#8169),#8163,.T.);
#8171=CARTESIAN_POINT('',(-3.315E-1,2.43E-1,-1.725E-1));
#8172=DIRECTION('',(0.E0,1.E0,0.E0));
#8173=DIRECTION('',(0.E0,0.E0,1.E0));
#8174=AXIS2_PLACEMENT_3D('',#8171,#8172,#8173);
#8175=CYLINDRICAL_SURFACE('',#8174,1.5E-2);
#8176=ORIENTED_EDGE('',*,*,#4828,.F.);
#8177=ORIENTED_EDGE('',*,*,#7134,.T.);
#8178=ORIENTED_EDGE('',*,*,#7507,.T.);
#8179=ORIENTED_EDGE('',*,*,#7762,.F.);
#8180=EDGE_LOOP('',(#8176,#8177,#8178,#8179));
#8181=FACE_OUTER_BOUND('',#8180,.F.);
#8182=ADVANCED_FACE('',(#8181),#8175,.T.);
#8183=CARTESIAN_POINT('',(2.11E-1,2.43E-1,2.145E-1));
#8184=DIRECTION('',(1.E0,0.E0,0.E0));
#8185=DIRECTION('',(0.E0,0.E0,-1.E0));
#8186=AXIS2_PLACEMENT_3D('',#8183,#8184,#8185);
#8187=PLANE('',#8186);
#8189=ORIENTED_EDGE('',*,*,#8188,.T.);
#8191=ORIENTED_EDGE('',*,*,#8190,.T.);
#8192=ORIENTED_EDGE('',*,*,#7568,.F.);
#8193=ORIENTED_EDGE('',*,*,#4588,.F.);
#8195=ORIENTED_EDGE('',*,*,#8194,.F.);
#8197=ORIENTED_EDGE('',*,*,#8196,.T.);
#8199=ORIENTED_EDGE('',*,*,#8198,.T.);
#8200=EDGE_LOOP('',(#8189,#8191,#8192,#8193,#8195,#8197,#8199));
#8201=FACE_OUTER_BOUND('',#8200,.F.);
#8202=ADVANCED_FACE('',(#8201),#8187,.T.);
#8203=CARTESIAN_POINT('',(2.185E-1,2.63E-1,2.538E-1));
#8204=DIRECTION('',(0.E0,1.E0,0.E0));
#8205=DIRECTION('',(-1.E0,0.E0,0.E0));
#8206=AXIS2_PLACEMENT_3D('',#8203,#8204,#8205);
#8207=PLANE('',#8206);
#8208=ORIENTED_EDGE('',*,*,#8188,.F.);
#8209=ORIENTED_EDGE('',*,*,#5574,.F.);
#8211=ORIENTED_EDGE('',*,*,#8210,.T.);
#8212=ORIENTED_EDGE('',*,*,#5389,.T.);
#8213=EDGE_LOOP('',(#8208,#8209,#8211,#8212));
#8214=FACE_OUTER_BOUND('',#8213,.F.);
#8215=ADVANCED_FACE('',(#8214),#8207,.F.);
#8216=CARTESIAN_POINT('',(2.185E-1,2.38E-1,2.538E-1));
#8217=DIRECTION('',(1.E0,0.E0,0.E0));
#8218=DIRECTION('',(0.E0,1.E0,0.E0));
#8219=AXIS2_PLACEMENT_3D('',#8216,#8217,#8218);
#8220=PLANE('',#8219);
#8221=ORIENTED_EDGE('',*,*,#5572,.F.);
#8223=ORIENTED_EDGE('',*,*,#8222,.T.);
#8224=ORIENTED_EDGE('',*,*,#5391,.T.);
#8225=ORIENTED_EDGE('',*,*,#8210,.F.);
#8226=EDGE_LOOP('',(#8221,#8223,#8224,#8225));
#8227=FACE_OUTER_BOUND('',#8226,.F.);
#8228=ADVANCED_FACE('',(#8227),#8220,.F.);
#8229=CARTESIAN_POINT('',(1.435E-1,2.38E-1,2.538E-1));
#8230=DIRECTION('',(0.E0,-1.E0,0.E0));
#8231=DIRECTION('',(1.E0,0.E0,0.E0));
#8232=AXIS2_PLACEMENT_3D('',#8229,#8230,#8231);
#8233=PLANE('',#8232);
#8234=ORIENTED_EDGE('',*,*,#5570,.F.);
#8236=ORIENTED_EDGE('',*,*,#8235,.T.);
#8237=ORIENTED_EDGE('',*,*,#5393,.T.);
#8238=ORIENTED_EDGE('',*,*,#8222,.F.);
#8239=EDGE_LOOP('',(#8234,#8236,#8237,#8238));
#8240=FACE_OUTER_BOUND('',#8239,.F.);
#8241=ADVANCED_FACE('',(#8240),#8233,.F.);
#8242=CARTESIAN_POINT('',(1.435E-1,2.63E-1,2.538E-1));
#8243=DIRECTION('',(-1.E0,0.E0,0.E0));
#8244=DIRECTION('',(0.E0,-1.E0,0.E0));
#8245=AXIS2_PLACEMENT_3D('',#8242,#8243,#8244);
#8246=PLANE('',#8245);
#8247=ORIENTED_EDGE('',*,*,#5568,.F.);
#8249=ORIENTED_EDGE('',*,*,#8248,.T.);
#8250=ORIENTED_EDGE('',*,*,#5395,.T.);
#8251=ORIENTED_EDGE('',*,*,#8235,.F.);
#8252=EDGE_LOOP('',(#8247,#8249,#8250,#8251));
#8253=FACE_OUTER_BOUND('',#8252,.F.);
#8254=ADVANCED_FACE('',(#8253),#8246,.F.);
#8255=CARTESIAN_POINT('',(2.185E-1,2.63E-1,2.538E-1));
#8256=DIRECTION('',(0.E0,1.E0,0.E0));
#8257=DIRECTION('',(-1.E0,0.E0,0.E0));
#8258=AXIS2_PLACEMENT_3D('',#8255,#8256,#8257);
#8259=PLANE('',#8258);
#8261=ORIENTED_EDGE('',*,*,#8260,.T.);
#8262=ORIENTED_EDGE('',*,*,#5397,.T.);
#8263=ORIENTED_EDGE('',*,*,#8248,.F.);
#8264=ORIENTED_EDGE('',*,*,#5566,.F.);
#8265=EDGE_LOOP('',(#8261,#8262,#8263,#8264));
#8266=FACE_OUTER_BOUND('',#8265,.F.);
#8267=ADVANCED_FACE('',(#8266),#8259,.F.);
#8268=CARTESIAN_POINT('',(1.51E-1,2.43E-1,1.875E-1));
#8269=DIRECTION('',(-1.E0,0.E0,0.E0));
#8270=DIRECTION('',(0.E0,0.E0,1.E0));
#8271=AXIS2_PLACEMENT_3D('',#8268,#8269,#8270);
#8272=PLANE('',#8271);
#8273=ORIENTED_EDGE('',*,*,#8260,.F.);
#8275=ORIENTED_EDGE('',*,*,#8274,.T.);
#8277=ORIENTED_EDGE('',*,*,#8276,.F.);
#8279=ORIENTED_EDGE('',*,*,#8278,.T.);
#8280=ORIENTED_EDGE('',*,*,#4584,.F.);
#8281=ORIENTED_EDGE('',*,*,#7572,.T.);
#8283=ORIENTED_EDGE('',*,*,#8282,.T.);
#8284=EDGE_LOOP('',(#8273,#8275,#8277,#8279,#8280,#8281,#8283));
#8285=FACE_OUTER_BOUND('',#8284,.F.);
#8286=ADVANCED_FACE('',(#8285),#8272,.T.);
#8287=CARTESIAN_POINT('',(0.E0,2.63E-1,0.E0));
#8288=DIRECTION('',(0.E0,1.E0,0.E0));
#8289=DIRECTION('',(0.E0,0.E0,1.E0));
#8290=AXIS2_PLACEMENT_3D('',#8287,#8288,#8289);
#8291=PLANE('',#8290);
#8292=ORIENTED_EDGE('',*,*,#5576,.T.);
#8293=ORIENTED_EDGE('',*,*,#8198,.F.);
#8295=ORIENTED_EDGE('',*,*,#8294,.F.);
#8296=ORIENTED_EDGE('',*,*,#8274,.F.);
#8297=EDGE_LOOP('',(#8292,#8293,#8295,#8296));
#8298=FACE_OUTER_BOUND('',#8297,.F.);
#8299=ADVANCED_FACE('',(#8298),#8291,.T.);
#8300=CARTESIAN_POINT('',(1.51E-1,2.43E-1,2.145E-1));
#8301=DIRECTION('',(0.E0,0.E0,1.E0));
#8302=DIRECTION('',(1.E0,0.E0,0.E0));
#8303=AXIS2_PLACEMENT_3D('',#8300,#8301,#8302);
#8304=PLANE('',#8303);
#8306=ORIENTED_EDGE('',*,*,#8305,.F.);
#8307=ORIENTED_EDGE('',*,*,#8276,.T.);
#8308=ORIENTED_EDGE('',*,*,#8294,.T.);
#8309=ORIENTED_EDGE('',*,*,#8196,.F.);
#8310=EDGE_LOOP('',(#8306,#8307,#8308,#8309));
#8311=FACE_OUTER_BOUND('',#8310,.F.);
#8312=ADVANCED_FACE('',(#8311),#8304,.T.);
#8313=CARTESIAN_POINT('',(-4.158E-1,2.516602540378E-1,2.145E-1));
#8314=DIRECTION('',(0.E0,8.660254037844E-1,-5.E-1));
#8315=DIRECTION('',(0.E0,-5.E-1,-8.660254037844E-1));
#8316=AXIS2_PLACEMENT_3D('',#8313,#8314,#8315);
#8317=PLANE('',#8316);
#8318=ORIENTED_EDGE('',*,*,#8278,.F.);
#8319=ORIENTED_EDGE('',*,*,#8305,.T.);
#8320=ORIENTED_EDGE('',*,*,#8194,.T.);
#8321=ORIENTED_EDGE('',*,*,#4586,.F.);
#8322=EDGE_LOOP('',(#8318,#8319,#8320,#8321));
#8323=FACE_OUTER_BOUND('',#8322,.F.);
#8324=ADVANCED_FACE('',(#8323),#8317,.F.);
#8325=CARTESIAN_POINT('',(0.E0,2.63E-1,0.E0));
#8326=DIRECTION('',(0.E0,1.E0,0.E0));
#8327=DIRECTION('',(0.E0,0.E0,1.E0));
#8328=AXIS2_PLACEMENT_3D('',#8325,#8326,#8327);
#8329=PLANE('',#8328);
#8330=ORIENTED_EDGE('',*,*,#5399,.F.);
#8331=ORIENTED_EDGE('',*,*,#8282,.F.);
#8332=ORIENTED_EDGE('',*,*,#7570,.T.);
#8333=ORIENTED_EDGE('',*,*,#8190,.F.);
#8334=EDGE_LOOP('',(#8330,#8331,#8332,#8333));
#8335=FACE_OUTER_BOUND('',#8334,.F.);
#8336=ADVANCED_FACE('',(#8335),#8329,.T.);
#8337=CARTESIAN_POINT('',(3.E-2,2.43E-1,2.145E-1));
#8338=DIRECTION('',(1.E0,0.E0,0.E0));
#8339=DIRECTION('',(0.E0,0.E0,-1.E0));
#8340=AXIS2_PLACEMENT_3D('',#8337,#8338,#8339);
#8341=PLANE('',#8340);
#8343=ORIENTED_EDGE('',*,*,#8342,.T.);
#8345=ORIENTED_EDGE('',*,*,#8344,.T.);
#8346=ORIENTED_EDGE('',*,*,#7575,.F.);
#8347=ORIENTED_EDGE('',*,*,#4580,.F.);
#8349=ORIENTED_EDGE('',*,*,#8348,.F.);
#8351=ORIENTED_EDGE('',*,*,#8350,.T.);
#8353=ORIENTED_EDGE('',*,*,#8352,.T.);
#8354=EDGE_LOOP('',(#8343,#8345,#8346,#8347,#8349,#8351,#8353));
#8355=FACE_OUTER_BOUND('',#8354,.F.);
#8356=ADVANCED_FACE('',(#8355),#8341,.T.);
#8357=CARTESIAN_POINT('',(3.75E-2,2.63E-1,2.538E-1));
#8358=DIRECTION('',(0.E0,1.E0,0.E0));
#8359=DIRECTION('',(-1.E0,0.E0,0.E0));
#8360=AXIS2_PLACEMENT_3D('',#8357,#8358,#8359);
#8361=PLANE('',#8360);
#8362=ORIENTED_EDGE('',*,*,#8342,.F.);
#8363=ORIENTED_EDGE('',*,*,#5560,.F.);
#8365=ORIENTED_EDGE('',*,*,#8364,.T.);
#8366=ORIENTED_EDGE('',*,*,#5375,.T.);
#8367=EDGE_LOOP('',(#8362,#8363,#8365,#8366));
#8368=FACE_OUTER_BOUND('',#8367,.F.);
#8369=ADVANCED_FACE('',(#8368),#8361,.F.);
#8370=CARTESIAN_POINT('',(3.75E-2,2.38E-1,2.538E-1));
#8371=DIRECTION('',(1.E0,0.E0,0.E0));
#8372=DIRECTION('',(0.E0,1.E0,0.E0));
#8373=AXIS2_PLACEMENT_3D('',#8370,#8371,#8372);
#8374=PLANE('',#8373);
#8375=ORIENTED_EDGE('',*,*,#5558,.F.);
#8377=ORIENTED_EDGE('',*,*,#8376,.T.);
#8378=ORIENTED_EDGE('',*,*,#5377,.T.);
#8379=ORIENTED_EDGE('',*,*,#8364,.F.);
#8380=EDGE_LOOP('',(#8375,#8377,#8378,#8379));
#8381=FACE_OUTER_BOUND('',#8380,.F.);
#8382=ADVANCED_FACE('',(#8381),#8374,.F.);
#8383=CARTESIAN_POINT('',(-3.75E-2,2.38E-1,2.538E-1));
#8384=DIRECTION('',(0.E0,-1.E0,0.E0));
#8385=DIRECTION('',(1.E0,0.E0,0.E0));
#8386=AXIS2_PLACEMENT_3D('',#8383,#8384,#8385);
#8387=PLANE('',#8386);
#8388=ORIENTED_EDGE('',*,*,#5556,.F.);
#8390=ORIENTED_EDGE('',*,*,#8389,.T.);
#8391=ORIENTED_EDGE('',*,*,#5379,.T.);
#8392=ORIENTED_EDGE('',*,*,#8376,.F.);
#8393=EDGE_LOOP('',(#8388,#8390,#8391,#8392));
#8394=FACE_OUTER_BOUND('',#8393,.F.);
#8395=ADVANCED_FACE('',(#8394),#8387,.F.);
#8396=CARTESIAN_POINT('',(-3.75E-2,2.63E-1,2.538E-1));
#8397=DIRECTION('',(-1.E0,0.E0,0.E0));
#8398=DIRECTION('',(0.E0,-1.E0,0.E0));
#8399=AXIS2_PLACEMENT_3D('',#8396,#8397,#8398);
#8400=PLANE('',#8399);
#8401=ORIENTED_EDGE('',*,*,#5554,.F.);
#8403=ORIENTED_EDGE('',*,*,#8402,.T.);
#8404=ORIENTED_EDGE('',*,*,#5381,.T.);
#8405=ORIENTED_EDGE('',*,*,#8389,.F.);
#8406=EDGE_LOOP('',(#8401,#8403,#8404,#8405));
#8407=FACE_OUTER_BOUND('',#8406,.F.);
#8408=ADVANCED_FACE('',(#8407),#8400,.F.);
#8409=CARTESIAN_POINT('',(3.75E-2,2.63E-1,2.538E-1));
#8410=DIRECTION('',(0.E0,1.E0,0.E0));
#8411=DIRECTION('',(-1.E0,0.E0,0.E0));
#8412=AXIS2_PLACEMENT_3D('',#8409,#8410,#8411);
#8413=PLANE('',#8412);
#8415=ORIENTED_EDGE('',*,*,#8414,.T.);
#8416=ORIENTED_EDGE('',*,*,#5383,.T.);
#8417=ORIENTED_EDGE('',*,*,#8402,.F.);
#8418=ORIENTED_EDGE('',*,*,#5552,.F.);
#8419=EDGE_LOOP('',(#8415,#8416,#8417,#8418));
#8420=FACE_OUTER_BOUND('',#8419,.F.);
#8421=ADVANCED_FACE('',(#8420),#8413,.F.);
#8422=CARTESIAN_POINT('',(-3.E-2,2.43E-1,1.875E-1));
#8423=DIRECTION('',(-1.E0,0.E0,0.E0));
#8424=DIRECTION('',(0.E0,0.E0,1.E0));
#8425=AXIS2_PLACEMENT_3D('',#8422,#8423,#8424);
#8426=PLANE('',#8425);
#8427=ORIENTED_EDGE('',*,*,#8414,.F.);
#8429=ORIENTED_EDGE('',*,*,#8428,.T.);
#8431=ORIENTED_EDGE('',*,*,#8430,.F.);
#8433=ORIENTED_EDGE('',*,*,#8432,.T.);
#8434=ORIENTED_EDGE('',*,*,#4576,.F.);
#8435=ORIENTED_EDGE('',*,*,#7579,.T.);
#8437=ORIENTED_EDGE('',*,*,#8436,.T.);
#8438=EDGE_LOOP('',(#8427,#8429,#8431,#8433,#8434,#8435,#8437));
#8439=FACE_OUTER_BOUND('',#8438,.F.);
#8440=ADVANCED_FACE('',(#8439),#8426,.T.);
#8441=CARTESIAN_POINT('',(0.E0,2.63E-1,0.E0));
#8442=DIRECTION('',(0.E0,1.E0,0.E0));
#8443=DIRECTION('',(0.E0,0.E0,1.E0));
#8444=AXIS2_PLACEMENT_3D('',#8441,#8442,#8443);
#8445=PLANE('',#8444);
#8446=ORIENTED_EDGE('',*,*,#5562,.T.);
#8447=ORIENTED_EDGE('',*,*,#8352,.F.);
#8449=ORIENTED_EDGE('',*,*,#8448,.F.);
#8450=ORIENTED_EDGE('',*,*,#8428,.F.);
#8451=EDGE_LOOP('',(#8446,#8447,#8449,#8450));
#8452=FACE_OUTER_BOUND('',#8451,.F.);
#8453=ADVANCED_FACE('',(#8452),#8445,.T.);
#8454=CARTESIAN_POINT('',(-3.E-2,2.43E-1,2.145E-1));
#8455=DIRECTION('',(0.E0,0.E0,1.E0));
#8456=DIRECTION('',(1.E0,0.E0,0.E0));
#8457=AXIS2_PLACEMENT_3D('',#8454,#8455,#8456);
#8458=PLANE('',#8457);
#8460=ORIENTED_EDGE('',*,*,#8459,.F.);
#8461=ORIENTED_EDGE('',*,*,#8430,.T.);
#8462=ORIENTED_EDGE('',*,*,#8448,.T.);
#8463=ORIENTED_EDGE('',*,*,#8350,.F.);
#8464=EDGE_LOOP('',(#8460,#8461,#8462,#8463));
#8465=FACE_OUTER_BOUND('',#8464,.F.);
#8466=ADVANCED_FACE('',(#8465),#8458,.T.);
#8467=CARTESIAN_POINT('',(-4.158E-1,2.516602540378E-1,2.145E-1));
#8468=DIRECTION('',(0.E0,8.660254037844E-1,-5.E-1));
#8469=DIRECTION('',(0.E0,-5.E-1,-8.660254037844E-1));
#8470=AXIS2_PLACEMENT_3D('',#8467,#8468,#8469);
#8471=PLANE('',#8470);
#8472=ORIENTED_EDGE('',*,*,#8432,.F.);
#8473=ORIENTED_EDGE('',*,*,#8459,.T.);
#8474=ORIENTED_EDGE('',*,*,#8348,.T.);
#8475=ORIENTED_EDGE('',*,*,#4578,.F.);
#8476=EDGE_LOOP('',(#8472,#8473,#8474,#8475));
#8477=FACE_OUTER_BOUND('',#8476,.F.);
#8478=ADVANCED_FACE('',(#8477),#8471,.F.);
#8479=CARTESIAN_POINT('',(0.E0,2.63E-1,0.E0));
#8480=DIRECTION('',(0.E0,1.E0,0.E0));
#8481=DIRECTION('',(0.E0,0.E0,1.E0));
#8482=AXIS2_PLACEMENT_3D('',#8479,#8480,#8481);
#8483=PLANE('',#8482);
#8484=ORIENTED_EDGE('',*,*,#5385,.F.);
#8485=ORIENTED_EDGE('',*,*,#8436,.F.);
#8486=ORIENTED_EDGE('',*,*,#7577,.T.);
#8487=ORIENTED_EDGE('',*,*,#8344,.F.);
#8488=EDGE_LOOP('',(#8484,#8485,#8486,#8487));
#8489=FACE_OUTER_BOUND('',#8488,.F.);
#8490=ADVANCED_FACE('',(#8489),#8483,.T.);
#8491=CARTESIAN_POINT('',(-1.335E-1,5.E-2,-1.437192106674E-1));
#8492=DIRECTION('',(9.890158633619E-1,-1.478094111296E-1,0.E0));
#8493=DIRECTION('',(0.E0,0.E0,1.E0));
#8494=AXIS2_PLACEMENT_3D('',#8491,#8492,#8493);
#8495=PLANE('',#8494);
#8496=ORIENTED_EDGE('',*,*,#5731,.F.);
#8497=ORIENTED_EDGE('',*,*,#6625,.T.);
#8498=ORIENTED_EDGE('',*,*,#6686,.T.);
#8499=ORIENTED_EDGE('',*,*,#6420,.F.);
#8500=EDGE_LOOP('',(#8496,#8497,#8498,#8499));
#8501=FACE_OUTER_BOUND('',#8500,.F.);
#8502=ADVANCED_FACE('',(#8501),#8495,.F.);
#8503=CARTESIAN_POINT('',(-4.75E-2,5.E-2,-8.128078933258E-2));
#8504=DIRECTION('',(-9.890158633619E-1,-1.478094111296E-1,0.E0));
#8505=DIRECTION('',(0.E0,0.E0,-1.E0));
#8506=AXIS2_PLACEMENT_3D('',#8503,#8504,#8505);
#8507=PLANE('',#8506);
#8508=ORIENTED_EDGE('',*,*,#5741,.F.);
#8510=ORIENTED_EDGE('',*,*,#8509,.T.);
#8511=ORIENTED_EDGE('',*,*,#6691,.T.);
#8513=ORIENTED_EDGE('',*,*,#8512,.F.);
#8514=EDGE_LOOP('',(#8508,#8510,#8511,#8513));
#8515=FACE_OUTER_BOUND('',#8514,.F.);
#8516=ADVANCED_FACE('',(#8515),#8507,.F.);
#8517=CARTESIAN_POINT('',(5.871921066742E-2,5.E-2,-9.25E-2));
#8518=DIRECTION('',(0.E0,-2.419218955997E-1,9.702957262760E-1));
#8519=DIRECTION('',(-1.E0,0.E0,0.E0));
#8520=AXIS2_PLACEMENT_3D('',#8517,#8518,#8519);
#8521=PLANE('',#8520);
#8523=ORIENTED_EDGE('',*,*,#8522,.F.);
#8525=ORIENTED_EDGE('',*,*,#8524,.T.);
#8527=ORIENTED_EDGE('',*,*,#8526,.T.);
#8528=ORIENTED_EDGE('',*,*,#6693,.T.);
#8529=ORIENTED_EDGE('',*,*,#8509,.F.);
#8531=ORIENTED_EDGE('',*,*,#8530,.F.);
#8532=EDGE_LOOP('',(#8523,#8525,#8527,#8528,#8529,#8531));
#8533=FACE_OUTER_BOUND('',#8532,.F.);
#8534=ADVANCED_FACE('',(#8533),#8521,.F.);
#8535=CARTESIAN_POINT('',(0.E0,5.E-2,-1.025E-1));
#8536=DIRECTION('',(0.E0,0.E0,-1.E0));
#8537=DIRECTION('',(-1.E0,0.E0,0.E0));
#8538=AXIS2_PLACEMENT_3D('',#8535,#8536,#8537);
#8539=PLANE('',#8538);
#8540=ORIENTED_EDGE('',*,*,#8522,.T.);
#8542=ORIENTED_EDGE('',*,*,#8541,.T.);
#8544=ORIENTED_EDGE('',*,*,#8543,.F.);
#8546=ORIENTED_EDGE('',*,*,#8545,.T.);
#8547=EDGE_LOOP('',(#8540,#8542,#8544,#8546));
#8548=FACE_OUTER_BOUND('',#8547,.F.);
#8549=ADVANCED_FACE('',(#8548),#8539,.F.);
#8550=CARTESIAN_POINT('',(-3.999999999999E-2,-2.31E-1,-1.025E-1));
#8551=DIRECTION('',(-1.E0,0.E0,0.E0));
#8552=DIRECTION('',(0.E0,1.E0,0.E0));
#8553=AXIS2_PLACEMENT_3D('',#8550,#8551,#8552);
#8554=PLANE('',#8553);
#8555=ORIENTED_EDGE('',*,*,#5739,.F.);
#8557=ORIENTED_EDGE('',*,*,#8556,.F.);
#8559=ORIENTED_EDGE('',*,*,#8558,.T.);
#8561=ORIENTED_EDGE('',*,*,#8560,.T.);
#8562=ORIENTED_EDGE('',*,*,#5743,.F.);
#8564=ORIENTED_EDGE('',*,*,#8563,.F.);
#8566=ORIENTED_EDGE('',*,*,#8565,.T.);
#8568=ORIENTED_EDGE('',*,*,#8567,.F.);
#8569=ORIENTED_EDGE('',*,*,#8541,.F.);
#8570=ORIENTED_EDGE('',*,*,#8530,.T.);
#8571=EDGE_LOOP('',(#8555,#8557,#8559,#8561,#8562,#8564,#8566,#8568,#8569,
#8570));
#8572=FACE_OUTER_BOUND('',#8571,.F.);
#8573=ADVANCED_FACE('',(#8572),#8554,.T.);
#8574=CARTESIAN_POINT('',(0.E0,5.E-2,-1.025E-1));
#8575=DIRECTION('',(0.E0,0.E0,-1.E0));
#8576=DIRECTION('',(-1.E0,0.E0,0.E0));
#8577=AXIS2_PLACEMENT_3D('',#8574,#8575,#8576);
#8578=PLANE('',#8577);
#8579=ORIENTED_EDGE('',*,*,#5737,.F.);
#8581=ORIENTED_EDGE('',*,*,#8580,.T.);
#8583=ORIENTED_EDGE('',*,*,#8582,.T.);
#8585=ORIENTED_EDGE('',*,*,#8584,.T.);
#8587=ORIENTED_EDGE('',*,*,#8586,.T.);
#8589=ORIENTED_EDGE('',*,*,#8588,.F.);
#8591=ORIENTED_EDGE('',*,*,#8590,.F.);
#8593=ORIENTED_EDGE('',*,*,#8592,.T.);
#8595=ORIENTED_EDGE('',*,*,#8594,.F.);
#8597=ORIENTED_EDGE('',*,*,#8596,.T.);
#8599=ORIENTED_EDGE('',*,*,#8598,.T.);
#8600=ORIENTED_EDGE('',*,*,#8556,.T.);
#8601=EDGE_LOOP('',(#8579,#8581,#8583,#8585,#8587,#8589,#8591,#8593,#8595,#8597,
#8599,#8600));
#8602=FACE_OUTER_BOUND('',#8601,.F.);
#8603=ADVANCED_FACE('',(#8602),#8578,.F.);
#8604=CARTESIAN_POINT('',(4.000000000001E-2,5.E-2,-1.025E-1));
#8605=DIRECTION('',(1.E0,0.E0,0.E0));
#8606=DIRECTION('',(0.E0,-1.E0,0.E0));
#8607=AXIS2_PLACEMENT_3D('',#8604,#8605,#8606);
#8608=PLANE('',#8607);
#8609=ORIENTED_EDGE('',*,*,#5751,.T.);
#8610=ORIENTED_EDGE('',*,*,#8524,.F.);
#8611=ORIENTED_EDGE('',*,*,#8545,.F.);
#8613=ORIENTED_EDGE('',*,*,#8612,.T.);
#8615=ORIENTED_EDGE('',*,*,#8614,.T.);
#8617=ORIENTED_EDGE('',*,*,#8616,.T.);
#8618=ORIENTED_EDGE('',*,*,#5747,.T.);
#8620=ORIENTED_EDGE('',*,*,#8619,.T.);
#8622=ORIENTED_EDGE('',*,*,#8621,.F.);
#8623=ORIENTED_EDGE('',*,*,#8580,.F.);
#8624=EDGE_LOOP('',(#8609,#8610,#8611,#8613,#8615,#8617,#8618,#8620,#8622,
#8623));
#8625=FACE_OUTER_BOUND('',#8624,.F.);
#8626=ADVANCED_FACE('',(#8625),#8608,.T.);
#8627=CARTESIAN_POINT('',(2.75E-1,2.221699379243E-2,1.689211776999E-1));
#8628=DIRECTION('',(0.E0,-1.E0,0.E0));
#8629=DIRECTION('',(0.E0,0.E0,-1.E0));
#8630=AXIS2_PLACEMENT_3D('',#8627,#8628,#8629);
#8631=PLANE('',#8630);
#8632=ORIENTED_EDGE('',*,*,#8543,.T.);
#8633=ORIENTED_EDGE('',*,*,#8567,.T.);
#8635=ORIENTED_EDGE('',*,*,#8634,.F.);
#8636=ORIENTED_EDGE('',*,*,#8612,.F.);
#8637=EDGE_LOOP('',(#8632,#8633,#8635,#8636));
#8638=FACE_OUTER_BOUND('',#8637,.F.);
#8639=ADVANCED_FACE('',(#8638),#8631,.F.);
#8640=CARTESIAN_POINT('',(0.E0,5.E-2,-1.225E-1));
#8641=DIRECTION('',(0.E0,0.E0,-1.E0));
#8642=DIRECTION('',(-1.E0,0.E0,0.E0));
#8643=AXIS2_PLACEMENT_3D('',#8640,#8641,#8642);
#8644=PLANE('',#8643);
#8646=ORIENTED_EDGE('',*,*,#8645,.T.);
#8647=ORIENTED_EDGE('',*,*,#8614,.F.);
#8648=ORIENTED_EDGE('',*,*,#8634,.T.);
#8649=ORIENTED_EDGE('',*,*,#8565,.F.);
#8650=EDGE_LOOP('',(#8646,#8647,#8648,#8649));
#8651=FACE_OUTER_BOUND('',#8650,.F.);
#8652=ADVANCED_FACE('',(#8651),#8644,.T.);
#8653=CARTESIAN_POINT('',(-5.871921066742E-2,5.E-2,-1.325E-1));
#8654=DIRECTION('',(0.E0,-2.419218955997E-1,-9.702957262760E-1));
#8655=DIRECTION('',(1.E0,0.E0,0.E0));
#8656=AXIS2_PLACEMENT_3D('',#8653,#8654,#8655);
#8657=PLANE('',#8656);
#8658=ORIENTED_EDGE('',*,*,#8645,.F.);
#8659=ORIENTED_EDGE('',*,*,#8563,.T.);
#8660=ORIENTED_EDGE('',*,*,#8512,.T.);
#8661=ORIENTED_EDGE('',*,*,#6697,.T.);
#8663=ORIENTED_EDGE('',*,*,#8662,.F.);
#8664=ORIENTED_EDGE('',*,*,#8616,.F.);
#8665=EDGE_LOOP('',(#8658,#8659,#8660,#8661,#8663,#8664));
#8666=FACE_OUTER_BOUND('',#8665,.F.);
#8667=ADVANCED_FACE('',(#8666),#8657,.F.);
#8668=CARTESIAN_POINT('',(4.75E-2,5.E-2,-1.437192106674E-1));
#8669=DIRECTION('',(9.890158633619E-1,-1.478094111296E-1,0.E0));
#8670=DIRECTION('',(0.E0,0.E0,1.E0));
#8671=AXIS2_PLACEMENT_3D('',#8668,#8669,#8670);
#8672=PLANE('',#8671);
#8673=ORIENTED_EDGE('',*,*,#5749,.F.);
#8674=ORIENTED_EDGE('',*,*,#8662,.T.);
#8675=ORIENTED_EDGE('',*,*,#6695,.T.);
#8676=ORIENTED_EDGE('',*,*,#8526,.F.);
#8677=EDGE_LOOP('',(#8673,#8674,#8675,#8676));
#8678=FACE_OUTER_BOUND('',#8677,.F.);
#8679=ADVANCED_FACE('',(#8678),#8672,.F.);
#8680=CARTESIAN_POINT('',(0.E0,5.E-2,-1.225E-1));
#8681=DIRECTION('',(0.E0,0.E0,-1.E0));
#8682=DIRECTION('',(-1.E0,0.E0,0.E0));
#8683=AXIS2_PLACEMENT_3D('',#8680,#8681,#8682);
#8684=PLANE('',#8683);
#8685=ORIENTED_EDGE('',*,*,#5745,.T.);
#8686=ORIENTED_EDGE('',*,*,#8560,.F.);
#8688=ORIENTED_EDGE('',*,*,#8687,.F.);
#8690=ORIENTED_EDGE('',*,*,#8689,.F.);
#8692=ORIENTED_EDGE('',*,*,#8691,.T.);
#8694=ORIENTED_EDGE('',*,*,#8693,.F.);
#8696=ORIENTED_EDGE('',*,*,#8695,.F.);
#8698=ORIENTED_EDGE('',*,*,#8697,.T.);
#8700=ORIENTED_EDGE('',*,*,#8699,.F.);
#8702=ORIENTED_EDGE('',*,*,#8701,.F.);
#8704=ORIENTED_EDGE('',*,*,#8703,.F.);
#8705=ORIENTED_EDGE('',*,*,#8619,.F.);
#8706=EDGE_LOOP('',(#8685,#8686,#8688,#8690,#8692,#8694,#8696,#8698,#8700,#8702,
#8704,#8705));
#8707=FACE_OUTER_BOUND('',#8706,.F.);
#8708=ADVANCED_FACE('',(#8707),#8684,.T.);
#8709=CARTESIAN_POINT('',(-5.E-2,-5.E-3,-1.025E-1));
#8710=DIRECTION('',(0.E0,1.E0,0.E0));
#8711=DIRECTION('',(1.E0,0.E0,0.E0));
#8712=AXIS2_PLACEMENT_3D('',#8709,#8710,#8711);
#8713=PLANE('',#8712);
#8714=ORIENTED_EDGE('',*,*,#8558,.F.);
#8715=ORIENTED_EDGE('',*,*,#8598,.F.);
#8717=ORIENTED_EDGE('',*,*,#8716,.T.);
#8718=ORIENTED_EDGE('',*,*,#8687,.T.);
#8719=EDGE_LOOP('',(#8714,#8715,#8717,#8718));
#8720=FACE_OUTER_BOUND('',#8719,.F.);
#8721=ADVANCED_FACE('',(#8720),#8713,.T.);
#8722=CARTESIAN_POINT('',(-3.999999999999E-2,-6.5E-2,-1.025E-1));
#8723=DIRECTION('',(-9.863939238321E-1,-1.643989873055E-1,0.E0));
#8724=DIRECTION('',(-1.643989873055E-1,9.863939238321E-1,0.E0));
#8725=AXIS2_PLACEMENT_3D('',#8722,#8723,#8724);
#8726=PLANE('',#8725);
#8727=ORIENTED_EDGE('',*,*,#8596,.F.);
#8729=ORIENTED_EDGE('',*,*,#8728,.T.);
#8730=ORIENTED_EDGE('',*,*,#8689,.T.);
#8731=ORIENTED_EDGE('',*,*,#8716,.F.);
#8732=EDGE_LOOP('',(#8727,#8729,#8730,#8731));
#8733=FACE_OUTER_BOUND('',#8732,.F.);
#8734=ADVANCED_FACE('',(#8733),#8726,.T.);
#8735=CARTESIAN_POINT('',(-3.999999999999E-2,-6.5E-2,-1.025E-1));
#8736=DIRECTION('',(0.E0,1.E0,0.E0));
#8737=DIRECTION('',(1.E0,0.E0,0.E0));
#8738=AXIS2_PLACEMENT_3D('',#8735,#8736,#8737);
#8739=PLANE('',#8738);
#8740=ORIENTED_EDGE('',*,*,#8728,.F.);
#8741=ORIENTED_EDGE('',*,*,#8594,.T.);
#8743=ORIENTED_EDGE('',*,*,#8742,.T.);
#8744=ORIENTED_EDGE('',*,*,#8691,.F.);
#8745=EDGE_LOOP('',(#8740,#8741,#8743,#8744));
#8746=FACE_OUTER_BOUND('',#8745,.F.);
#8747=ADVANCED_FACE('',(#8746),#8739,.F.);
#8748=CARTESIAN_POINT('',(-2.499999999999E-2,-6.5E-2,-1.025E-1));
#8749=DIRECTION('',(1.E0,0.E0,0.E0));
#8750=DIRECTION('',(0.E0,-1.E0,0.E0));
#8751=AXIS2_PLACEMENT_3D('',#8748,#8749,#8750);
#8752=PLANE('',#8751);
#8754=ORIENTED_EDGE('',*,*,#8753,.T.);
#8755=ORIENTED_EDGE('',*,*,#8693,.T.);
#8756=ORIENTED_EDGE('',*,*,#8742,.F.);
#8757=ORIENTED_EDGE('',*,*,#8592,.F.);
#8758=EDGE_LOOP('',(#8754,#8755,#8756,#8757));
#8759=FACE_OUTER_BOUND('',#8758,.F.);
#8760=ADVANCED_FACE('',(#8759),#8752,.F.);
#8761=CARTESIAN_POINT('',(0.E0,-2.06E-1,-2.588791380729E-2));
#8762=DIRECTION('',(0.E0,0.E0,-1.E0));
#8763=DIRECTION('',(-1.E0,0.E0,0.E0));
#8764=AXIS2_PLACEMENT_3D('',#8761,#8762,#8763);
#8765=CYLINDRICAL_SURFACE('',#8764,2.499999999999E-2);
#8766=ORIENTED_EDGE('',*,*,#8695,.T.);
#8767=ORIENTED_EDGE('',*,*,#8753,.F.);
#8768=ORIENTED_EDGE('',*,*,#8590,.T.);
#8770=ORIENTED_EDGE('',*,*,#8769,.T.);
#8771=EDGE_LOOP('',(#8766,#8767,#8768,#8770));
#8772=FACE_OUTER_BOUND('',#8771,.F.);
#8773=ADVANCED_FACE('',(#8772),#8765,.T.);
#8774=CARTESIAN_POINT('',(2.499999999999E-2,-2.31E-1,-1.025E-1));
#8775=DIRECTION('',(-1.E0,0.E0,0.E0));
#8776=DIRECTION('',(0.E0,1.E0,0.E0));
#8777=AXIS2_PLACEMENT_3D('',#8774,#8775,#8776);
#8778=PLANE('',#8777);
#8779=ORIENTED_EDGE('',*,*,#8769,.F.);
#8780=ORIENTED_EDGE('',*,*,#8588,.T.);
#8782=ORIENTED_EDGE('',*,*,#8781,.T.);
#8783=ORIENTED_EDGE('',*,*,#8697,.F.);
#8784=EDGE_LOOP('',(#8779,#8780,#8782,#8783));
#8785=FACE_OUTER_BOUND('',#8784,.F.);
#8786=ADVANCED_FACE('',(#8785),#8778,.F.);
#8787=CARTESIAN_POINT('',(2.499999999999E-2,-6.5E-2,-1.025E-1));
#8788=DIRECTION('',(0.E0,1.E0,0.E0));
#8789=DIRECTION('',(1.E0,0.E0,0.E0));
#8790=AXIS2_PLACEMENT_3D('',#8787,#8788,#8789);
#8791=PLANE('',#8790);
#8793=ORIENTED_EDGE('',*,*,#8792,.T.);
#8794=ORIENTED_EDGE('',*,*,#8699,.T.);
#8795=ORIENTED_EDGE('',*,*,#8781,.F.);
#8796=ORIENTED_EDGE('',*,*,#8586,.F.);
#8797=EDGE_LOOP('',(#8793,#8794,#8795,#8796));
#8798=FACE_OUTER_BOUND('',#8797,.F.);
#8799=ADVANCED_FACE('',(#8798),#8791,.F.);
#8800=CARTESIAN_POINT('',(5.E-2,-5.E-3,-1.025E-1));
#8801=DIRECTION('',(9.863939238321E-1,-1.643989873055E-1,0.E0));
#8802=DIRECTION('',(-1.643989873055E-1,-9.863939238321E-1,0.E0));
#8803=AXIS2_PLACEMENT_3D('',#8800,#8801,#8802);
#8804=PLANE('',#8803);
#8805=ORIENTED_EDGE('',*,*,#8584,.F.);
#8807=ORIENTED_EDGE('',*,*,#8806,.T.);
#8808=ORIENTED_EDGE('',*,*,#8701,.T.);
#8809=ORIENTED_EDGE('',*,*,#8792,.F.);
#8810=EDGE_LOOP('',(#8805,#8807,#8808,#8809));
#8811=FACE_OUTER_BOUND('',#8810,.F.);
#8812=ADVANCED_FACE('',(#8811),#8804,.T.);
#8813=CARTESIAN_POINT('',(3.999999999999E-2,-5.E-3,-1.025E-1));
#8814=DIRECTION('',(0.E0,1.E0,0.E0));
#8815=DIRECTION('',(1.E0,0.E0,0.E0));
#8816=AXIS2_PLACEMENT_3D('',#8813,#8814,#8815);
#8817=PLANE('',#8816);
#8818=ORIENTED_EDGE('',*,*,#8621,.T.);
#8819=ORIENTED_EDGE('',*,*,#8703,.T.);
#8820=ORIENTED_EDGE('',*,*,#8806,.F.);
#8821=ORIENTED_EDGE('',*,*,#8582,.F.);
#8822=EDGE_LOOP('',(#8818,#8819,#8820,#8821));
#8823=FACE_OUTER_BOUND('',#8822,.F.);
#8824=ADVANCED_FACE('',(#8823),#8817,.T.);
#8825=CARTESIAN_POINT('',(2.285E-1,5.E-2,-1.437192106674E-1));
#8826=DIRECTION('',(9.890158633619E-1,-1.478094111296E-1,0.E0));
#8827=DIRECTION('',(0.E0,0.E0,1.E0));
#8828=AXIS2_PLACEMENT_3D('',#8825,#8826,#8827);
#8829=PLANE('',#8828);
#8831=ORIENTED_EDGE('',*,*,#8830,.F.);
#8833=ORIENTED_EDGE('',*,*,#8832,.T.);
#8834=ORIENTED_EDGE('',*,*,#6701,.T.);
#8836=ORIENTED_EDGE('',*,*,#8835,.F.);
#8837=EDGE_LOOP('',(#8831,#8833,#8834,#8836));
#8838=FACE_OUTER_BOUND('',#8837,.F.);
#8839=ADVANCED_FACE('',(#8838),#8829,.F.);
#8840=CARTESIAN_POINT('',(2.21E-1,5.E-2,-1.025E-1));
#8841=DIRECTION('',(1.E0,0.E0,0.E0));
#8842=DIRECTION('',(0.E0,-1.E0,0.E0));
#8843=AXIS2_PLACEMENT_3D('',#8840,#8841,#8842);
#8844=PLANE('',#8843);
#8845=ORIENTED_EDGE('',*,*,#8830,.T.);
#8847=ORIENTED_EDGE('',*,*,#8846,.F.);
#8849=ORIENTED_EDGE('',*,*,#8848,.F.);
#8851=ORIENTED_EDGE('',*,*,#8850,.T.);
#8853=ORIENTED_EDGE('',*,*,#8852,.T.);
#8855=ORIENTED_EDGE('',*,*,#8854,.T.);
#8856=EDGE_LOOP('',(#8845,#8847,#8849,#8851,#8853,#8855));
#8857=FACE_OUTER_BOUND('',#8856,.F.);
#8858=ADVANCED_FACE('',(#8857),#8844,.T.);
#8859=CARTESIAN_POINT('',(2.397192106674E-1,5.E-2,-9.25E-2));
#8860=DIRECTION('',(0.E0,-2.419218955997E-1,9.702957262760E-1));
#8861=DIRECTION('',(-1.E0,0.E0,0.E0));
#8862=AXIS2_PLACEMENT_3D('',#8859,#8860,#8861);
#8863=PLANE('',#8862);
#8865=ORIENTED_EDGE('',*,*,#8864,.F.);
#8866=ORIENTED_EDGE('',*,*,#8846,.T.);
#8867=ORIENTED_EDGE('',*,*,#8835,.T.);
#8868=ORIENTED_EDGE('',*,*,#6707,.T.);
#8870=ORIENTED_EDGE('',*,*,#8869,.F.);
#8872=ORIENTED_EDGE('',*,*,#8871,.F.);
#8873=EDGE_LOOP('',(#8865,#8866,#8867,#8868,#8870,#8872));
#8874=FACE_OUTER_BOUND('',#8873,.F.);
#8875=ADVANCED_FACE('',(#8874),#8863,.F.);
#8876=CARTESIAN_POINT('',(1.81E-1,5.E-2,-1.025E-1));
#8877=DIRECTION('',(0.E0,0.E0,-1.E0));
#8878=DIRECTION('',(-1.E0,0.E0,0.E0));
#8879=AXIS2_PLACEMENT_3D('',#8876,#8877,#8878);
#8880=PLANE('',#8879);
#8881=ORIENTED_EDGE('',*,*,#8864,.T.);
#8883=ORIENTED_EDGE('',*,*,#8882,.T.);
#8885=ORIENTED_EDGE('',*,*,#8884,.F.);
#8886=ORIENTED_EDGE('',*,*,#8848,.T.);
#8887=EDGE_LOOP('',(#8881,#8883,#8885,#8886));
#8888=FACE_OUTER_BOUND('',#8887,.F.);
#8889=ADVANCED_FACE('',(#8888),#8880,.F.);
#8890=CARTESIAN_POINT('',(1.41E-1,-2.31E-1,-1.025E-1));
#8891=DIRECTION('',(-1.E0,0.E0,0.E0));
#8892=DIRECTION('',(0.E0,1.E0,0.E0));
#8893=AXIS2_PLACEMENT_3D('',#8890,#8891,#8892);
#8894=PLANE('',#8893);
#8896=ORIENTED_EDGE('',*,*,#8895,.F.);
#8898=ORIENTED_EDGE('',*,*,#8897,.F.);
#8900=ORIENTED_EDGE('',*,*,#8899,.T.);
#8902=ORIENTED_EDGE('',*,*,#8901,.F.);
#8903=ORIENTED_EDGE('',*,*,#8882,.F.);
#8904=ORIENTED_EDGE('',*,*,#8871,.T.);
#8905=EDGE_LOOP('',(#8896,#8898,#8900,#8902,#8903,#8904));
#8906=FACE_OUTER_BOUND('',#8905,.F.);
#8907=ADVANCED_FACE('',(#8906),#8894,.T.);
#8908=CARTESIAN_POINT('',(1.335E-1,5.E-2,-8.128078933258E-2));
#8909=DIRECTION('',(-9.890158633619E-1,-1.478094111296E-1,0.E0));
#8910=DIRECTION('',(0.E0,0.E0,-1.E0));
#8911=AXIS2_PLACEMENT_3D('',#8908,#8909,#8910);
#8912=PLANE('',#8911);
#8913=ORIENTED_EDGE('',*,*,#8895,.T.);
#8914=ORIENTED_EDGE('',*,*,#8869,.T.);
#8915=ORIENTED_EDGE('',*,*,#6705,.T.);
#8917=ORIENTED_EDGE('',*,*,#8916,.F.);
#8918=EDGE_LOOP('',(#8913,#8914,#8915,#8917));
#8919=FACE_OUTER_BOUND('',#8918,.F.);
#8920=ADVANCED_FACE('',(#8919),#8912,.F.);
#8921=CARTESIAN_POINT('',(1.222807893326E-1,5.E-2,-1.325E-1));
#8922=DIRECTION('',(0.E0,-2.419218955997E-1,-9.702957262760E-1));
#8923=DIRECTION('',(1.E0,0.E0,0.E0));
#8924=AXIS2_PLACEMENT_3D('',#8921,#8922,#8923);
#8925=PLANE('',#8924);
#8927=ORIENTED_EDGE('',*,*,#8926,.T.);
#8928=ORIENTED_EDGE('',*,*,#8897,.T.);
#8929=ORIENTED_EDGE('',*,*,#8916,.T.);
#8930=ORIENTED_EDGE('',*,*,#6703,.T.);
#8931=ORIENTED_EDGE('',*,*,#8832,.F.);
#8932=ORIENTED_EDGE('',*,*,#8854,.F.);
#8933=EDGE_LOOP('',(#8927,#8928,#8929,#8930,#8931,#8932));
#8934=FACE_OUTER_BOUND('',#8933,.F.);
#8935=ADVANCED_FACE('',(#8934),#8925,.F.);
#8936=CARTESIAN_POINT('',(1.81E-1,5.E-2,-1.225E-1));
#8937=DIRECTION('',(0.E0,0.E0,-1.E0));
#8938=DIRECTION('',(-1.E0,0.E0,0.E0));
#8939=AXIS2_PLACEMENT_3D('',#8936,#8937,#8938);
#8940=PLANE('',#8939);
#8941=ORIENTED_EDGE('',*,*,#8926,.F.);
#8942=ORIENTED_EDGE('',*,*,#8852,.F.);
#8944=ORIENTED_EDGE('',*,*,#8943,.T.);
#8945=ORIENTED_EDGE('',*,*,#8899,.F.);
#8946=EDGE_LOOP('',(#8941,#8942,#8944,#8945));
#8947=FACE_OUTER_BOUND('',#8946,.F.);
#8948=ADVANCED_FACE('',(#8947),#8940,.T.);
#8949=CARTESIAN_POINT('',(2.75E-1,2.221699379243E-2,1.689211776999E-1));
#8950=DIRECTION('',(0.E0,-1.E0,0.E0));
#8951=DIRECTION('',(0.E0,0.E0,-1.E0));
#8952=AXIS2_PLACEMENT_3D('',#8949,#8950,#8951);
#8953=PLANE('',#8952);
#8954=ORIENTED_EDGE('',*,*,#8884,.T.);
#8955=ORIENTED_EDGE('',*,*,#8901,.T.);
#8956=ORIENTED_EDGE('',*,*,#8943,.F.);
#8957=ORIENTED_EDGE('',*,*,#8850,.F.);
#8958=EDGE_LOOP('',(#8954,#8955,#8956,#8957));
#8959=FACE_OUTER_BOUND('',#8958,.F.);
#8960=ADVANCED_FACE('',(#8959),#8953,.F.);
#8961=CARTESIAN_POINT('',(2.82E-1,7.8E-2,2.E-2));
#8962=DIRECTION('',(0.E0,0.E0,-1.E0));
#8963=DIRECTION('',(1.E0,0.E0,0.E0));
#8964=AXIS2_PLACEMENT_3D('',#8961,#8962,#8963);
#8965=PLANE('',#8964);
#8967=ORIENTED_EDGE('',*,*,#8966,.F.);
#8968=ORIENTED_EDGE('',*,*,#5052,.F.);
#8969=ORIENTED_EDGE('',*,*,#4654,.T.);
#8971=ORIENTED_EDGE('',*,*,#8970,.F.);
#8972=EDGE_LOOP('',(#8967,#8968,#8969,#8971));
#8973=FACE_OUTER_BOUND('',#8972,.F.);
#8974=ADVANCED_FACE('',(#8973),#8965,.F.);
#8975=CARTESIAN_POINT('',(2.82E-1,7.8E-2,-2.E-2));
#8976=DIRECTION('',(1.E0,0.E0,0.E0));
#8977=DIRECTION('',(0.E0,0.E0,1.E0));
#8978=AXIS2_PLACEMENT_3D('',#8975,#8976,#8977);
#8979=PLANE('',#8978);
#8980=ORIENTED_EDGE('',*,*,#5032,.F.);
#8981=ORIENTED_EDGE('',*,*,#5054,.T.);
#8982=ORIENTED_EDGE('',*,*,#8966,.T.);
#8984=ORIENTED_EDGE('',*,*,#8983,.F.);
#8985=EDGE_LOOP('',(#8980,#8981,#8982,#8984));
#8986=FACE_OUTER_BOUND('',#8985,.F.);
#8987=ADVANCED_FACE('',(#8986),#8979,.F.);
#8988=CARTESIAN_POINT('',(7.2E-2,3.8E-2,6.25E-2));
#8989=DIRECTION('',(0.E0,1.E0,0.E0));
#8990=DIRECTION('',(1.E0,0.E0,0.E0));
#8991=AXIS2_PLACEMENT_3D('',#8988,#8989,#8990);
#8992=PLANE('',#8991);
#8993=ORIENTED_EDGE('',*,*,#8983,.T.);
#8994=ORIENTED_EDGE('',*,*,#8970,.T.);
#8995=ORIENTED_EDGE('',*,*,#4652,.T.);
#8996=ORIENTED_EDGE('',*,*,#5034,.T.);
#8997=EDGE_LOOP('',(#8993,#8994,#8995,#8996));
#8998=FACE_OUTER_BOUND('',#8997,.F.);
#8999=ADVANCED_FACE('',(#8998),#8992,.F.);
#9000=CARTESIAN_POINT('',(3.02E-1,7.8E-2,-7.7E-2));
#9001=DIRECTION('',(1.E0,0.E0,0.E0));
#9002=DIRECTION('',(0.E0,0.E0,1.E0));
#9003=AXIS2_PLACEMENT_3D('',#9000,#9001,#9002);
#9004=PLANE('',#9003);
#9005=ORIENTED_EDGE('',*,*,#4927,.F.);
#9006=ORIENTED_EDGE('',*,*,#4944,.T.);
#9007=ORIENTED_EDGE('',*,*,#4964,.T.);
#9008=ORIENTED_EDGE('',*,*,#5038,.F.);
#9009=EDGE_LOOP('',(#9005,#9006,#9007,#9008));
#9010=FACE_OUTER_BOUND('',#9009,.F.);
#9011=ADVANCED_FACE('',(#9010),#9004,.F.);
#9012=CARTESIAN_POINT('',(3.095E-1,2.43E-1,-9.75E-2));
#9013=DIRECTION('',(0.E0,0.E0,-1.E0));
#9014=DIRECTION('',(1.E0,0.E0,0.E0));
#9015=AXIS2_PLACEMENT_3D('',#9012,#9013,#9014);
#9016=PLANE('',#9015);
#9017=ORIENTED_EDGE('',*,*,#4793,.F.);
#9018=ORIENTED_EDGE('',*,*,#4859,.T.);
#9019=ORIENTED_EDGE('',*,*,#4873,.T.);
#9020=ORIENTED_EDGE('',*,*,#4638,.F.);
#9021=EDGE_LOOP('',(#9017,#9018,#9019,#9020));
#9022=FACE_OUTER_BOUND('',#9021,.F.);
#9023=ADVANCED_FACE('',(#9022),#9016,.T.);
#9024=CARTESIAN_POINT('',(2.045E-1,2.43E-1,7.5E-3));
#9025=DIRECTION('',(0.E0,-1.E0,0.E0));
#9026=DIRECTION('',(1.E0,0.E0,0.E0));
#9027=AXIS2_PLACEMENT_3D('',#9024,#9025,#9026);
#9028=CYLINDRICAL_SURFACE('',#9027,1.25E-1);
#9029=ORIENTED_EDGE('',*,*,#4544,.F.);
#9031=ORIENTED_EDGE('',*,*,#9030,.T.);
#9033=ORIENTED_EDGE('',*,*,#9032,.T.);
#9034=ORIENTED_EDGE('',*,*,#4717,.F.);
#9035=EDGE_LOOP('',(#9029,#9031,#9033,#9034));
#9036=FACE_OUTER_BOUND('',#9035,.F.);
#9037=ADVANCED_FACE('',(#9036),#9028,.T.);
#9038=CARTESIAN_POINT('',(3.095E-1,2.43E-1,1.475E-1));
#9039=DIRECTION('',(0.E0,-1.E0,0.E0));
#9040=DIRECTION('',(1.E0,0.E0,0.E0));
#9041=AXIS2_PLACEMENT_3D('',#9038,#9039,#9040);
#9042=CYLINDRICAL_SURFACE('',#9041,5.E-2);
#9043=ORIENTED_EDGE('',*,*,#4542,.T.);
#9045=ORIENTED_EDGE('',*,*,#9044,.T.);
#9047=ORIENTED_EDGE('',*,*,#9046,.T.);
#9048=ORIENTED_EDGE('',*,*,#9030,.F.);
#9049=EDGE_LOOP('',(#9043,#9045,#9047,#9048));
#9050=FACE_OUTER_BOUND('',#9049,.F.);
#9051=ADVANCED_FACE('',(#9050),#9042,.F.);
#9052=CARTESIAN_POINT('',(3.32E-1,2.43E-1,9.75E-2));
#9053=DIRECTION('',(0.E0,0.E0,1.E0));
#9054=DIRECTION('',(-1.E0,0.E0,0.E0));
#9055=AXIS2_PLACEMENT_3D('',#9052,#9053,#9054);
#9056=PLANE('',#9055);
#9057=ORIENTED_EDGE('',*,*,#4540,.F.);
#9058=ORIENTED_EDGE('',*,*,#4613,.T.);
#9060=ORIENTED_EDGE('',*,*,#9059,.T.);
#9061=ORIENTED_EDGE('',*,*,#9044,.F.);
#9062=EDGE_LOOP('',(#9057,#9058,#9060,#9061));
#9063=FACE_OUTER_BOUND('',#9062,.F.);
#9064=ADVANCED_FACE('',(#9063),#9056,.T.);
#9065=CARTESIAN_POINT('',(7.2E-2,2.13E-1,0.E0));
#9066=DIRECTION('',(0.E0,-1.E0,0.E0));
#9067=DIRECTION('',(1.E0,0.E0,0.E0));
#9068=AXIS2_PLACEMENT_3D('',#9065,#9066,#9067);
#9069=PLANE('',#9068);
#9070=ORIENTED_EDGE('',*,*,#4719,.T.);
#9071=ORIENTED_EDGE('',*,*,#9032,.F.);
#9072=ORIENTED_EDGE('',*,*,#9046,.F.);
#9073=ORIENTED_EDGE('',*,*,#9059,.F.);
#9074=ORIENTED_EDGE('',*,*,#4611,.F.);
#9076=ORIENTED_EDGE('',*,*,#9075,.T.);
#9077=EDGE_LOOP('',(#9070,#9071,#9072,#9073,#9074,#9076));
#9078=FACE_OUTER_BOUND('',#9077,.F.);
#9079=ADVANCED_FACE('',(#9078),#9069,.T.);
#9080=CARTESIAN_POINT('',(2.505E-1,2.43E-1,8.75E-2));
#9081=DIRECTION('',(0.E0,0.E0,1.E0));
#9082=DIRECTION('',(-1.E0,0.E0,0.E0));
#9083=AXIS2_PLACEMENT_3D('',#9080,#9081,#9082);
#9084=PLANE('',#9083);
#9085=ORIENTED_EDGE('',*,*,#4721,.F.);
#9086=ORIENTED_EDGE('',*,*,#9075,.F.);
#9087=ORIENTED_EDGE('',*,*,#4609,.T.);
#9088=ORIENTED_EDGE('',*,*,#4688,.T.);
#9089=EDGE_LOOP('',(#9085,#9086,#9087,#9088));
#9090=FACE_OUTER_BOUND('',#9089,.F.);
#9091=ADVANCED_FACE('',(#9090),#9084,.T.);
#9092=CARTESIAN_POINT('',(3.095E-1,2.43E-1,2.15E-2));
#9093=DIRECTION('',(0.E0,0.E0,-1.E0));
#9094=DIRECTION('',(1.E0,0.E0,0.E0));
#9095=AXIS2_PLACEMENT_3D('',#9092,#9093,#9094);
#9096=PLANE('',#9095);
#9098=ORIENTED_EDGE('',*,*,#9097,.F.);
#9099=ORIENTED_EDGE('',*,*,#4617,.F.);
#9100=ORIENTED_EDGE('',*,*,#4510,.F.);
#9102=ORIENTED_EDGE('',*,*,#9101,.T.);
#9103=EDGE_LOOP('',(#9098,#9099,#9100,#9102));
#9104=FACE_OUTER_BOUND('',#9103,.F.);
#9105=ADVANCED_FACE('',(#9104),#9096,.T.);
#9106=CARTESIAN_POINT('',(7.2E-2,1.98E-1,6.25E-2));
#9107=DIRECTION('',(0.E0,-1.E0,0.E0));
#9108=DIRECTION('',(-1.E0,0.E0,0.E0));
#9109=AXIS2_PLACEMENT_3D('',#9106,#9107,#9108);
#9110=PLANE('',#9109);
#9112=ORIENTED_EDGE('',*,*,#9111,.F.);
#9113=ORIENTED_EDGE('',*,*,#4631,.F.);
#9115=ORIENTED_EDGE('',*,*,#9114,.T.);
#9117=ORIENTED_EDGE('',*,*,#9116,.T.);
#9119=ORIENTED_EDGE('',*,*,#9118,.F.);
#9120=ORIENTED_EDGE('',*,*,#4619,.F.);
#9121=ORIENTED_EDGE('',*,*,#9097,.T.);
#9123=ORIENTED_EDGE('',*,*,#9122,.F.);
#9124=EDGE_LOOP('',(#9112,#9113,#9115,#9117,#9119,#9120,#9121,#9123));
#9125=FACE_OUTER_BOUND('',#9124,.F.);
#9126=ADVANCED_FACE('',(#9125),#9110,.F.);
#9127=CARTESIAN_POINT('',(3.32E-1,2.43E-1,-2.15E-2));
#9128=DIRECTION('',(0.E0,0.E0,1.E0));
#9129=DIRECTION('',(-1.E0,0.E0,0.E0));
#9130=AXIS2_PLACEMENT_3D('',#9127,#9128,#9129);
#9131=PLANE('',#9130);
#9132=ORIENTED_EDGE('',*,*,#9111,.T.);
#9134=ORIENTED_EDGE('',*,*,#9133,.F.);
#9135=ORIENTED_EDGE('',*,*,#4506,.F.);
#9136=ORIENTED_EDGE('',*,*,#4633,.T.);
#9137=EDGE_LOOP('',(#9132,#9134,#9135,#9136));
#9138=FACE_OUTER_BOUND('',#9137,.F.);
#9139=ADVANCED_FACE('',(#9138),#9131,.T.);
#9140=CARTESIAN_POINT('',(3.095E-1,2.43E-1,-2.15E-2));
#9141=DIRECTION('',(1.E0,0.E0,0.E0));
#9142=DIRECTION('',(0.E0,0.E0,1.E0));
#9143=AXIS2_PLACEMENT_3D('',#9140,#9141,#9142);
#9144=PLANE('',#9143);
#9145=ORIENTED_EDGE('',*,*,#9122,.T.);
#9146=ORIENTED_EDGE('',*,*,#9101,.F.);
#9147=ORIENTED_EDGE('',*,*,#4508,.F.);
#9148=ORIENTED_EDGE('',*,*,#9133,.T.);
#9149=EDGE_LOOP('',(#9145,#9146,#9147,#9148));
#9150=FACE_OUTER_BOUND('',#9149,.F.);
#9151=ADVANCED_FACE('',(#9150),#9144,.T.);
#9152=CARTESIAN_POINT('',(3.32E-1,1.98E-1,-1.9E-2));
#9153=DIRECTION('',(0.E0,0.E0,-1.E0));
#9154=DIRECTION('',(-1.E0,0.E0,0.E0));
#9155=AXIS2_PLACEMENT_3D('',#9152,#9153,#9154);
#9156=PLANE('',#9155);
#9158=ORIENTED_EDGE('',*,*,#9157,.T.);
#9160=ORIENTED_EDGE('',*,*,#9159,.F.);
#9161=ORIENTED_EDGE('',*,*,#9114,.F.);
#9162=ORIENTED_EDGE('',*,*,#4629,.T.);
#9163=EDGE_LOOP('',(#9158,#9160,#9161,#9162));
#9164=FACE_OUTER_BOUND('',#9163,.F.);
#9165=ADVANCED_FACE('',(#9164),#9156,.T.);
#9166=CARTESIAN_POINT('',(3.22E-1,2.38E-1,-1.4E-2));
#9167=DIRECTION('',(0.E0,7.071067811865E-1,-7.071067811865E-1));
#9168=DIRECTION('',(0.E0,-7.071067811865E-1,-7.071067811865E-1));
#9169=AXIS2_PLACEMENT_3D('',#9166,#9167,#9168);
#9170=PLANE('',#9169);
#9171=ORIENTED_EDGE('',*,*,#4627,.T.);
#9173=ORIENTED_EDGE('',*,*,#9172,.T.);
#9175=ORIENTED_EDGE('',*,*,#9174,.F.);
#9176=ORIENTED_EDGE('',*,*,#9157,.F.);
#9177=EDGE_LOOP('',(#9171,#9173,#9175,#9176));
#9178=FACE_OUTER_BOUND('',#9177,.F.);
#9179=ADVANCED_FACE('',(#9178),#9170,.T.);
#9180=CARTESIAN_POINT('',(7.2E-2,2.43E-1,0.E0));
#9181=DIRECTION('',(0.E0,1.E0,0.E0));
#9182=DIRECTION('',(1.E0,0.E0,0.E0));
#9183=AXIS2_PLACEMENT_3D('',#9180,#9181,#9182);
#9184=PLANE('',#9183);
#9185=ORIENTED_EDGE('',*,*,#9172,.F.);
#9186=ORIENTED_EDGE('',*,*,#4625,.F.);
#9188=ORIENTED_EDGE('',*,*,#9187,.F.);
#9190=ORIENTED_EDGE('',*,*,#9189,.F.);
#9191=EDGE_LOOP('',(#9185,#9186,#9188,#9190));
#9192=FACE_OUTER_BOUND('',#9191,.F.);
#9193=ADVANCED_FACE('',(#9192),#9184,.T.);
#9194=CARTESIAN_POINT('',(3.22E-1,2.38E-1,1.4E-2));
#9195=DIRECTION('',(0.E0,7.071067811865E-1,7.071067811865E-1));
#9196=DIRECTION('',(0.E0,-7.071067811865E-1,7.071067811865E-1));
#9197=AXIS2_PLACEMENT_3D('',#9194,#9195,#9196);
#9198=PLANE('',#9197);
#9199=ORIENTED_EDGE('',*,*,#4623,.T.);
#9201=ORIENTED_EDGE('',*,*,#9200,.F.);
#9203=ORIENTED_EDGE('',*,*,#9202,.T.);
#9204=ORIENTED_EDGE('',*,*,#9187,.T.);
#9205=EDGE_LOOP('',(#9199,#9201,#9203,#9204));
#9206=FACE_OUTER_BOUND('',#9205,.F.);
#9207=ADVANCED_FACE('',(#9206),#9198,.T.);
#9208=CARTESIAN_POINT('',(3.12E-1,1.98E-1,1.9E-2));
#9209=DIRECTION('',(0.E0,0.E0,1.E0));
#9210=DIRECTION('',(1.E0,0.E0,0.E0));
#9211=AXIS2_PLACEMENT_3D('',#9208,#9209,#9210);
#9212=PLANE('',#9211);
#9213=ORIENTED_EDGE('',*,*,#9200,.T.);
#9214=ORIENTED_EDGE('',*,*,#4621,.F.);
#9215=ORIENTED_EDGE('',*,*,#9118,.T.);
#9217=ORIENTED_EDGE('',*,*,#9216,.T.);
#9218=EDGE_LOOP('',(#9213,#9214,#9215,#9217));
#9219=FACE_OUTER_BOUND('',#9218,.F.);
#9220=ADVANCED_FACE('',(#9219),#9212,.T.);
#9221=CARTESIAN_POINT('',(3.12E-1,1.98E-1,-1.9E-2));
#9222=DIRECTION('',(-1.E0,0.E0,0.E0));
#9223=DIRECTION('',(0.E0,0.E0,1.E0));
#9224=AXIS2_PLACEMENT_3D('',#9221,#9222,#9223);
#9225=PLANE('',#9224);
#9227=ORIENTED_EDGE('',*,*,#9226,.T.);
#9228=ORIENTED_EDGE('',*,*,#9216,.F.);
#9229=ORIENTED_EDGE('',*,*,#9116,.F.);
#9230=ORIENTED_EDGE('',*,*,#9159,.T.);
#9231=EDGE_LOOP('',(#9227,#9228,#9229,#9230));
#9232=FACE_OUTER_BOUND('',#9231,.F.);
#9233=ADVANCED_FACE('',(#9232),#9225,.T.);
#9234=CARTESIAN_POINT('',(3.17E-1,2.38E-1,0.E0));
#9235=DIRECTION('',(-7.071067811865E-1,7.071067811865E-1,0.E0));
#9236=DIRECTION('',(-7.071067811865E-1,-7.071067811865E-1,0.E0));
#9237=AXIS2_PLACEMENT_3D('',#9234,#9235,#9236);
#9238=PLANE('',#9237);
#9239=ORIENTED_EDGE('',*,*,#9226,.F.);
#9240=ORIENTED_EDGE('',*,*,#9174,.T.);
#9241=ORIENTED_EDGE('',*,*,#9189,.T.);
#9242=ORIENTED_EDGE('',*,*,#9202,.F.);
#9243=EDGE_LOOP('',(#9239,#9240,#9241,#9242));
#9244=FACE_OUTER_BOUND('',#9243,.F.);
#9245=ADVANCED_FACE('',(#9244),#9238,.T.);
#9246=CLOSED_SHELL('',(#4463,#4486,#4516,#4532,#4599,#4664,#4679,#4693,#4769,
#4784,#4849,#4863,#4879,#4892,#4905,#4918,#4935,#4949,#4970,#4984,#4998,#5011,
#5023,#5043,#5060,#5085,#5099,#5113,#5135,#5149,#5163,#5177,#5192,#5222,#5236,
#5269,#5283,#5302,#5316,#5328,#5340,#5403,#5417,#5435,#5449,#5481,#5496,#5510,
#5524,#5580,#5594,#5608,#5622,#5677,#5755,#5770,#5799,#5813,#5841,#5853,#5867,
#5906,#5921,#5939,#5952,#5972,#5985,#6024,#6039,#6056,#6068,#6080,#6092,#6104,
#6118,#6157,#6172,#6190,#6203,#6223,#6241,#6256,#6269,#6307,#6319,#6331,#6343,
#6355,#6386,#6411,#6430,#6444,#6467,#6481,#6495,#6509,#6523,#6537,#6561,#6574,
#6587,#6600,#6612,#6630,#6643,#6655,#6668,#6711,#6731,#6749,#6762,#6775,#6795,
#6808,#6824,#6837,#6849,#6910,#6923,#6938,#6950,#6964,#6984,#6998,#7018,#7031,
#7044,#7057,#7069,#7082,#7095,#7107,#7140,#7160,#7173,#7186,#7199,#7212,#7225,
#7244,#7257,#7270,#7282,#7294,#7314,#7327,#7340,#7353,#7366,#7379,#7398,#7411,
#7424,#7436,#7448,#7462,#7476,#7490,#7526,#7539,#7552,#7586,#7600,#7619,#7632,
#7645,#7658,#7671,#7684,#7702,#7715,#7728,#7740,#7753,#7773,#7791,#7805,#7843,
#7857,#7870,#7885,#7898,#7917,#7931,#7945,#7958,#7970,#7985,#7998,#8012,#8031,
#8045,#8059,#8072,#8084,#8102,#8116,#8133,#8146,#8158,#8170,#8182,#8202,#8215,
#8228,#8241,#8254,#8267,#8286,#8299,#8312,#8324,#8336,#8356,#8369,#8382,#8395,
#8408,#8421,#8440,#8453,#8466,#8478,#8490,#8502,#8516,#8534,#8549,#8573,#8603,
#8626,#8639,#8652,#8667,#8679,#8708,#8721,#8734,#8747,#8760,#8773,#8786,#8799,
#8812,#8824,#8839,#8858,#8875,#8889,#8907,#8920,#8935,#8948,#8960,#8974,#8987,
#8999,#9011,#9023,#9037,#9051,#9064,#9079,#9091,#9105,#9126,#9139,#9151,#9165,
#9179,#9193,#9207,#9220,#9233,#9245));
#9247=MANIFOLD_SOLID_BREP('',#9246);
#9248=DIRECTION('',(-1.E0,0.E0,0.E0));
#9249=VECTOR('',#9248,2.E-1);
#9250=CARTESIAN_POINT('',(1.72E-1,2.61E-1,6.25E-2));
#9251=LINE('',#9250,#9249);
#9252=DIRECTION('',(0.E0,1.E0,0.E0));
#9253=VECTOR('',#9252,1.911186797034E-1);
#9254=CARTESIAN_POINT('',(-2.800000000001E-2,2.61E-1,6.25E-2));
#9255=LINE('',#9254,#9253);
#9256=DIRECTION('',(-7.071067811862E-1,-7.071067811869E-1,0.E0));
#9257=VECTOR('',#9256,3.165248782935E-2);
#9258=CARTESIAN_POINT('',(-5.618311214463E-3,4.745003684890E-1,6.25E-2));
#9259=LINE('',#9258,#9257);
#9260=DIRECTION('',(-7.071067811869E-1,7.071067811862E-1,0.E0));
#9261=VECTOR('',#9260,1.652076904645E-2);
#9262=CARTESIAN_POINT('',(6.063636608706E-3,4.628184206658E-1,6.25E-2));
#9263=LINE('',#9262,#9261);
#9264=DIRECTION('',(-7.071067811862E-1,-7.071067811869E-1,0.E0));
#9265=VECTOR('',#9264,3.047620995809E-2);
#9266=CARTESIAN_POINT('',(2.761357133493E-2,4.843683553921E-1,6.25E-2));
#9267=LINE('',#9266,#9265);
#9268=DIRECTION('',(-7.071067811869E-1,7.071067811862E-1,0.E0));
#9269=VECTOR('',#9268,1.819748793950E-2);
#9270=CARTESIAN_POINT('',(4.048113845751E-2,4.715007882695E-1,6.25E-2));
#9271=LINE('',#9270,#9269);
#9272=DIRECTION('',(-7.071067811862E-1,-7.071067811869E-1,0.E0));
#9273=VECTOR('',#9272,2.405441029423E-2);
#9274=CARTESIAN_POINT('',(5.749017509400E-2,4.885098249060E-1,6.25E-2));
#9275=LINE('',#9274,#9273);
#9276=DIRECTION('',(-7.071067811869E-1,7.071067811862E-1,0.E0));
#9277=VECTOR('',#9276,2.051999116972E-2);
#9278=CARTESIAN_POINT('',(7.2E-2,4.74E-1,6.25E-2));
#9279=LINE('',#9278,#9277);
#9280=DIRECTION('',(-7.071067811869E-1,-7.071067811862E-1,0.E0));
#9281=VECTOR('',#9280,2.051999116972E-2);
#9282=CARTESIAN_POINT('',(8.650982490600E-2,4.885098249060E-1,6.25E-2));
#9283=LINE('',#9282,#9281);
#9284=DIRECTION('',(-7.071067811862E-1,7.071067811869E-1,0.E0));
#9285=VECTOR('',#9284,2.405441029423E-2);
#9286=CARTESIAN_POINT('',(1.035188615425E-1,4.715007882695E-1,6.25E-2));
#9287=LINE('',#9286,#9285);
#9288=DIRECTION('',(-7.071067811869E-1,-7.071067811862E-1,0.E0));
#9289=VECTOR('',#9288,1.819748793950E-2);
#9290=CARTESIAN_POINT('',(1.163864286651E-1,4.843683553921E-1,6.25E-2));
#9291=LINE('',#9290,#9289);
#9292=DIRECTION('',(-7.071067811862E-1,7.071067811869E-1,0.E0));
#9293=VECTOR('',#9292,3.047620995809E-2);
#9294=CARTESIAN_POINT('',(1.379363633913E-1,4.628184206658E-1,6.25E-2));
#9295=LINE('',#9294,#9293);
#9296=DIRECTION('',(-7.071067811869E-1,-7.071067811862E-1,0.E0));
#9297=VECTOR('',#9296,1.652076904645E-2);
#9298=CARTESIAN_POINT('',(1.496183112145E-1,4.745003684890E-1,6.25E-2));
#9299=LINE('',#9298,#9297);
#9300=DIRECTION('',(-7.071067811862E-1,7.071067811869E-1,0.E0));
#9301=VECTOR('',#9300,3.165248782932E-2);
#9302=CARTESIAN_POINT('',(1.72E-1,4.521186797034E-1,6.25E-2));
#9303=LINE('',#9302,#9301);
#9304=DIRECTION('',(0.E0,-1.E0,0.E0));
#9305=VECTOR('',#9304,1.911186797034E-1);
#9306=CARTESIAN_POINT('',(1.72E-1,4.521186797034E-1,6.25E-2));
#9307=LINE('',#9306,#9305);
#9308=DIRECTION('',(0.E0,0.E0,-1.E0));
#9309=VECTOR('',#9308,1.25E-1);
#9310=CARTESIAN_POINT('',(-2.800000000001E-2,2.61E-1,6.25E-2));
#9311=LINE('',#9310,#9309);
#9312=DIRECTION('',(0.E0,0.E0,-1.E0));
#9313=VECTOR('',#9312,1.25E-1);
#9314=CARTESIAN_POINT('',(-2.800000000001E-2,4.521186797034E-1,6.25E-2));
#9315=LINE('',#9314,#9313);
#9316=DIRECTION('',(-1.E0,0.E0,0.E0));
#9317=VECTOR('',#9316,2.E-1);
#9318=CARTESIAN_POINT('',(1.72E-1,2.61E-1,-6.25E-2));
#9319=LINE('',#9318,#9317);
#9320=DIRECTION('',(0.E0,-1.E0,0.E0));
#9321=VECTOR('',#9320,1.911186797034E-1);
#9322=CARTESIAN_POINT('',(1.72E-1,4.521186797034E-1,-6.25E-2));
#9323=LINE('',#9322,#9321);
#9324=DIRECTION('',(-7.071067811862E-1,7.071067811869E-1,0.E0));
#9325=VECTOR('',#9324,3.165248782932E-2);
#9326=CARTESIAN_POINT('',(1.72E-1,4.521186797034E-1,-6.25E-2));
#9327=LINE('',#9326,#9325);
#9328=DIRECTION('',(-7.071067811869E-1,-7.071067811862E-1,0.E0));
#9329=VECTOR('',#9328,1.652076904645E-2);
#9330=CARTESIAN_POINT('',(1.496183112145E-1,4.745003684890E-1,-6.25E-2));
#9331=LINE('',#9330,#9329);
#9332=DIRECTION('',(-7.071067811862E-1,7.071067811869E-1,0.E0));
#9333=VECTOR('',#9332,3.047620995809E-2);
#9334=CARTESIAN_POINT('',(1.379363633913E-1,4.628184206658E-1,-6.25E-2));
#9335=LINE('',#9334,#9333);
#9336=DIRECTION('',(-7.071067811869E-1,-7.071067811862E-1,0.E0));
#9337=VECTOR('',#9336,1.819748793950E-2);
#9338=CARTESIAN_POINT('',(1.163864286651E-1,4.843683553921E-1,-6.25E-2));
#9339=LINE('',#9338,#9337);
#9340=DIRECTION('',(-7.071067811862E-1,7.071067811869E-1,0.E0));
#9341=VECTOR('',#9340,2.405441029423E-2);
#9342=CARTESIAN_POINT('',(1.035188615425E-1,4.715007882695E-1,-6.25E-2));
#9343=LINE('',#9342,#9341);
#9344=DIRECTION('',(-7.071067811869E-1,-7.071067811862E-1,0.E0));
#9345=VECTOR('',#9344,2.051999116972E-2);
#9346=CARTESIAN_POINT('',(8.650982490600E-2,4.885098249060E-1,-6.25E-2));
#9347=LINE('',#9346,#9345);
#9348=DIRECTION('',(-7.071067811869E-1,7.071067811862E-1,0.E0));
#9349=VECTOR('',#9348,2.051999116972E-2);
#9350=CARTESIAN_POINT('',(7.2E-2,4.74E-1,-6.25E-2));
#9351=LINE('',#9350,#9349);
#9352=DIRECTION('',(-7.071067811862E-1,-7.071067811869E-1,0.E0));
#9353=VECTOR('',#9352,2.405441029423E-2);
#9354=CARTESIAN_POINT('',(5.749017509400E-2,4.885098249060E-1,-6.25E-2));
#9355=LINE('',#9354,#9353);
#9356=DIRECTION('',(-7.071067811869E-1,7.071067811862E-1,0.E0));
#9357=VECTOR('',#9356,1.819748793950E-2);
#9358=CARTESIAN_POINT('',(4.048113845751E-2,4.715007882695E-1,-6.25E-2));
#9359=LINE('',#9358,#9357);
#9360=DIRECTION('',(-7.071067811862E-1,-7.071067811869E-1,0.E0));
#9361=VECTOR('',#9360,3.047620995809E-2);
#9362=CARTESIAN_POINT('',(2.761357133493E-2,4.843683553921E-1,-6.25E-2));
#9363=LINE('',#9362,#9361);
#9364=DIRECTION('',(-7.071067811869E-1,7.071067811862E-1,0.E0));
#9365=VECTOR('',#9364,1.652076904645E-2);
#9366=CARTESIAN_POINT('',(6.063636608706E-3,4.628184206658E-1,-6.25E-2));
#9367=LINE('',#9366,#9365);
#9368=DIRECTION('',(-7.071067811862E-1,-7.071067811869E-1,0.E0));
#9369=VECTOR('',#9368,3.165248782935E-2);
#9370=CARTESIAN_POINT('',(-5.618311214463E-3,4.745003684890E-1,-6.25E-2));
#9371=LINE('',#9370,#9369);
#9372=DIRECTION('',(0.E0,1.E0,0.E0));
#9373=VECTOR('',#9372,1.911186797034E-1);
#9374=CARTESIAN_POINT('',(-2.800000000001E-2,2.61E-1,-6.25E-2));
#9375=LINE('',#9374,#9373);
#9376=DIRECTION('',(0.E0,0.E0,-1.E0));
#9377=VECTOR('',#9376,1.25E-1);
#9378=CARTESIAN_POINT('',(1.72E-1,2.61E-1,6.25E-2));
#9379=LINE('',#9378,#9377);
#9380=DIRECTION('',(0.E0,0.E0,-1.E0));
#9381=VECTOR('',#9380,1.25E-1);
#9382=CARTESIAN_POINT('',(1.72E-1,4.521186797034E-1,6.25E-2));
#9383=LINE('',#9382,#9381);
#9384=DIRECTION('',(0.E0,0.E0,1.E0));
#9385=VECTOR('',#9384,1.25E-1);
#9386=CARTESIAN_POINT('',(1.496183112145E-1,4.745003684890E-1,-6.25E-2));
#9387=LINE('',#9386,#9385);
#9388=DIRECTION('',(0.E0,0.E0,1.E0));
#9389=VECTOR('',#9388,1.25E-1);
#9390=CARTESIAN_POINT('',(1.379363633913E-1,4.628184206658E-1,-6.25E-2));
#9391=LINE('',#9390,#9389);
#9392=DIRECTION('',(0.E0,0.E0,1.E0));
#9393=VECTOR('',#9392,1.25E-1);
#9394=CARTESIAN_POINT('',(1.163864286651E-1,4.843683553921E-1,-6.25E-2));
#9395=LINE('',#9394,#9393);
#9396=DIRECTION('',(0.E0,0.E0,1.E0));
#9397=VECTOR('',#9396,1.25E-1);
#9398=CARTESIAN_POINT('',(1.035188615425E-1,4.715007882695E-1,-6.25E-2));
#9399=LINE('',#9398,#9397);
#9400=DIRECTION('',(0.E0,0.E0,1.E0));
#9401=VECTOR('',#9400,1.25E-1);
#9402=CARTESIAN_POINT('',(8.650982490600E-2,4.885098249060E-1,-6.25E-2));
#9403=LINE('',#9402,#9401);
#9404=DIRECTION('',(0.E0,0.E0,1.E0));
#9405=VECTOR('',#9404,1.25E-1);
#9406=CARTESIAN_POINT('',(7.2E-2,4.74E-1,-6.25E-2));
#9407=LINE('',#9406,#9405);
#9408=DIRECTION('',(0.E0,0.E0,1.E0));
#9409=VECTOR('',#9408,1.25E-1);
#9410=CARTESIAN_POINT('',(5.749017509400E-2,4.885098249060E-1,-6.25E-2));
#9411=LINE('',#9410,#9409);
#9412=DIRECTION('',(0.E0,0.E0,1.E0));
#9413=VECTOR('',#9412,1.25E-1);
#9414=CARTESIAN_POINT('',(4.048113845751E-2,4.715007882695E-1,-6.25E-2));
#9415=LINE('',#9414,#9413);
#9416=DIRECTION('',(0.E0,0.E0,1.E0));
#9417=VECTOR('',#9416,1.25E-1);
#9418=CARTESIAN_POINT('',(2.761357133493E-2,4.843683553921E-1,-6.25E-2));
#9419=LINE('',#9418,#9417);
#9420=DIRECTION('',(0.E0,0.E0,1.E0));
#9421=VECTOR('',#9420,1.25E-1);
#9422=CARTESIAN_POINT('',(6.063636608706E-3,4.628184206658E-1,-6.25E-2));
#9423=LINE('',#9422,#9421);
#9424=DIRECTION('',(0.E0,0.E0,1.E0));
#9425=VECTOR('',#9424,1.25E-1);
#9426=CARTESIAN_POINT('',(-5.618311214463E-3,4.745003684890E-1,-6.25E-2));
#9427=LINE('',#9426,#9425);
#9428=CARTESIAN_POINT('',(1.72E-1,4.521186797034E-1,6.25E-2));
#9429=CARTESIAN_POINT('',(1.496183112145E-1,4.745003684890E-1,6.25E-2));
#9430=VERTEX_POINT('',#9428);
#9431=VERTEX_POINT('',#9429);
#9432=CARTESIAN_POINT('',(1.379363633913E-1,4.628184206658E-1,6.25E-2));
#9433=VERTEX_POINT('',#9432);
#9434=CARTESIAN_POINT('',(1.163864286651E-1,4.843683553921E-1,6.25E-2));
#9435=VERTEX_POINT('',#9434);
#9436=CARTESIAN_POINT('',(1.035188615425E-1,4.715007882695E-1,6.25E-2));
#9437=VERTEX_POINT('',#9436);
#9438=CARTESIAN_POINT('',(8.650982490600E-2,4.885098249060E-1,6.25E-2));
#9439=VERTEX_POINT('',#9438);
#9440=CARTESIAN_POINT('',(7.2E-2,4.74E-1,6.25E-2));
#9441=VERTEX_POINT('',#9440);
#9442=CARTESIAN_POINT('',(5.749017509400E-2,4.885098249060E-1,6.25E-2));
#9443=VERTEX_POINT('',#9442);
#9444=CARTESIAN_POINT('',(4.048113845751E-2,4.715007882695E-1,6.25E-2));
#9445=VERTEX_POINT('',#9444);
#9446=CARTESIAN_POINT('',(2.761357133493E-2,4.843683553921E-1,6.25E-2));
#9447=VERTEX_POINT('',#9446);
#9448=CARTESIAN_POINT('',(6.063636608706E-3,4.628184206658E-1,6.25E-2));
#9449=VERTEX_POINT('',#9448);
#9450=CARTESIAN_POINT('',(-5.618311214463E-3,4.745003684890E-1,6.25E-2));
#9451=VERTEX_POINT('',#9450);
#9452=CARTESIAN_POINT('',(-2.800000000001E-2,4.521186797034E-1,6.25E-2));
#9453=VERTEX_POINT('',#9452);
#9454=CARTESIAN_POINT('',(1.72E-1,4.521186797034E-1,-6.25E-2));
#9455=CARTESIAN_POINT('',(1.496183112145E-1,4.745003684890E-1,-6.25E-2));
#9456=VERTEX_POINT('',#9454);
#9457=VERTEX_POINT('',#9455);
#9458=CARTESIAN_POINT('',(1.379363633913E-1,4.628184206658E-1,-6.25E-2));
#9459=VERTEX_POINT('',#9458);
#9460=CARTESIAN_POINT('',(1.163864286651E-1,4.843683553921E-1,-6.25E-2));
#9461=VERTEX_POINT('',#9460);
#9462=CARTESIAN_POINT('',(1.035188615425E-1,4.715007882695E-1,-6.25E-2));
#9463=VERTEX_POINT('',#9462);
#9464=CARTESIAN_POINT('',(8.650982490600E-2,4.885098249060E-1,-6.25E-2));
#9465=VERTEX_POINT('',#9464);
#9466=CARTESIAN_POINT('',(7.2E-2,4.74E-1,-6.25E-2));
#9467=VERTEX_POINT('',#9466);
#9468=CARTESIAN_POINT('',(5.749017509400E-2,4.885098249060E-1,-6.25E-2));
#9469=VERTEX_POINT('',#9468);
#9470=CARTESIAN_POINT('',(4.048113845751E-2,4.715007882695E-1,-6.25E-2));
#9471=VERTEX_POINT('',#9470);
#9472=CARTESIAN_POINT('',(2.761357133493E-2,4.843683553921E-1,-6.25E-2));
#9473=VERTEX_POINT('',#9472);
#9474=CARTESIAN_POINT('',(6.063636608706E-3,4.628184206658E-1,-6.25E-2));
#9475=VERTEX_POINT('',#9474);
#9476=CARTESIAN_POINT('',(-5.618311214463E-3,4.745003684890E-1,-6.25E-2));
#9477=VERTEX_POINT('',#9476);
#9478=CARTESIAN_POINT('',(-2.800000000001E-2,4.521186797034E-1,-6.25E-2));
#9479=VERTEX_POINT('',#9478);
#9480=CARTESIAN_POINT('',(1.72E-1,2.61E-1,6.25E-2));
#9481=CARTESIAN_POINT('',(-2.800000000001E-2,2.61E-1,6.25E-2));
#9482=VERTEX_POINT('',#9480);
#9483=VERTEX_POINT('',#9481);
#9484=CARTESIAN_POINT('',(1.72E-1,2.61E-1,-6.25E-2));
#9485=CARTESIAN_POINT('',(-2.800000000001E-2,2.61E-1,-6.25E-2));
#9486=VERTEX_POINT('',#9484);
#9487=VERTEX_POINT('',#9485);
#9488=CARTESIAN_POINT('',(2.75E-1,2.61E-1,-1.689211776999E-1));
#9489=DIRECTION('',(0.E0,1.E0,0.E0));
#9490=DIRECTION('',(0.E0,0.E0,1.E0));
#9491=AXIS2_PLACEMENT_3D('',#9488,#9489,#9490);
#9492=PLANE('',#9491);
#9494=ORIENTED_EDGE('',*,*,#9493,.F.);
#9496=ORIENTED_EDGE('',*,*,#9495,.T.);
#9498=ORIENTED_EDGE('',*,*,#9497,.T.);
#9500=ORIENTED_EDGE('',*,*,#9499,.F.);
#9501=EDGE_LOOP('',(#9494,#9496,#9498,#9500));
#9502=FACE_OUTER_BOUND('',#9501,.F.);
#9503=ADVANCED_FACE('',(#9502),#9492,.F.);
#9504=CARTESIAN_POINT('',(7.2E-2,1.98E-1,6.25E-2));
#9505=DIRECTION('',(0.E0,0.E0,-1.E0));
#9506=DIRECTION('',(-1.E0,0.E0,0.E0));
#9507=AXIS2_PLACEMENT_3D('',#9504,#9505,#9506);
#9508=PLANE('',#9507);
#9509=ORIENTED_EDGE('',*,*,#9493,.T.);
#9511=ORIENTED_EDGE('',*,*,#9510,.T.);
#9513=ORIENTED_EDGE('',*,*,#9512,.F.);
#9515=ORIENTED_EDGE('',*,*,#9514,.F.);
#9517=ORIENTED_EDGE('',*,*,#9516,.F.);
#9519=ORIENTED_EDGE('',*,*,#9518,.F.);
#9521=ORIENTED_EDGE('',*,*,#9520,.F.);
#9523=ORIENTED_EDGE('',*,*,#9522,.F.);
#9525=ORIENTED_EDGE('',*,*,#9524,.F.);
#9527=ORIENTED_EDGE('',*,*,#9526,.F.);
#9529=ORIENTED_EDGE('',*,*,#9528,.F.);
#9531=ORIENTED_EDGE('',*,*,#9530,.F.);
#9533=ORIENTED_EDGE('',*,*,#9532,.F.);
#9535=ORIENTED_EDGE('',*,*,#9534,.F.);
#9537=ORIENTED_EDGE('',*,*,#9536,.T.);
#9538=EDGE_LOOP('',(#9509,#9511,#9513,#9515,#9517,#9519,#9521,#9523,#9525,#9527,
#9529,#9531,#9533,#9535,#9537));
#9539=FACE_OUTER_BOUND('',#9538,.F.);
#9540=ADVANCED_FACE('',(#9539),#9508,.F.);
#9541=CARTESIAN_POINT('',(-2.800000000001E-2,1.98E-1,6.25E-2));
#9542=DIRECTION('',(-1.E0,0.E0,0.E0));
#9543=DIRECTION('',(0.E0,1.E0,0.E0));
#9544=AXIS2_PLACEMENT_3D('',#9541,#9542,#9543);
#9545=PLANE('',#9544);
#9546=ORIENTED_EDGE('',*,*,#9499,.T.);
#9548=ORIENTED_EDGE('',*,*,#9547,.T.);
#9550=ORIENTED_EDGE('',*,*,#9549,.F.);
#9551=ORIENTED_EDGE('',*,*,#9510,.F.);
#9552=EDGE_LOOP('',(#9546,#9548,#9550,#9551));
#9553=FACE_OUTER_BOUND('',#9552,.F.);
#9554=ADVANCED_FACE('',(#9553),#9545,.T.);
#9555=CARTESIAN_POINT('',(7.2E-2,1.98E-1,-6.25E-2));
#9556=DIRECTION('',(0.E0,0.E0,-1.E0));
#9557=DIRECTION('',(-1.E0,0.E0,0.E0));
#9558=AXIS2_PLACEMENT_3D('',#9555,#9556,#9557);
#9559=PLANE('',#9558);
#9560=ORIENTED_EDGE('',*,*,#9497,.F.);
#9562=ORIENTED_EDGE('',*,*,#9561,.F.);
#9564=ORIENTED_EDGE('',*,*,#9563,.T.);
#9566=ORIENTED_EDGE('',*,*,#9565,.T.);
#9568=ORIENTED_EDGE('',*,*,#9567,.T.);
#9570=ORIENTED_EDGE('',*,*,#9569,.T.);
#9572=ORIENTED_EDGE('',*,*,#9571,.T.);
#9574=ORIENTED_EDGE('',*,*,#9573,.T.);
#9576=ORIENTED_EDGE('',*,*,#9575,.T.);
#9578=ORIENTED_EDGE('',*,*,#9577,.T.);
#9580=ORIENTED_EDGE('',*,*,#9579,.T.);
#9582=ORIENTED_EDGE('',*,*,#9581,.T.);
#9584=ORIENTED_EDGE('',*,*,#9583,.T.);
#9586=ORIENTED_EDGE('',*,*,#9585,.T.);
#9587=ORIENTED_EDGE('',*,*,#9547,.F.);
#9588=EDGE_LOOP('',(#9560,#9562,#9564,#9566,#9568,#9570,#9572,#9574,#9576,#9578,
#9580,#9582,#9584,#9586,#9587));
#9589=FACE_OUTER_BOUND('',#9588,.F.);
#9590=ADVANCED_FACE('',(#9589),#9559,.T.);
#9591=CARTESIAN_POINT('',(1.72E-1,4.89E-1,6.25E-2));
#9592=DIRECTION('',(1.E0,0.E0,0.E0));
#9593=DIRECTION('',(0.E0,-1.E0,0.E0));
#9594=AXIS2_PLACEMENT_3D('',#9591,#9592,#9593);
#9595=PLANE('',#9594);
#9596=ORIENTED_EDGE('',*,*,#9495,.F.);
#9597=ORIENTED_EDGE('',*,*,#9536,.F.);
#9599=ORIENTED_EDGE('',*,*,#9598,.T.);
#9600=ORIENTED_EDGE('',*,*,#9561,.T.);
#9601=EDGE_LOOP('',(#9596,#9597,#9599,#9600));
#9602=FACE_OUTER_BOUND('',#9601,.F.);
#9603=ADVANCED_FACE('',(#9602),#9595,.T.);
#9604=CARTESIAN_POINT('',(1.72E-1,4.521186797034E-1,-1.132E-1));
#9605=DIRECTION('',(-7.071067811869E-1,-7.071067811862E-1,0.E0));
#9606=DIRECTION('',(-7.071067811862E-1,7.071067811869E-1,0.E0));
#9607=AXIS2_PLACEMENT_3D('',#9604,#9605,#9606);
#9608=PLANE('',#9607);
#9609=ORIENTED_EDGE('',*,*,#9534,.T.);
#9611=ORIENTED_EDGE('',*,*,#9610,.F.);
#9612=ORIENTED_EDGE('',*,*,#9563,.F.);
#9613=ORIENTED_EDGE('',*,*,#9598,.F.);
#9614=EDGE_LOOP('',(#9609,#9611,#9612,#9613));
#9615=FACE_OUTER_BOUND('',#9614,.F.);
#9616=ADVANCED_FACE('',(#9615),#9608,.F.);
#9617=CARTESIAN_POINT('',(1.496183112145E-1,4.745003684890E-1,-1.132E-1));
#9618=DIRECTION('',(7.071067811862E-1,-7.071067811869E-1,0.E0));
#9619=DIRECTION('',(-7.071067811869E-1,-7.071067811862E-1,0.E0));
#9620=AXIS2_PLACEMENT_3D('',#9617,#9618,#9619);
#9621=PLANE('',#9620);
#9622=ORIENTED_EDGE('',*,*,#9532,.T.);
#9624=ORIENTED_EDGE('',*,*,#9623,.F.);
#9625=ORIENTED_EDGE('',*,*,#9565,.F.);
#9626=ORIENTED_EDGE('',*,*,#9610,.T.);
#9627=EDGE_LOOP('',(#9622,#9624,#9625,#9626));
#9628=FACE_OUTER_BOUND('',#9627,.F.);
#9629=ADVANCED_FACE('',(#9628),#9621,.F.);
#9630=CARTESIAN_POINT('',(1.379363633913E-1,4.628184206658E-1,-1.132E-1));
#9631=DIRECTION('',(-7.071067811869E-1,-7.071067811862E-1,0.E0));
#9632=DIRECTION('',(-7.071067811862E-1,7.071067811869E-1,0.E0));
#9633=AXIS2_PLACEMENT_3D('',#9630,#9631,#9632);
#9634=PLANE('',#9633);
#9635=ORIENTED_EDGE('',*,*,#9530,.T.);
#9637=ORIENTED_EDGE('',*,*,#9636,.F.);
#9638=ORIENTED_EDGE('',*,*,#9567,.F.);
#9639=ORIENTED_EDGE('',*,*,#9623,.T.);
#9640=EDGE_LOOP('',(#9635,#9637,#9638,#9639));
#9641=FACE_OUTER_BOUND('',#9640,.F.);
#9642=ADVANCED_FACE('',(#9641),#9634,.F.);
#9643=CARTESIAN_POINT('',(1.163864286651E-1,4.843683553921E-1,-1.132E-1));
#9644=DIRECTION('',(7.071067811862E-1,-7.071067811869E-1,0.E0));
#9645=DIRECTION('',(-7.071067811869E-1,-7.071067811862E-1,0.E0));
#9646=AXIS2_PLACEMENT_3D('',#9643,#9644,#9645);
#9647=PLANE('',#9646);
#9648=ORIENTED_EDGE('',*,*,#9528,.T.);
#9650=ORIENTED_EDGE('',*,*,#9649,.F.);
#9651=ORIENTED_EDGE('',*,*,#9569,.F.);
#9652=ORIENTED_EDGE('',*,*,#9636,.T.);
#9653=EDGE_LOOP('',(#9648,#9650,#9651,#9652));
#9654=FACE_OUTER_BOUND('',#9653,.F.);
#9655=ADVANCED_FACE('',(#9654),#9647,.F.);
#9656=CARTESIAN_POINT('',(1.035188615425E-1,4.715007882695E-1,-1.132E-1));
#9657=DIRECTION('',(-7.071067811869E-1,-7.071067811862E-1,0.E0));
#9658=DIRECTION('',(-7.071067811862E-1,7.071067811869E-1,0.E0));
#9659=AXIS2_PLACEMENT_3D('',#9656,#9657,#9658);
#9660=PLANE('',#9659);
#9661=ORIENTED_EDGE('',*,*,#9526,.T.);
#9663=ORIENTED_EDGE('',*,*,#9662,.F.);
#9664=ORIENTED_EDGE('',*,*,#9571,.F.);
#9665=ORIENTED_EDGE('',*,*,#9649,.T.);
#9666=EDGE_LOOP('',(#9661,#9663,#9664,#9665));
#9667=FACE_OUTER_BOUND('',#9666,.F.);
#9668=ADVANCED_FACE('',(#9667),#9660,.F.);
#9669=CARTESIAN_POINT('',(8.650982490600E-2,4.885098249060E-1,-1.132E-1));
#9670=DIRECTION('',(7.071067811862E-1,-7.071067811869E-1,0.E0));
#9671=DIRECTION('',(-7.071067811869E-1,-7.071067811862E-1,0.E0));
#9672=AXIS2_PLACEMENT_3D('',#9669,#9670,#9671);
#9673=PLANE('',#9672);
#9674=ORIENTED_EDGE('',*,*,#9524,.T.);
#9676=ORIENTED_EDGE('',*,*,#9675,.F.);
#9677=ORIENTED_EDGE('',*,*,#9573,.F.);
#9678=ORIENTED_EDGE('',*,*,#9662,.T.);
#9679=EDGE_LOOP('',(#9674,#9676,#9677,#9678));
#9680=FACE_OUTER_BOUND('',#9679,.F.);
#9681=ADVANCED_FACE('',(#9680),#9673,.F.);
#9682=CARTESIAN_POINT('',(7.2E-2,4.74E-1,-1.132E-1));
#9683=DIRECTION('',(-7.071067811862E-1,-7.071067811869E-1,0.E0));
#9684=DIRECTION('',(-7.071067811869E-1,7.071067811862E-1,0.E0));
#9685=AXIS2_PLACEMENT_3D('',#9682,#9683,#9684);
#9686=PLANE('',#9685);
#9687=ORIENTED_EDGE('',*,*,#9522,.T.);
#9689=ORIENTED_EDGE('',*,*,#9688,.F.);
#9690=ORIENTED_EDGE('',*,*,#9575,.F.);
#9691=ORIENTED_EDGE('',*,*,#9675,.T.);
#9692=EDGE_LOOP('',(#9687,#9689,#9690,#9691));
#9693=FACE_OUTER_BOUND('',#9692,.F.);
#9694=ADVANCED_FACE('',(#9693),#9686,.F.);
#9695=CARTESIAN_POINT('',(5.749017509400E-2,4.885098249060E-1,-1.132E-1));
#9696=DIRECTION('',(7.071067811869E-1,-7.071067811862E-1,0.E0));
#9697=DIRECTION('',(-7.071067811862E-1,-7.071067811869E-1,0.E0));
#9698=AXIS2_PLACEMENT_3D('',#9695,#9696,#9697);
#9699=PLANE('',#9698);
#9700=ORIENTED_EDGE('',*,*,#9520,.T.);
#9702=ORIENTED_EDGE('',*,*,#9701,.F.);
#9703=ORIENTED_EDGE('',*,*,#9577,.F.);
#9704=ORIENTED_EDGE('',*,*,#9688,.T.);
#9705=EDGE_LOOP('',(#9700,#9702,#9703,#9704));
#9706=FACE_OUTER_BOUND('',#9705,.F.);
#9707=ADVANCED_FACE('',(#9706),#9699,.F.);
#9708=CARTESIAN_POINT('',(4.048113845751E-2,4.715007882695E-1,-1.132E-1));
#9709=DIRECTION('',(-7.071067811862E-1,-7.071067811869E-1,0.E0));
#9710=DIRECTION('',(-7.071067811869E-1,7.071067811862E-1,0.E0));
#9711=AXIS2_PLACEMENT_3D('',#9708,#9709,#9710);
#9712=PLANE('',#9711);
#9713=ORIENTED_EDGE('',*,*,#9518,.T.);
#9715=ORIENTED_EDGE('',*,*,#9714,.F.);
#9716=ORIENTED_EDGE('',*,*,#9579,.F.);
#9717=ORIENTED_EDGE('',*,*,#9701,.T.);
#9718=EDGE_LOOP('',(#9713,#9715,#9716,#9717));
#9719=FACE_OUTER_BOUND('',#9718,.F.);
#9720=ADVANCED_FACE('',(#9719),#9712,.F.);
#9721=CARTESIAN_POINT('',(2.761357133493E-2,4.843683553921E-1,-1.132E-1));
#9722=DIRECTION('',(7.071067811869E-1,-7.071067811862E-1,0.E0));
#9723=DIRECTION('',(-7.071067811862E-1,-7.071067811869E-1,0.E0));
#9724=AXIS2_PLACEMENT_3D('',#9721,#9722,#9723);
#9725=PLANE('',#9724);
#9726=ORIENTED_EDGE('',*,*,#9516,.T.);
#9728=ORIENTED_EDGE('',*,*,#9727,.F.);
#9729=ORIENTED_EDGE('',*,*,#9581,.F.);
#9730=ORIENTED_EDGE('',*,*,#9714,.T.);
#9731=EDGE_LOOP('',(#9726,#9728,#9729,#9730));
#9732=FACE_OUTER_BOUND('',#9731,.F.);
#9733=ADVANCED_FACE('',(#9732),#9725,.F.);
#9734=CARTESIAN_POINT('',(6.063636608706E-3,4.628184206658E-1,-1.132E-1));
#9735=DIRECTION('',(-7.071067811862E-1,-7.071067811869E-1,0.E0));
#9736=DIRECTION('',(-7.071067811869E-1,7.071067811862E-1,0.E0));
#9737=AXIS2_PLACEMENT_3D('',#9734,#9735,#9736);
#9738=PLANE('',#9737);
#9739=ORIENTED_EDGE('',*,*,#9514,.T.);
#9741=ORIENTED_EDGE('',*,*,#9740,.F.);
#9742=ORIENTED_EDGE('',*,*,#9583,.F.);
#9743=ORIENTED_EDGE('',*,*,#9727,.T.);
#9744=EDGE_LOOP('',(#9739,#9741,#9742,#9743));
#9745=FACE_OUTER_BOUND('',#9744,.F.);
#9746=ADVANCED_FACE('',(#9745),#9738,.F.);
#9747=CARTESIAN_POINT('',(-5.618311214463E-3,4.745003684890E-1,-1.132E-1));
#9748=DIRECTION('',(7.071067811869E-1,-7.071067811862E-1,0.E0));
#9749=DIRECTION('',(-7.071067811862E-1,-7.071067811869E-1,0.E0));
#9750=AXIS2_PLACEMENT_3D('',#9747,#9748,#9749);
#9751=PLANE('',#9750);
#9752=ORIENTED_EDGE('',*,*,#9512,.T.);
#9753=ORIENTED_EDGE('',*,*,#9549,.T.);
#9754=ORIENTED_EDGE('',*,*,#9585,.F.);
#9755=ORIENTED_EDGE('',*,*,#9740,.T.);
#9756=EDGE_LOOP('',(#9752,#9753,#9754,#9755));
#9757=FACE_OUTER_BOUND('',#9756,.F.);
#9758=ADVANCED_FACE('',(#9757),#9751,.F.);
#9759=CLOSED_SHELL('',(#9503,#9540,#9554,#9590,#9603,#9616,#9629,#9642,#9655,
#9668,#9681,#9694,#9707,#9720,#9733,#9746,#9758));
#9760=MANIFOLD_SOLID_BREP('',#9759);
#9761=DIMENSIONAL_EXPONENTS(1.E0,0.E0,0.E0,0.E0,0.E0,0.E0,0.E0);
#9763=LENGTH_MEASURE_WITH_UNIT(LENGTH_MEASURE(2.54E1),#9762);
#9764=(CONVERSION_BASED_UNIT('INCH',#9763)LENGTH_UNIT()NAMED_UNIT(#9761));
#9765=DIMENSIONAL_EXPONENTS(0.E0,0.E0,0.E0,0.E0,0.E0,0.E0,0.E0);
#9767=PLANE_ANGLE_MEASURE_WITH_UNIT(PLANE_ANGLE_MEASURE(1.745329251994E-2),
#9766);
#9768=(CONVERSION_BASED_UNIT('DEGREE',#9767)NAMED_UNIT(*)PLANE_ANGLE_UNIT());
#9770=UNCERTAINTY_MEASURE_WITH_UNIT(LENGTH_MEASURE(4.654381466389E-5),#9764,
'distance_accuracy_value',
'Maximum model space distance between geometric entities at asserted connectivities');
#9771=(GEOMETRIC_REPRESENTATION_CONTEXT(3)GLOBAL_UNCERTAINTY_ASSIGNED_CONTEXT((
#9770))GLOBAL_UNIT_ASSIGNED_CONTEXT((#9764,#9768,#9769))REPRESENTATION_CONTEXT(
'ID1','3'));
#9773=APPLICATION_CONTEXT('automotive_design');
#9774=APPLICATION_PROTOCOL_DEFINITION('draft international standard',
'automotive_design',1998,#9773);
#9775=PRODUCT_DEFINITION_CONTEXT('part definition',#9773,'design');
#9776=PRODUCT_CONTEXT('',#9773,'mechanical');
#9777=PRODUCT('L101011MS02_SW0003_PRT','L101011MS02_SW0003_PRT','NOT SPECIFIED',
(#9776));
#9778=PRODUCT_DEFINITION_FORMATION_WITH_SPECIFIED_SOURCE('1','LAST_VERSION',
#9777,.MADE.);
#9782=PRODUCT_TYPE('part','',(#9777));
#1=DRAUGHTING_PRE_DEFINED_COLOUR('black');
#2=COLOUR_RGB('',0.E0,3.33E-1,6.67E-1);
#3=COLOUR_RGB('',0.E0,7.5E-1,1.E0);
#4=COLOUR_RGB('',2.5E-1,5.E-1,1.E0);
#5=COLOUR_RGB('',2.5E-1,6.67E-1,6.67E-1);
#6=COLOUR_RGB('',3.33E-1,3.33E-1,3.33E-1);
#7=COLOUR_RGB('',5.E-1,5.E-1,5.E-1);
#8=COLOUR_RGB('',5.E-1,7.5E-1,2.5E-1);
#9=COLOUR_RGB('',5.E-1,1.E0,0.E0);
#10=COLOUR_RGB('',6.67E-1,6.67E-1,6.67E-1);
#11=COLOUR_RGB('',6.67E-1,1.E0,6.67E-1);
#12=COLOUR_RGB('',7.5E-1,0.E0,0.E0);
#13=COLOUR_RGB('',7.5E-1,2.5E-1,5.E-1);
#14=COLOUR_RGB('',7.5E-1,5.E-1,5.E-1);
#15=COLOUR_RGB('',7.5E-1,5.E-1,7.5E-1);
#16=COLOUR_RGB('',7.5E-1,7.5E-1,5.E-1);
#17=COLOUR_RGB('',7.5E-1,7.5E-1,7.5E-1);
#18=COLOUR_RGB('',7.5E-1,7.5E-1,1.E0);
#19=COLOUR_RGB('',7.5E-1,1.E0,5.E-1);
#20=COLOUR_RGB('',7.5E-1,1.E0,1.E0);
#21=COLOUR_RGB('',8.784E-1,9.49E-1,1.E0);
#22=COLOUR_RGB('',1.E0,2.5E-1,5.E-1);
#23=COLOUR_RGB('',1.E0,5.E-1,0.E0);
#24=COLOUR_RGB('',1.E0,5.E-1,5.E-1);
#25=COLOUR_RGB('',1.E0,5.E-1,1.E0);
#26=COLOUR_RGB('',1.E0,7.5E-1,0.E0);
#27=COLOUR_RGB('',1.E0,7.5E-1,5.E-1);
#28=COLOUR_RGB('',1.E0,7.5E-1,7.5E-1);
#29=COLOUR_RGB('',1.E0,7.5E-1,1.E0);
#30=DRAUGHTING_PRE_DEFINED_COLOUR('yellow');
#31=COLOUR_RGB('',1.E0,1.E0,5.E-1);
#32=COLOUR_RGB('',1.E0,1.E0,7.5E-1);
#33=DRAUGHTING_PRE_DEFINED_COLOUR('white');
#106=CIRCLE('',#105,5.E-2);
#111=CIRCLE('',#110,1.25E-1);
#124=CIRCLE('',#123,4.E-2);
#133=CIRCLE('',#132,4.E-2);
#154=CIRCLE('',#153,1.5E-2);
#211=CIRCLE('',#210,1.5E-2);
#328=CIRCLE('',#327,1.25E-1);
#333=CIRCLE('',#332,5.E-2);
#354=CIRCLE('',#353,1.5E-2);
#411=CIRCLE('',#410,1.5E-2);
#432=CIRCLE('',#431,4.E-2);
#441=CIRCLE('',#440,4.E-2);
#474=CIRCLE('',#473,5.E-2);
#479=CIRCLE('',#478,1.25E-1);
#568=CIRCLE('',#567,2.222941412186E-1);
#577=CIRCLE('',#576,2.222941412186E-1);
#958=CIRCLE('',#957,1.5E-2);
#967=CIRCLE('',#966,1.5E-2);
#980=CIRCLE('',#979,1.5E-2);
#989=CIRCLE('',#988,1.5E-2);
#1078=CIRCLE('',#1077,1.5E-2);
#1087=CIRCLE('',#1086,1.5E-2);
#1100=CIRCLE('',#1099,1.5E-2);
#1109=CIRCLE('',#1108,1.5E-2);
#1206=CIRCLE('',#1205,2.5E-2);
#1215=CIRCLE('',#1214,2.5E-2);
#1232=CIRCLE('',#1231,2.5E-2);
#1241=CIRCLE('',#1240,2.5E-2);
#1254=B_SPLINE_CURVE_WITH_KNOTS('',3,(#1250,#1251,#1252,#1253),.UNSPECIFIED.,
.F.,.F.,(4,4),(0.E0,1.E0),.UNSPECIFIED.);
#1263=B_SPLINE_CURVE_WITH_KNOTS('',3,(#1259,#1260,#1261,#1262),.UNSPECIFIED.,
.F.,.F.,(4,4),(0.E0,1.E0),.UNSPECIFIED.);
#1272=B_SPLINE_CURVE_WITH_KNOTS('',3,(#1268,#1269,#1270,#1271),.UNSPECIFIED.,
.F.,.F.,(4,4),(0.E0,1.E0),.UNSPECIFIED.);
#1281=B_SPLINE_CURVE_WITH_KNOTS('',3,(#1277,#1278,#1279,#1280),.UNSPECIFIED.,
.F.,.F.,(4,4),(0.E0,1.E0),.UNSPECIFIED.);
#1290=B_SPLINE_CURVE_WITH_KNOTS('',3,(#1286,#1287,#1288,#1289),.UNSPECIFIED.,
.F.,.F.,(4,4),(0.E0,1.E0),.UNSPECIFIED.);
#1299=B_SPLINE_CURVE_WITH_KNOTS('',3,(#1295,#1296,#1297,#1298),.UNSPECIFIED.,
.F.,.F.,(4,4),(0.E0,1.E0),.UNSPECIFIED.);
#1308=B_SPLINE_CURVE_WITH_KNOTS('',3,(#1304,#1305,#1306,#1307),.UNSPECIFIED.,
.F.,.F.,(4,4),(0.E0,1.E0),.UNSPECIFIED.);
#1317=B_SPLINE_CURVE_WITH_KNOTS('',3,(#1313,#1314,#1315,#1316),.UNSPECIFIED.,
.F.,.F.,(4,4),(0.E0,1.E0),.UNSPECIFIED.);
#1390=CIRCLE('',#1389,2.E-4);
#1395=CIRCLE('',#1394,2.5E-2);
#1400=CIRCLE('',#1399,2.48E-2);
#1409=CIRCLE('',#1408,2.48E-2);
#1414=CIRCLE('',#1413,2.48E-2);
#1447=CIRCLE('',#1446,2.E-4);
#1452=CIRCLE('',#1451,2.5E-2);
#1457=CIRCLE('',#1456,2.48E-2);
#1466=CIRCLE('',#1465,2.48E-2);
#1475=CIRCLE('',#1474,2.48E-2);
#1496=CIRCLE('',#1495,2.48E-2);
#1509=CIRCLE('',#1508,2.48E-2);
#1522=CIRCLE('',#1521,2.E-4);
#1527=CIRCLE('',#1526,2.5E-2);
#1532=CIRCLE('',#1531,2.48E-2);
#1541=CIRCLE('',#1540,2.48E-2);
#1550=CIRCLE('',#1549,2.48E-2);
#1579=CIRCLE('',#1578,2.48E-2);
#1584=CIRCLE('',#1583,2.48E-2);
#1597=CIRCLE('',#1596,2.48E-2);
#1606=CIRCLE('',#1605,2.E-4);
#1611=CIRCLE('',#1610,2.5E-2);
#1616=CIRCLE('',#1615,2.48E-2);
#1641=CIRCLE('',#1640,2.48E-2);
#1670=CIRCLE('',#1669,2.499999999999E-2);
#1779=CIRCLE('',#1778,2.499999999999E-2);
#2348=CIRCLE('',#2347,1.5E-2);
#2357=CIRCLE('',#2356,1.5E-2);
#2366=CIRCLE('',#2365,1.5E-2);
#2375=CIRCLE('',#2374,1.5E-2);
#2548=CIRCLE('',#2547,4.E-2);
#2585=CIRCLE('',#2584,4.E-2);
#2626=B_SPLINE_CURVE_WITH_KNOTS('',3,(#2622,#2623,#2624,#2625),.UNSPECIFIED.,
.F.,.F.,(4,4),(0.E0,1.E0),.UNSPECIFIED.);
#2635=B_SPLINE_CURVE_WITH_KNOTS('',3,(#2631,#2632,#2633,#2634),.UNSPECIFIED.,
.F.,.F.,(4,4),(0.E0,1.E0),.UNSPECIFIED.);
#2644=CIRCLE('',#2643,4.E-2);
#2673=CIRCLE('',#2672,4.E-2);
#2706=B_SPLINE_CURVE_WITH_KNOTS('',3,(#2702,#2703,#2704,#2705),.UNSPECIFIED.,
.F.,.F.,(4,4),(0.E0,1.E0),.UNSPECIFIED.);
#2715=B_SPLINE_CURVE_WITH_KNOTS('',3,(#2711,#2712,#2713,#2714),.UNSPECIFIED.,
.F.,.F.,(4,4),(0.E0,1.E0),.UNSPECIFIED.);
#2984=CIRCLE('',#2983,2.499999999999E-2);
#3077=CIRCLE('',#3076,2.499999999999E-2);
#3282=CIRCLE('',#3281,1.25E-1);
#3287=CIRCLE('',#3286,5.E-2);
#4453=EDGE_CURVE('',#4254,#4255,#57,.T.);
#4455=EDGE_CURVE('',#4242,#4255,#2677,.T.);
#4457=EDGE_CURVE('',#4242,#4243,#37,.T.);
#4459=EDGE_CURVE('',#4243,#4254,#2639,.T.);
#4469=EDGE_CURVE('',#4437,#4439,#41,.T.);
#4471=EDGE_CURVE('',#4437,#4207,#45,.T.);
#4473=EDGE_CURVE('',#4207,#4209,#2387,.T.);
#4475=EDGE_CURVE('',#4443,#4209,#2335,.T.);
#4477=EDGE_CURVE('',#4442,#4443,#49,.T.);
#4479=EDGE_CURVE('',#4442,#4255,#53,.T.);
#4482=EDGE_CURVE('',#4439,#4254,#61,.T.);
#4492=EDGE_CURVE('',#4437,#4428,#89,.T.);
#4495=EDGE_CURVE('',#4439,#4447,#2656,.T.);
#4497=EDGE_CURVE('',#4445,#4447,#65,.T.);
#4499=EDGE_CURVE('',#4442,#4445,#2681,.T.);
#4502=EDGE_CURVE('',#4443,#4425,#2331,.T.);
#4504=EDGE_CURVE('',#4425,#4370,#69,.T.);
#4506=EDGE_CURVE('',#4370,#4371,#73,.T.);
#4508=EDGE_CURVE('',#4371,#4373,#77,.T.);
#4510=EDGE_CURVE('',#4373,#4375,#81,.T.);
#4512=EDGE_CURVE('',#4375,#4428,#85,.T.);
#4523=EDGE_CURVE('',#4057,#4428,#219,.T.);
#4525=EDGE_CURVE('',#4057,#4075,#93,.T.);
#4527=EDGE_CURVE('',#4075,#4207,#2339,.T.);
#4538=EDGE_CURVE('',#4428,#4429,#97,.T.);
#4540=EDGE_CURVE('',#4429,#4431,#101,.T.);
#4542=EDGE_CURVE('',#4433,#4431,#106,.T.);
#4544=EDGE_CURVE('',#4433,#4435,#111,.T.);
#4546=EDGE_CURVE('',#4277,#4435,#115,.T.);
#4548=EDGE_CURVE('',#4276,#4277,#119,.T.);
#4550=EDGE_CURVE('',#4276,#4214,#124,.T.);
#4552=EDGE_CURVE('',#4214,#4215,#128,.T.);
#4554=EDGE_CURVE('',#4215,#4273,#133,.T.);
#4556=EDGE_CURVE('',#4266,#4273,#137,.T.);
#4558=EDGE_CURVE('',#4266,#4267,#141,.T.);
#4560=EDGE_CURVE('',#4250,#4267,#145,.T.);
#4562=EDGE_CURVE('',#4250,#4050,#149,.T.);
#4564=EDGE_CURVE('',#4050,#4051,#154,.T.);
#4566=EDGE_CURVE('',#4051,#4155,#158,.T.);
#4568=EDGE_CURVE('',#4155,#4170,#162,.T.);
#4570=EDGE_CURVE('',#4170,#4171,#166,.T.);
#4572=EDGE_CURVE('',#4171,#4153,#170,.T.);
#4574=EDGE_CURVE('',#4153,#4149,#174,.T.);
#4576=EDGE_CURVE('',#4149,#4174,#178,.T.);
#4578=EDGE_CURVE('',#4174,#4175,#182,.T.);
#4580=EDGE_CURVE('',#4175,#4151,#186,.T.);
#4582=EDGE_CURVE('',#4151,#4145,#190,.T.);
#4584=EDGE_CURVE('',#4145,#4178,#194,.T.);
#4586=EDGE_CURVE('',#4178,#4179,#198,.T.);
#4588=EDGE_CURVE('',#4179,#4147,#202,.T.);
#4590=EDGE_CURVE('',#4147,#4054,#206,.T.);
#4592=EDGE_CURVE('',#4054,#4055,#211,.T.);
#4594=EDGE_CURVE('',#4055,#4057,#215,.T.);
#4605=EDGE_CURVE('',#4414,#4021,#279,.T.);
#4607=EDGE_CURVE('',#4414,#4367,#295,.T.);
#4609=EDGE_CURVE('',#4366,#4367,#3307,.T.);
#4611=EDGE_CURVE('',#4366,#4384,#3295,.T.);
#4613=EDGE_CURVE('',#4429,#4384,#3273,.T.);
#4617=EDGE_CURVE('',#4375,#4407,#223,.T.);
#4619=EDGE_CURVE('',#4407,#3985,#227,.T.);
#4621=EDGE_CURVE('',#3985,#4001,#231,.T.);
#4623=EDGE_CURVE('',#4000,#4001,#235,.T.);
#4625=EDGE_CURVE('',#4000,#3989,#3363,.T.);
#4627=EDGE_CURVE('',#3988,#3989,#239,.T.);
#4629=EDGE_CURVE('',#3980,#3988,#3351,.T.);
#4631=EDGE_CURVE('',#3980,#4402,#243,.T.);
#4633=EDGE_CURVE('',#4370,#4402,#3339,.T.);
#4636=EDGE_CURVE('',#4423,#4425,#341,.T.);
#4638=EDGE_CURVE('',#4423,#4381,#247,.T.);
#4640=EDGE_CURVE('',#4381,#4389,#465,.T.);
#4642=EDGE_CURVE('',#4389,#4410,#251,.T.);
#4644=EDGE_CURVE('',#4410,#3952,#255,.T.);
#4646=EDGE_CURVE('',#3952,#3953,#259,.T.);
#4648=EDGE_CURVE('',#3953,#3975,#263,.T.);
#4650=EDGE_CURVE('',#3975,#3967,#601,.T.);
#4652=EDGE_CURVE('',#3965,#3967,#3245,.T.);
#4654=EDGE_CURVE('',#3973,#3965,#267,.T.);
#4656=EDGE_CURVE('',#3973,#4016,#271,.T.);
#4658=EDGE_CURVE('',#4019,#4016,#645,.T.);
#4660=EDGE_CURVE('',#4019,#4021,#709,.T.);
#4670=EDGE_CURVE('',#4414,#4415,#275,.T.);
#4673=EDGE_CURVE('',#4021,#4023,#721,.T.);
#4675=EDGE_CURVE('',#4023,#4415,#283,.T.);
#4686=EDGE_CURVE('',#4415,#4399,#287,.T.);
#4688=EDGE_CURVE('',#4367,#4399,#291,.T.);
#4699=EDGE_CURVE('',#4418,#4392,#323,.T.);
#4701=EDGE_CURVE('',#4418,#4283,#449,.T.);
#4703=EDGE_CURVE('',#4283,#4262,#299,.T.);
#4705=EDGE_CURVE('',#4262,#4307,#303,.T.);
#4707=EDGE_CURVE('',#4445,#4307,#2664,.T.);
#4710=EDGE_CURVE('',#4447,#4315,#2652,.T.);
#4712=EDGE_CURVE('',#4315,#4258,#307,.T.);
#4714=EDGE_CURVE('',#4258,#4277,#311,.T.);
#4717=EDGE_CURVE('',#4435,#4397,#3265,.T.);
#4719=EDGE_CURVE('',#4396,#4397,#3277,.T.);
#4721=EDGE_CURVE('',#4396,#4399,#3303,.T.);
#4725=EDGE_CURVE('',#4023,#3749,#717,.T.);
#4727=EDGE_CURVE('',#3723,#3749,#701,.T.);
#4729=EDGE_CURVE('',#3722,#3723,#689,.T.);
#4731=EDGE_CURVE('',#3722,#3753,#685,.T.);
#4733=EDGE_CURVE('',#3757,#3753,#653,.T.);
#4735=EDGE_CURVE('',#3757,#3714,#315,.T.);
#4737=EDGE_CURVE('',#3714,#3765,#319,.T.);
#4739=EDGE_CURVE('',#3765,#4017,#625,.T.);
#4741=EDGE_CURVE('',#4017,#4008,#617,.T.);
#4743=EDGE_CURVE('',#4008,#4009,#593,.T.);
#4745=EDGE_CURVE('',#4009,#4038,#539,.T.);
#4747=EDGE_CURVE('',#4030,#4038,#585,.T.);
#4749=EDGE_CURVE('',#4030,#4031,#572,.T.);
#4751=EDGE_CURVE('',#4031,#4034,#559,.T.);
#4753=EDGE_CURVE('',#4034,#4013,#555,.T.);
#4755=EDGE_CURVE('',#4004,#4013,#523,.T.);
#4757=EDGE_CURVE('',#4004,#4005,#503,.T.);
#4759=EDGE_CURVE('',#4005,#4011,#499,.T.);
#4761=EDGE_CURVE('',#4411,#4011,#491,.T.);
#4763=EDGE_CURVE('',#4393,#4411,#483,.T.);
#4765=EDGE_CURVE('',#4392,#4393,#457,.T.);
#4775=EDGE_CURVE('',#4418,#4419,#328,.T.);
#4778=EDGE_CURVE('',#4392,#4378,#479,.T.);
#4780=EDGE_CURVE('',#4419,#4378,#453,.T.);
#4791=EDGE_CURVE('',#4421,#4419,#333,.T.);
#4793=EDGE_CURVE('',#4421,#4423,#337,.T.);
#4796=EDGE_CURVE('',#4425,#4205,#345,.T.);
#4798=EDGE_CURVE('',#4205,#4042,#349,.T.);
#4800=EDGE_CURVE('',#4042,#4043,#354,.T.);
#4802=EDGE_CURVE('',#4043,#4125,#358,.T.);
#4804=EDGE_CURVE('',#4125,#4167,#362,.T.);
#4806=EDGE_CURVE('',#4166,#4167,#366,.T.);
#4808=EDGE_CURVE('',#4166,#4127,#370,.T.);
#4810=EDGE_CURVE('',#4127,#4121,#374,.T.);
#4812=EDGE_CURVE('',#4121,#4163,#378,.T.);
#4814=EDGE_CURVE('',#4162,#4163,#382,.T.);
#4816=EDGE_CURVE('',#4162,#4123,#386,.T.);
#4818=EDGE_CURVE('',#4123,#4129,#390,.T.);
#4820=EDGE_CURVE('',#4129,#4159,#394,.T.);
#4822=EDGE_CURVE('',#4158,#4159,#398,.T.);
#4824=EDGE_CURVE('',#4158,#4131,#402,.T.);
#4826=EDGE_CURVE('',#4131,#4046,#406,.T.);
#4828=EDGE_CURVE('',#4046,#4047,#411,.T.);
#4830=EDGE_CURVE('',#4047,#4246,#415,.T.);
#4832=EDGE_CURVE('',#4246,#4270,#419,.T.);
#4834=EDGE_CURVE('',#4270,#4271,#423,.T.);
#4836=EDGE_CURVE('',#4271,#4279,#427,.T.);
#4838=EDGE_CURVE('',#4279,#4218,#432,.T.);
#4840=EDGE_CURVE('',#4218,#4219,#436,.T.);
#4842=EDGE_CURVE('',#4219,#4282,#441,.T.);
#4844=EDGE_CURVE('',#4282,#4283,#445,.T.);
#4857=EDGE_CURVE('',#4378,#4379,#474,.T.);
#4859=EDGE_CURVE('',#4421,#4379,#3257,.T.);
#4870=EDGE_CURVE('',#4389,#4393,#461,.T.);
#4873=EDGE_CURVE('',#4379,#4381,#469,.T.);
#4885=EDGE_CURVE('',#4410,#4411,#487,.T.);
#4900=EDGE_CURVE('',#4011,#3952,#495,.T.);
#4912=EDGE_CURVE('',#4005,#3953,#519,.T.);
#4925=EDGE_CURVE('',#4004,#3959,#507,.T.);
#4927=EDGE_CURVE('',#3959,#3977,#511,.T.);
#4929=EDGE_CURVE('',#3975,#3977,#515,.T.);
#4942=EDGE_CURVE('',#4013,#3956,#551,.T.);
#4944=EDGE_CURVE('',#3959,#3956,#3253,.T.);
#4955=EDGE_CURVE('',#4034,#4035,#527,.T.);
#4957=EDGE_CURVE('',#4035,#4039,#531,.T.);
#4959=EDGE_CURVE('',#4038,#4039,#535,.T.);
#4962=EDGE_CURVE('',#3957,#4009,#543,.T.);
#4964=EDGE_CURVE('',#3956,#3957,#547,.T.);
#4978=EDGE_CURVE('',#4031,#4026,#563,.T.);
#4980=EDGE_CURVE('',#4026,#4035,#568,.T.);
#4991=EDGE_CURVE('',#4030,#4027,#581,.T.);
#4993=EDGE_CURVE('',#4026,#4027,#589,.T.);
#5005=EDGE_CURVE('',#4027,#4039,#577,.T.);
#5030=EDGE_CURVE('',#4008,#3969,#597,.T.);
#5032=EDGE_CURVE('',#3969,#3962,#3233,.T.);
#5034=EDGE_CURVE('',#3967,#3962,#3249,.T.);
#5038=EDGE_CURVE('',#3977,#3957,#605,.T.);
#5049=EDGE_CURVE('',#4016,#4017,#621,.T.);
#5052=EDGE_CURVE('',#3973,#3971,#609,.T.);
#5054=EDGE_CURVE('',#3969,#3971,#613,.T.);
#5068=EDGE_CURVE('',#3742,#3765,#629,.T.);
#5070=EDGE_CURVE('',#3742,#3743,#633,.T.);
#5072=EDGE_CURVE('',#3690,#3743,#781,.T.);
#5074=EDGE_CURVE('',#3690,#3603,#637,.T.);
#5076=EDGE_CURVE('',#3603,#3605,#753,.T.);
#5078=EDGE_CURVE('',#3605,#3696,#641,.T.);
#5080=EDGE_CURVE('',#4019,#3696,#713,.T.);
#5093=EDGE_CURVE('',#3714,#3715,#649,.T.);
#5095=EDGE_CURVE('',#3715,#3742,#785,.T.);
#5106=EDGE_CURVE('',#3761,#3757,#681,.T.);
#5108=EDGE_CURVE('',#3761,#3715,#789,.T.);
#5120=EDGE_CURVE('',#3753,#3659,#657,.T.);
#5122=EDGE_CURVE('',#3658,#3659,#661,.T.);
#5124=EDGE_CURVE('',#3666,#3658,#665,.T.);
#5126=EDGE_CURVE('',#3666,#3667,#669,.T.);
#5128=EDGE_CURVE('',#3667,#3755,#673,.T.);
#5130=EDGE_CURVE('',#3761,#3755,#677,.T.);
#5142=EDGE_CURVE('',#3722,#3703,#697,.T.);
#5144=EDGE_CURVE('',#3659,#3703,#725,.T.);
#5156=EDGE_CURVE('',#3723,#3699,#693,.T.);
#5158=EDGE_CURVE('',#3703,#3699,#729,.T.);
#5170=EDGE_CURVE('',#3749,#3697,#705,.T.);
#5172=EDGE_CURVE('',#3697,#3699,#733,.T.);
#5185=EDGE_CURVE('',#3696,#3697,#737,.T.);
#5199=EDGE_CURVE('',#3605,#3607,#749,.T.);
#5201=EDGE_CURVE('',#3614,#3607,#1863,.T.);
#5203=EDGE_CURVE('',#3614,#3615,#1891,.T.);
#5205=EDGE_CURVE('',#3662,#3615,#1907,.T.);
#5207=EDGE_CURVE('',#3662,#3663,#1931,.T.);
#5209=EDGE_CURVE('',#3663,#3685,#1975,.T.);
#5211=EDGE_CURVE('',#3685,#3680,#2063,.T.);
#5213=EDGE_CURVE('',#3658,#3680,#829,.T.);
#5228=EDGE_CURVE('',#3602,#3603,#741,.T.);
#5230=EDGE_CURVE('',#3607,#3602,#745,.T.);
#5243=EDGE_CURVE('',#3690,#3691,#757,.T.);
#5245=EDGE_CURVE('',#3691,#3693,#761,.T.);
#5247=EDGE_CURVE('',#3693,#3701,#765,.T.);
#5249=EDGE_CURVE('',#3667,#3701,#809,.T.);
#5252=EDGE_CURVE('',#3666,#3677,#825,.T.);
#5254=EDGE_CURVE('',#3677,#3687,#913,.T.);
#5256=EDGE_CURVE('',#3671,#3687,#1979,.T.);
#5258=EDGE_CURVE('',#3670,#3671,#1923,.T.);
#5260=EDGE_CURVE('',#3670,#3610,#769,.T.);
#5262=EDGE_CURVE('',#3610,#3611,#1955,.T.);
#5264=EDGE_CURVE('',#3611,#3602,#773,.T.);
#5275=EDGE_CURVE('',#3743,#3751,#777,.T.);
#5277=EDGE_CURVE('',#3691,#3751,#817,.T.);
#5289=EDGE_CURVE('',#3730,#3731,#793,.T.);
#5291=EDGE_CURVE('',#3731,#3751,#813,.T.);
#5298=EDGE_CURVE('',#3730,#3755,#805,.T.);
#5309=EDGE_CURVE('',#3701,#3730,#797,.T.);
#5312=EDGE_CURVE('',#3693,#3731,#801,.T.);
#5346=EDGE_CURVE('',#3675,#3677,#821,.T.);
#5351=EDGE_CURVE('',#3680,#3681,#833,.T.);
#5353=EDGE_CURVE('',#3711,#3681,#2071,.T.);
#5355=EDGE_CURVE('',#3710,#3711,#933,.T.);
#5357=EDGE_CURVE('',#3710,#3675,#837,.T.);
#5361=EDGE_CURVE('',#3575,#4343,#841,.T.);
#5363=EDGE_CURVE('',#3573,#3575,#845,.T.);
#5365=EDGE_CURVE('',#3571,#3573,#849,.T.);
#5367=EDGE_CURVE('',#3570,#3571,#853,.T.);
#5369=EDGE_CURVE('',#4342,#3570,#857,.T.);
#5371=EDGE_CURVE('',#4342,#4343,#861,.T.);
#5375=EDGE_CURVE('',#3559,#4347,#865,.T.);
#5377=EDGE_CURVE('',#3557,#3559,#869,.T.);
#5379=EDGE_CURVE('',#3555,#3557,#873,.T.);
#5381=EDGE_CURVE('',#3554,#3555,#877,.T.);
#5383=EDGE_CURVE('',#4346,#3554,#881,.T.);
#5385=EDGE_CURVE('',#4346,#4347,#885,.T.);
#5389=EDGE_CURVE('',#3567,#4351,#889,.T.);
#5391=EDGE_CURVE('',#3565,#3567,#893,.T.);
#5393=EDGE_CURVE('',#3563,#3565,#897,.T.);
#5395=EDGE_CURVE('',#3562,#3563,#901,.T.);
#5397=EDGE_CURVE('',#4350,#3562,#905,.T.);
#5399=EDGE_CURVE('',#4350,#4351,#909,.T.);
#5409=EDGE_CURVE('',#3674,#3675,#917,.T.);
#5411=EDGE_CURVE('',#3687,#3674,#1983,.T.);
#5425=EDGE_CURVE('',#3706,#3710,#929,.T.);
#5427=EDGE_CURVE('',#3619,#3706,#945,.T.);
#5429=EDGE_CURVE('',#3619,#3623,#2087,.T.);
#5431=EDGE_CURVE('',#3623,#3674,#921,.T.);
#5441=EDGE_CURVE('',#3706,#3707,#925,.T.);
#5445=EDGE_CURVE('',#3707,#3711,#937,.T.);
#5455=EDGE_CURVE('',#3631,#3627,#967,.T.);
#5457=EDGE_CURVE('',#3637,#3631,#1117,.T.);
#5459=EDGE_CURVE('',#3634,#3637,#1100,.T.);
#5461=EDGE_CURVE('',#3634,#3651,#941,.T.);
#5463=EDGE_CURVE('',#3655,#3651,#1087,.T.);
#5465=EDGE_CURVE('',#3655,#3645,#993,.T.);
#5467=EDGE_CURVE('',#3642,#3645,#980,.T.);
#5469=EDGE_CURVE('',#3627,#3642,#971,.T.);
#5475=EDGE_CURVE('',#3707,#3618,#949,.T.);
#5477=EDGE_CURVE('',#3618,#3619,#2075,.T.);
#5487=EDGE_CURVE('',#3626,#3627,#953,.T.);
#5489=EDGE_CURVE('',#3626,#3629,#958,.T.);
#5491=EDGE_CURVE('',#3629,#3631,#962,.T.);
#5504=EDGE_CURVE('',#3642,#3643,#975,.T.);
#5506=EDGE_CURVE('',#3626,#3643,#1193,.T.);
#5518=EDGE_CURVE('',#3645,#3647,#984,.T.);
#5520=EDGE_CURVE('',#3647,#3643,#989,.T.);
#5532=EDGE_CURVE('',#3653,#3655,#1082,.T.);
#5534=EDGE_CURVE('',#3647,#3653,#997,.T.);
#5538=EDGE_CURVE('',#4330,#3546,#1001,.T.);
#5540=EDGE_CURVE('',#3546,#3547,#1005,.T.);
#5542=EDGE_CURVE('',#3547,#3549,#1009,.T.);
#5544=EDGE_CURVE('',#3549,#3551,#1013,.T.);
#5546=EDGE_CURVE('',#3551,#4331,#1017,.T.);
#5548=EDGE_CURVE('',#4330,#4331,#1021,.T.);
#5552=EDGE_CURVE('',#4334,#3530,#1025,.T.);
#5554=EDGE_CURVE('',#3530,#3531,#1029,.T.);
#5556=EDGE_CURVE('',#3531,#3533,#1033,.T.);
#5558=EDGE_CURVE('',#3533,#3535,#1037,.T.);
#5560=EDGE_CURVE('',#3535,#4335,#1041,.T.);
#5562=EDGE_CURVE('',#4334,#4335,#1045,.T.);
#5566=EDGE_CURVE('',#4338,#3538,#1049,.T.);
#5568=EDGE_CURVE('',#3538,#3539,#1053,.T.);
#5570=EDGE_CURVE('',#3539,#3541,#1057,.T.);
#5572=EDGE_CURVE('',#3541,#3543,#1061,.T.);
#5574=EDGE_CURVE('',#3543,#4339,#1065,.T.);
#5576=EDGE_CURVE('',#4338,#4339,#1069,.T.);
#5586=EDGE_CURVE('',#3650,#3651,#1073,.T.);
#5588=EDGE_CURVE('',#3650,#3653,#1078,.T.);
#5600=EDGE_CURVE('',#3634,#3635,#1095,.T.);
#5602=EDGE_CURVE('',#3635,#3650,#1091,.T.);
#5616=EDGE_CURVE('',#3637,#3639,#1104,.T.);
#5618=EDGE_CURVE('',#3639,#3635,#1109,.T.);
#5629=EDGE_CURVE('',#3629,#3639,#1113,.T.);
#5635=EDGE_CURVE('',#3527,#4319,#1121,.T.);
#5637=EDGE_CURVE('',#3525,#3527,#1125,.T.);
#5639=EDGE_CURVE('',#3523,#3525,#1129,.T.);
#5641=EDGE_CURVE('',#3522,#3523,#1133,.T.);
#5643=EDGE_CURVE('',#4318,#3522,#1137,.T.);
#5645=EDGE_CURVE('',#4318,#4319,#1141,.T.);
#5649=EDGE_CURVE('',#3511,#4323,#1145,.T.);
#5651=EDGE_CURVE('',#3509,#3511,#1149,.T.);
#5653=EDGE_CURVE('',#3507,#3509,#1153,.T.);
#5655=EDGE_CURVE('',#3506,#3507,#1157,.T.);
#5657=EDGE_CURVE('',#4322,#3506,#1161,.T.);
#5659=EDGE_CURVE('',#4322,#4323,#1165,.T.);
#5663=EDGE_CURVE('',#3519,#4327,#1169,.T.);
#5665=EDGE_CURVE('',#3517,#3519,#1173,.T.);
#5667=EDGE_CURVE('',#3515,#3517,#1177,.T.);
#5669=EDGE_CURVE('',#3514,#3515,#1181,.T.);
#5671=EDGE_CURVE('',#4326,#3514,#1185,.T.);
#5673=EDGE_CURVE('',#4326,#4327,#1189,.T.);
#5693=EDGE_CURVE('',#3490,#3491,#1197,.T.);
#5695=EDGE_CURVE('',#3491,#3394,#1201,.T.);
#5697=EDGE_CURVE('',#3394,#3395,#1206,.T.);
#5699=EDGE_CURVE('',#3395,#3397,#1210,.T.);
#5701=EDGE_CURVE('',#3397,#3399,#1215,.T.);
#5703=EDGE_CURVE('',#3399,#3494,#1219,.T.);
#5705=EDGE_CURVE('',#3494,#3495,#1223,.T.);
#5707=EDGE_CURVE('',#3495,#3407,#1227,.T.);
#5709=EDGE_CURVE('',#3407,#3402,#1232,.T.);
#5711=EDGE_CURVE('',#3402,#3403,#1236,.T.);
#5713=EDGE_CURVE('',#3403,#3405,#1241,.T.);
#5715=EDGE_CURVE('',#3405,#3490,#1245,.T.);
#5719=EDGE_CURVE('',#3840,#3841,#1249,.T.);
#5721=EDGE_CURVE('',#3841,#3848,#1254,.T.);
#5723=EDGE_CURVE('',#3848,#3849,#1258,.T.);
#5725=EDGE_CURVE('',#3849,#3845,#1263,.T.);
#5727=EDGE_CURVE('',#3844,#3845,#1267,.T.);
#5729=EDGE_CURVE('',#3847,#3844,#1272,.T.);
#5731=EDGE_CURVE('',#3847,#3846,#1276,.T.);
#5733=EDGE_CURVE('',#3840,#3846,#1281,.T.);
#5737=EDGE_CURVE('',#3908,#3909,#1285,.T.);
#5739=EDGE_CURVE('',#3909,#3916,#1290,.T.);
#5741=EDGE_CURVE('',#3916,#3917,#1294,.T.);
#5743=EDGE_CURVE('',#3917,#3913,#1299,.T.);
#5745=EDGE_CURVE('',#3912,#3913,#1303,.T.);
#5747=EDGE_CURVE('',#3915,#3912,#1308,.T.);
#5749=EDGE_CURVE('',#3915,#3914,#1312,.T.);
#5751=EDGE_CURVE('',#3908,#3914,#1317,.T.);
#5762=EDGE_CURVE('',#3490,#3502,#1325,.T.);
#5764=EDGE_CURVE('',#3502,#3498,#1349,.T.);
#5766=EDGE_CURVE('',#3491,#3498,#1381,.T.);
#5776=EDGE_CURVE('',#3502,#3503,#1321,.T.);
#5780=EDGE_CURVE('',#3405,#3423,#1329,.T.);
#5782=EDGE_CURVE('',#3423,#3487,#1636,.T.);
#5784=EDGE_CURVE('',#3487,#3485,#1333,.T.);
#5786=EDGE_CURVE('',#3483,#3485,#1337,.T.);
#5788=EDGE_CURVE('',#3482,#3483,#1341,.T.);
#5790=EDGE_CURVE('',#3482,#3414,#1628,.T.);
#5792=EDGE_CURVE('',#3407,#3414,#1620,.T.);
#5795=EDGE_CURVE('',#3495,#3503,#1345,.T.);
#5805=EDGE_CURVE('',#3498,#3499,#1357,.T.);
#5809=EDGE_CURVE('',#3499,#3503,#1353,.T.);
#5820=EDGE_CURVE('',#3494,#3499,#1361,.T.);
#5823=EDGE_CURVE('',#3399,#3439,#1365,.T.);
#5825=EDGE_CURVE('',#3439,#3466,#1504,.T.);
#5827=EDGE_CURVE('',#3466,#3467,#1369,.T.);
#5829=EDGE_CURVE('',#3467,#3469,#1373,.T.);
#5831=EDGE_CURVE('',#3471,#3469,#1377,.T.);
#5833=EDGE_CURVE('',#3471,#3430,#1483,.T.);
#5835=EDGE_CURVE('',#3394,#3430,#1442,.T.);
#5859=EDGE_CURVE('',#3438,#3439,#1395,.T.);
#5863=EDGE_CURVE('',#3397,#3438,#1385,.T.);
#5897=EDGE_CURVE('',#3434,#3435,#1390,.T.);
#5899=EDGE_CURVE('',#3435,#3439,#1509,.T.);
#5902=EDGE_CURVE('',#3434,#3438,#1400,.T.);
#5912=EDGE_CURVE('',#3442,#3443,#1404,.T.);
#5914=EDGE_CURVE('',#3435,#3443,#1513,.T.);
#5917=EDGE_CURVE('',#3442,#3434,#1418,.T.);
#5928=EDGE_CURVE('',#3442,#3458,#1409,.T.);
#5930=EDGE_CURVE('',#3458,#3459,#1426,.T.);
#5932=EDGE_CURVE('',#3467,#3459,#1487,.T.);
#5935=EDGE_CURVE('',#3443,#3466,#1414,.T.);
#5948=EDGE_CURVE('',#3458,#3438,#1422,.T.);
#5962=EDGE_CURVE('',#3395,#3431,#1430,.T.);
#5964=EDGE_CURVE('',#3431,#3463,#1491,.T.);
#5966=EDGE_CURVE('',#3463,#3461,#1434,.T.);
#5968=EDGE_CURVE('',#3459,#3461,#1438,.T.);
#5978=EDGE_CURVE('',#3430,#3431,#1452,.T.);
#6015=EDGE_CURVE('',#3426,#3427,#1447,.T.);
#6017=EDGE_CURVE('',#3427,#3431,#1496,.T.);
#6020=EDGE_CURVE('',#3426,#3430,#1457,.T.);
#6030=EDGE_CURVE('',#3450,#3451,#1461,.T.);
#6032=EDGE_CURVE('',#3427,#3450,#1500,.T.);
#6035=EDGE_CURVE('',#3451,#3426,#1479,.T.);
#6046=EDGE_CURVE('',#3451,#3471,#1466,.T.);
#6049=EDGE_CURVE('',#3469,#3461,#1470,.T.);
#6052=EDGE_CURVE('',#3450,#3463,#1475,.T.);
#6110=EDGE_CURVE('',#3422,#3423,#1527,.T.);
#6114=EDGE_CURVE('',#3403,#3422,#1517,.T.);
#6148=EDGE_CURVE('',#3418,#3419,#1522,.T.);
#6150=EDGE_CURVE('',#3419,#3423,#1641,.T.);
#6153=EDGE_CURVE('',#3418,#3422,#1532,.T.);
#6163=EDGE_CURVE('',#3454,#3455,#1536,.T.);
#6165=EDGE_CURVE('',#3419,#3454,#1645,.T.);
#6168=EDGE_CURVE('',#3455,#3418,#1554,.T.);
#6179=EDGE_CURVE('',#3455,#3479,#1541,.T.);
#6181=EDGE_CURVE('',#3479,#3477,#1570,.T.);
#6183=EDGE_CURVE('',#3477,#3485,#1545,.T.);
#6186=EDGE_CURVE('',#3454,#3487,#1550,.T.);
#6199=EDGE_CURVE('',#3479,#3422,#1558,.T.);
#6209=EDGE_CURVE('',#3474,#3475,#1562,.T.);
#6211=EDGE_CURVE('',#3475,#3477,#1566,.T.);
#6217=EDGE_CURVE('',#3402,#3415,#1574,.T.);
#6219=EDGE_CURVE('',#3415,#3474,#1592,.T.);
#6229=EDGE_CURVE('',#3446,#3447,#1588,.T.);
#6231=EDGE_CURVE('',#3446,#3482,#1579,.T.);
#6234=EDGE_CURVE('',#3475,#3483,#1632,.T.);
#6237=EDGE_CURVE('',#3447,#3474,#1584,.T.);
#6248=EDGE_CURVE('',#3411,#3447,#1601,.T.);
#6250=EDGE_CURVE('',#3410,#3411,#1606,.T.);
#6252=EDGE_CURVE('',#3446,#3410,#1624,.T.);
#6264=EDGE_CURVE('',#3411,#3415,#1597,.T.);
#6301=EDGE_CURVE('',#3414,#3415,#1611,.T.);
#6303=EDGE_CURVE('',#3410,#3414,#1616,.T.);
#6362=EDGE_CURVE('',#3840,#3800,#1649,.T.);
#6364=EDGE_CURVE('',#3800,#3796,#1653,.T.);
#6366=EDGE_CURVE('',#3796,#3809,#1657,.T.);
#6368=EDGE_CURVE('',#3809,#3820,#1661,.T.);
#6370=EDGE_CURVE('',#3829,#3820,#1665,.T.);
#6372=EDGE_CURVE('',#3827,#3829,#1670,.T.);
#6374=EDGE_CURVE('',#3827,#3816,#1674,.T.);
#6376=EDGE_CURVE('',#3807,#3816,#1678,.T.);
#6378=EDGE_CURVE('',#3807,#3792,#1682,.T.);
#6380=EDGE_CURVE('',#3792,#3804,#1686,.T.);
#6382=EDGE_CURVE('',#3804,#3841,#1690,.T.);
#6393=EDGE_CURVE('',#3852,#3846,#1706,.T.);
#6395=EDGE_CURVE('',#3832,#3852,#1730,.T.);
#6397=EDGE_CURVE('',#3832,#3836,#1694,.T.);
#6399=EDGE_CURVE('',#3836,#3857,#1839,.T.);
#6401=EDGE_CURVE('',#3857,#3847,#1835,.T.);
#6404=EDGE_CURVE('',#3844,#3801,#1799,.T.);
#6406=EDGE_CURVE('',#3800,#3801,#1698,.T.);
#6417=EDGE_CURVE('',#3852,#3853,#1702,.T.);
#6420=EDGE_CURVE('',#3846,#3773,#1710,.T.);
#6422=EDGE_CURVE('',#3773,#3768,#1714,.T.);
#6424=EDGE_CURVE('',#3848,#3768,#1851,.T.);
#6426=EDGE_CURVE('',#3853,#3848,#1718,.T.);
#6437=EDGE_CURVE('',#3853,#3833,#1722,.T.);
#6439=EDGE_CURVE('',#3832,#3833,#1726,.T.);
#6452=EDGE_CURVE('',#3804,#3805,#1734,.T.);
#6454=EDGE_CURVE('',#3805,#3845,#1758,.T.);
#6457=EDGE_CURVE('',#3856,#3849,#1823,.T.);
#6459=EDGE_CURVE('',#3856,#3837,#1847,.T.);
#6461=EDGE_CURVE('',#3833,#3837,#1738,.T.);
#6475=EDGE_CURVE('',#3792,#3793,#1742,.T.);
#6477=EDGE_CURVE('',#3793,#3805,#1762,.T.);
#6488=EDGE_CURVE('',#3807,#3811,#1746,.T.);
#6490=EDGE_CURVE('',#3811,#3793,#1766,.T.);
#6503=EDGE_CURVE('',#3816,#3817,#1754,.T.);
#6505=EDGE_CURVE('',#3811,#3817,#1770,.T.);
#6515=EDGE_CURVE('',#3827,#3825,#1750,.T.);
#6517=EDGE_CURVE('',#3825,#3817,#1774,.T.);
#6529=EDGE_CURVE('',#3824,#3825,#1779,.T.);
#6533=EDGE_CURVE('',#3829,#3824,#1803,.T.);
#6550=EDGE_CURVE('',#3824,#3821,#1783,.T.);
#6552=EDGE_CURVE('',#3813,#3821,#1787,.T.);
#6554=EDGE_CURVE('',#3797,#3813,#1791,.T.);
#6556=EDGE_CURVE('',#3801,#3797,#1795,.T.);
#6569=EDGE_CURVE('',#3820,#3821,#1811,.T.);
#6580=EDGE_CURVE('',#3809,#3813,#1807,.T.);
#6594=EDGE_CURVE('',#3796,#3797,#1815,.T.);
#6618=EDGE_CURVE('',#3856,#3857,#1819,.T.);
#6621=EDGE_CURVE('',#3849,#3769,#1827,.T.);
#6623=EDGE_CURVE('',#3769,#3772,#1831,.T.);
#6625=EDGE_CURVE('',#3847,#3772,#2907,.T.);
#6638=EDGE_CURVE('',#3836,#3837,#1843,.T.);
#6663=EDGE_CURVE('',#3768,#3769,#1855,.T.);
#6674=EDGE_CURVE('',#3747,#3745,#1871,.T.);
#6676=EDGE_CURVE('',#3747,#3719,#1943,.T.);
#6678=EDGE_CURVE('',#3718,#3719,#1935,.T.);
#6680=EDGE_CURVE('',#3745,#3718,#1875,.T.);
#6686=EDGE_CURVE('',#3772,#3773,#2911,.T.);
#6691=EDGE_CURVE('',#3776,#3777,#2919,.T.);
#6693=EDGE_CURVE('',#3781,#3776,#2935,.T.);
#6695=EDGE_CURVE('',#3780,#3781,#3052,.T.);
#6697=EDGE_CURVE('',#3777,#3780,#3040,.T.);
#6701=EDGE_CURVE('',#3784,#3785,#3141,.T.);
#6703=EDGE_CURVE('',#3789,#3784,#3209,.T.);
#6705=EDGE_CURVE('',#3788,#3789,#3193,.T.);
#6707=EDGE_CURVE('',#3785,#3788,#3161,.T.);
#6717=EDGE_CURVE('',#3745,#3726,#1859,.T.);
#6719=EDGE_CURVE('',#3726,#3614,#1895,.T.);
#6724=EDGE_CURVE('',#3611,#3734,#1951,.T.);
#6726=EDGE_CURVE('',#3747,#3734,#1867,.T.);
#6737=EDGE_CURVE('',#3726,#3727,#1883,.T.);
#6741=EDGE_CURVE('',#3718,#3759,#1879,.T.);
#6743=EDGE_CURVE('',#3737,#3759,#1911,.T.);
#6745=EDGE_CURVE('',#3727,#3737,#1899,.T.);
#6756=EDGE_CURVE('',#3615,#3727,#1887,.T.);
#6769=EDGE_CURVE('',#3662,#3737,#1903,.T.);
#6782=EDGE_CURVE('',#3763,#3759,#1915,.T.);
#6784=EDGE_CURVE('',#3739,#3763,#1919,.T.);
#6786=EDGE_CURVE('',#3739,#3670,#1967,.T.);
#6789=EDGE_CURVE('',#3663,#3671,#1927,.T.);
#6803=EDGE_CURVE('',#3719,#3763,#1939,.T.);
#6814=EDGE_CURVE('',#3734,#3735,#1947,.T.);
#6816=EDGE_CURVE('',#3735,#3739,#1963,.T.);
#6833=EDGE_CURVE('',#3735,#3610,#1959,.T.);
#6855=EDGE_CURVE('',#3683,#3685,#1971,.T.);
#6862=EDGE_CURVE('',#3622,#3623,#2083,.T.);
#6864=EDGE_CURVE('',#3622,#3683,#1987,.T.);
#6868=EDGE_CURVE('',#4354,#3594,#1991,.T.);
#6870=EDGE_CURVE('',#3594,#3595,#1995,.T.);
#6872=EDGE_CURVE('',#3595,#3597,#1999,.T.);
#6874=EDGE_CURVE('',#3597,#3599,#2003,.T.);
#6876=EDGE_CURVE('',#3599,#4355,#2007,.T.);
#6878=EDGE_CURVE('',#4354,#4355,#2011,.T.);
#6882=EDGE_CURVE('',#4358,#3578,#2015,.T.);
#6884=EDGE_CURVE('',#3578,#3579,#2019,.T.);
#6886=EDGE_CURVE('',#3579,#3581,#2023,.T.);
#6888=EDGE_CURVE('',#3581,#3583,#2027,.T.);
#6890=EDGE_CURVE('',#3583,#4359,#2031,.T.);
#6892=EDGE_CURVE('',#4358,#4359,#2035,.T.);
#6896=EDGE_CURVE('',#4362,#3586,#2039,.T.);
#6898=EDGE_CURVE('',#3586,#3587,#2043,.T.);
#6900=EDGE_CURVE('',#3587,#3589,#2047,.T.);
#6902=EDGE_CURVE('',#3589,#3591,#2051,.T.);
#6904=EDGE_CURVE('',#3591,#4363,#2055,.T.);
#6906=EDGE_CURVE('',#4362,#4363,#2059,.T.);
#6919=EDGE_CURVE('',#3683,#3681,#2067,.T.);
#6931=EDGE_CURVE('',#3618,#3622,#2079,.T.);
#6956=EDGE_CURVE('',#4318,#4354,#2091,.T.);
#6959=EDGE_CURVE('',#3594,#3522,#2131,.T.);
#6971=EDGE_CURVE('',#4354,#4110,#2107,.T.);
#6973=EDGE_CURVE('',#4131,#4110,#2191,.T.);
#6976=EDGE_CURVE('',#4158,#4191,#2095,.T.);
#6978=EDGE_CURVE('',#4191,#4095,#2099,.T.);
#6980=EDGE_CURVE('',#4095,#4318,#2135,.T.);
#6991=EDGE_CURVE('',#4111,#4355,#2103,.T.);
#6993=EDGE_CURVE('',#4110,#4111,#2155,.T.);
#7004=EDGE_CURVE('',#4319,#4355,#2115,.T.);
#7006=EDGE_CURVE('',#4319,#4094,#2143,.T.);
#7008=EDGE_CURVE('',#4189,#4094,#2151,.T.);
#7010=EDGE_CURVE('',#4159,#4189,#2111,.T.);
#7013=EDGE_CURVE('',#4129,#4111,#2159,.T.);
#7026=EDGE_CURVE('',#3599,#3527,#2119,.T.);
#7040=EDGE_CURVE('',#3597,#3525,#2123,.T.);
#7053=EDGE_CURVE('',#3595,#3523,#2127,.T.);
#7077=EDGE_CURVE('',#4094,#4095,#2139,.T.);
#7088=EDGE_CURVE('',#4189,#4191,#2147,.T.);
#7116=EDGE_CURVE('',#4123,#4114,#2163,.T.);
#7118=EDGE_CURVE('',#4114,#4115,#2167,.T.);
#7120=EDGE_CURVE('',#4121,#4115,#2171,.T.);
#7123=EDGE_CURVE('',#4127,#4118,#2175,.T.);
#7125=EDGE_CURVE('',#4118,#4119,#2179,.T.);
#7127=EDGE_CURVE('',#4125,#4119,#2183,.T.);
#7130=EDGE_CURVE('',#4043,#4061,#2187,.T.);
#7132=EDGE_CURVE('',#4061,#4063,#2370,.T.);
#7134=EDGE_CURVE('',#4046,#4063,#2775,.T.);
#7146=EDGE_CURVE('',#4322,#4358,#2203,.T.);
#7148=EDGE_CURVE('',#4358,#4114,#2255,.T.);
#7152=EDGE_CURVE('',#4162,#4183,#2195,.T.);
#7154=EDGE_CURVE('',#4183,#4087,#2199,.T.);
#7156=EDGE_CURVE('',#4087,#4322,#2231,.T.);
#7168=EDGE_CURVE('',#3578,#3506,#2207,.T.);
#7180=EDGE_CURVE('',#3579,#3507,#2211,.T.);
#7193=EDGE_CURVE('',#3581,#3509,#2215,.T.);
#7206=EDGE_CURVE('',#3583,#3511,#2223,.T.);
#7218=EDGE_CURVE('',#4323,#4359,#2219,.T.);
#7232=EDGE_CURVE('',#4323,#4086,#2239,.T.);
#7234=EDGE_CURVE('',#4181,#4086,#2247,.T.);
#7236=EDGE_CURVE('',#4163,#4181,#2227,.T.);
#7240=EDGE_CURVE('',#4115,#4359,#2251,.T.);
#7252=EDGE_CURVE('',#4086,#4087,#2235,.T.);
#7263=EDGE_CURVE('',#4181,#4183,#2243,.T.);
#7300=EDGE_CURVE('',#4326,#4362,#2267,.T.);
#7302=EDGE_CURVE('',#4362,#4118,#2319,.T.);
#7306=EDGE_CURVE('',#4166,#4187,#2259,.T.);
#7308=EDGE_CURVE('',#4187,#4091,#2263,.T.);
#7310=EDGE_CURVE('',#4091,#4326,#2295,.T.);
#7322=EDGE_CURVE('',#3586,#3514,#2271,.T.);
#7334=EDGE_CURVE('',#3587,#3515,#2275,.T.);
#7347=EDGE_CURVE('',#3589,#3517,#2279,.T.);
#7360=EDGE_CURVE('',#3591,#3519,#2287,.T.);
#7372=EDGE_CURVE('',#4327,#4363,#2283,.T.);
#7386=EDGE_CURVE('',#4327,#4090,#2303,.T.);
#7388=EDGE_CURVE('',#4185,#4090,#2311,.T.);
#7390=EDGE_CURVE('',#4167,#4185,#2291,.T.);
#7394=EDGE_CURVE('',#4119,#4363,#2315,.T.);
#7406=EDGE_CURVE('',#4090,#4091,#2299,.T.);
#7417=EDGE_CURVE('',#4185,#4187,#2307,.T.);
#7455=EDGE_CURVE('',#4042,#4060,#2323,.T.);
#7457=EDGE_CURVE('',#4060,#4061,#2375,.T.);
#7469=EDGE_CURVE('',#4205,#4211,#2327,.T.);
#7471=EDGE_CURVE('',#4211,#4060,#2379,.T.);
#7484=EDGE_CURVE('',#4209,#4211,#2383,.T.);
#7497=EDGE_CURVE('',#4073,#4075,#2343,.T.);
#7499=EDGE_CURVE('',#4071,#4073,#2348,.T.);
#7501=EDGE_CURVE('',#4069,#4071,#2352,.T.);
#7503=EDGE_CURVE('',#4067,#4069,#2357,.T.);
#7505=EDGE_CURVE('',#4065,#4067,#2361,.T.);
#7507=EDGE_CURVE('',#4063,#4065,#2366,.T.);
#7516=EDGE_CURVE('',#4078,#4079,#2391,.T.);
#7518=EDGE_CURVE('',#4083,#4078,#2395,.T.);
#7520=EDGE_CURVE('',#4081,#4083,#2399,.T.);
#7522=EDGE_CURVE('',#4079,#4081,#2403,.T.);
#7533=EDGE_CURVE('',#4055,#4073,#2407,.T.);
#7546=EDGE_CURVE('',#4054,#4071,#2411,.T.);
#7558=EDGE_CURVE('',#4134,#4135,#2415,.T.);
#7560=EDGE_CURVE('',#4155,#4134,#2419,.T.);
#7563=EDGE_CURVE('',#4051,#4069,#2423,.T.);
#7568=EDGE_CURVE('',#4147,#4143,#2427,.T.);
#7570=EDGE_CURVE('',#4142,#4143,#2431,.T.);
#7572=EDGE_CURVE('',#4145,#4142,#2435,.T.);
#7575=EDGE_CURVE('',#4151,#4139,#2439,.T.);
#7577=EDGE_CURVE('',#4138,#4139,#2443,.T.);
#7579=EDGE_CURVE('',#4149,#4138,#2447,.T.);
#7582=EDGE_CURVE('',#4153,#4135,#2451,.T.);
#7593=EDGE_CURVE('',#4134,#4342,#2455,.T.);
#7596=EDGE_CURVE('',#4343,#4135,#2459,.T.);
#7606=EDGE_CURVE('',#4330,#4342,#2467,.T.);
#7608=EDGE_CURVE('',#4330,#4106,#2515,.T.);
#7610=EDGE_CURVE('',#4203,#4106,#2503,.T.);
#7612=EDGE_CURVE('',#4203,#4170,#2463,.T.);
#7627=EDGE_CURVE('',#3546,#3570,#2471,.T.);
#7641=EDGE_CURVE('',#3547,#3571,#2475,.T.);
#7654=EDGE_CURVE('',#3549,#3573,#2479,.T.);
#7667=EDGE_CURVE('',#3551,#3575,#2487,.T.);
#7677=EDGE_CURVE('',#4331,#4343,#2483,.T.);
#7694=EDGE_CURVE('',#4201,#4171,#2491,.T.);
#7696=EDGE_CURVE('',#4201,#4107,#2495,.T.);
#7698=EDGE_CURVE('',#4107,#4331,#2507,.T.);
#7709=EDGE_CURVE('',#4203,#4201,#2499,.T.);
#7723=EDGE_CURVE('',#4106,#4107,#2511,.T.);
#7747=EDGE_CURVE('',#4050,#4067,#2519,.T.);
#7759=EDGE_CURVE('',#4246,#4247,#2523,.T.);
#7762=EDGE_CURVE('',#4047,#4065,#2527,.T.);
#7767=EDGE_CURVE('',#4250,#4251,#2531,.T.);
#7769=EDGE_CURVE('',#4251,#4247,#2535,.T.);
#7779=EDGE_CURVE('',#4270,#4301,#2539,.T.);
#7783=EDGE_CURVE('',#4247,#4238,#2543,.T.);
#7785=EDGE_CURVE('',#4238,#4303,#2548,.T.);
#7787=EDGE_CURVE('',#4301,#4303,#2552,.T.);
#7799=EDGE_CURVE('',#4263,#4301,#2556,.T.);
#7801=EDGE_CURVE('',#4271,#4263,#2560,.T.);
#7812=EDGE_CURVE('',#4311,#4303,#2568,.T.);
#7814=EDGE_CURVE('',#4309,#4311,#2580,.T.);
#7816=EDGE_CURVE('',#4309,#4259,#2597,.T.);
#7818=EDGE_CURVE('',#4258,#4259,#2601,.T.);
#7821=EDGE_CURVE('',#4314,#4315,#2648,.T.);
#7823=EDGE_CURVE('',#4314,#4306,#2660,.T.);
#7825=EDGE_CURVE('',#4306,#4307,#2668,.T.);
#7828=EDGE_CURVE('',#4262,#4263,#2564,.T.);
#7833=EDGE_CURVE('',#4286,#4287,#2719,.T.);
#7835=EDGE_CURVE('',#4287,#4290,#2751,.T.);
#7837=EDGE_CURVE('',#4290,#4291,#2743,.T.);
#7839=EDGE_CURVE('',#4291,#4286,#2727,.T.);
#7851=EDGE_CURVE('',#4238,#4239,#2572,.T.);
#7853=EDGE_CURVE('',#4239,#4311,#2585,.T.);
#7864=EDGE_CURVE('',#4251,#4239,#2589,.T.);
#7876=EDGE_CURVE('',#4267,#4309,#2576,.T.);
#7892=EDGE_CURVE('',#4259,#4266,#2593,.T.);
#7905=EDGE_CURVE('',#4273,#4293,#2605,.T.);
#7907=EDGE_CURVE('',#4295,#4293,#2621,.T.);
#7909=EDGE_CURVE('',#4276,#4295,#2617,.T.);
#7925=EDGE_CURVE('',#4215,#4223,#2609,.T.);
#7927=EDGE_CURVE('',#4293,#4223,#2626,.T.);
#7939=EDGE_CURVE('',#4214,#4222,#2613,.T.);
#7941=EDGE_CURVE('',#4222,#4223,#2630,.T.);
#7952=EDGE_CURVE('',#4295,#4222,#2635,.T.);
#7978=EDGE_CURVE('',#4314,#4243,#2644,.T.);
#7994=EDGE_CURVE('',#4306,#4242,#2673,.T.);
#8023=EDGE_CURVE('',#4282,#4297,#2685,.T.);
#8025=EDGE_CURVE('',#4299,#4297,#2701,.T.);
#8027=EDGE_CURVE('',#4279,#4299,#2697,.T.);
#8039=EDGE_CURVE('',#4219,#4227,#2689,.T.);
#8041=EDGE_CURVE('',#4297,#4227,#2706,.T.);
#8053=EDGE_CURVE('',#4218,#4226,#2693,.T.);
#8055=EDGE_CURVE('',#4226,#4227,#2710,.T.);
#8066=EDGE_CURVE('',#4299,#4226,#2715,.T.);
#8091=EDGE_CURVE('',#4286,#4235,#2739,.T.);
#8093=EDGE_CURVE('',#4235,#4078,#2723,.T.);
#8096=EDGE_CURVE('',#4230,#4079,#2767,.T.);
#8098=EDGE_CURVE('',#4287,#4230,#2755,.T.);
#8109=EDGE_CURVE('',#4291,#4234,#2731,.T.);
#8111=EDGE_CURVE('',#4234,#4235,#2735,.T.);
#8123=EDGE_CURVE('',#4290,#4231,#2763,.T.);
#8125=EDGE_CURVE('',#4231,#4081,#2747,.T.);
#8128=EDGE_CURVE('',#4234,#4083,#2771,.T.);
#8141=EDGE_CURVE('',#4230,#4231,#2759,.T.);
#8188=EDGE_CURVE('',#4339,#4351,#2787,.T.);
#8190=EDGE_CURVE('',#4351,#4143,#2839,.T.);
#8194=EDGE_CURVE('',#4195,#4179,#2779,.T.);
#8196=EDGE_CURVE('',#4195,#4099,#2783,.T.);
#8198=EDGE_CURVE('',#4099,#4339,#2815,.T.);
#8210=EDGE_CURVE('',#3543,#3567,#2791,.T.);
#8222=EDGE_CURVE('',#3541,#3565,#2795,.T.);
#8235=EDGE_CURVE('',#3539,#3563,#2799,.T.);
#8248=EDGE_CURVE('',#3538,#3562,#2803,.T.);
#8260=EDGE_CURVE('',#4338,#4350,#2807,.T.);
#8274=EDGE_CURVE('',#4338,#4098,#2823,.T.);
#8276=EDGE_CURVE('',#4193,#4098,#2831,.T.);
#8278=EDGE_CURVE('',#4193,#4178,#2811,.T.);
#8282=EDGE_CURVE('',#4142,#4350,#2835,.T.);
#8294=EDGE_CURVE('',#4098,#4099,#2819,.T.);
#8305=EDGE_CURVE('',#4193,#4195,#2827,.T.);
#8342=EDGE_CURVE('',#4335,#4347,#2851,.T.);
#8344=EDGE_CURVE('',#4347,#4139,#2903,.T.);
#8348=EDGE_CURVE('',#4199,#4175,#2843,.T.);
#8350=EDGE_CURVE('',#4199,#4103,#2847,.T.);
#8352=EDGE_CURVE('',#4103,#4335,#2879,.T.);
#8364=EDGE_CURVE('',#3535,#3559,#2855,.T.);
#8376=EDGE_CURVE('',#3533,#3557,#2859,.T.);
#8389=EDGE_CURVE('',#3531,#3555,#2863,.T.);
#8402=EDGE_CURVE('',#3530,#3554,#2867,.T.);
#8414=EDGE_CURVE('',#4334,#4346,#2871,.T.);
#8428=EDGE_CURVE('',#4334,#4102,#2887,.T.);
#8430=EDGE_CURVE('',#4197,#4102,#2895,.T.);
#8432=EDGE_CURVE('',#4197,#4174,#2875,.T.);
#8436=EDGE_CURVE('',#4138,#4346,#2899,.T.);
#8448=EDGE_CURVE('',#4102,#4103,#2883,.T.);
#8459=EDGE_CURVE('',#4197,#4199,#2891,.T.);
#8509=EDGE_CURVE('',#3916,#3776,#2915,.T.);
#8512=EDGE_CURVE('',#3917,#3777,#3036,.T.);
#8522=EDGE_CURVE('',#3924,#3925,#2923,.T.);
#8524=EDGE_CURVE('',#3924,#3914,#2927,.T.);
#8526=EDGE_CURVE('',#3914,#3781,#2931,.T.);
#8530=EDGE_CURVE('',#3925,#3916,#2939,.T.);
#8541=EDGE_CURVE('',#3925,#3901,#2943,.T.);
#8543=EDGE_CURVE('',#3900,#3901,#2947,.T.);
#8545=EDGE_CURVE('',#3900,#3924,#2951,.T.);
#8556=EDGE_CURVE('',#3872,#3909,#3004,.T.);
#8558=EDGE_CURVE('',#3872,#3873,#2955,.T.);
#8560=EDGE_CURVE('',#3873,#3913,#3056,.T.);
#8563=EDGE_CURVE('',#3920,#3917,#3032,.T.);
#8565=EDGE_CURVE('',#3920,#3905,#3024,.T.);
#8567=EDGE_CURVE('',#3901,#3905,#2959,.T.);
#8580=EDGE_CURVE('',#3908,#3868,#2963,.T.);
#8582=EDGE_CURVE('',#3868,#3864,#2967,.T.);
#8584=EDGE_CURVE('',#3864,#3877,#2971,.T.);
#8586=EDGE_CURVE('',#3877,#3888,#2975,.T.);
#8588=EDGE_CURVE('',#3897,#3888,#2979,.T.);
#8590=EDGE_CURVE('',#3895,#3897,#2984,.T.);
#8592=EDGE_CURVE('',#3895,#3884,#2988,.T.);
#8594=EDGE_CURVE('',#3875,#3884,#2992,.T.);
#8596=EDGE_CURVE('',#3875,#3860,#2996,.T.);
#8598=EDGE_CURVE('',#3860,#3872,#3000,.T.);
#8612=EDGE_CURVE('',#3900,#3904,#3008,.T.);
#8614=EDGE_CURVE('',#3904,#3921,#3016,.T.);
#8616=EDGE_CURVE('',#3921,#3915,#3044,.T.);
#8619=EDGE_CURVE('',#3912,#3869,#3097,.T.);
#8621=EDGE_CURVE('',#3868,#3869,#3012,.T.);
#8634=EDGE_CURVE('',#3904,#3905,#3020,.T.);
#8645=EDGE_CURVE('',#3920,#3921,#3028,.T.);
#8662=EDGE_CURVE('',#3915,#3780,#3048,.T.);
#8687=EDGE_CURVE('',#3861,#3873,#3060,.T.);
#8689=EDGE_CURVE('',#3879,#3861,#3064,.T.);
#8691=EDGE_CURVE('',#3879,#3885,#3068,.T.);
#8693=EDGE_CURVE('',#3893,#3885,#3072,.T.);
#8695=EDGE_CURVE('',#3892,#3893,#3077,.T.);
#8697=EDGE_CURVE('',#3892,#3889,#3081,.T.);
#8699=EDGE_CURVE('',#3881,#3889,#3085,.T.);
#8701=EDGE_CURVE('',#3865,#3881,#3089,.T.);
#8703=EDGE_CURVE('',#3869,#3865,#3093,.T.);
#8716=EDGE_CURVE('',#3860,#3861,#3101,.T.);
#8728=EDGE_CURVE('',#3875,#3879,#3105,.T.);
#8742=EDGE_CURVE('',#3884,#3885,#3113,.T.);
#8753=EDGE_CURVE('',#3895,#3893,#3109,.T.);
#8769=EDGE_CURVE('',#3897,#3892,#3117,.T.);
#8781=EDGE_CURVE('',#3888,#3889,#3125,.T.);
#8792=EDGE_CURVE('',#3877,#3881,#3121,.T.);
#8806=EDGE_CURVE('',#3864,#3865,#3129,.T.);
#8830=EDGE_CURVE('',#3936,#3937,#3133,.T.);
#8832=EDGE_CURVE('',#3936,#3784,#3137,.T.);
#8835=EDGE_CURVE('',#3937,#3785,#3157,.T.);
#8846=EDGE_CURVE('',#3948,#3937,#3153,.T.);
#8848=EDGE_CURVE('',#3928,#3948,#3177,.T.);
#8850=EDGE_CURVE('',#3928,#3932,#3145,.T.);
#8852=EDGE_CURVE('',#3932,#3944,#3217,.T.);
#8854=EDGE_CURVE('',#3944,#3936,#3213,.T.);
#8864=EDGE_CURVE('',#3948,#3949,#3149,.T.);
#8869=EDGE_CURVE('',#3941,#3788,#3189,.T.);
#8871=EDGE_CURVE('',#3949,#3941,#3165,.T.);
#8882=EDGE_CURVE('',#3949,#3929,#3169,.T.);
#8884=EDGE_CURVE('',#3928,#3929,#3173,.T.);
#8895=EDGE_CURVE('',#3940,#3941,#3185,.T.);
#8897=EDGE_CURVE('',#3945,#3940,#3201,.T.);
#8899=EDGE_CURVE('',#3945,#3933,#3225,.T.);
#8901=EDGE_CURVE('',#3929,#3933,#3181,.T.);
#8916=EDGE_CURVE('',#3940,#3789,#3205,.T.);
#8926=EDGE_CURVE('',#3944,#3945,#3197,.T.);
#8943=EDGE_CURVE('',#3932,#3933,#3221,.T.);
#8966=EDGE_CURVE('',#3971,#3963,#3229,.T.);
#8970=EDGE_CURVE('',#3963,#3965,#3241,.T.);
#8983=EDGE_CURVE('',#3962,#3963,#3237,.T.);
#9030=EDGE_CURVE('',#4433,#4387,#3261,.T.);
#9032=EDGE_CURVE('',#4387,#4397,#3282,.T.);
#9044=EDGE_CURVE('',#4431,#4385,#3269,.T.);
#9046=EDGE_CURVE('',#4385,#4387,#3287,.T.);
#9059=EDGE_CURVE('',#4384,#4385,#3291,.T.);
#9075=EDGE_CURVE('',#4366,#4396,#3299,.T.);
#9097=EDGE_CURVE('',#4407,#4405,#3331,.T.);
#9101=EDGE_CURVE('',#4373,#4405,#3311,.T.);
#9111=EDGE_CURVE('',#4402,#4403,#3315,.T.);
#9114=EDGE_CURVE('',#3980,#3981,#3319,.T.);
#9116=EDGE_CURVE('',#3981,#3983,#3323,.T.);
#9118=EDGE_CURVE('',#3985,#3983,#3327,.T.);
#9122=EDGE_CURVE('',#4403,#4405,#3335,.T.);
#9133=EDGE_CURVE('',#4371,#4403,#3343,.T.);
#9157=EDGE_CURVE('',#3988,#3993,#3347,.T.);
#9159=EDGE_CURVE('',#3981,#3993,#3387,.T.);
#9172=EDGE_CURVE('',#3989,#3991,#3359,.T.);
#9174=EDGE_CURVE('',#3993,#3991,#3355,.T.);
#9187=EDGE_CURVE('',#3997,#4000,#3367,.T.);
#9189=EDGE_CURVE('',#3991,#3997,#3371,.T.);
#9200=EDGE_CURVE('',#3995,#4001,#3375,.T.);
#9202=EDGE_CURVE('',#3995,#3997,#3391,.T.);
#9216=EDGE_CURVE('',#3983,#3995,#3379,.T.);
#9226=EDGE_CURVE('',#3993,#3995,#3383,.T.);
#9493=EDGE_CURVE('',#9482,#9483,#9251,.T.);
#9495=EDGE_CURVE('',#9482,#9486,#9379,.T.);
#9497=EDGE_CURVE('',#9486,#9487,#9319,.T.);
#9499=EDGE_CURVE('',#9483,#9487,#9311,.T.);
#9510=EDGE_CURVE('',#9483,#9453,#9255,.T.);
#9512=EDGE_CURVE('',#9451,#9453,#9259,.T.);
#9514=EDGE_CURVE('',#9449,#9451,#9263,.T.);
#9516=EDGE_CURVE('',#9447,#9449,#9267,.T.);
#9518=EDGE_CURVE('',#9445,#9447,#9271,.T.);
#9520=EDGE_CURVE('',#9443,#9445,#9275,.T.);
#9522=EDGE_CURVE('',#9441,#9443,#9279,.T.);
#9524=EDGE_CURVE('',#9439,#9441,#9283,.T.);
#9526=EDGE_CURVE('',#9437,#9439,#9287,.T.);
#9528=EDGE_CURVE('',#9435,#9437,#9291,.T.);
#9530=EDGE_CURVE('',#9433,#9435,#9295,.T.);
#9532=EDGE_CURVE('',#9431,#9433,#9299,.T.);
#9534=EDGE_CURVE('',#9430,#9431,#9303,.T.);
#9536=EDGE_CURVE('',#9430,#9482,#9307,.T.);
#9547=EDGE_CURVE('',#9487,#9479,#9375,.T.);
#9549=EDGE_CURVE('',#9453,#9479,#9315,.T.);
#9561=EDGE_CURVE('',#9456,#9486,#9323,.T.);
#9563=EDGE_CURVE('',#9456,#9457,#9327,.T.);
#9565=EDGE_CURVE('',#9457,#9459,#9331,.T.);
#9567=EDGE_CURVE('',#9459,#9461,#9335,.T.);
#9569=EDGE_CURVE('',#9461,#9463,#9339,.T.);
#9571=EDGE_CURVE('',#9463,#9465,#9343,.T.);
#9573=EDGE_CURVE('',#9465,#9467,#9347,.T.);
#9575=EDGE_CURVE('',#9467,#9469,#9351,.T.);
#9577=EDGE_CURVE('',#9469,#9471,#9355,.T.);
#9579=EDGE_CURVE('',#9471,#9473,#9359,.T.);
#9581=EDGE_CURVE('',#9473,#9475,#9363,.T.);
#9583=EDGE_CURVE('',#9475,#9477,#9367,.T.);
#9585=EDGE_CURVE('',#9477,#9479,#9371,.T.);
#9598=EDGE_CURVE('',#9430,#9456,#9383,.T.);
#9610=EDGE_CURVE('',#9457,#9431,#9387,.T.);
#9623=EDGE_CURVE('',#9459,#9433,#9391,.T.);
#9636=EDGE_CURVE('',#9461,#9435,#9395,.T.);
#9649=EDGE_CURVE('',#9463,#9437,#9399,.T.);
#9662=EDGE_CURVE('',#9465,#9439,#9403,.T.);
#9675=EDGE_CURVE('',#9467,#9441,#9407,.T.);
#9688=EDGE_CURVE('',#9469,#9443,#9411,.T.);
#9701=EDGE_CURVE('',#9471,#9445,#9415,.T.);
#9714=EDGE_CURVE('',#9473,#9447,#9419,.T.);
#9727=EDGE_CURVE('',#9475,#9449,#9423,.T.);
#9740=EDGE_CURVE('',#9477,#9451,#9427,.T.);
#9762=(LENGTH_UNIT()NAMED_UNIT(*)SI_UNIT(.MILLI.,.METRE.));
#9766=(NAMED_UNIT(*)PLANE_ANGLE_UNIT()SI_UNIT($,.RADIAN.));
#9769=(NAMED_UNIT(*)SI_UNIT($,.STERADIAN.)SOLID_ANGLE_UNIT());
#9772=ADVANCED_BREP_SHAPE_REPRESENTATION('',(#9247,#9760),#9771);
#9779=PRODUCT_DEFINITION('part definition','',#9778,#9775);
#9780=PRODUCT_DEFINITION_SHAPE('','SHAPE FOR L101011MS02_SW0003_PRT.',#9779);
#9781=SHAPE_DEFINITION_REPRESENTATION(#9780,#9772);
ENDSEC;
END-ISO-10303-21;
